Date,AAPL,ABBV,ADBE,AMZN,BAC,COST,CRM,CSCO,CVX,DIS,GOOGL,HD,INTC,JNJ,JPM,KO,MA,MCD,META,MRK,MSFT,NKE,NVDA,PEP,PG,T,V,VZ,WMT,XOM
2019-01-02,37.469200134277344,64.33151245117188,224.57000732421875,76.95649719238281,20.83681869506836,184.56832885742188,133.24481201171875,34.343711853027344,79.87269592285156,104.37767791748047,52.2705078125,143.13023376464844,40.51804733276367,103.79096984863281,80.4739990234375,37.341590881347656,181.54815673828125,147.79542541503906,134.49888610839844,57.2266845703125,94.19312286376953,66.55859375,3.373051404953003,86.69367218017578,74.7899398803711,12.996366500854492,126.06808471679688,36.33646774291992,27.913772583007812,49.66474533081055
2019-01-03,33.73698806762695,62.2119026184082,215.6999969482422,75.01399993896484,20.502891540527344,180.65631103515625,128.182373046875,33.094703674316406,78.34291076660156,101.84894561767578,50.82284164428711,139.9755401611328,38.28903579711914,102.14171600341797,79.3302993774414,37.110843658447266,173.35763549804688,146.82162475585938,130.5931854248047,56.05324935913086,90.72798919677734,65.38127136230469,3.1692628860473633,85.8844985961914,74.26557922363281,13.013962745666504,121.5250015258789,36.46620178222656,27.770231246948242,48.90220642089844
2019-01-04,35.17720031738281,64.21617889404297,226.19000244140625,78.76950073242188,21.35440444946289,185.90237426757812,135.61380004882812,34.5854606628418,79.96647644042969,104.9906997680664,53.429725646972656,144.1347198486328,40.63853454589844,103.8559799194336,82.25483703613281,37.85084533691406,181.56724548339844,149.65899658203125,136.74911499023438,57.741493225097656,94.94766235351562,67.08885955810547,3.3723092079162598,87.6456298828125,75.78136444091797,13.348329544067383,126.76043701171875,36.557010650634766,27.943683624267578,50.70521545410156
2019-01-07,35.098899841308594,65.15345001220703,229.25999450683594,81.47550201416016,21.33770179748535,186.58746337890625,139.80136108398438,34.81914520263672,81.00559997558594,105.90068817138672,53.32316970825195,146.97390747070312,40.8278694152832,103.18978118896484,82.3120346069336,37.35751724243164,182.96420288085938,151.28753662109375,136.84828186035156,57.10555648803711,95.06873321533203,68.05048370361328,3.550841808319092,86.8919906616211,75.47821044921875,13.590303421020508,129.04620361328125,36.79051208496094,28.27264404296875,50.96888732910156
2019-01-08,35.768001556396484,65.45623779296875,232.67999267578125,82.8290023803711,21.295957565307617,187.98460388183594,143.24185180664062,35.10116958618164,80.65196990966797,106.72442626953125,53.79152297973633,147.67953491210938,41.0860595703125,105.58650970458984,82.15682220458984,37.77922821044922,184.29647827148438,151.60653686523438,141.2892608642578,57.529518127441406,95.75804901123047,68.95816802978516,3.46244215965271,87.72498321533203,75.75679016113281,13.761895179748535,129.74806213378906,37.867244720458984,28.470022201538086,51.33946990966797
2019-01-09,36.375404357910156,63.3077392578125,235.42999267578125,82.97100067138672,21.504669189453125,189.2014617919922,143.5072479248047,34.90779113769531,81.73436737060547,107.92174530029297,53.607154846191406,149.2070770263672,41.31842803955078,104.74967956542969,82.01795959472656,37.05514907836914,187.64161682128906,151.3463134765625,142.97447204589844,57.09040832519531,97.12735748291016,68.83234405517578,3.5305376052856445,85.27362823486328,74.51956176757812,13.534917831420898,131.2750701904297,37.390777587890625,28.37731170654297,51.61028289794922
2019-01-10,36.491661071777344,63.58894348144531,237.77000427246094,82.81099700927734,21.4796199798584,189.86849975585938,144.5393829345703,34.843318939208984,81.86425018310547,108.04627227783203,53.46739959716797,148.65086364746094,41.791770935058594,105.38338470458984,82.00978088378906,37.45299530029297,188.77255249023438,152.40402221679688,142.94471740722656,56.38634490966797,96.50325775146484,68.67958068847656,3.596155881881714,85.79721069335938,74.69981384277344,13.669818878173828,131.52169799804688,37.75124740600586,28.39824867248535,51.346614837646484
2019-01-11,36.133392333984375,63.66823959350586,237.5500030517578,82.02799987792969,21.730058670043945,189.75131225585938,145.0407257080078,35.04477310180664,81.20762634277344,107.90259552001953,52.75570297241211,148.94139099121094,42.110206604003906,105.41588592529297,81.61767578125,37.66783142089844,187.76612854003906,153.09237670898438,142.5482177734375,56.70431137084961,95.75804901123047,68.33805847167969,3.685297966003418,85.8051528930664,75.1914291381836,13.881159782409668,130.94314575195312,38.02650833129883,28.362356185913086,51.111419677734375
2019-01-14,35.59004592895508,61.85831832885742,234.55999755859375,80.8604965209961,22.01390266418457,188.39024353027344,143.56622314453125,34.81914520263672,80.61589813232422,107.68228912353516,52.113399505615234,148.44332885742188,41.61103057861328,104.22157287597656,82.45907592773438,37.51665115356445,187.3157196044922,152.12701416015625,144.12435913085938,55.54599380493164,95.05944061279297,68.38299560546875,3.725165605545044,85.1387710571289,74.68341827392578,13.7687406539917,130.0326385498047,38.03306579589844,28.395254135131836,51.04728317260742
2019-01-15,36.31846237182617,62.398372650146484,242.36000061035156,83.72799682617188,22.164161682128906,190.22003173828125,146.65281677246094,35.47185134887695,80.90453338623047,107.05010223388672,53.848018646240234,146.50071716308594,41.82618713378906,105.09902954101562,83.06356811523438,37.85084533691406,188.36045837402344,151.95913696289062,147.65335083007812,56.4014892578125,97.816650390625,69.99169158935547,3.7110509872436523,86.4636001586914,75.38807678222656,13.759748458862305,130.26022338867188,38.07895278930664,28.78403091430664,51.0757942199707
2019-01-16,36.76214599609375,62.43488693237305,241.9499969482422,84.18900299072266,23.750295639038086,189.45384216308594,146.01388549804688,35.42350387573242,80.38502502441406,106.23592376708984,53.99669647216797,146.97390747070312,41.42170715332031,104.02658081054688,83.73344421386719,37.33363723754883,189.5585174560547,150.55723571777344,146.25564575195312,56.48476791381836,98.16132354736328,69.81193542480469,3.685546398162842,85.94795989990234,74.86367797851562,13.741767883300781,130.26022338867188,37.410438537597656,28.81393051147461,51.05442428588867
2019-01-17,36.98042678833008,63.63905715942383,244.39999389648438,84.66100311279297,24.201095581054688,190.607666015625,147.27210998535156,35.62494659423828,80.7890853881836,106.33171844482422,54.47297668457031,145.1724395751953,41.71430587768555,104.87968444824219,84.07654571533203,37.445045471191406,191.03456115722656,152.03465270996094,147.009033203125,57.234256744384766,98.85063934326172,71.11506652832031,3.75685977935791,86.64608764648438,74.85296630859375,13.777737617492676,130.203369140625,37.246585845947266,28.93056869506836,51.40359878540039
2019-01-18,37.20820999145508,65.31758880615234,247.50999450683594,84.80999755859375,24.459888458251953,192.527587890625,149.9163818359375,36.28571319580078,82.52811431884766,106.3604507446289,54.878387451171875,149.08251953125,42.33395004272461,106.17959594726562,85.4407958984375,37.882667541503906,193.61288452148438,153.2602081298828,148.73390197753906,57.43867492675781,100.33171081542969,72.3013687133789,3.885869264602661,87.32038879394531,75.4970703125,13.92162799835205,131.3604736328125,37.41698455810547,29.22663116455078,52.0164909362793
2019-01-22,36.37302780151367,64.7045669555664,243.85000610351562,81.6084976196289,24.284582138061523,191.45494079589844,146.41690063476562,36.08427047729492,81.06327819824219,105.9389877319336,53.45748519897461,147.03204345703125,41.54218292236328,104.64403533935547,84.0928955078125,37.970191955566406,191.1783447265625,154.93923950195312,146.285400390625,57.40837860107422,98.4407730102539,72.57098388671875,3.6838126182556152,87.19346618652344,74.68778228759766,13.750761032104492,130.93362426757812,37.35144805908203,29.154855728149414,51.23257064819336
2019-01-23,36.5201416015625,64.55130767822266,245.13999938964844,82.0009994506836,24.142663955688477,191.175537109375,147.2032928466797,36.6322135925293,80.37779235839844,106.43707275390625,53.74394226074219,146.84939575195312,41.258174896240234,104.64403533935547,83.88050079345703,38.40782165527344,190.11447143554688,156.21514892578125,143.0438690185547,57.11313247680664,99.40020751953125,72.34632110595703,3.6966888904571533,87.8439712524414,78.32141876220703,13.890151023864746,129.94728088378906,37.856109619140625,29.51970100402832,50.81211471557617
2019-01-24,36.23066711425781,62.67570495605469,242.55999755859375,82.74649810791016,24.276229858398438,189.57107543945312,144.37228393554688,36.75308609008789,81.90757751464844,105.89109802246094,53.7236213684082,147.1814727783203,42.824501037597656,103.20601654052734,83.92951965332031,37.94631576538086,191.49465942382812,157.28968811035156,144.560546875,55.394588470458984,98.92515563964844,72.29239654541016,3.908402442932129,86.86817932128906,77.87547302246094,13.759748458862305,130.60171508789062,37.40388488769531,29.415037155151367,50.88336944580078
2019-01-25,37.43124008178711,58.77855682373047,244.9499969482422,83.52850341796875,24.693634033203125,188.45333862304688,147.19349670410156,37.1721076965332,81.69827270507812,106.40833282470703,54.591426849365234,149.76332092285156,40.48362350463867,104.18096160888672,84.46051025390625,37.69170379638672,194.513916015625,154.46070861816406,147.7128448486328,55.2280387878418,99.82868957519531,72.4451904296875,3.965602397918701,86.74917602539062,77.29739379882812,13.786733627319336,131.52169799804688,36.96476745605469,28.990371704101562,51.111419677734375
2019-01-28,37.08483123779297,56.29719543457031,241.85000610351562,81.89450073242188,24.735374450683594,189.9856719970703,144.82443237304688,36.86590576171875,80.94061279296875,106.14012908935547,53.518436431884766,149.29013061523438,40.19961929321289,104.79842376708984,84.86077117919922,37.532562255859375,191.849365234375,154.1249542236328,146.18626403808594,55.205322265625,97.88187408447266,72.18453979492188,3.4173755645751953,86.32874298095703,77.2313232421875,13.791226387023926,128.97984313964844,36.09307861328125,29.026260375976562,50.769351959228516
2019-01-29,36.70045471191406,56.53802490234375,238.27000427246094,79.69400024414062,24.53502082824707,189.57107543945312,142.71102905273438,37.03512191772461,80.69529724121094,106.2263412475586,53.032745361328125,149.1738739013672,40.05331802368164,105.88709259033203,85.09770202636719,37.7155647277832,190.96751403808594,152.9244842529297,142.934814453125,55.44002151489258,95.88848114013672,72.09468841552734,3.258652687072754,86.47154235839844,77.24783325195312,13.804718017578125,128.04086303710938,34.919891357421875,28.921592712402344,50.96177291870117
2019-01-30,39.20836639404297,57.69843292236328,242.6699981689453,83.52149963378906,24.267881393432617,190.50852966308594,146.62330627441406,37.63947677612305,81.54676818847656,105.48878479003906,54.41697311401367,151.2410125732422,40.913936614990234,106.95142364501953,85.29376220703125,38.08158874511719,195.54904174804688,152.58871459960938,149.11056518554688,55.54599380493164,99.09281921386719,73.04731750488281,3.4020235538482666,87.91536712646484,78.0571517944336,13.206664085388184,130.5068359375,35.39179992675781,28.350399017333984,51.51765823364258
2019-01-31,39.490726470947266,58.59608840942383,247.82000732421875,85.9365005493164,23.766992568969727,193.4650421142578,149.3855438232422,38.106849670410156,82.73018646240234,106.82019805908203,55.79970932006836,152.3617401123047,40.55247497558594,108.12137603759766,84.55036926269531,38.29642868041992,202.36383056640625,150.07875061035156,165.23892211914062,56.348487854003906,97.2763900756836,73.5865249633789,3.559508800506592,89.38301086425781,79.66751861572266,13.51693344116211,128.0503692626953,36.086517333984375,28.658424377441406,52.223167419433594
2019-02-01,39.509700775146484,58.74935531616211,247.3800048828125,81.3115005493164,23.691865921020508,189.53500366210938,153.21923828125,38.147132873535156,85.41448974609375,106.60948944091797,55.43940734863281,153.0590362548828,41.938072204589844,109.03131103515625,84.86077117919922,38.749961853027344,204.89425659179688,148.34942626953125,164.2674560546875,57.87776565551758,95.73942565917969,73.25402069091797,3.5837745666503906,89.00222778320312,80.49332427978516,13.489954948425293,132.9254150390625,35.752262115478516,28.06928825378418,54.10456848144531
2019-02-04,40.63197326660156,57.311641693115234,254.74000549316406,81.66549682617188,24.109262466430664,190.35525512695312,155.0377655029297,38.15520095825195,86.40306091308594,107.08841705322266,56.56938552856445,154.76914978027344,42.35979080200195,107.9588851928711,85.1630630493164,39.18759536743164,205.9868621826172,149.04617309570312,167.77667236328125,58.19573974609375,98.49664306640625,73.68539428710938,3.693965196609497,89.7162094116211,80.955810546875,13.314582824707031,134.20578002929688,35.418006896972656,28.34142303466797,53.320648193359375
2019-02-05,41.32717514038086,58.15821075439453,254.82000732421875,82.94049835205078,24.025787353515625,190.7428741455078,156.2861785888672,38.082679748535156,86.21544647216797,107.91217041015625,57.0872917175293,154.7360076904297,43.03966522216797,107.9588851928711,84.78726959228516,39.195552825927734,206.89743041992188,149.06298828125,169.6700439453125,58.40771484375,99.87529754638672,74.46728515625,3.7130308151245117,89.56549072265625,80.46859741210938,13.323576927185059,135.18267822265625,35.48354721069336,28.589637756347656,53.8693962097168
2019-02-06,41.34140396118164,57.713035583496094,254.35000610351562,82.01300048828125,23.984041213989258,190.7338104248047,155.44081115722656,38.25995635986328,85.78248596191406,106.71487426757812,55.65102767944336,153.34962463378906,43.21721267700195,108.05638122558594,84.7464370727539,39.195552825927734,206.36068725585938,147.89608764648438,169.00588989257812,58.58942413330078,98.76679992675781,74.33247375488281,3.788555145263672,89.68448638916016,80.86499786376953,13.292098999023438,134.19631958007812,35.25416564941406,28.601606369018555,53.63422393798828
2019-02-07,40.55842208862305,57.778709411621094,253.74000549316406,80.71849822998047,23.574996948242188,188.9442901611328,152.2952117919922,37.63142395019531,85.31346893310547,106.27422332763672,54.80949401855469,152.8100128173828,42.636940002441406,107.2845230102539,83.63542175292969,39.32284927368164,205.0859375,147.1405792236328,164.93167114257812,58.157867431640625,98.0588607788086,74.04489135742188,3.650383710861206,89.7162094116211,80.22083282470703,13.242635726928711,132.94436645507812,35.10996627807617,28.927570343017578,53.22087860107422
2019-02-08,40.6060791015625,58.143611907958984,257.0,79.41100311279297,23.616731643676758,187.76930236816406,154.00564575195312,38.02627944946289,84.84442901611328,106.81063842773438,54.63454055786133,153.20021057128906,42.29917526245117,107.56887817382812,82.80216979980469,39.386512756347656,207.58755493164062,146.69566345214844,165.87339782714844,58.68783187866211,98.43146514892578,74.01792907714844,3.6689558029174805,89.66065979003906,80.6915512084961,13.287603378295898,133.14353942871094,35.3590202331543,28.58365821838379,53.307350158691406
2019-02-11,40.37255859375,58.21660232543945,258.3900146484375,79.55000305175781,23.71690559387207,188.64602661132812,157.19053649902344,38.340545654296875,84.38983154296875,104.827880859375,54.62165451049805,151.85533142089844,42.23855209350586,107.24391174316406,82.41004180908203,39.47404098510742,208.0859375,146.2843475341797,164.3467559814453,58.07461166381836,98.04022216796875,75.20423889160156,3.626365900039673,89.62101745605469,81.15400695800781,13.359548568725586,133.54188537597656,35.424564361572266,28.76907730102539,53.39380645751953
2019-02-12,40.720458984375,58.333351135253906,261.3699951171875,81.90049743652344,23.950651168823242,191.52015686035156,160.02154541015625,38.5903434753418,85.66705322265625,104.59797668457031,55.88347244262695,154.01373291015625,43.312477111816406,108.99881744384766,83.81514739990234,39.51382827758789,209.82078552246094,146.04095458984375,163.60328674316406,59.44490051269531,99.56787109375,76.12989807128906,3.743241310119629,90.27153778076172,81.9715805053711,13.404515266418457,134.6705322265625,35.667057037353516,28.999347686767578,54.33054733276367
2019-02-13,40.55126190185547,58.96101760864258,260.2300109863281,82.0,23.959001541137695,192.3336639404297,157.67218017578125,38.27607345581055,86.28036499023438,105.55584716796875,55.935508728027344,156.4130096435547,43.710872650146484,109.23441314697266,84.2154312133789,39.61725616455078,211.3831329345703,146.19198608398438,162.64175415039062,59.82342529296875,99.49336242675781,76.74998474121094,3.785583257675171,90.53331756591797,81.95507049560547,13.418004035949707,136.09323120117188,35.70638656616211,29.289430618286133,54.94303894042969
2019-02-14,40.699012756347656,58.76394271850586,260.1400146484375,81.13249969482422,23.700212478637695,193.27359008789062,156.7580108642578,39.00130844116211,86.12003326416016,105.9964599609375,55.96376037597656,155.83187866210938,44.005340576171875,109.12068176269531,83.6680908203125,36.275390625,210.68344116210938,147.63589477539062,162.52279663085938,59.76287841796875,99.57718658447266,76.1029281616211,3.8264408111572266,89.31952667236328,81.31092071533203,13.395520210266113,136.0172119140625,35.41145324707031,29.46287727355957,54.95744323730469
2019-02-15,40.608455657958984,59.00477981567383,259.45001220703125,80.39749908447266,24.3012752532959,195.65060424804688,156.34515380859375,39.83129119873047,86.98735809326172,107.84512329101562,55.489463806152344,159.717041015625,44.74150848388672,110.80243682861328,86.22504425048828,35.996891021728516,212.88792419433594,151.0776824951172,161.08541870117188,60.421512603759766,100.8067626953125,76.7320327758789,3.8960211277008057,91.953369140625,81.32743072509766,13.701295852661133,137.6798858642578,36.15205764770508,29.902496337890625,55.99506759643555
2019-02-19,40.7299919128418,58.76394271850586,257.80999755859375,81.37899780273438,24.317964553833008,197.1419677734375,157.8785858154297,40.008575439453125,86.95820617675781,108.72634887695312,55.8304443359375,159.6671905517578,44.51632308959961,110.24186706542969,85.92279052734375,35.6706657409668,211.43109130859375,150.4732666015625,160.87725830078125,59.989994049072266,100.76020050048828,76.00408172607422,3.878688335418701,91.9692153930664,82.57442474365234,13.773240089416504,137.2333526611328,36.33557891845703,30.563405990600586,56.36974334716797
2019-02-20,40.992095947265625,58.377159118652344,258.1000061035156,81.1050033569336,24.551715850830078,196.2290802001953,155.84381103515625,39.99244689941406,87.66520690917969,108.88919067382812,55.53704071044922,159.26873779296875,44.50767135620117,110.77808380126953,86.33941650390625,35.885494232177734,211.92945861816406,151.51417541503906,161.14488220214844,60.13383483886719,100.23632049560547,76.24673461914062,3.92598295211792,91.889892578125,81.98809814453125,13.87216567993164,137.50889587402344,36.5452995300293,29.86958885192871,56.58591842651367
2019-02-21,40.76095962524414,57.4721794128418,257.760009765625,80.97200012207031,24.451539993286133,194.5299072265625,156.91526794433594,39.81516647338867,86.83431243896484,109.47348022460938,54.72523880004883,159.243896484375,44.524986267089844,110.02249908447266,86.15968322753906,36.490211486816406,210.20416259765625,153.4617462158203,158.64683532714844,60.436649322509766,102.35051727294922,75.44685363769531,3.8571455478668213,92.10411071777344,82.4010009765625,13.863171577453613,136.81532287597656,36.80091094970703,29.72306251525879,56.074310302734375
2019-02-22,41.21609878540039,58.39904022216797,258.8999938964844,81.5780029296875,24.276229858398438,195.48797607421875,158.5667266845703,40.379241943359375,87.01651000976562,110.39302062988281,55.33730697631836,159.717041015625,45.460350036621094,110.98118591308594,85.7757339477539,36.02872085571289,214.04771423339844,153.763916015625,160.48072814941406,61.14828109741211,103.80986022949219,76.1748275756836,3.9418301582336426,92.62767028808594,82.78912353515625,14.007064819335938,138.5919952392578,37.305572509765625,29.770910263061523,56.50665283203125
2019-02-25,41.51632308959961,58.59608840942383,258.6199951171875,81.6500015258789,24.434844970703125,196.1748809814453,158.61587524414062,40.92719650268555,87.18414306640625,108.80297088623047,55.37547302246094,157.7163543701172,45.98865509033203,111.39010620117188,86.6743392944336,35.75818634033203,214.04771423339844,153.29385375976562,163.18695068359375,60.85303497314453,104.38983917236328,76.5433120727539,3.9294497966766357,92.0723648071289,82.22757720947266,13.998072624206543,138.77249145507812,37.21381378173828,29.642314910888672,56.56428146362305
2019-02-26,41.5401496887207,58.756649017333984,261.2200012207031,81.81999969482422,24.451539993286133,196.68101501464844,160.22799682617188,41.241458892822266,87.41738891601562,108.71678161621094,55.60741424560547,156.32168579101562,46.10124588012695,111.31652069091797,86.01265716552734,35.559261322021484,214.699462890625,153.7975311279297,162.70123291015625,61.125572204589844,105.11016845703125,77.10951232910156,3.890078544616699,92.0009765625,82.44229888916016,14.038540840148926,139.70361328125,37.1220588684082,29.513717651367188,56.67959213256836
2019-02-27,41.66883087158203,57.95387649536133,262.8999938964844,82.05449676513672,24.65189552307129,197.0786590576172,160.34593200683594,41.571842193603516,87.5194091796875,108.02711486816406,55.65102767944336,152.47789001464844,46.10990524291992,111.1202392578125,85.90645599365234,35.75818634033203,215.245849609375,153.92343139648438,161.3927459716797,61.03474044799805,104.93242645263672,77.44202423095703,3.848231315612793,91.52497100830078,81.68254852294922,13.966596603393555,139.87464904785156,37.17448425292969,29.340272903442383,57.26325225830078
2019-02-28,41.25896453857422,57.829803466796875,262.5,81.99150085449219,24.400169372558594,197.70237731933594,160.86691284179688,41.716880798339844,87.15501403808594,108.08458709716797,55.83241653442383,153.6983184814453,45.86740493774414,111.74998474121094,85.25292205810547,36.07645797729492,215.4374542236328,155.3089141845703,160.04458618164062,61.54195022583008,104.80145263671875,77.04656982421875,3.8236920833587646,92.48307037353516,81.38523864746094,13.993575096130371,140.729736328125,37.305572509765625,29.60343360900879,56.946205139160156
2019-03-01,41.69265365600586,58.45743179321289,264.010009765625,83.58650207519531,24.593162536621094,198.3350067138672,161.73196411132812,41.426795959472656,88.94066619873047,109.20527648925781,56.921268463134766,153.72325134277344,46.16188049316406,113.14849853515625,85.31008911132812,36.10829162597656,217.8145294189453,156.3311004638672,160.86732482910156,61.814510345458984,105.26918029785156,78.53327178955078,3.8779757022857666,92.9149398803711,81.2944107055664,13.85867977142334,142.0123748779297,37.33179473876953,29.286439895629883,57.6451416015625
2019-03-04,41.90234375,57.99034118652344,258.1600036621094,84.80850219726562,24.358217239379883,197.404052734375,155.8045196533203,41.22534942626953,89.00626373291016,109.51180267333984,57.164119720458984,152.59414672851562,46.71615982055664,113.25479888916016,85.11404418945312,36.323123931884766,216.8943634033203,152.56332397460938,165.91299438476562,61.602542877197266,105.01661682128906,77.16371154785156,3.886155366897583,92.90694427490234,81.6495132446289,13.480961799621582,140.57772827148438,36.859893798828125,29.262516021728516,57.86851119995117
2019-03-05,41.82609176635742,57.588966369628906,257.3800048828125,84.62149810791016,24.400169372558594,198.678466796875,154.300537109375,41.338157653808594,89.85900115966797,109.19569396972656,57.94568634033203,152.75189208984375,46.4909782409668,113.4919662475586,85.04871368408203,36.28334045410156,216.82728576660156,153.20541381835938,169.76914978027344,61.85237503051758,104.49274444580078,76.9835205078125,3.8797109127044678,92.79496002197266,81.8311996459961,13.467469215393066,140.5681915283203,36.75503158569336,29.409055709838867,57.78205490112305
2019-03-06,41.585426330566406,56.99052047729492,256.3999938964844,83.44750213623047,24.198793411254883,198.14520263671875,154.12359619140625,41.63630294799805,90.033935546875,110.0098648071289,57.73505783081055,153.12545776367188,45.858741760253906,113.75366973876953,84.73008728027344,36.163978576660156,215.14993286132812,153.7798309326172,171.00827026367188,61.140724182128906,104.53952026367188,76.7042007446289,3.768911600112915,93.29881286621094,81.6990737915039,13.404515266418457,140.43521118164062,36.49287414550781,29.385129928588867,57.12632369995117
2019-03-07,41.104087829589844,57.09999465942383,255.4600067138672,81.29750061035156,23.955461502075195,195.9398956298828,152.9538116455078,41.33010482788086,88.87506866455078,109.20527648925781,57.036739349365234,151.51492309570312,45.55561447143555,113.05851745605469,84.1174087524414,36.02872085571289,213.17552185058594,152.50418090820312,167.65769958496094,60.90602111816406,103.26727294921875,76.82131958007812,3.699755907058716,92.85095977783203,81.38523864746094,13.453978538513184,139.50413513183594,36.89922332763672,29.142894744873047,57.76044464111328
2019-03-08,41.20178985595703,56.618324279785156,254.74000549316406,81.04000091552734,24.03936767578125,205.90902709960938,152.42298889160156,41.15282440185547,88.641845703125,109.01370239257812,56.993125915527344,150.4523162841797,45.451690673828125,112.9112777709961,84.15007781982422,35.678619384765625,212.6578826904297,151.64248657226562,168.12359619140625,60.41393280029297,103.37954711914062,76.4068603515625,3.7339611053466797,92.15518951416016,81.26963806152344,13.471964836120605,139.9981689453125,37.04996109008789,29.18475914001465,56.93178176879883
2019-03-11,42.62910461425781,56.983245849609375,260.9599914550781,83.53099822998047,24.282705307006836,207.5991973876953,154.9689483642578,41.83776092529297,90.09950256347656,109.9140853881836,58.44475555419922,151.45684814453125,46.20517349243164,113.32022094726562,85.24472045898438,36.74483108520508,216.27137756347656,152.9772491455078,170.57212829589844,61.224002838134766,105.54984283447266,77.3259048461914,3.9942283630371094,93.24282836914062,82.23583984375,13.588879585266113,143.1525115966797,37.73814392089844,29.4509220123291,57.486610412597656
2019-03-12,43.108070373535156,57.46488952636719,263.510009765625,83.65499877929688,24.282705307006836,210.5546875,155.58827209472656,42.02309799194336,90.3035888671875,109.89495086669922,59.33634948730469,152.75189208984375,46.39570617675781,113.82728576660156,84.99153137207031,36.64140319824219,217.51744079589844,153.61090087890625,170.4234161376953,61.49654006958008,106.28889465332031,76.97449493408203,4.028434753417969,93.22681427001953,82.62397766113281,13.773240089416504,144.1596221923828,37.63982391357422,29.41802406311035,57.6451416015625
2019-03-13,43.29868698120117,57.60355758666992,264.3800048828125,84.54049682617188,24.576379776000977,213.64572143554688,157.09222412109375,42.37765884399414,90.86480712890625,109.28189849853516,59.42605972290039,151.49732971191406,47.08857345581055,114.01538848876953,85.27742004394531,36.776668548583984,219.0126190185547,153.80519104003906,171.8607940673828,61.77666091918945,107.11209869384766,77.42503356933594,4.179637908935547,93.23482513427734,83.55716705322266,13.615857124328613,144.8627166748047,37.790565490722656,29.615392684936523,58.15675354003906
2019-03-14,43.780029296875,58.34797286987305,267.69000244140625,84.31099700927734,24.71901512145996,211.3500518798828,157.9375762939453,42.49852752685547,90.81378936767578,109.65547943115234,59.10242462158203,151.89044189453125,46.28311538696289,112.87857818603516,86.05347442626953,36.68035125732422,219.98069763183594,154.37962341308594,168.6886444091797,62.112037658691406,107.19628143310547,78.27197265625,4.103788375854492,92.37110900878906,83.67279052734375,13.615857124328613,146.50634765625,37.98063278198242,29.531221389770508,57.962188720703125
2019-03-15,44.349525451660156,59.362403869628906,257.0899963378906,85.61799621582031,24.58477020263672,211.1331329345703,158.76332092285156,42.86920928955078,91.33126068115234,110.11524200439453,58.991912841796875,152.4090118408203,47.05392837524414,112.53511047363281,87.04196166992188,36.359283447265625,221.57174682617188,156.56771850585938,164.5351104736328,62.17301940917969,108.43109893798828,78.20890808105469,4.209134578704834,92.49907684326172,84.59771728515625,13.791226387023926,147.7035675048828,38.269012451171875,29.59134864807129,57.75321960449219
2019-03-18,44.80226516723633,58.858829498291016,257.760009765625,87.10749816894531,25.02107810974121,213.83555603027344,159.1958465576172,43.11901092529297,91.74669647216797,108.35279083251953,58.905174255371094,153.40426635742188,46.8547248840332,112.18341827392578,87.56477355957031,36.44757843017578,220.8241424560547,155.40184020996094,159.07310485839844,62.00532913208008,109.98397827148438,79.1279525756836,4.1878180503845215,93.78665924072266,83.8297119140625,13.849681854248047,147.22850036621094,38.05928039550781,29.964170455932617,58.42335510253906
2019-03-19,44.44723129272461,58.9828987121582,260.4200134277344,88.09249877929688,24.87843894958496,214.25132751464844,161.1421661376953,42.957847595214844,91.30939483642578,105.36427307128906,59.59455871582031,153.9980926513672,46.91535568237305,113.22209167480469,87.24615478515625,36.56797790527344,221.4184112548828,154.6921844482422,160.16351318359375,62.432159423828125,110.05883026123047,79.01081085205078,4.355379104614258,94.44246673583984,84.15176391601562,13.795723915100098,146.87693786621094,37.68570327758789,30.02129364013672,58.272029876708984
2019-03-20,44.83562469482422,58.698265075683594,259.739990234375,89.8635025024414,24.030977249145508,214.1880340576172,160.7292938232422,42.91755294799805,90.8793716430664,105.35469055175781,60.78253173828125,155.64569091796875,46.61223220825195,112.28157043457031,85.38361358642578,36.54389953613281,220.3448944091797,156.26358032226562,163.9998321533203,62.56174087524414,109.93722534179688,78.10978698730469,4.3229079246521,94.62640380859375,84.00311279296875,13.719282150268555,146.07888793945312,37.79712677001953,29.657495498657227,58.59628677368164
2019-03-21,46.486942291259766,59.2894172668457,264.17999267578125,90.96299743652344,23.645008087158203,216.5018310546875,164.1107940673828,43.46549987792969,91.73213195800781,104.08074188232422,61.26326370239258,158.88233947753906,47.32242202758789,112.94403839111328,84.03569793701172,36.527835845947266,226.0765838623047,157.44630432128906,164.63424682617188,63.22483444213867,112.4630126953125,79.29914093017578,4.559379577636719,95.52212524414062,84.6390151977539,13.966596603393555,148.0265350341797,38.20347213745117,29.783771514892578,58.934967041015625
2019-03-22,45.5242805480957,58.209293365478516,259.69000244140625,88.2385025024414,22.66329002380371,214.7122802734375,158.75347900390625,42.49852752685547,89.7132339477539,103.66887664794922,59.851776123046875,157.862060546875,46.12722396850586,111.97077941894531,81.49510955810547,36.86494064331055,221.17874145507812,157.81797790527344,162.90939331054688,62.7217903137207,109.49755096435547,74.0551986694336,4.399750232696533,96.54580688476562,83.95357513427734,13.97109317779541,145.43275451660156,39.16691970825195,29.549253463745117,57.99102020263672
2019-03-25,44.97384262084961,58.026851654052734,262.2699890136719,88.71299743652344,22.520658493041992,214.17898559570312,158.14402770996094,42.49047088623047,89.56744384765625,103.24740600585938,59.34279251098633,158.63987731933594,45.711509704589844,111.72544860839844,80.81707763671875,36.945213317871094,220.85293579101562,156.89715576171875,164.84239196777344,62.76752471923828,110.06817626953125,74.18132781982422,4.307540416717529,96.6497573852539,84.20130920410156,13.83619499206543,145.39474487304688,39.37664031982422,29.51618194580078,57.58750534057617
2019-03-26,44.509178161621094,58.93912124633789,265.5899963378906,89.18800354003906,22.83110809326172,216.07704162597656,156.689208984375,42.89337158203125,90.47122955322266,105.49836730957031,58.969112396240234,158.3555145263672,46.28311538696289,113.32843017578125,81.6258316040039,37.43482208251953,223.6037139892578,158.38400268554688,166.22030639648438,63.20197296142578,110.30207061767578,75.1274185180664,4.384134292602539,97.58546447753906,85.0766830444336,14.114988327026367,147.5515594482422,39.73711395263672,29.561279296875,58.336883544921875
2019-03-27,44.909507751464844,58.30418014526367,262.3399963378906,88.28500366210938,22.680078506469727,216.38436889648438,152.48199462890625,42.82086181640625,89.49457550048828,105.6324691772461,58.3828125,158.28025817871094,46.04062271118164,113.43470764160156,81.34806823730469,37.41073226928711,222.86575317382812,158.4093475341797,164.42608642578125,62.7217903137207,109.2356185913086,74.86610412597656,4.374960899353027,97.48150634765625,84.97758483886719,14.119482040405273,146.52536010742188,39.900978088378906,29.227540969848633,57.89012908935547
2019-03-28,44.96907424926758,58.35526657104492,263.5299987792969,88.6709976196289,22.93179702758789,218.020263671875,152.5409698486328,42.99812698364258,89.66219329833984,106.04434967041016,58.09832763671875,158.95765686035156,45.997310638427734,113.58193969726562,82.27117919921875,37.386653900146484,225.1085968017578,159.99757385253906,164.10885620117188,62.98093795776367,109.38529968261719,75.7220687866211,4.393553256988525,97.44152069091797,85.51439666748047,13.944109916687012,146.95294189453125,38.72125244140625,29.2034854888916,58.178348541259766
2019-03-29,45.26215744018555,58.81503677368164,266.489990234375,89.0374984741211,23.14995574951172,218.8518524169922,155.67672729492188,43.50580596923828,89.77882385253906,106.35086822509766,58.32730484008789,160.48814392089844,46.50830841064453,114.32617950439453,82.69596862792969,37.61140060424805,225.67404174804688,160.428466796875,165.23892211914062,63.392555236816406,110.33012390136719,75.87525177001953,4.45081090927124,98.00935363769531,85.92728424072266,14.101493835449219,148.39710998535156,38.75400924682617,29.323753356933594,58.221595764160156
2019-04-01,45.56955337524414,58.953697204589844,272.1700134277344,90.70950317382812,23.94706916809082,220.7046356201172,158.4389190673828,44.30354690551758,91.06159973144531,107.76850128173828,59.42209243774414,163.62451171875,47.20982360839844,113.66372680664062,85.48165130615234,37.4990348815918,229.12460327148438,159.15277099609375,167.2314453125,63.49163818359375,111.3404312133789,76.79430389404297,4.518232345581055,97.56948852539062,85.58869171142578,14.366798400878906,149.4137420654297,38.727783203125,29.41094207763672,58.89173126220703
2019-04-02,46.231971740722656,60.62493896484375,271.3500061035156,90.6989974975586,24.223966598510742,217.3695068359375,157.78033447265625,44.553348541259766,91.05431365966797,107.24166870117188,59.7472038269043,162.51217651367188,47.07991409301758,112.62506103515625,85.89010620117188,37.37863540649414,229.32583618164062,159.11898803710938,172.68357849121094,63.423030853271484,111.49947357177734,76.01941680908203,4.536078929901123,97.31355285644531,85.67955780029297,14.222905158996582,149.90771484375,38.36077117919922,29.1463623046875,58.639530181884766
2019-04-03,46.54889678955078,60.63225555419922,271.5,91.03500366210938,24.198793411254883,219.15908813476562,159.8544464111328,44.82732391357422,90.29631042480469,107.778076171875,60.00839614868164,166.10850524902344,48.04991149902344,112.18341827392578,86.0616455078125,37.065616607666016,229.0095672607422,159.11898803710938,172.029296875,63.4001579284668,112.2291488647461,76.10951232910156,4.675384044647217,97.21759033203125,85.6300048828125,14.330825805664062,150.55377197265625,38.5836067199707,29.221527099609375,58.29365921020508
2019-04-04,46.629913330078125,60.43520736694336,267.8900146484375,90.94300079345703,24.45890235900879,220.89437866210938,155.82415771484375,44.71379470825195,90.95955657958984,109.9140853881836,60.43659973144531,167.6474151611328,48.43098449707031,110.87490844726562,86.89305114746094,37.30640411376953,226.25875854492188,160.4031524658203,174.48773193359375,62.386436462402344,111.65850067138672,76.8393325805664,4.6664605140686035,97.14562225341797,85.41529083251953,14.380292892456055,149.77476501464844,38.66225051879883,29.498146057128906,59.12228775024414
2019-04-05,46.94206237792969,60.902278900146484,267.45001220703125,91.86399841308594,24.400169372558594,222.2230987548828,155.8634796142578,44.77055740356445,92.14027404785156,110.15355682373047,60.04010772705078,168.9939422607422,48.15385055541992,111.37374877929688,86.68726348876953,37.298377990722656,226.8050994873047,161.11273193359375,174.19033813476562,61.85288619995117,112.15431213378906,76.94747161865234,4.733137130737305,97.26558685302734,85.59696960449219,14.546661376953125,149.78427124023438,38.727783203125,29.714618682861328,59.439334869384766
2019-04-08,47.68077087402344,61.28910446166992,268.80999755859375,92.49299621582031,24.47568702697754,222.810546875,155.77500915527344,44.99761962890625,92.32977294921875,110.11524200439453,59.88300704956055,170.2400665283203,48.22312545776367,111.34103393554688,86.9671401977539,37.362586975097656,226.77627563476562,160.3861846923828,173.40721130371094,61.7004508972168,112.19173431396484,76.3437728881836,4.753960609436035,97.56948852539062,86.68708801269531,14.564651489257812,149.87925720214844,38.75400924682617,29.834884643554688,59.80683517456055
2019-04-09,47.53777313232422,60.34763717651367,268.989990234375,91.79199981689453,24.240747451782227,221.35537719726562,154.300537109375,44.746238708496094,91.49888610839844,111.9351577758789,59.60595703125,168.0237579345703,47.91134262084961,110.87490844726562,86.3250732421875,37.45891189575195,226.43077087402344,160.58050537109375,176.03411865234375,61.58612823486328,111.58367919921875,75.9383316040039,4.691246032714844,97.7054443359375,86.43104553222656,14.580835342407227,149.6322479248047,38.66991424560547,29.67252540588379,59.03582763671875
2019-04-10,47.80465316772461,60.53738021850586,271.5799865722656,92.36650085449219,24.391782760620117,221.98806762695312,157.51490783691406,45.26521301269531,91.46247100830078,112.22252655029297,59.792301177978516,166.7943115234375,48.28376007080078,110.883056640625,86.71195220947266,37.43482208251953,227.5345458984375,159.85397338867188,176.2720489501953,61.601348876953125,112.43495178222656,76.47894287109375,4.761643409729004,97.60147857666016,86.42278289794922,14.64053726196289,150.6488037109375,38.80897903442383,29.946136474609375,58.76921844482422
2019-04-11,47.40671157836914,59.676212310791016,271.8999938964844,92.20349884033203,24.391782760620117,218.03834533691406,157.99656677246094,45.08681869506836,91.82685852050781,111.68612670898438,59.947933197021484,168.5088653564453,48.327056884765625,110.58045959472656,87.44456481933594,37.49100112915039,226.55552673339844,159.5667266845703,175.96475219726562,60.85438919067383,112.56591796875,76.58706665039062,4.747763633728027,97.30555725097656,86.50537109375,14.787492752075195,149.9837646484375,38.7758674621582,30.306926727294922,59.05024719238281
2019-04-12,47.38766098022461,59.73537063598633,271.8599853515625,92.15299987792969,25.314754486083984,218.68003845214844,157.97694396972656,45.64635467529297,87.28618621826172,124.57888793945312,60.59915542602539,170.4910125732422,48.86402893066406,111.21018981933594,91.5439224243164,37.51509094238281,229.2333984375,161.86459350585938,177.5409393310547,60.541900634765625,113.14591979980469,77.70431518554688,4.709838390350342,97.75342559814453,86.76136016845703,14.787492752075195,151.67495727539062,38.895050048828125,30.535429000854492,58.30805206298828
2019-04-15,47.47344207763672,59.92024230957031,272.2200012207031,92.24349975585938,25.037864685058594,222.63877868652344,157.3674774169922,45.865299224853516,87.56315612792969,126.47543334960938,60.787479400634766,171.335693359375,48.7427864074707,111.65182495117188,90.49851989746094,37.7237663269043,229.54054260253906,162.07583618164062,178.0861053466797,59.85591125488281,113.23947143554688,78.23595428466797,4.578218460083008,98.8970718383789,87.314697265625,14.704828262329102,152.43505859375,38.87518310546875,30.797006607055664,58.1135139465332
2019-04-16,47.478206634521484,59.31385803222656,271.42999267578125,93.1520004272461,25.071428298950195,221.74398803710938,155.99130249023438,46.18156051635742,88.31385040283203,124.42562866210938,61.05412292480469,171.00953674316406,49.11518859863281,112.87857818603516,91.45338439941406,37.68363571166992,230.44277954101562,161.94908142089844,177.31292724609375,59.1165771484375,112.97750854492188,79.10992431640625,4.665220737457275,97.89737701416016,87.88449096679688,14.810454368591309,152.23548889160156,38.928165435791016,30.947345733642578,58.50981521606445
2019-04-17,48.40275192260742,57.664817810058594,269.45001220703125,93.24099731445312,25.197284698486328,221.94288635253906,152.6982421875,45.662559509277344,87.65786743164062,126.1976547241211,61.46200180053711,172.74911499023438,50.717430114746094,113.28750610351562,94.08751678466797,37.94850158691406,231.31622314453125,161.87306213378906,177.22369384765625,56.342132568359375,113.91301727294922,79.94788360595703,4.642417907714844,101.57624816894531,88.03087615966797,14.672684669494629,152.43505859375,38.25938034057617,31.01649284362793,58.675537109375
2019-04-18,48.57670211791992,57.36162185668945,270.57000732421875,93.08450317382812,25.197284698486328,222.16880798339844,153.33718872070312,45.73554992675781,87.35906219482422,126.86817169189453,61.527923583984375,172.00482177734375,50.65681457519531,112.46968841552734,93.39604187011719,38.10904312133789,231.21066284179688,164.66091918945312,176.72804260253906,55.78572082519531,115.40977478027344,80.37135314941406,4.61787748336792,101.64022827148438,88.19721984863281,14.70942497253418,152.1690673828125,38.43153762817383,31.022512435913086,58.45936965942383
2019-04-22,48.73634338378906,57.790531158447266,272.2099914550781,94.3655014038086,25.214067459106445,220.00869750976562,156.06007385253906,45.6868896484375,88.84590911865234,126.13058471679688,62.13701248168945,171.268798828125,50.942604064941406,112.72323608398438,93.51128387451172,38.04481506347656,233.28384399414062,163.8245849609375,179.8605499267578,55.99152374267578,115.77461242675781,78.71348571777344,4.671665191650391,101.12036895751953,88.16394805908203,14.732386589050293,152.3970184326172,38.65005874633789,30.778974533081055,59.734771728515625
2019-04-23,49.43928527832031,58.16767883300781,278.489990234375,96.1884994506836,25.23084831237793,221.96095275878906,158.48806762695312,45.97071838378906,88.9333724975586,127.73981475830078,62.97111892700195,172.3309783935547,50.9079704284668,114.4161605834961,93.62653350830078,38.69495391845703,233.70614624023438,164.95657348632812,182.18017578125,56.86045455932617,117.3462142944336,78.77654266357422,4.726196765899658,101.64022827148438,85.79371643066406,14.741569519042969,153.5941925048828,37.84222412109375,30.989439010620117,60.08062744140625
2019-04-24,49.36302947998047,58.17506790161133,275.45001220703125,95.0875015258789,25.18889808654785,224.1120147705078,156.8464813232422,46.124794006347656,86.20750427246094,129.40647888183594,62.448753356933594,172.891357421875,50.85600662231445,113.84365844726562,93.47013092041016,38.51034927368164,235.4337921142578,166.9587860107422,180.99061584472656,56.959537506103516,116.9439468383789,79.64152526855469,4.738590717315674,101.5042495727539,86.23450469970703,14.139966011047363,153.4326629638672,37.795875549316406,31.127735137939453,58.91334533691406
2019-04-25,48.915069580078125,58.670509338378906,277.6600036621094,95.11250305175781,25.23924446105957,221.97903442382812,160.3164520263672,45.67878723144531,85.93054962158203,131.45631408691406,62.810054779052734,172.70733642578125,49.894657135009766,114.21163940429688,93.51950073242188,38.397979736328125,235.74098205566406,167.2122039794922,191.57763671875,58.186683654785156,120.81683349609375,78.89366149902344,4.632997989654541,100.87245178222656,85.89352416992188,13.933309555053711,152.98614501953125,36.98141860961914,31.124731063842773,59.24479675292969
2019-04-26,48.68154525756836,58.93671798706055,281.9599914550781,97.53150177001953,25.465784072875977,220.37017822265625,163.1376495361328,45.31387710571289,85.34746551513672,134.0233612060547,63.30961608886719,170.29029846191406,45.408390045166016,114.81687927246094,94.22743225097656,38.73508071899414,236.76800537109375,166.7813720703125,189.8230743408203,58.4077262878418,121.50906372070312,79.56942749023438,4.41437292098999,101.08837890625,88.03919219970703,14.089449882507324,154.80078125,37.46479415893555,30.52641487121582,57.998233795166016
2019-04-29,48.755401611328125,59.38041305541992,286.1400146484375,96.92150115966797,25.818204879760742,220.78594970703125,162.54786682128906,45.51660919189453,85.7993392944336,133.4294891357422,64.24037170410156,169.07752990722656,44.265174865722656,114.3670654296875,95.5856704711914,38.8635139465332,237.19993591308594,166.52792358398438,193.08441162109375,58.52204895019531,121.3968276977539,79.52438354492188,4.4451093673706055,101.3202896118164,87.14099884033203,14.181299209594727,155.9599151611328,37.6369514465332,30.535429000854492,57.62353515625
2019-04-30,47.81657028198242,58.70747756958008,289.25,96.32599639892578,25.658777236938477,221.9157257080078,162.5380096435547,45.37063980102539,87.50485229492188,131.1976776123047,59.42110061645508,170.3655548095703,44.20454025268555,115.47930908203125,95.52803802490234,39.377197265625,244.024169921875,166.9080810546875,191.71640014648438,59.99311447143555,122.17326354980469,79.136962890625,4.486506938934326,102.40797424316406,88.55482482910156,14.218033790588379,156.22598266601562,37.86870574951172,30.920284271240234,57.846900939941406
2019-05-01,50.163673400878906,58.337738037109375,283.3500061035156,95.57599639892578,25.390275955200195,218.35467529296875,159.3924102783203,45.07060241699219,85.86495208740234,130.63253784179688,58.150367736816406,166.26739501953125,43.9620361328125,116.09269714355469,94.79541778564453,38.99995422363281,238.75482177734375,164.0357666015625,191.34963989257812,60.00074005126953,119.62875366210938,77.39800262451172,4.473366737365723,101.7601547241211,87.2657241821289,14.139966011047363,154.66783142089844,37.42506408691406,30.47529411315918,56.68680191040039
2019-05-02,49.83721923828125,58.02717590332031,279.6400146484375,95.04100036621094,25.59164810180664,219.3489227294922,159.077880859375,44.55162048339844,84.82268524169922,128.48692321777344,57.81285858154297,168.11572265625,43.78015899658203,115.54473114013672,95.00120544433594,38.83942413330078,237.25743103027344,164.40750122070312,190.85398864746094,60.610504150390625,118.0665283203125,76.830322265625,4.540787696838379,101.4322738647461,87.7896957397461,14.061895370483398,153.08111572265625,37.736270904541016,30.412151336669922,55.69241714477539
2019-05-03,50.45676803588867,58.20463180541992,285.5799865722656,98.12300109863281,25.76785659790039,221.09326171875,160.56216430664062,44.55162048339844,85.47136688232422,128.66893005371094,58.954734802246094,167.7394256591797,44.8194580078125,116.14178466796875,95.5856704711914,39.10429763793945,237.98692321777344,166.8658447265625,193.76841735839844,60.97636795043945,120.58292388916016,77.2177734375,4.5363264083862305,102.10406494140625,88.22216033935547,14.098634719848633,153.95521545410156,37.901817321777344,30.69178009033203,55.82212448120117
2019-05-06,49.677574157714844,58.611366271972656,283.6600036621094,97.52749633789062,25.566476821899414,220.7407684326172,159.73648071289062,44.26778793334961,86.29496765136719,129.31069946289062,59.14851760864258,166.96156311035156,44.63210678100586,116.20720672607422,94.73780822753906,38.90364074707031,238.64920043945312,168.0316619873047,192.1922607421875,60.580020904541016,119.8813247680664,75.29859161376953,4.457997798919678,101.78416442871094,87.88948822021484,14.048116683959961,154.18325805664062,37.68330764770508,30.806032180786133,55.577117919921875
2019-05-07,48.338417053222656,57.64263153076172,277.07000732421875,96.05000305175781,25.104991912841797,217.08026123046875,154.231689453125,43.34334945678711,86.20021057128906,127.81645965576172,58.4249382019043,162.89688110351562,43.987274169921875,114.4733657836914,93.19025421142578,38.526397705078125,235.2130584716797,167.3051300048828,188.11802673339844,59.375728607177734,117.4210205078125,74.37052154541016,4.290932655334473,100.75248718261719,87.07445526123047,14.020566940307617,152.2165069580078,37.49790573120117,30.45726203918457,55.28169250488281
2019-05-08,48.34794235229492,57.6722297668457,276.7699890136719,95.88849639892578,25.00430679321289,218.12872314453125,154.1923828125,43.35956573486328,85.63900756835938,129.30113220214844,58.02448272705078,163.23143005371094,42.90678024291992,114.32617950439453,92.69632720947266,38.40599822998047,235.47227478027344,167.29669189453125,187.89002990722656,59.58916473388672,117.41167449951172,74.5777816772461,4.311010837554932,100.78447723388672,87.38218688964844,13.914939880371094,152.73907470703125,37.33237075805664,30.156599044799805,55.368160247802734
2019-05-09,47.82848358154297,57.61307144165039,275.7900085449219,94.99349975585938,24.928787231445312,220.6481475830078,153.65171813964844,42.913578033447266,88.32841491699219,127.96012878417969,57.885215759277344,162.73802185058594,40.623748779296875,113.45927429199219,92.62225341796875,38.04481506347656,235.45306396484375,167.04327392578125,187.00778198242188,59.70346450805664,117.4023208618164,74.76702117919922,4.218552589416504,100.8084487915039,86.6919174194336,13.951683044433594,151.83645629882812,37.398582458496094,30.08707618713379,55.31771469116211
2019-05-10,47.165889739990234,57.27290344238281,278.4800109863281,94.4990005493164,24.8197078704834,223.8654022216797,157.2200164794922,43.2703742980957,88.9114990234375,128.39114379882812,57.868865966796875,162.73802185058594,40.25777816772461,113.72096252441406,92.6140365600586,38.678890228271484,237.48780822753906,168.95254516601562,186.70050048828125,59.59676742553711,118.92716979980469,75.64096069335938,4.184595108032227,102.3759765625,88.16394805908203,14.061895370483398,152.69154357910156,37.68330764770508,30.803438186645508,55.79874038696289
2019-05-13,44.42463302612305,56.84400177001953,267.70001220703125,91.13400268554688,23.703744888305664,219.24343872070312,150.5454864501953,41.599884033203125,87.78179931640625,125.804931640625,56.330013275146484,159.19186401367188,39.00299072265625,112.20796966552734,90.09516906738281,38.56654357910156,231.6809539794922,168.1415252685547,179.9596710205078,58.81929397583008,115.39105224609375,74.36155700683594,3.927550792694092,101.6961898803711,88.24710083007812,13.99301528930664,149.48025512695312,37.57735061645508,30.192861557006836,55.17924499511719
2019-05-14,45.12789535522461,58.00497817993164,271.8599853515625,92.00599670410156,24.01420021057129,219.97750854492188,155.3818359375,42.183746337890625,88.65641784667969,127.58654022216797,55.74866485595703,160.2623748779297,39.360252380371094,111.89718627929688,90.81129455566406,39.080223083496094,236.05770874023438,167.27980041503906,179.15672302246094,59.009857177734375,116.68201446533203,75.38871002197266,4.016536712646484,101.8961410522461,87.82295989990234,14.277735710144043,152.2165069580078,37.444923400878906,30.313770294189453,55.252132415771484
2019-05-15,45.66848373413086,58.256404876708984,276.82000732421875,93.55750274658203,23.737308502197266,221.73561096191406,152.42298889160156,42.52433395385742,89.02083587646484,129.00416564941406,58.025474548339844,160.3794708251953,39.752376556396484,111.97077941894531,90.46558380126953,39.473514556884766,239.13868713378906,168.17529296875,184.64849853515625,59.10896682739258,118.32514953613281,75.695068359375,3.955559730529785,103.44764709472656,88.73779296875,14.351212501525879,154.66783142089844,37.617088317871094,30.189844131469727,55.660274505615234
2019-05-16,45.46754837036133,58.78883743286133,283.54998779296875,95.37850189208984,23.989025115966797,224.24603271484375,155.7848358154297,45.35441970825195,88.9104232788086,129.78964233398438,58.7044563293457,160.89805603027344,39.673954010009766,113.03400421142578,91.62623596191406,39.79457092285156,243.23716735839844,168.95254516601562,185.3622283935547,60.313236236572266,121.05746459960938,75.9383316040039,3.970679998397827,104.18342590332031,89.91043090820312,14.521137237548828,156.8849334716797,37.9945182800293,30.62208366394043,55.652992248535156
2019-05-17,45.20920944213867,58.75923156738281,279.8500061035156,93.44999694824219,23.82960319519043,225.07070922851562,151.9413299560547,45.695003509521484,88.704345703125,129.34898376464844,57.925357818603516,161.06527709960938,39.116268157958984,113.36109924316406,91.18173217773438,39.48955535888672,242.40208435058594,168.302001953125,183.6869354248047,60.00074005126953,120.24996948242188,76.19961547851562,3.8799593448638916,104.37535858154297,89.36150360107422,14.60379695892334,156.1427001953125,38.46464920043945,30.486061096191406,55.32500076293945
2019-05-20,43.7955322265625,59.02546691894531,275.45001220703125,92.94850158691406,23.82960319519043,225.56912231445312,153.32733154296875,45.41929626464844,88.93986511230469,128.26666259765625,56.72996520996094,159.70199584960938,37.95733642578125,113.2056884765625,91.6591567993164,39.20863342285156,243.3043670654297,168.10769653320312,181.12940979003906,60.12268829345703,118.512939453125,74.64985656738281,3.7614760398864746,103.95947265625,89.26172637939453,14.7829008102417,155.5527801513672,39.07383346557617,30.685548782348633,55.31772232055664
2019-05-21,44.635135650634766,59.80929946899414,278.07000732421875,92.8759994506836,24.07293701171875,226.50259399414062,153.13076782226562,45.83286666870117,89.30787658691406,128.4390411376953,57.21466827392578,160.1201934814453,38.74156951904297,112.96040344238281,91.97196197509766,39.00797653198242,245.0991668701172,168.82577514648438,183.21112060546875,60.595252990722656,119.15142059326172,75.3616714477539,3.8435208797454834,103.20770263671875,88.46332550048828,14.883933067321777,155.9239044189453,39.398284912109375,30.564647674560547,55.57279968261719
2019-05-22,43.72138214111328,60.334320068359375,281.82000732421875,92.98400115966797,23.905115127563477,226.12196350097656,154.9591064453125,45.15980529785156,88.74114990234375,128.2091522216797,57.284542083740234,157.99581909179688,38.340736389160156,113.4837875366211,91.22289276123047,39.85075378417969,246.5773162841797,168.92723083496094,183.70677185058594,61.72331237792969,119.87439727783203,74.96519470214844,3.772629976272583,104.02347564697266,88.7544174194336,14.824231147766113,156.28546142578125,39.23275375366211,30.900169372558594,55.06991958618164
2019-05-23,42.97507095336914,60.00898361206055,274.25,90.77400207519531,23.2925968170166,225.2338104248047,151.0959930419922,43.94342803955078,86.7539291381836,127.13636016845703,56.763668060302734,160.58018493652344,38.80257034301758,114.32617950439453,89.42841339111328,40.01127624511719,239.69540405273438,168.09085083007812,179.29551696777344,61.75381088256836,118.47540283203125,74.46063995361328,3.651667594909668,103.9434814453125,88.78766632080078,14.759940147399902,153.6876220703125,38.98113250732422,30.78832244873047,53.7799072265625
2019-05-24,42.81001663208008,59.20294189453125,274.7699890136719,91.16400146484375,23.645008087158203,224.1190948486328,151.88233947753906,44.08939743041992,87.3721694946289,127.1938247680664,56.43012237548828,161.9099884033203,38.837425231933594,114.33438873291016,90.30917358398438,39.818634033203125,241.37510681152344,167.0770721435547,179.4838409423828,61.86811828613281,118.53173065185547,74.0281753540039,3.597879648208618,103.56761169433594,88.7294692993164,14.81964111328125,154.762939453125,39.27909851074219,31.03314208984375,54.00582504272461
2019-05-28,42.63300704956055,57.701812744140625,278.25,91.82150268554688,23.41006851196289,223.22190856933594,152.55084228515625,43.73259353637695,87.0777359008789,127.03099822998047,56.477203369140625,160.20384216308594,37.966041564941406,112.86872863769531,89.32962036132812,39.4093017578125,243.24673461914062,166.14776611328125,182.70555114746094,61.17452621459961,118.45662689208984,73.16316986083984,3.5527663230895996,102.07207489013672,86.8748779296875,14.663497924804688,155.78111267089844,38.888427734375,30.957592010498047,52.91990280151367
2019-05-29,42.429691314697266,57.723968505859375,273.3800048828125,90.95950317382812,23.284208297729492,218.12872314453125,150.28990173339844,43.12440490722656,85.94429016113281,126.0252685546875,55.50483322143555,158.8990936279297,38.54115676879883,108.14215087890625,89.08267974853516,39.016014099121094,243.37149047851562,165.5986328125,180.60400390625,60.48855209350586,117.31110382080078,71.06377410888672,3.478652238845825,102.50395965576172,86.65032196044922,14.654315948486328,154.8485870361328,38.52424240112305,30.866914749145508,52.59192657470703
2019-05-30,42.64975357055664,57.39122009277344,274.510009765625,90.81600189208984,22.789154052734375,218.89901733398438,153.01278686523438,43.4406623840332,84.92124938964844,126.62870025634766,55.577674865722656,159.8107452392578,38.97684097290039,108.784423828125,88.12779998779297,39.52968978881836,243.9761962890625,168.31893920898438,181.41683959960938,60.7324333190918,118.05289459228516,71.41516876220703,3.4521000385284424,102.85582733154297,87.59843444824219,14.631353378295898,154.8771514892578,37.630340576171875,30.8880672454834,52.45344543457031
2019-05-31,41.87712478637695,56.725677490234375,270.8999938964844,88.75350189208984,22.31927490234375,217.1227569580078,148.8350830078125,42.19186782836914,83.79513549804688,126.47543334960938,54.8387336730957,158.7820281982422,38.37560272216797,107.99394989013672,87.22232055664062,39.433372497558594,241.38470458984375,168.48036193847656,175.9251251220703,60.37419509887695,116.12802124023438,69.6984634399414,3.361522912979126,102.36799621582031,85.5858154296875,14.043525695800781,153.51638793945312,35.98818588256836,30.6613712310791,51.578857421875
2019-06-03,41.4537467956543,55.97879409790039,259.0299987792969,84.6344985961914,22.386398315429688,218.47311401367188,142.6324005126953,41.989131927490234,85.37018585205078,126.8873291015625,51.48051834106445,158.5478515625,37.87018966674805,108.23273468017578,87.63389587402344,40.115604400634766,232.52557373046875,168.91375732421875,162.72103881835938,61.17452621459961,112.52250671386719,70.43934631347656,3.3198325634002686,103.15171813964844,86.32598876953125,14.277735710144043,150.91864013671875,37.33237075805664,30.81854248046875,52.38785171508789
2019-06-04,42.97030258178711,56.75526428222656,268.7099914550781,86.47799682617188,23.426847457885742,222.5875701904297,148.24526977539062,43.164955139160156,86.33439636230469,129.13829040527344,52.261085510253906,163.29835510253906,39.02912139892578,110.11839294433594,90.33387756347656,40.13166427612305,239.16757202148438,169.63604736328125,166.04188537597656,61.799537658691406,115.63978576660156,73.74630737304688,3.5486319065093994,103.22372436523438,87.05782318115234,14.456839561462402,154.46800231933594,37.226417541503906,30.999902725219727,53.6341438293457
2019-06-05,43.66396713256836,56.9844856262207,272.8599853515625,86.92500305175781,23.4184627532959,224.71725463867188,155.7455291748047,44.397544860839844,86.59199523925781,130.2110595703125,51.77291488647461,165.65658569335938,38.82000732421875,110.65362548828125,90.65491485595703,40.757713317871094,245.96304321289062,170.0609130859375,166.70603942871094,62.264469146728516,118.1467514038086,74.74017333984375,3.5059497356414795,105.0791244506836,88.76274108886719,14.548686981201172,157.37977600097656,37.76276397705078,31.56210708618164,53.1895637512207
2019-06-06,44.30503463745117,56.99189758300781,274.79998779296875,87.71800231933594,23.519685745239258,227.6626434326172,156.60073852539062,44.68136978149414,88.82211303710938,131.42758178710938,51.927547454833984,166.06080627441406,39.29925537109375,112.54753875732422,90.85247039794922,41.25535583496094,247.469970703125,172.54220581054688,166.8646697998047,62.07392120361328,120.0152587890625,74.49620819091797,3.567988872528076,106.32378387451172,89.30331420898438,14.741569519042969,158.8356170654297,38.1004638671875,31.770668029785156,54.158878326416016
2019-06-07,45.48430252075195,57.25811004638672,278.1600036621094,90.20149993896484,23.224435806274414,232.01271057128906,158.5273895263672,45.35441970825195,89.41091918945312,132.22256469726562,52.9489860534668,166.17034912109375,40.10964584350586,114.08737182617188,89.85643005371094,41.32759475708008,255.11968994140625,174.60708618164062,171.84097290039062,62.851375579833984,123.37664794921875,75.36360931396484,3.6106717586517334,107.52416229248047,90.45930480957031,14.920673370361328,161.81407165527344,37.901817321777344,32.05781173706055,54.35568618774414
2019-06-10,46.065555572509766,56.903160095214844,280.3399963378906,93.03150177001953,23.67997169494629,232.7739715576172,150.1916046142578,45.75176239013672,90.007080078125,131.29347229003906,53.662166595458984,166.80198669433594,40.780609130859375,114.4743881225586,90.82774353027344,41.23929977416992,255.40765380859375,171.0551300048828,173.29818725585938,62.866615295410156,124.50338745117188,74.61369323730469,3.6833813190460205,107.62081909179688,90.41771697998047,14.663497924804688,162.5467529296875,37.18006896972656,32.49912643432617,54.596195220947266
2019-06-11,46.5989875793457,57.80531692504883,275.989990234375,93.18499755859375,23.823387145996094,233.00958251953125,147.5965118408203,46.31129837036133,89.18275451660156,129.3873291015625,53.57691955566406,166.76828002929688,40.82417297363281,115.10020446777344,91.1076431274414,41.19916534423828,253.06565856933594,172.72061157226562,176.54962158203125,63.24772644042969,124.03389739990234,75.22811126708984,3.7409536838531494,107.3066177368164,90.96663665771484,14.746164321899414,162.0614776611328,37.630340576171875,32.62606430053711,54.5451545715332
2019-06-12,46.45068359375,58.101112365722656,276.8399963378906,92.76599884033203,23.578746795654297,233.11837768554688,148.7073211669922,45.297664642333984,88.4614486694336,130.0003662109375,53.48078155517578,167.5515594482422,40.362327575683594,116.66472625732422,89.94697570800781,41.44798278808594,253.24801635742188,174.13970947265625,173.51625061035156,63.80414581298828,123.46118927001953,74.65885162353516,3.628042697906494,107.25831604003906,91.21611022949219,14.77830696105957,163.27952575683594,37.98127365112305,32.892059326171875,53.9548225402832
2019-06-13,46.44111251831055,58.382102966308594,276.29998779296875,93.51499938964844,23.570310592651367,235.3658905029297,148.7662811279297,45.54903793334961,88.99140167236328,135.76666259765625,54.071041107177734,170.42352294921875,40.69347381591797,115.86600494384766,90.16925048828125,41.35901641845703,250.70458984375,173.76583862304688,175.9251251220703,63.18673324584961,124.24048614501953,75.54429626464844,3.6791625022888184,107.0971908569336,92.23906707763672,14.82882308959961,161.1479949951172,38.153438568115234,32.840660095214844,54.428565979003906
2019-06-14,46.10383987426758,58.18985366821289,274.2799987792969,93.4834976196289,23.654672622680664,235.76466369628906,147.45889282226562,44.397544860839844,88.91778564453125,135.68045043945312,53.83760452270508,173.30389404296875,40.24905776977539,115.35545349121094,90.39971923828125,41.50460433959961,249.6487274169922,174.44564819335938,179.75149536132812,63.51667404174805,124.36253356933594,75.3907241821289,3.589329481124878,106.92798614501953,92.48023986816406,14.856375694274902,161.44297790527344,38.590457916259766,32.967620849609375,54.188045501708984
2019-06-17,46.3789176940918,58.1602783203125,275.6000061035156,94.30149841308594,23.561872482299805,236.92462158203125,147.73410034179688,44.92463684082031,89.34468841552734,135.0291290283203,54.213775634765625,174.32302856445312,40.19677734375,114.82025146484375,89.90582275390625,41.14868927001953,248.78489685058594,173.18801879882812,187.36463928222656,63.915687561035156,124.73811340332031,74.18903350830078,3.599008560180664,106.75880432128906,92.3055648803711,14.833415985107422,161.34780883789062,38.160057067871094,32.994834899902344,54.72737121582031
2019-06-18,47.46967315673828,57.864471435546875,276.7799987792969,95.06849670410156,24.143957138061523,238.11184692382812,148.0290069580078,45.451744079589844,90.47813415527344,133.37200927734375,54.77628707885742,174.744140625,41.27729797363281,115.47075653076172,91.13232421875,40.96265411376953,248.41055297851562,173.78280639648438,186.82936096191406,64.82874298095703,126.90706634521484,76.1677474975586,3.7938106060028076,106.38822174072266,91.14959716796875,14.897708892822266,161.08135986328125,37.96141052246094,33.1429328918457,55.201114654541016
2019-06-19,47.33094024658203,57.39122009277344,291.2099914550781,95.43949890136719,23.890878677368164,238.94558715820312,151.5186309814453,45.51660919189453,90.44869232177734,134.981201171875,54.74010467529297,175.13157653808594,41.01588439941406,115.65193176269531,90.47382354736328,41.35091781616211,249.42794799804688,173.8168182373047,185.84796142578125,65.49629974365234,127.4046859741211,75.49011993408203,3.7997663021087646,107.02465057373047,91.83154296875,14.883933067321777,162.42306518554688,38.160057067871094,33.13387680053711,54.895023345947266
2019-06-20,47.71127700805664,57.931034088134766,302.1099853515625,95.90950012207031,23.848697662353516,242.2897186279297,154.526611328125,46.554569244384766,91.47174835205078,136.0348663330078,55.17079544067383,177.91932678222656,41.12043380737305,117.10115051269531,90.7043228149414,41.78772735595703,256.0699462890625,174.30117797851562,187.880126953125,64.91315460205078,128.58775329589844,77.01704406738281,3.8240859508514404,108.08002471923828,92.92931365966797,14.943635940551758,165.3253631591797,37.96803283691406,33.34545135498047,55.83518600463867
2019-06-21,47.548622131347656,58.256404876708984,299.3299865722656,95.56500244140625,23.72215461730957,241.1841583251953,154.17274475097656,46.246421813964844,91.95016479492188,134.32028198242188,55.77394104003906,176.3527374267578,41.35572052001953,117.0023422241211,90.0869140625,41.69874954223633,253.84317016601562,173.57037353515625,189.47607421875,64.89013671875,128.60653686523438,77.47787475585938,3.766017198562622,107.91887664794922,92.48023986816406,14.902302742004395,165.0398712158203,38.25276565551758,33.590274810791016,56.622318267822266
2019-06-24,47.50078201293945,58.01237869262695,299.8699951171875,95.69499969482422,23.604049682617188,241.76406860351562,149.96551513671875,46.368064880371094,91.93544006347656,133.35284423828125,55.34425354003906,173.0765380859375,41.50385665893555,117.80107116699219,89.44487762451172,41.9980354309082,254.63978576660156,173.28147888183594,190.9233856201172,65.61140441894531,129.3671112060547,76.34847259521484,3.788351058959961,108.06388854980469,93.42002868652344,14.962005615234375,165.43003845214844,38.583839416503906,33.62352752685547,56.08297348022461
2019-06-25,46.78078079223633,48.58396911621094,287.9700012207031,93.91349792480469,23.4184627532959,241.39254760742188,146.80027770996094,45.47606658935547,91.00071716308594,134.04249572753906,53.90104675292969,172.43650817871094,40.82417297363281,118.77275085449219,88.70401000976562,41.86861801147461,249.2936248779297,174.80255126953125,187.19613647460938,65.40421295166016,125.28267669677734,74.64981842041016,3.759068727493286,107.79804229736328,92.91268920898438,14.948227882385254,162.9844970703125,38.405059814453125,33.466346740722656,55.587379455566406
2019-06-26,47.79261016845703,50.28478240966797,288.7200012207031,94.8915023803711,23.545001983642578,239.62527465820312,146.50537109375,45.89773178100586,91.21414184570312,134.48312377929688,53.54123306274414,173.85137939453125,41.99181365966797,116.80475616455078,89.29666900634766,41.35091781616211,250.80050659179688,173.8168182373047,186.0264129638672,64.09981536865234,125.75212860107422,74.5865707397461,3.952134132385254,106.59769439697266,91.25770568847656,14.939040184020996,162.77513122558594,37.736270904541016,33.29709243774414,55.827884674072266
2019-06-27,47.77824783325195,51.76374435424805,293.2300109863281,95.21399688720703,23.798078536987305,240.68569946289062,148.12734985351562,45.19224166870117,90.61061096191406,133.4294891357422,53.358367919921875,174.35675048828125,41.35572052001953,115.84955596923828,89.59302520751953,41.31856918334961,250.60855102539062,175.27842712402344,187.85040283203125,64.32231903076172,125.95873260498047,75.5894775390625,4.050651550292969,106.09016418457031,91.2992935180664,15.145697593688965,162.93690490722656,37.9084358215332,33.278953552246094,55.259422302246094
2019-06-28,47.34291076660156,53.775123596191406,294.6499938964844,94.68150329589844,24.464529037475586,239.48936462402344,149.14964294433594,44.381324768066406,91.58952331542969,133.7551727294922,53.664146423339844,175.15679931640625,41.71297836303711,114.68848419189453,92.02958679199219,41.18913650512695,253.90081787109375,176.4595489501953,191.3199005126953,64.33769226074219,125.78033447265625,75.85151672363281,4.075466632843018,105.63903045654297,91.191162109375,15.3890962600708,165.14456176757812,37.82898712158203,33.396827697753906,55.84976577758789
2019-07-01,48.21120071411133,54.27799606323242,300.9700012207031,96.1094970703125,24.81884002685547,238.845947265625,151.44000244140625,44.389427185058594,91.88391876220703,135.68045043945312,54.5165901184082,177.1023712158203,41.86982727050781,114.75436401367188,93.5771255493164,41.73918533325195,256.0506896972656,175.3038787841797,191.3199005126953,65.02824401855469,127.39533233642578,77.17066955566406,4.1236090660095215,106.23516082763672,91.88976287841797,15.352356910705566,165.5156707763672,37.51777267456055,33.43612289428711,55.79874038696289
2019-07-02,48.49347686767578,54.89176940917969,301.3900146484375,96.71549987792969,24.591066360473633,240.5860137939453,151.49896240234375,45.257110595703125,90.47813415527344,136.52337646484375,55.14105224609375,176.9844512939453,41.93082809448242,115.30606079101562,93.67594909667969,42.04657745361328,259.6981201171875,178.091064453125,193.30250549316406,65.61140441894531,128.24037170410156,76.76409149169922,4.025837421417236,106.68630981445312,92.7131118774414,15.54064655303955,166.790771484375,38.49113082885742,33.73235321044922,55.1865234375
2019-07-03,48.89532470703125,55.43159103393555,305.70001220703125,96.94999694824219,24.506704330444336,243.9119873046875,152.94398498535156,46.089473724365234,90.78727722167969,136.95440673828125,55.6559944152832,178.63522338867188,42.27937698364258,117.04353332519531,93.52669525146484,42.14363098144531,262.1072082519531,180.83578491210938,195.4833526611328,66.67792510986328,129.066650390625,77.88448333740234,4.0387396812438965,107.9430923461914,94.87541961669922,15.604939460754395,168.30374145507812,38.49113082885742,33.949974060058594,55.71128845214844
2019-07-05,48.852264404296875,53.974788665771484,303.9800109863281,97.14550018310547,24.683866500854492,243.1053466796875,151.951171875,46.1873893737793,90.92709350585938,137.29171752929688,56.135738372802734,178.09620666503906,41.895973205566406,115.7507095336914,94.08212280273438,42.151729583740234,261.2050476074219,179.50167846679688,194.69029235839844,65.68045043945312,128.69102478027344,78.44467163085938,3.9762051105499268,107.16162109375,94.10198211669922,15.751895904541016,168.10398864746094,38.61033630371094,33.847206115722656,55.485347747802734
2019-07-08,47.8452262878418,52.665916442871094,302.9200134277344,97.61599731445312,24.633251190185547,244.1475372314453,150.21127319335938,45.852821350097656,90.97126770019531,135.91348266601562,55.34871292114258,179.3174285888672,41.66939926147461,116.08009338378906,93.56815338134766,42.06275177001953,260.6475524902344,180.28346252441406,194.05587768554688,64.48346710205078,128.59719848632812,79.94451141357422,3.901261568069458,106.79105377197266,94.85044860839844,15.728931427001953,167.65670776367188,38.33222198486328,34.07087326049805,55.74044418334961
2019-07-09,48.13705825805664,52.68070602416992,304.20001220703125,99.41500091552734,24.759790420532227,244.6641387939453,151.33187866210938,45.97521209716797,90.78727722167969,136.48214721679688,55.72041702270508,178.55101013183594,41.608421325683594,116.44242095947266,93.96607208251953,41.73110580444336,262.6752624511719,180.22396850585938,197.4758758544922,65.11263275146484,128.12770080566406,79.54695892333984,3.9037444591522217,106.13045501708984,93.90237426757812,15.712651252746582,169.1221160888672,37.745399475097656,34.11923599243164,55.7039909362793
2019-07-10,48.61307144165039,52.98390197753906,306.9800109863281,100.87049865722656,24.481399536132812,245.97824096679688,153.61241149902344,46.61988830566406,92.32554626464844,138.34225463867188,56.54411315917969,177.4982147216797,42.009254455566406,116.27771759033203,93.6925048828125,41.91714859008789,264.6357116699219,180.9972381591797,200.96519470214844,65.08194732666016,129.4328155517578,79.0048599243164,3.971987724304199,108.28141784667969,94.60096740722656,15.815715789794922,170.6255340576172,38.14017868041992,34.14946746826172,56.491127014160156
2019-07-11,48.25905227661133,52.68070602416992,307.6000061035156,100.05349731445312,24.768224716186523,250.61831665039062,156.19769287109375,46.75861358642578,92.31817626953125,138.3615264892578,56.70121765136719,180.26913452148438,42.349090576171875,115.37191772460938,94.58781433105469,42.09510803222656,267.4610290527344,180.7338104248047,199.47824096679688,62.150875091552734,129.94921875,79.77284240722656,4.126340866088867,108.23310089111328,95.12488555908203,15.67517375946045,171.98635864257812,38.08664321899414,34.43358612060547,56.53484344482422
2019-07-12,48.62981033325195,52.76329040527344,309.4200134277344,100.55000305175781,24.84415054321289,253.2465362548828,155.3916473388672,47.289031982421875,92.72297668457031,139.6337432861328,56.763668060302734,183.79806518554688,43.49930953979492,110.58773803710938,95.58257293701172,42.15980529785156,268.6333312988281,180.9887237548828,203.08657836914062,61.17644119262695,130.41873168945312,80.52278137207031,4.159344673156738,107.3710708618164,95.63223266601562,15.764180183410645,171.59620666503906,38.26731491088867,34.639129638671875,56.578582763671875
2019-07-15,49.086692810058594,52.75579071044922,308.760009765625,101.04949951171875,24.650117874145508,254.2795867919922,156.93492126464844,47.370635986328125,92.53162384033203,139.80722045898438,57.01988983154297,184.19386291503906,43.673587799072266,110.92536926269531,94.42200469970703,42.16790008544922,268.4700012207031,182.025390625,202.1349334716797,62.12018585205078,130.41873168945312,80.84803771972656,4.150907516479492,108.07193756103516,96.03974914550781,15.792290687561035,171.82456970214844,38.52827453613281,34.75398254394531,56.177730560302734
2019-07-16,48.91686248779297,51.92244338989258,305.70001220703125,100.49500274658203,24.45608901977539,254.34310913085938,154.4578094482422,47.01974105834961,91.8250503540039,139.07473754882812,57.16609191894531,182.98109436035156,42.845767974853516,109.10556030273438,95.43338775634766,42.175994873046875,265.8272705078125,181.6090545654297,202.06553649902344,62.603599548339844,128.7098388671875,80.05294036865234,4.14619255065918,107.7900390625,96.3807144165039,15.731389045715332,170.6255340576172,38.41452407836914,34.68748092651367,55.33958053588867
2019-07-17,48.641780853271484,51.291805267333984,309.3900146484375,99.60150146484375,24.62481689453125,255.1676788330078,155.54893493652344,46.6851692199707,91.36872863769531,137.40736389160156,56.83305358886719,181.59141540527344,43.03748321533203,108.57856750488281,94.4966049194336,42.208351135253906,264.5395812988281,181.6005401611328,200.04331970214844,62.85679626464844,127.94934844970703,79.05905151367188,4.211458683013916,106.96826171875,96.42228698730469,15.581474304199219,170.47335815429688,38.287391662597656,34.639129638671875,55.01162338256836
2019-07-18,49.19431686401367,51.23925018310547,310.0799865722656,98.8949966430664,24.869461059570312,256.39117431640625,155.29335021972656,47.117671966552734,91.76617431640625,136.50143432617188,56.85783004760742,180.6060333251953,43.5167350769043,108.75150299072266,95.06033325195312,42.087013244628906,265.9810485839844,183.47003173828125,199.0321807861328,63.4476203918457,128.0901641845703,79.0048599243164,4.223120212554932,107.04881286621094,96.62821197509766,15.501834869384766,171.78646850585938,38.28069305419922,34.6754035949707,54.5451545715332
2019-07-19,48.45997619628906,51.45695495605469,306.8699951171875,98.22599792480469,24.801971435546875,255.1224365234375,154.08425903320312,46.80756759643555,92.03114318847656,134.78587341308594,56.080223083496094,179.42691040039062,43.80428695678711,107.30223846435547,94.12358093261719,41.56931686401367,264.8471374511719,181.73648071289062,196.63323974609375,62.45014190673828,128.27793884277344,78.2007064819336,4.179942607879639,104.80120086669922,96.26829528808594,15.361294746398926,170.5590362548828,37.86582946777344,34.42753601074219,54.65449523925781
2019-07-22,49.567481994628906,51.05156326293945,308.54998779296875,99.28150177001953,24.945384979248047,253.90811157226562,155.01809692382812,47.10951232910156,92.22984313964844,135.74002075195312,56.45985794067383,177.9361572265625,44.745391845703125,105.92709350585938,94.7287368774414,41.43180465698242,267.7396240234375,182.69671630859375,200.55880737304688,62.3120231628418,129.97735595703125,77.67666625976562,4.251410484313965,104.95425415039062,96.51102447509766,15.05209732055664,171.82456970214844,37.13650131225586,34.10110092163086,54.7127799987793
2019-07-23,49.95499038696289,50.84886932373047,307.8800048828125,99.72450256347656,25.51903533935547,253.8446044921875,153.59274291992188,47.09318923950195,92.60520935058594,136.14480590820312,56.897972106933594,179.46060180664062,45.09393310546875,106.09178924560547,96.4613265991211,43.947479248046875,268.08563232421875,182.11036682128906,200.59844970703125,62.941192626953125,130.78488159179688,78.33624267578125,4.359110355377197,105.32484436035156,95.29731750488281,15.03336238861084,172.1385955810547,37.123111724853516,33.88045120239258,54.93144607543945
2019-07-24,49.914329528808594,50.646156311035156,310.2699890136719,100.04049682617188,25.873348236083984,254.5061798095703,157.0332489013672,46.70148849487305,93.13516235351562,136.1737060546875,56.48563003540039,180.83343505859375,46.11345672607422,106.86579895019531,96.85093688964844,43.50259780883789,269.315673828125,180.810302734375,202.87841796875,62.72636413574219,132.12759399414062,78.33624267578125,4.433554649353027,104.09227752685547,94.25101470947266,15.572100639343262,174.45091247558594,37.45098114013672,33.853248596191406,54.92415237426758
2019-07-25,49.519649505615234,50.045555114746094,308.7300109863281,98.69100189208984,25.594961166381836,253.5727081298828,156.6400604248047,46.20370864868164,92.46537780761719,138.0242156982422,56.29779815673828,181.54086303710938,45.45119857788086,107.96920776367188,95.9224624633789,42.92826843261719,268.4508056640625,182.22084045410156,198.9627685546875,62.72636413574219,131.62991333007812,78.86027526855469,4.302530288696289,103.9150390625,94.39329528808594,15.83913516998291,172.79513549804688,37.71194839477539,33.91974639892578,54.610748291015625
2019-07-26,49.69187545776367,50.87137985229492,311.2699890136719,97.15249633789062,25.957712173461914,254.99557495117188,157.24951171875,46.13026809692383,91.0595932006836,139.4120635986328,61.713768005371094,182.686279296875,44.954524993896484,107.64807891845703,96.34527587890625,43.81806564331055,271.0647277832031,183.18959045410156,198.0111083984375,62.4808235168457,132.70968627929688,79.09517669677734,4.344468593597412,105.7115249633789,96.03392791748047,15.99841594696045,174.79345703125,38.19371795654297,34.16155242919922,54.523311614990234
2019-07-29,50.155921936035156,50.43593978881836,307.2200012207031,95.62249755859375,25.74681282043457,253.8717041015625,153.55345153808594,46.45668411254883,91.43497467041016,141.08905029296875,61.5462532043457,183.63796997070312,45.75617980957031,109.53377532958984,96.0385513305664,43.67246627807617,270.4591979980469,182.6797332763672,194.23431396484375,63.29415512084961,132.41860961914062,79.16749572753906,4.3382649421691895,105.96127319335938,97.09696197509766,16.087427139282227,174.33670043945312,38.387752532958984,33.93486022949219,54.909576416015625
2019-07-30,49.94063949584961,50.43593978881836,303.6400146484375,94.92649841308594,26.058937072753906,253.30091857910156,154.29071044921875,46.0813102722168,91.51591491699219,139.6819305419922,60.86033630371094,183.06529235839844,45.05036163330078,108.75971984863281,95.82298278808594,43.45405960083008,267.30718994140625,180.43638610839844,195.32473754882812,63.89264678955078,131.78018188476562,78.7879867553711,4.35390043258667,105.11537170410156,100.78829956054688,16.012475967407227,172.73809814453125,37.89260482788086,33.871376037597656,54.91686248779297
2019-07-31,50.959651947021484,50.015525817871094,298.8599853515625,93.33899688720703,25.881786346435547,249.79360961914062,151.87252807617188,45.20815658569336,90.61061096191406,137.83145141601562,60.374637603759766,179.974365234375,44.048282623291016,107.22814178466797,96.16290283203125,42.57236099243164,261.64691162109375,179.05979919433594,192.53919982910156,63.677818298339844,127.94934844970703,77.73087310791016,4.1868896484375,102.96442413330078,98.80452728271484,15.951569557189941,169.37899780273438,36.982601165771484,33.36357879638672,54.195343017578125
2019-08-01,49.85690689086914,49.399898529052734,298.44000244140625,92.76599884033203,24.877893447875977,248.83297729492188,148.24526977539062,45.19999313354492,88.86626434326172,136.71347045898438,60.05646514892578,179.2500457763672,43.13333511352539,107.28578186035156,93.62619018554688,42.087013244628906,263.4632568359375,179.51019287109375,191.05226135253906,64.21492004394531,129.62997436523438,75.10160064697266,4.092591285705566,102.4246597290039,97.7079849243164,15.98436164855957,170.49237060546875,36.97589874267578,33.06132125854492,52.8105583190918
2019-08-02,48.80203628540039,49.06206130981445,293.7099914550781,91.16200256347656,24.785097122192383,246.95693969726562,143.22216796875,43.453678131103516,88.85891723632812,136.57852172851562,59.290260314941406,178.6772918701172,42.41879653930664,107.9280776977539,93.61786651611328,42.32969284057617,258.9369812011719,182.25485229492188,187.37457275390625,64.81339263916016,128.54083251953125,73.31260681152344,4.000028133392334,103.05303955078125,97.46524810791016,16.00778579711914,168.82711791992188,37.196720123291016,33.0673713684082,52.2931022644043
2019-08-05,46.24736022949219,48.97196578979492,280.3599853515625,88.25650024414062,23.688413619995117,240.25064086914062,140.3911590576172,41.91954040527344,87.39424133300781,133.2919921875,57.23002243041992,172.60488891601562,40.92873764038086,107.17871856689453,90.83247375488281,41.77964401245117,246.81903076171875,178.83038330078125,180.14801025390625,63.777549743652344,124.1372299194336,71.35194396972656,3.74194598197937,100.21732330322266,94.65277862548828,15.689226150512695,160.6816864013672,36.94914245605469,31.985273361206055,51.22173309326172
2019-08-06,47.12283706665039,48.626609802246094,286.2099914550781,89.3915023803711,23.975238800048828,244.06605529785156,140.3715057373047,42.923255920410156,87.86529541015625,136.73272705078125,58.03935241699219,175.8558807373047,41.19630813598633,107.68103790283203,91.54540252685547,42.281158447265625,254.35313415527344,181.91494750976562,182.90382385253906,64.7213363647461,126.46580505371094,73.4571762084961,3.78065824508667,101.86880493164062,95.65724182128906,15.909408569335938,164.1263885498047,36.835384368896484,32.42354965209961,51.71733856201172
2019-08-07,47.610801696777344,48.39387893676758,289.0199890136719,89.66999816894531,23.528127670288086,248.58824157714844,139.2312469482422,42.711090087890625,87.6592025756836,129.97654724121094,58.27872848510742,175.1062774658203,40.99453353881836,107.21990966796875,89.55583190917969,43.017250061035156,258.8025207519531,184.25180053710938,183.53823852539062,64.64459228515625,127.01973724365234,73.43907165527344,3.818873643875122,102.94023132324219,96.69518280029297,15.956255912780762,166.828857421875,36.862159729003906,32.704654693603516,51.382076263427734
2019-08-08,48.6609001159668,49.137123107910156,297.7799987792969,91.64450073242188,23.94148826599121,249.04141235351562,141.37417602539062,43.38023376464844,90.69894409179688,132.89682006835938,59.779422760009766,178.18885803222656,41.380531311035156,108.43033599853516,91.0728759765625,43.429786682128906,267.1919250488281,185.25442504882812,188.50462341308594,65.01288604736328,130.40931701660156,74.99314880371094,3.9273180961608887,104.30171966552734,98.30228424072266,16.18112564086914,171.18701171875,37.35061264038086,32.96284484863281,52.752254486083984
2019-08-09,48.259925842285156,49.23472595214844,294.8299865722656,90.37899780273438,23.899311065673828,248.26197814941406,140.93179321289062,42.7845344543457,90.1027603149414,133.50404357910156,58.922523498535156,176.8833770751953,40.336578369140625,108.72676849365234,90.97341918945312,43.21139144897461,264.2225036621094,187.9226837158203,186.2147674560547,65.61906433105469,129.30136108398438,74.07157897949219,3.826070547103882,103.60084533691406,97.7498550415039,16.18112564086914,170.378173828125,37.323848724365234,32.58619689941406,51.62986373901367
2019-08-12,48.13747024536133,48.44643020629883,288.6499938964844,89.24600219726562,23.317224502563477,245.87857055664062,138.32687377929688,42.05826950073242,89.46243286132812,130.83433532714844,58.20884704589844,174.3482666015625,40.00321960449219,108.63621520996094,89.26566314697266,43.0334358215332,259.465576171875,184.53216552734375,183.75631713867188,65.23544311523438,127.49858856201172,73.77339935302734,3.758324384689331,103.39945983886719,97.1220474243164,16.153017044067383,167.7993927001953,37.26362991333008,31.96047019958496,51.378997802734375
2019-08-13,50.1760139465332,48.806793212890625,293.1700134277344,91.21700286865234,23.384716033935547,250.36459350585938,141.4331512451172,43.021183013916016,90.08069610595703,132.0487060546875,59.31057357788086,175.46002197265625,41.09103012084961,109.86312103271484,90.64181518554688,43.27609634399414,263.81884765625,186.71603393554688,186.80950927734375,66.04875946044922,130.1370086669922,75.28229522705078,3.87247633934021,104.67231750488281,98.14327239990234,16.331037521362305,169.95950317382812,37.718624114990234,32.62568283081055,52.01356887817383
2019-08-14,48.682518005371094,47.673152923583984,283.6600036621094,88.14800262451172,22.28803062438965,243.01478576660156,137.34388732910156,41.29936599731445,86.65821838378906,128.0393524169922,57.70085906982422,169.783447265625,40.240089416503906,107.26104736328125,86.87820434570312,42.863563537597656,256.72674560546875,183.95433044433594,178.14559936523438,63.99240493774414,126.21805572509766,73.21319580078125,3.72407865524292,104.01976776123047,96.92117309570312,15.970306396484375,165.10646057128906,37.283695220947266,32.258140563964844,49.9179801940918
2019-08-15,48.44001007080078,47.28276062011719,282.7099914550781,88.80599975585938,22.144615173339844,246.0688934326172,139.712890625,37.741455078125,86.07677459716797,128.57908630371094,57.952125549316406,169.95191955566406,40.09095764160156,107.49163818359375,87.20979309082031,43.57538986206055,261.2818298339844,185.47544860839844,181.0005340576172,64.0384292602539,125.93535614013672,71.83985137939453,3.6918177604675293,105.3087158203125,98.26044464111328,16.087427139282227,167.9748992919922,37.67178726196289,34.22946548461914,49.62282180786133
2019-08-16,49.58293151855469,48.37135314941406,287.45001220703125,89.62850189208984,22.80262565612793,248.40701293945312,141.44296264648438,38.32084274291992,86.11395263671875,130.30426025390625,58.442283630371094,171.51841735839844,40.792762756347656,108.1668472290039,89.29884338378906,44.0121955871582,263.6553955078125,185.64540100097656,182.10086059570312,65.26612854003906,128.24346923828125,72.5355453491211,3.9595794677734375,106.14653778076172,99.75875854492188,16.382568359375,169.84259033203125,37.90597915649414,34.32060623168945,50.39760208129883
2019-08-19,50.507362365722656,49.97047424316406,287.9700012207031,90.80599975585938,23.005094528198242,249.7754669189453,141.22669982910156,39.57753372192383,87.22933959960938,130.39097595214844,59.49445343017578,175.1399688720703,41.433170318603516,108.89970397949219,90.10296630859375,44.238677978515625,267.2206726074219,185.90882873535156,184.54937744140625,66.13314056396484,130.39138793945312,73.30357360839844,4.238010406494141,106.79910278320312,100.6460189819336,16.574642181396484,171.2815399169922,38.14017868041992,34.569671630859375,51.24616241455078
2019-08-20,50.50975799560547,49.85786437988281,285.7099914550781,90.06900024414062,22.54111099243164,247.38291931152344,143.0648956298828,39.11239242553711,86.3519058227539,130.23680114746094,58.65637969970703,182.83787536621094,40.88048553466797,107.54105377197266,88.95897674560547,43.58348083496094,266.2308349609375,185.64540100097656,182.20989990234375,65.71882629394531,129.3079833984375,72.7614517211914,4.16579532623291,106.38822174072266,99.52437591552734,16.387248992919922,170.8051300048828,37.65171432495117,34.03506851196289,50.936256408691406
2019-08-21,51.057212829589844,50.706214904785156,291.5299987792969,91.177001953125,22.71826934814453,249.83885192871094,144.8736114501953,39.7978630065918,87.6531753540039,130.8439483642578,59.05534362792969,185.62562561035156,41.36298370361328,108.30683135986328,89.20767211914062,43.761436462402344,271.0069274902344,187.54881286621094,181.95216369628906,66.68560791015625,130.74937438964844,74.75823974609375,4.249176025390625,106.61381530761719,99.77547454833984,16.471576690673828,172.425048828125,37.86582946777344,34.02595901489258,51.44540786743164
2019-08-22,51.01399612426758,50.691192626953125,287.69000244140625,90.23300170898438,22.937606811523438,253.68157958984375,145.718994140625,39.3163948059082,87.54163360595703,131.15237426757812,59.052364349365234,186.14781188964844,41.038394927978516,108.09272766113281,90.1278305053711,44.07691192626953,269.81536865234375,186.5121307373047,180.45530700683594,66.5398178100586,129.7978973388672,75.27327728271484,4.255381107330322,106.87159729003906,99.95964813232422,16.579330444335938,171.6151123046875,37.99297332763672,33.99254608154297,51.334712982177734
2019-08-23,48.656105041503906,49.527523040771484,282.44000244140625,87.48100280761719,22.33020782470703,248.32546997070312,148.9923858642578,38.03523254394531,85.64549255371094,126.90206909179688,57.17204284667969,183.157958984375,39.441776275634766,105.1777572631836,87.88955688476562,43.47023010253906,261.2818298339844,182.4078369140625,176.20265197753906,65.17404174804688,125.66219329833984,72.68011474609375,4.031047821044922,104.94622039794922,98.20183563232422,16.31229591369629,166.98379516601562,37.41751480102539,33.664512634277344,49.7999153137207
2019-08-26,49.58053207397461,49.89540100097656,288.739990234375,88.44349670410156,22.591726303100586,252.35829162597656,152.50164794921875,38.43508529663086,86.06192016601562,129.73562622070312,58.04430389404297,184.15176391601562,39.9681396484375,106.02397155761719,88.5942153930664,44.11735916137695,265.64471435546875,184.31973266601562,178.78993225097656,65.89527130126953,127.60282897949219,74.31550598144531,4.105742931365967,107.74165344238281,99.87593078613281,16.36383056640625,169.2327117919922,37.946128845214844,34.01685333251953,50.0655632019043
2019-08-27,49.02107620239258,49.302303314208984,289.45001220703125,88.09149932861328,22.33020782470703,264.9735412597656,150.95834350585938,38.1821174621582,86.12884521484375,129.61997985839844,58.02647018432617,183.7811737060547,40.169898986816406,107.5504379272461,87.65743255615234,44.2629508972168,265.8465270996094,183.5889892578125,179.7217559814453,65.61906433105469,127.8760757446289,74.1167221069336,4.015165328979492,108.56336975097656,100.90548706054688,16.265451431274414,169.9855499267578,38.260623931884766,34.147464752197266,49.57856369018555
2019-08-28,49.35002517700195,49.602603912353516,282.1300048828125,88.2125015258789,22.650781631469727,266.8857116699219,149.2479248046875,38.24739074707031,86.87242126464844,131.6053924560547,58.17167663574219,186.93104553222656,40.169898986816406,106.75402069091797,88.53617858886719,44.578426361083984,267.384033203125,185.30545043945312,180.17776489257812,66.35565948486328,127.70646667480469,75.4268569946289,4.004733562469482,108.90977478027344,101.61697387695312,16.377883911132812,170.26190185546875,38.77585220336914,34.238590240478516,49.94011306762695
2019-08-29,50.18561553955078,49.71521759033203,286.6300048828125,89.31999969482422,23.055707931518555,269.365234375,153.27821350097656,38.57381820678711,87.3854751586914,132.8486785888672,59.187171936035156,191.45379638671875,41.117347717285156,106.38899993896484,90.5423355102539,44.5298957824707,270.4014587402344,187.40438842773438,183.95460510253906,66.5398178100586,130.1181640625,77.1435546875,4.148309230804443,109.57843017578125,101.43281555175781,16.466894149780273,172.644287109375,38.7691535949707,34.65168380737305,50.4935302734375
2019-08-30,50.12077713012695,49.3548469543457,284.510009765625,88.81449890136719,23.207555770874023,267.721435546875,153.41583251953125,38.19843673706055,87.53418731689453,132.28964233398438,59.0033073425293,191.9507598876953,41.59107208251953,106.48856353759766,91.0728759765625,44.52180099487305,270.3919982910156,186.19985961914062,184.05369567871094,66.3479995727539,129.87322998046875,76.54570007324219,4.160977363586426,110.15042114257812,100.63764190673828,16.518423080444336,172.31072998046875,38.91636276245117,34.706356048583984,50.53042221069336
2019-09-03,49.390846252441406,49.09959030151367,282.45001220703125,89.49199676513672,22.819499969482422,265.25994873046875,150.13262939453125,37.945472717285156,86.45600891113281,131.37408447265625,57.96352767944336,188.7165985107422,41.21384811401367,106.80380249023438,89.99519348144531,44.73211669921875,269.18109130859375,185.4822998046875,180.80226135253906,66.48609924316406,128.15866088867188,76.69969940185547,4.078011512756348,110.73854064941406,101.58348846435547,16.574642181396484,170.76693725585938,38.83607482910156,34.8217887878418,50.589454650878906
2019-09-04,50.22883605957031,49.83534240722656,284.6000061035156,90.03099822998047,23.190685272216797,268.95660400390625,149.8672332763672,38.61461639404297,87.18470001220703,132.89682006835938,58.593936920166016,189.9368133544922,42.91574478149414,106.90337371826172,91.08116912841797,45.112300872802734,274.9373779296875,186.6526336669922,185.51092529296875,66.02572631835938,129.65655517578125,78.22156524658203,4.192028522491455,112.09996032714844,103.13202667236328,16.733922958374023,173.21597290039062,38.929752349853516,35.20753860473633,51.12810516357422
2019-09-05,51.210880279541016,50.32332229614258,287.75,92.03600311279297,23.878509521484375,269.7286376953125,151.15496826171875,39.51224899291992,87.47469329833984,133.8124542236328,60.076786041259766,193.3262481689453,43.9509162902832,106.67107391357422,93.15364074707031,44.58652114868164,280.6840515136719,187.49835205078125,189.23818969726562,66.0640869140625,131.93638610839844,80.09668731689453,4.464772701263428,110.30323791503906,102.75537109375,16.813560485839844,176.0366973876953,39.2040901184082,35.06478500366211,51.85123062133789
2019-09-06,51.206085205078125,50.76627731323242,284.94000244140625,91.67549896240234,23.547332763671875,275.8958435058594,148.50088500976562,39.85498046875,87.93572998046875,134.49673461914062,59.785865783691406,195.85140991210938,44.67026901245117,106.3641128540039,93.35262298583984,44.675498962402344,280.01141357421875,187.95962524414062,185.85787963867188,66.42472076416016,131.04136657714844,80.34130096435547,4.4376959800720215,111.43075561523438,102.84742736816406,16.98221778869629,176.9992218017578,39.518585205078125,34.84912109375,52.3382453918457
2019-09-09,51.424583435058594,50.0755729675293,279.29998779296875,91.56749725341797,24.31158447265625,271.5724792480469,146.99685668945312,39.6428108215332,88.77596282958984,133.80282592773438,59.733829498291016,197.32579040527344,45.258033752441406,105.31879425048828,95.66549682617188,44.1011848449707,272.30426025390625,185.59335327148438,187.11683654785156,64.04611206054688,129.5529327392578,80.32313537597656,4.483652114868164,110.6439208984375,102.26151275634766,17.23518943786621,173.00636291503906,39.250938415527344,35.33511734008789,52.7514533996582
2019-09-10,52.03207015991211,51.18669128417969,276.1400146484375,91.02749633789062,24.9229793548584,269.7559509277344,147.10504150390625,40.15691375732422,90.60517883300781,130.87290954589844,59.7551383972168,197.43594360351562,45.459815979003906,107.47577667236328,96.88412475585938,44.00410079956055,261.7046813964844,179.11819458007812,184.54937744140625,62.680320739746094,128.1963653564453,78.6563720703125,4.550224304199219,110.20589447021484,100.34467315673828,17.605289459228516,168.05105590820312,39.953514099121094,35.25007247924805,53.1794319152832
2019-09-11,53.68642807006836,52.17020034790039,277.7799987792969,91.14949798583984,25.016386032104492,264.02471923828125,151.46949768066406,40.82606506347656,90.18135070800781,131.25840759277344,60.46385192871094,197.14788818359375,46.31076431274414,108.81974029541016,97.14938354492188,44.30340576171875,259.4175109863281,179.56240844726562,186.8491668701172,63.624088287353516,128.2340545654297,78.5838851928711,4.578790664672852,110.61148834228516,101.5081787109375,18.148717880249023,166.74554443359375,40.23455810546875,35.240962982177734,53.07612609863281
2019-09-12,53.56638717651367,53.17620849609375,278.0199890136719,92.17749786376953,25.19471549987793,263.2981262207031,152.11827087402344,40.74445343017578,90.28545379638672,132.5209503173828,61.205772399902344,198.11386108398438,46.503746032714844,108.205810546875,97.74626159667969,44.578426361083984,265.6158447265625,181.2281494140625,185.83802795410156,63.92334747314453,129.5529327392578,79.41729736328125,4.57729959487915,111.36587524414062,102.76374816894531,17.98006820678711,169.6043701171875,40.43527603149414,35.51433563232422,53.11302947998047
2019-09-13,52.52429962158203,52.935977935791016,278.3500061035156,91.96700286865234,25.619295120239258,265.1236572265625,150.37840270996094,40.82606506347656,90.34491729736328,133.0221405029297,61.45655059814453,198.2664031982422,46.091434478759766,108.49620819091797,99.66950988769531,44.211753845214844,265.5389709472656,179.22921752929688,185.5605010986328,63.80750274658203,129.364501953125,79.10025024414062,4.51942253112793,110.67636108398438,102.21965789794922,17.75988006591797,168.92779541015625,40.120784759521484,35.66925811767578,53.60002136230469
2019-09-16,52.80042266845703,52.988529205322266,282.92999267578125,90.39199829101562,25.5853328704834,262.2081604003906,150.40786743164062,40.768951416015625,92.2930908203125,130.88253784179688,61.040245056152344,195.7327880859375,45.79317092895508,107.46749114990234,98.7824935913086,43.96731948852539,263.3863525390625,177.1704864501953,184.59893798828125,63.35948944091797,128.43190002441406,79.054931640625,4.476448059082031,109.41098022460938,100.23587036132812,17.47879981994629,167.82235717773438,39.81299591064453,35.10428237915039,54.404327392578125
2019-09-17,52.99251937866211,53.75428771972656,284.69000244140625,91.12750244140625,25.42399024963379,264.6786804199219,150.2211151123047,40.32011795043945,92.1220703125,131.37408447265625,60.95351028442383,195.07183837890625,45.5738525390625,107.57532501220703,98.29341125488281,44.195465087890625,265.47174072265625,179.26339721679688,186.44273376464844,63.73025131225586,129.4304962158203,79.3448257446289,4.497812271118164,110.07609558105469,101.41610717773438,17.408523559570312,168.14639282226562,40.060585021972656,35.389801025390625,53.99110412597656
2019-09-18,53.48954391479492,53.506526947021484,279.7200012207031,90.87300109863281,25.474939346313477,265.6051025390625,150.17196655273438,40.26300811767578,92.33773803710938,131.84632873535156,61.09080505371094,195.59719848632812,45.38962936401367,108.18925476074219,99.27991485595703,44.187320709228516,264.3665771484375,179.7588348388672,186.5022430419922,64.1241683959961,130.4949951171875,79.78870391845703,4.470734596252441,109.91387939453125,101.62535095214844,17.22114372253418,167.0409393310547,40.1007194519043,35.58722686767578,53.732845306396484
2019-09-19,53.05493927001953,53.806846618652344,281.260009765625,91.07499694824219,25.32208824157715,261.42706298828125,150.98782348632812,40.140594482421875,91.9510498046875,128.4730682373047,61.39311599731445,193.3008270263672,45.2404899597168,107.94036865234375,98.96488952636719,44.42361068725586,265.1450500488281,179.8357696533203,188.4847869873047,64.85794067382812,132.8972930908203,79.4444580078125,4.39522123336792,109.89763641357422,102.03550720214844,17.403841018676758,167.679443359375,40.13417053222656,35.57204055786133,53.371280670166016
2019-09-20,52.27938461303711,54.347389221191406,277.9100036621094,89.70800018310547,25.126787185668945,260.09185791015625,152.56065368652344,40.475162506103516,92.44183349609375,127.48035430908203,60.951534271240234,190.37744140625,44.49481964111328,109.21797180175781,98.56694793701172,43.92656707763672,260.5899658203125,178.87042236328125,188.27662658691406,65.77709197998047,131.3616943359375,78.5204849243164,4.289649963378906,109.27308654785156,102.32008361816406,17.75988006591797,165.86883544921875,40.34160232543945,35.532562255859375,53.18680953979492
2019-09-23,52.51708984375,54.75279235839844,277.44000244140625,89.26499938964844,25.06734275817871,261.19091796875,152.0199737548828,40.328285217285156,92.87310791015625,127.66349029541016,61.191898345947266,191.7162628173828,44.65272521972656,109.29265594482422,98.55036926269531,44.11398696899414,262.4926452636719,180.70704650878906,185.1937255859375,65.1591796875,131.0791015625,79.43543243408203,4.343056678771973,109.86520385742188,103.1404037475586,17.614654541015625,166.6788330078125,40.2880744934082,35.72695541381836,53.22370910644531
2019-09-24,52.26737976074219,54.76781463623047,272.4700012207031,87.08049774169922,24.5748233795166,261.49969482421875,149.46420288085938,40.08347702026367,92.01055908203125,127.19120788574219,60.381080627441406,191.0044708251953,43.70527648925781,109.13501739501953,97.26543426513672,44.24435043334961,260.5418701171875,181.11709594726562,179.70193481445312,64.5721435546875,129.4210662841797,78.97342681884766,4.2856764793396,109.80030822753906,103.46685028076172,17.511594772338867,166.2690887451172,40.48881149291992,35.963890075683594,52.49320983886719
2019-09-25,53.07174301147461,54.122161865234375,277.42999267578125,88.41649627685547,24.83806610107422,262.0446472167969,150.38821411132812,40.483333587646484,91.83952331542969,128.27066040039062,61.74945831298828,193.28392028808594,44.75800323486328,108.67044830322266,97.82086181640625,44.13842010498047,262.1082458496094,181.63821411132812,181.2086944580078,64.18595123291016,131.28636169433594,82.2616958618164,4.427264213562012,109.58128356933594,102.97299194335938,17.511594772338867,167.03143310546875,40.32822799682617,35.98514938354492,52.64815902709961
2019-09-26,52.79801940917969,55.57863235473633,283.80999755859375,86.99199676513672,24.736167907714844,261.8175354003906,149.749267578125,39.846824645996094,89.34852600097656,126.51656341552734,61.56855392456055,194.71591186523438,44.67026901245117,106.89508819580078,97.0167465209961,44.31768798828125,263.203857421875,181.612548828125,178.5421142578125,64.78843688964844,131.45590209960938,83.49369812011719,4.405157566070557,110.09232330322266,104.05277252197266,17.511594772338867,167.384033203125,40.44197463989258,35.933509826660156,52.36775207519531
2019-09-27,52.541107177734375,56.19426727294922,277.5400085449219,86.27249908447266,24.9229793548584,259.71954345703125,145.7386474609375,39.85498046875,88.18854522705078,125.25399780273438,60.75873947143555,194.7752685546875,44.54745864868164,106.68767547607422,97.5887680053711,44.25251388549805,258.6294860839844,182.09092712402344,175.55831909179688,64.03921508789062,129.7508087158203,83.62051391601562,4.266547679901123,109.99500274658203,104.2703857421875,17.535015106201172,165.81166076660156,40.34828567504883,35.97906494140625,52.744083404541016
2019-09-30,53.77767562866211,56.847408294677734,276.25,86.79550170898438,24.770132064819336,261.681396484375,145.91558837890625,40.32011795043945,88.18854522705078,125.60096740722656,60.520347595214844,196.60557556152344,45.20539474487305,107.33477020263672,97.56387329101562,44.35842514038086,260.97430419921875,183.41506958007812,176.52980041503906,65.0201187133789,130.97547912597656,85.07896423339844,4.3239288330078125,111.21174621582031,104.11138916015625,17.727088928222656,163.91525268554688,40.38843536376953,36.04893112182617,52.10212707519531
2019-10-01,53.92654037475586,54.97803497314453,272.7099914550781,86.78250122070312,24.150239944458008,257.8847351074219,145.1783447265625,38.95734786987305,86.26266479492188,124.85885620117188,59.7700080871582,195.8090362548828,44.529903411865234,107.8407974243164,95.78984832763672,44.529541015625,260.368896484375,178.5543670654297,174.279541015625,64.57989501953125,129.12901306152344,83.59333038330078,4.322190284729004,111.43075561523438,103.6677474975586,17.525644302368164,166.0880584716797,40.04719161987305,35.796810150146484,50.87722396850586
2019-10-02,52.57472610473633,54.152198791503906,266.6600036621094,85.6614990234375,23.64073944091797,258.9566650390625,141.76736450195312,37.99443435668945,83.49655151367188,124.46369171142578,58.37834548950195,191.1231689453125,43.32804870605469,109.50831604003906,93.88316345214844,43.250282287597656,254.1609649658203,176.20521545410156,173.080078125,63.042816162109375,126.84918975830078,82.87770080566406,4.298343658447266,108.64842987060547,101.34912872314453,17.371049880981445,161.837890625,39.418209075927734,35.27134323120117,49.549049377441406
2019-10-03,53.021331787109375,55.44350814819336,272.3999938964844,86.22100067138672,23.61526870727539,262.48974609375,144.5000762939453,38.69331359863281,84.13603973388672,123.5095443725586,58.94879150390625,192.19076538085938,43.88950729370117,108.83634948730469,93.74946594238281,43.869537353515625,257.82232666015625,179.41714477539062,177.81849670410156,63.90789794921875,128.38478088378906,83.5389633178711,4.503772258758545,111.8850326538086,101.90158081054688,17.42258071899414,164.73484802246094,39.4851188659668,35.329036712646484,50.16148376464844
2019-10-04,54.507606506347656,56.05162048339844,276.9599914550781,86.98249816894531,24.090805053710938,264.914794921875,145.51258850097656,39.07151794433594,84.65655517578125,125.55278778076172,60.01582717895508,193.1398162841797,44.67026901245117,110.88548278808594,95.78005981445312,44.439910888671875,263.3670959472656,180.835205078125,178.87916564941406,65.65351104736328,130.1181640625,84.3089599609375,4.520166397094727,113.79130554199219,103.79329681396484,17.57249641418457,167.698486328125,40.08064651489258,35.89098358154297,50.89198303222656
2019-10-07,54.51962661743164,55.80388259887695,276.8999938964844,86.63300323486328,24.03984832763672,266.4951477050781,146.26947021484375,39.277076721191406,84.21781921386719,126.15995025634766,59.88151168823242,192.13148498535156,44.407100677490234,110.47068786621094,95.57115936279297,43.89397430419922,261.57012939453125,181.0316619873047,178.1158447265625,65.18234252929688,129.1761016845703,84.39954376220703,4.578790664672852,112.21762084960938,102.82232666015625,17.64276695251465,166.66932678222656,40.31483840942383,35.608497619628906,50.19098663330078
2019-10-08,53.880924224853516,55.2032585144043,270.8299865722656,85.27549743652344,23.462413787841797,265.1145935058594,143.42860412597656,38.14243698120117,83.06526947021484,123.81795501708984,58.98347854614258,192.0721435546875,43.62632369995117,109.37559509277344,93.44029235839844,43.657691955566406,256.96148681640625,180.33973693847656,176.20265197753906,64.33271026611328,127.81012725830078,83.11323547363281,4.4024248123168945,111.32530975341797,101.22356414794922,17.558441162109375,164.30604553222656,39.960205078125,35.714805603027344,49.216976165771484
2019-10-09,54.51240921020508,55.030582427978516,274.2699890136719,86.09950256347656,23.68320083618164,269.6650695800781,144.54922485351562,38.51242446899414,84.12860870361328,124.6468276977539,59.59158706665039,193.9956817626953,44.284271240234375,107.20201110839844,94.11713409423828,43.86138153076172,261.9356994628906,181.8090362548828,178.28439331054688,65.0201187133789,130.2312469482422,83.81074523925781,4.488866329193115,111.82012939453125,102.10246276855469,17.67543601989746,166.6502685546875,40.03794860839844,36.124874114990234,49.76302719116211
2019-10-10,55.247161865234375,55.89393615722656,274.9800109863281,86.01300048828125,24.15873146057129,269.8830261230469,143.9200897216797,37.945098876953125,85.2068099975586,124.65646362304688,59.94198226928711,196.25814819335938,44.836944580078125,107.06929016113281,95.43743896484375,43.722869873046875,263.465576171875,180.89501953125,178.46282958984375,64.69573974609375,131.04136657714844,84.24556732177734,4.546497344970703,111.85259246826172,102.06898498535156,17.85195541381836,166.6502685546875,40.45036697387695,36.331417083740234,50.360713958740234
2019-10-11,56.71662902832031,56.08440017700195,278.2900085449219,86.59600067138672,24.549346923828125,270.3008117675781,146.8297576904297,38.28221130371094,86.36676025390625,125.31182861328125,60.25124740600586,198.8426055908203,45.69667053222656,108.9524917602539,97.05020141601562,43.42953872680664,265.466796875,178.5543670654297,182.5865936279297,65.14373016357422,131.58779907226562,85.042724609375,4.620024681091309,111.64978790283203,101.35748291015625,17.92828369140625,168.7276611328125,40.51797866821289,36.52278137207031,50.899375915527344
2019-10-14,56.6349983215332,56.183406829833984,277.7799987792969,86.82150268554688,24.744659423828125,270.22808837890625,146.8297576904297,37.862876892089844,86.38908386230469,125.00340270996094,60.353336334228516,198.43592834472656,45.30189895629883,108.4464340209961,97.30925750732422,43.42953872680664,265.91912841796875,178.00762939453125,181.68453979492188,65.41407012939453,131.46533203125,85.94857788085938,4.633436679840088,111.49565887451172,100.4869613647461,17.87580680847168,169.01353454589844,40.294864654541016,36.19777297973633,51.046932220458984
2019-10-15,56.50294876098633,56.7470588684082,279.3900146484375,88.36900329589844,25.245668411254883,271.01837158203125,150.14247131347656,38.11776351928711,86.48574829101562,125.06123352050781,61.566078186035156,199.65606689453125,46.18793487548828,110.20520782470703,100.24232482910156,43.600650787353516,268.0165100097656,177.0167236328125,187.24569702148438,65.68438720703125,133.3683319091797,85.86707305908203,4.877865314483643,110.587158203125,98.10139465332031,18.08094596862793,170.33811950683594,40.93716049194336,36.30712127685547,51.22404098510742
2019-10-16,56.27482604980469,56.93748474121094,272.70001220703125,88.87149810791016,25.619295120239258,271.3726501464844,144.4705810546875,38.4713134765625,85.59346008300781,126.12142181396484,61.60375213623047,199.8933563232422,46.012481689453125,112.13818359375,100.00834655761719,43.584354400634766,267.7375793457031,177.9392852783203,187.89996337890625,65.22868347167969,132.2755126953125,85.94857788085938,4.824209213256836,110.66014862060547,98.37763214111328,18.028465270996094,169.49957275390625,40.76136779785156,36.273712158203125,50.34595489501953
2019-10-17,56.493324279785156,57.23456573486328,269.239990234375,89.3740005493164,25.695722579956055,274.6605224609375,143.68417358398438,38.66864776611328,85.77189636230469,127.57675170898438,62.089439392089844,200.6305694580078,45.494895935058594,112.9677963256836,100.5682144165039,43.82879638671875,266.04412841796875,176.70065307617188,188.73263549804688,64.72663879394531,131.59722900390625,86.5645751953125,4.826198101043701,111.09818267822266,98.24787902832031,18.038005828857422,169.5662384033203,40.842498779296875,36.401275634765625,50.27954864501953
2019-10-18,56.7646598815918,58.24000549316406,265.5199890136719,87.87550354003906,25.772146224975586,275.07830810546875,141.63955688476562,38.40553665161133,85.31832122802734,126.15032196044922,61.67362594604492,201.6134796142578,45.0562629699707,105.94103240966797,100.74369049072266,44.635467529296875,260.3866882324219,178.11016845703125,184.23214721679688,65.40634155273438,129.44931030273438,87.05374908447266,4.731803894042969,110.52222442626953,98.95552825927734,18.352872848510742,167.4412078857422,41.275203704833984,36.188655853271484,49.88846206665039
2019-10-21,57.749114990234375,58.87983322143555,266.8399963378906,89.28299713134766,26.34108543395996,273.4615478515625,142.09173583984375,38.964637756347656,86.70882415771484,125.54313659667969,61.66718292236328,200.57122802734375,45.73176193237305,106.20647430419922,103.24224853515625,44.187320709228516,263.9178161621094,179.26339721679688,188.1080780029297,65.28276824951172,130.41017150878906,87.1624526977539,4.868923187255859,110.41678619384766,100.31173706054688,18.238374710083008,168.12730407714844,41.07237243652344,36.37091064453125,50.7222785949707
2019-10-22,57.617042541503906,59.313995361328125,261.0899963378906,88.2864990234375,26.493938446044922,272.4533996582031,139.90951538085938,39.096195220947266,87.59368896484375,127.60565185546875,61.5145378112793,200.9949493408203,45.62648391723633,107.18541717529297,104.27839660644531,43.877685546875,251.37130737304688,170.2255096435547,180.75270080566406,62.795650482177734,128.46951293945312,86.6008071899414,4.858986854553223,110.8548583984375,102.92317199707031,18.209754943847656,162.81944274902344,41.08588790893555,36.322296142578125,50.98054122924805
2019-10-23,58.390201568603516,59.22261047363281,261.32000732421875,88.1084976196289,26.680753707885742,270.0465087890625,142.66188049316406,38.685089111328125,87.72753143310547,126.38165283203125,62.328819274902344,198.85108947753906,45.37208557128906,107.76616668701172,104.55416870117188,44.52138900756836,250.97682189941406,170.1742401123047,184.52957153320312,64.00830841064453,129.28916931152344,83.62956237792969,4.846070289611816,111.49565887451172,103.61392211914062,18.00461196899414,163.25778198242188,41.1602668762207,36.252445220947266,51.46754837036133
2019-10-24,58.48624801635742,58.49899673461914,269.70001220703125,89.03900146484375,26.629798889160156,269.80126953125,145.6010284423828,38.158870697021484,87.43009948730469,125.54313659667969,62.402164459228516,198.19012451171875,45.81948471069336,105.77510070800781,104.47897338867188,44.496944427490234,258.57781982421875,167.4491424560547,184.757568359375,63.78429412841797,131.83274841308594,82.88675689697266,4.89003849029541,111.85259246826172,105.12179565429688,17.56570816040039,167.8700408935547,40.95743942260742,36.1765022277832,50.98054122924805
2019-10-25,59.20659255981445,58.2933235168457,270.9800109863281,88.06649780273438,26.935501098632812,269.30169677734375,147.9307098388672,38.561763763427734,88.24059295654297,126.15995025634766,62.65938949584961,198.60537719726562,49.53030776977539,106.48025512695312,105.31459045410156,43.79621124267578,259.96337890625,166.24472045898438,186.25437927246094,63.53715896606445,132.57696533203125,82.36136627197266,5.080809593200684,110.83858489990234,103.82450103759766,17.608644485473633,169.48046875,40.81545639038086,36.158287048339844,51.098602294921875
2019-10-28,59.799659729003906,59.664405822753906,271.3500061035156,88.85399627685547,27.037405014038086,271.5179443359375,152.1575927734375,38.78375244140625,88.09931182861328,125.80335998535156,63.88254165649414,200.65599060058594,49.793479919433594,107.16883850097656,105.71571350097656,43.64954376220703,265.4860534667969,163.82720947265625,187.75123596191406,63.49079895019531,135.83651733398438,82.2979507446289,5.136699199676514,110.7818374633789,104.01827239990234,18.36241340637207,171.3768310546875,40.687007904052734,36.21297073364258,50.64848327636719
2019-10-29,58.41661071777344,59.771018981933594,271.45001220703125,88.135498046875,27.232707977294922,268.7204895019531,152.45248413085938,38.841312408447266,87.83907318115234,124.79139709472656,62.47898483276367,198.40196228027344,49.4250373840332,107.1190414428711,105.64884948730469,43.519168853759766,263.908203125,164.5447540283203,187.66201782226562,65.73075103759766,134.55531311035156,80.875732421875,5.04056978225708,110.38433074951172,104.11934661865234,18.157276153564453,169.2708740234375,40.69375991821289,35.584197998046875,50.50090408325195
2019-10-30,58.40941619873047,60.677486419677734,278.4100036621094,88.99949645996094,26.850587844848633,272.3353271484375,155.58827209472656,39.10441589355469,86.52290344238281,124.90703582763672,62.48097229003906,200.18142700195312,49.65312576293945,110.20520782470703,105.06391906738281,43.95102310180664,266.65985107421875,168.19235229492188,186.6112823486328,66.59584045410156,136.23219299316406,81.70008087158203,5.042555332183838,111.04950714111328,105.24815368652344,18.22406578063965,170.8146514892578,41.11968994140625,35.872764587402344,49.96963119506836
2019-10-31,59.730018615722656,60.59367752075195,277.92999267578125,88.83300018310547,26.553377151489258,270.4420166015625,153.8286895751953,39.063297271728516,86.35934448242188,125.2154541015625,62.38679885864258,198.77484130859375,49.59171676635742,109.54150390625,104.38704681396484,44.35026931762695,266.33270263671875,168.03005981445312,189.98165893554688,66.9356689453125,135.0640411376953,81.12032318115234,4.993372440338135,111.26852416992188,104.88594055175781,18.36241340637207,170.4429473876953,40.88306427001953,35.617610931396484,49.858943939208984
2019-11-01,61.42521286010742,62.26942825317383,277.82000732421875,89.5719985961914,27.003433227539062,269.5137023925781,157.0234375,38.66864776611328,86.41136932373047,127.94297790527344,63.05339050292969,201.1135711669922,49.574180603027344,108.84465026855469,106.79366302490234,43.918426513671875,268.48797607421875,165.6723175048828,191.9345245361328,65.60717010498047,135.39376831054688,80.78514099121094,5.032370090484619,111.0738296508789,104.34679412841797,18.581867218017578,172.41555786132812,40.81545639038086,35.72695541381836,51.35686111450195
2019-11-04,61.82859420776367,63.21394729614258,277.5,90.23300170898438,27.51293182373047,270.1781311035156,154.9197998046875,39.03863525390625,90.39697265625,128.10682678222656,63.91376876831055,199.0629425048828,50.53915786743164,108.0399169921875,107.64599609375,43.29916763305664,265.8710021972656,161.16195678710938,193.02493286132812,64.80387878417969,136.17564392089844,81.40116119384766,5.228856086730957,109.63809204101562,100.30332946777344,18.553245544433594,170.52870178222656,40.47742462158203,35.711769104003906,52.88426971435547
2019-11-05,61.739768981933594,62.337989807128906,289.2900085449219,90.08550262451172,27.869585037231445,272.32623291015625,155.46043395996094,39.26885223388672,90.67210388183594,126.69005584716797,64.00444793701172,196.7581024169922,50.486534118652344,108.19754791259766,107.8800048828125,42.712501525878906,258.81829833984375,164.16885375976562,192.62838745117188,64.04693603515625,136.0908660888672,81.41926574707031,5.2067484855651855,108.70523834228516,100.16012573242188,18.68682289123535,168.07008361816406,40.22726058959961,36.10361099243164,53.93208312988281
2019-11-06,61.76615524291992,62.520790100097656,287.3999938964844,89.78849792480469,27.844104766845703,274.50177001953125,156.22718811035156,39.68818664550781,89.15519714355469,126.51656341552734,63.983150482177734,198.2918243408203,50.80848693847656,108.64554595947266,108.04713439941406,43.022125244140625,259.6457824707031,165.87734985351562,189.88253784179688,64.30181884765625,135.71405029296875,81.05691528320312,5.157566070556641,109.05403900146484,101.3563232421875,18.724987030029297,168.4512939453125,40.653202056884766,36.298011779785156,52.7514533996582
2019-11-07,62.479026794433594,62.467472076416016,290.7699890136719,89.41000366210938,28.217737197875977,277.81500244140625,156.78750610351562,39.81151580810547,90.63493347167969,128.14537048339844,64.77265167236328,197.38516235351562,51.20542526245117,109.03544616699219,108.6320571899414,42.60658264160156,262.4648742675781,164.9376983642578,188.76235961914062,64.0160140991211,135.9025115966797,81.89031219482422,5.175202369689941,108.14551544189453,100.76664733886719,18.80609130859375,170.03317260742188,40.92362976074219,36.51974868774414,53.873050689697266
2019-11-08,62.650028228759766,64.90493774414062,292.4599914550781,89.29399871826172,28.243207931518555,275.45751953125,158.3701171875,40.14862823486328,89.92108917236328,132.96429443359375,64.87474060058594,197.30043029785156,51.39948654174805,110.33792114257812,108.9496078491211,42.54140090942383,264.4855041503906,165.39044189453125,189.17872619628906,64.5644302368164,137.5039825439453,81.35586547851562,5.161290168762207,107.99140167236328,100.83401489257812,18.787012100219727,170.54779052734375,40.12584686279297,36.27976989746094,52.84994125366211
2019-11-11,63.14613342285156,65.2476806640625,290.2699890136719,88.5824966430664,28.17528533935547,273.8372497558594,159.02871704101562,39.54840087890625,89.83184051513672,131.7884979248047,64.34345245361328,196.4191131591797,51.47005844116211,109.49174499511719,108.5652084350586,42.23991394042969,266.5155944824219,164.56182861328125,187.9594268798828,64.32499694824219,137.64527893066406,81.5732650756836,5.171227931976318,107.39112091064453,100.52235412597656,18.782236099243164,171.09092712402344,40.301631927490234,36.158287048339844,52.528839111328125
2019-11-12,63.088340759277344,65.84182739257812,291.7200012207031,88.9000015258789,28.09885597229004,273.52777099609375,160.0903778076172,39.77041244506836,89.94338989257812,133.56185913085938,64.29041290283203,197.5376739501953,51.337745666503906,108.96908569335938,107.93013000488281,42.13398361206055,266.65032958984375,165.10853576660156,192.77711486816406,64.97380065917969,138.54969787597656,81.07501220703125,5.2067484855651855,107.05854034423828,100.4718017578125,18.68682289123535,171.2815399169922,40.10555648803711,36.182586669921875,51.80445861816406
2019-11-13,63.69281005859375,66.0093994140625,293.5400085449219,87.65550231933594,27.844104766845703,275.71240234375,159.8347930908203,39.84441375732422,90.92491149902344,143.3346710205078,64.23937225341797,198.96127319335938,51.064308166503906,108.9027099609375,107.36190795898438,42.7043571472168,267.5450744628906,166.57781982421875,191.50827026367188,65.51446533203125,138.77569580078125,82.69651794433594,5.1809163093566895,108.1211929321289,101.63430786132812,18.682052612304688,170.9671173095703,40.16640853881836,36.74755096435547,51.3787841796875
2019-11-14,63.25210952758789,66.74825286865234,294.5299987792969,87.7300033569336,27.767684936523438,277.25079345703125,160.2771453857422,36.92555618286133,90.68697357177734,141.821533203125,64.88215637207031,200.4441680908203,50.99372482299805,108.64554595947266,107.46216583251953,42.88362503051758,269.04595947265625,165.7236328125,191.46861267089844,65.3059310913086,139.4822998046875,82.67839813232422,5.211220741271973,108.15362548828125,101.50794219970703,18.581867218017578,171.57798767089844,40.11909103393555,36.647315979003906,51.154754638671875
2019-11-15,64.00348663330078,67.50995635986328,297.5,86.97450256347656,27.962989807128906,276.4041748046875,160.43441772460938,37.07355499267578,90.58935546875,139.43133544921875,66.09095764160156,201.07119750976562,51.126033782958984,111.9473648071289,108.23931884765625,42.91620635986328,270.1525573730469,165.6979522705078,193.40164184570312,65.57627868652344,141.2816619873047,84.28178405761719,5.072115898132324,108.5429916381836,101.5416488647461,18.84425926208496,171.59710693359375,40.2340202331543,36.106651306152344,51.670021057128906
2019-11-18,64.32620239257812,67.58614349365234,297.1600036621094,87.62650299072266,27.98846435546875,277.2051696777344,160.00186157226562,37.12288284301758,89.01997375488281,142.3034210205078,65.41197967529297,202.39306640625,51.38185119628906,111.85612487792969,109.15015411376953,43.209537506103516,270.2295227050781,165.96278381347656,195.68157958984375,64.98151397705078,141.63021850585938,85.31446075439453,5.273071765899658,108.74578094482422,102.67887115478516,18.906272888183594,171.4920654296875,40.18669128417969,36.52581787109375,51.16969299316406
2019-11-19,64.13113403320312,67.80702209472656,300.6000061035156,87.6395034790039,27.971485137939453,275.11151123046875,161.17166137695312,37.3859977722168,87.44305419921875,143.00698852539062,65.05266571044922,191.38580322265625,51.47005844116211,111.84783935546875,109.1167221069336,43.250282287597656,274.51104736328125,165.2452392578125,197.5848846435547,65.38318634033203,141.67730712890625,84.79814147949219,5.166507244110107,109.15950012207031,102.2829360961914,18.128652572631836,174.46067810058594,40.22726058959961,36.416473388671875,50.64693832397461
2019-11-20,63.384559631347656,66.42071533203125,300.1000061035156,87.27649688720703,27.75918960571289,273.5914306640625,161.40756225585938,37.06534194946289,88.11135864257812,141.6094970703125,64.52088165283203,187.18289184570312,51.073116302490234,112.77699279785156,108.32286834716797,43.36435317993164,274.578369140625,165.8346710205078,195.79066467285156,65.862060546875,141.43154907226562,84.29084777832031,5.245748043060303,108.4862060546875,103.01583862304688,17.737455368041992,173.40118408203125,40.21373748779297,36.18560791015625,50.80375289916992
2019-11-21,63.10039520263672,65.90275573730469,298.79998779296875,86.7354965209961,27.88656234741211,273.3183898925781,160.11001586914062,36.86798858642578,89.18516540527344,141.58056640625,64.4356460571289,185.18307495117188,51.35538864135742,113.19178771972656,108.57354736328125,43.15249252319336,273.68359375,164.3140869140625,196.2069854736328,66.0088119506836,141.2992401123047,83.48465728759766,5.220907688140869,108.62411499023438,101.3731689453125,17.937822341918945,171.7116241455078,40.301631927490234,36.40735626220703,52.02849197387695
2019-11-22,63.04498291015625,65.54476928710938,299.29998779296875,87.28600311279297,28.17528533935547,272.444580078125,160.0412139892578,36.876220703125,89.08002471923828,142.9202423095703,64.11498260498047,184.75094604492188,50.81731033325195,114.54402923583984,109.29220581054688,43.209537506103516,271.87481689453125,164.989013671875,197.08924865722656,66.0010986328125,141.4031982421875,84.55353546142578,5.23854398727417,108.75389862060547,101.3310317993164,18.00938606262207,171.3107147216797,40.396278381347656,36.2554817199707,51.80445861816406
2019-11-25,64.150390625,66.84728240966797,305.2799987792969,88.69200134277344,28.421541213989258,272.20782470703125,158.95993041992188,37.36954879760742,88.89230346679688,144.26956176757812,64.70821380615234,185.06451416015625,51.875823974609375,114.59418487548828,109.87715148925781,43.36435317993164,276.723876953125,163.92115783691406,198.05079650878906,66.19417572021484,142.9534454345703,84.15497589111328,5.494895935058594,108.55919647216797,101.516357421875,17.775623321533203,172.7424774169922,40.14612579345703,36.121849060058594,51.460933685302734
2019-11-26,63.64948654174805,66.81683349609375,307.8999938964844,89.84700012207031,28.31964111328125,274.2013854980469,159.77581787109375,37.25444412231445,88.44926452636719,146.14894104003906,65.07298278808594,187.06427001953125,51.95520782470703,114.58583068847656,110.02755737304688,43.918426513671875,278.4269714355469,165.7321319580078,197.23794555664062,67.46089172363281,143.70970153808594,84.54450988769531,5.390318393707275,110.07609558105469,102.99053955078125,17.842411041259766,174.2506866455078,40.490936279296875,36.2038459777832,51.333980560302734
2019-11-27,64.50442504882812,67.28146362304688,309.05999755859375,90.92549896240234,28.379077911376953,273.7645263671875,158.76332092285156,37.196895599365234,88.6595230102539,145.99473571777344,65.02987670898438,188.9623565673828,51.6111946105957,115.07032012939453,110.35346984863281,43.959171295166016,280.65924072265625,167.68836975097656,200.2415771484375,67.6694564819336,143.9838104248047,85.27823638916016,5.425120830535889,110.24646759033203,102.56935119628906,17.966449737548828,175.98797607421875,40.63291549682617,36.0732307434082,51.304100036621094
2019-11-29,64.36234283447266,66.82443237304688,309.5299987792969,90.04000091552734,28.294164657592773,272.8997497558594,160.11985778808594,37.25444412231445,87.95366668701172,146.0911102294922,64.63139343261719,186.85238647460938,51.20542526245117,114.85313415527344,110.1027603149414,43.83603286743164,281.1691589355469,167.19830322265625,199.88470458984375,67.33733367919922,143.09524536132812,84.91041564941406,5.387831687927246,110.18157196044922,102.82208251953125,17.832866668701172,176.12156677246094,40.727569580078125,36.1734733581543,50.87844467163086
2019-12-02,63.618167877197266,66.29122924804688,302.75,89.08000183105469,28.387569427490234,270.6968994140625,158.26199340820312,36.75288772583008,87.70587921142578,145.16586303710938,63.8765983581543,184.4035186767578,50.861412048339844,114.7445297241211,109.86044311523438,44.123355865478516,275.6271057128906,167.80015563964844,197.9615936279297,67.22918701171875,141.36538696289062,84.97399139404297,5.201642036437988,110.22211456298828,103.3780517578125,17.804241180419922,173.5251922607422,40.53825378417969,36.23118591308594,51.09499740600586
2019-12-03,62.483848571777344,65.4686050415039,303.9100036621094,88.49800109863281,27.88656234741211,269.13128662109375,158.8223114013672,36.407554626464844,87.02257537841797,143.19973754882812,64.16801452636719,181.33609008789062,49.45889663696289,114.57748413085938,108.44822692871094,44.164398193359375,276.2237243652344,166.0291290283203,197.08924865722656,67.49180603027344,141.13853454589844,83.97492980957031,5.162117004394531,109.88142395019531,103.57179260253906,17.913970947265625,173.6302032470703,40.65994644165039,36.0458984375,50.691749572753906
2019-12-04,63.03533935546875,66.42071533203125,302.510009765625,88.03450012207031,28.149808883666992,269.9049987792969,153.7696990966797,36.086891174316406,87.81100463867188,142.91062927246094,65.36737823486328,182.58111572265625,49.41477966308594,116.43196105957031,110.5874252319336,44.56663513183594,275.983154296875,167.05215454101562,196.98019409179688,68.48820495605469,141.64898681640625,85.11933135986328,5.205868721008301,111.37396240234375,104.90278625488281,18.176362991333008,172.38934326171875,40.92362976074219,36.05195999145508,51.26676559448242
2019-12-05,63.960140228271484,66.05509948730469,303.0299987792969,87.02400207519531,28.252260208129883,266.7920227050781,155.52926635742188,35.78267288208008,87.35294342041016,142.1010284423828,65.76485443115234,181.64306640625,49.467716217041016,116.58235931396484,111.1890869140625,44.48454284667969,278.8792724609375,166.96621704101562,197.62454223632812,68.54996490478516,141.7245635986328,86.99935913085938,5.18896484375,111.36990356445312,104.97858428955078,18.21929359436035,173.62069702148438,41.11968994140625,36.20452880859375,51.0875358581543
2019-12-06,65.19561767578125,66.25314331054688,306.2300109863281,87.58000183105469,28.74747085571289,268.47589111328125,155.32284545898438,36.045780181884766,88.61446380615234,142.3130645751953,66.3808822631836,182.73458862304688,50.111637115478516,117.26734161376953,112.84363555908203,44.67334747314453,279.40838623046875,167.94627380371094,199.29981994628906,68.62722778320312,143.44503784179688,88.09831237792969,5.274228572845459,112.2031021118164,104.61637115478516,18.22406578063965,173.887939453125,41.36985397338867,36.54624938964844,51.909000396728516
2019-12-09,64.28287506103516,65.84182739257812,307.04998779296875,87.47550201416016,28.61086082458496,268.6671447753906,154.80184936523438,36.095123291015625,88.08132934570312,140.9155731201172,66.55929565429688,184.65338134765625,49.86465072631836,117.3675765991211,112.31720733642578,44.38603210449219,278.1189880371094,167.37030029296875,199.58731079101562,68.52682495117188,143.07635498046875,87.76226806640625,5.274228572845459,112.03971099853516,105.1891860961914,18.147737503051758,174.6038818359375,41.2481575012207,36.41811752319336,52.021018981933594
2019-12-10,64.65855407714844,65.93323516845703,304.1700134277344,86.96050262451172,28.627933502197266,269.2314453125,153.7401885986328,36.25955581665039,88.52435302734375,140.80958557128906,66.55435180664062,184.11611938476562,49.91758728027344,116.94151306152344,112.39240264892578,44.139774322509766,277.68609619140625,167.60235595703125,199.12139892578125,68.8203125,142.85887145996094,88.10737609863281,5.319223403930664,111.31272888183594,104.68374633789062,18.157276153564453,173.97386169433594,41.396881103515625,36.350990295410156,51.57293701171875
2019-12-11,65.21006774902344,66.03986358642578,303.739990234375,87.43599700927734,28.721851348876953,268.7944030761719,153.73037719726562,36.407554626464844,87.27786254882812,142.24557495117188,66.62174987792969,180.79029846191406,50.340980529785156,117.76852416992188,112.12496948242188,44.28752136230469,279.0716552734375,167.4046630859375,200.4993133544922,68.7276382446289,143.39768981933594,88.26180267333984,5.402748107910156,111.99070739746094,105.01228332519531,18.209754943847656,173.73526000976562,41.29548645019531,36.30826187133789,51.49827194213867
2019-12-12,65.37625885009766,67.58614349365234,305.9599914550781,88.0165023803711,29.609811782836914,270.6513977050781,155.89297485351562,37.5504264831543,89.21519470214844,142.40943908691406,66.8318862915039,180.82440185546875,50.7643928527832,118.06929016113281,115.33380126953125,44.44350814819336,281.14996337890625,168.7716064453125,195.0373077392578,69.18334197998047,144.8534393310547,88.75222778320312,5.570045471191406,112.05604553222656,104.93645477294922,18.29562759399414,174.3365936279297,41.356327056884766,36.5401496887207,52.528839111328125
2019-12-13,66.2649154663086,66.9082260131836,317.94000244140625,88.0469970703125,29.40488624572754,265.6724548339844,158.38980102539062,37.2462158203125,88.5769271850586,141.92466735839844,66.7515869140625,182.5640869140625,50.97608947753906,118.1026840209961,114.32270812988281,44.67334747314453,284.8830261230469,169.46798706054688,192.42025756835938,69.36223602294922,146.07284545898438,88.79763793945312,5.568056583404541,112.6768798828125,105.69463348388672,18.252689361572266,176.7229461669922,41.11293029785156,36.70185470581055,51.69990921020508
2019-12-16,67.39921569824219,68.11931610107422,323.79998779296875,88.46050262451172,29.626880645751953,267.156005859375,159.20565795898438,37.80531311035156,89.62818908691406,143.94134521484375,67.43701171875,183.8005828857422,50.89670181274414,118.44512176513672,114.76559448242188,44.67334747314453,285.7200927734375,170.121337890625,196.1970672607422,69.43999481201172,147.01808166503906,89.7421875,5.5968918800354,111.9580307006836,105.77043151855469,18.410127639770508,177.7729034423828,41.396881103515625,36.778141021728516,52.27493667602539
2019-12-17,67.53169250488281,68.61443328857422,322.8500061035156,89.53299713134766,29.917163848876953,269.0220947265625,158.8813018798828,38.18353271484375,89.05750274658203,143.23355102539062,67.14907836914062,185.668212890625,50.54386901855469,119.92373657226562,115.46752166748047,44.67334747314453,284.7964782714844,168.95217895507812,196.66297912597656,69.23003387451172,146.22410583496094,90.50511932373047,5.674947738647461,111.23102569580078,105.55982971191406,18.367185592651367,177.08563232421875,41.572669982910156,37.00390625,52.03595733642578
2019-12-18,67.3703384399414,68.04315948486328,324.3800048828125,89.20149993896484,29.97694206237793,265.6724548339844,158.7338104248047,38.34796905517578,89.01997375488281,141.80828857421875,67.00138854980469,185.906982421875,50.42919158935547,119.61468505859375,115.35055541992188,44.25469207763672,283.5840759277344,168.18701171875,200.73719787597656,69.69664764404297,145.92161560058594,91.3406982421875,5.705275058746338,111.06766510009766,104.46473693847656,18.48168182373047,176.4938507080078,41.14674758911133,36.57066345214844,52.1778450012207
2019-12-19,67.4377670288086,67.61659240722656,327.6300048828125,89.61399841308594,29.8403263092041,267.34722900390625,160.55233764648438,39.36752700805664,88.70458984375,141.70164489746094,67.22588348388672,187.8001708984375,51.126033782958984,121.41902923583984,114.77396392822266,44.59126281738281,286.26849365234375,169.41644287109375,204.26625061035156,69.984375,147.1882781982422,91.86744689941406,5.853183269500732,111.47608947753906,105.23129272460938,18.572322845458984,178.05931091308594,41.106170654296875,36.637794494628906,51.81938934326172
2019-12-20,67.29808044433594,68.01268768310547,327.6099853515625,89.32499694824219,29.848873138427734,268.36669921875,161.7516326904297,39.013980865478516,89.86847686767578,142.40943908691406,66.96717834472656,188.62738037109375,51.99930953979492,122.01213073730469,114.68201446533203,45.124847412109375,287.2690734863281,169.4851837158203,204.50413513183594,71.22091674804688,148.79525756835938,90.78668975830078,5.950379848480225,112.66051483154297,105.60196685791016,18.67728614807129,179.45289611816406,41.96480941772461,36.70185470581055,52.230125427246094
2019-12-23,68.39627838134766,68.7439193725586,328.95001220703125,89.6500015258789,30.028167724609375,266.98309326171875,160.9553985595703,39.54840087890625,90.3565673828125,140.27638244628906,66.93795776367188,186.93885803222656,52.24629211425781,122.32959747314453,114.64859771728516,45.075584411621094,286.0182800292969,168.67703247070312,204.3851776123047,71.34532928466797,148.79525756835938,90.85932922363281,5.936709403991699,111.9416732788086,105.21446228027344,18.639114379882812,178.57476806640625,41.51182556152344,36.317413330078125,52.491493225097656
2019-12-24,68.46129608154297,68.43923950195312,329.6400146484375,89.46050262451172,30.070865631103516,267.82061767578125,160.47372436523438,39.285301208496094,90.36408233642578,140.86781311035156,66.63066864013672,188.1839141845703,52.40507888793945,121.90357971191406,114.96610260009766,44.911415100097656,286.2204895019531,169.08111572265625,203.33441162109375,71.11202239990234,148.76687622070312,90.95014190673828,5.931735038757324,111.8191909790039,105.48403930664062,18.586639404296875,179.04248046875,41.430694580078125,36.4638671875,52.28986358642578
2019-12-26,69.8196029663086,68.42401123046875,331.20001220703125,93.4384994506836,30.32699966430664,269.1858825683594,161.71231079101562,39.34286117553711,90.5593032836914,141.26535034179688,67.52474212646484,188.31185913085938,52.7667236328125,121.82002258300781,116.1861343383789,45.165889739990234,287.8753356933594,169.41644287109375,205.9811553955078,71.03425598144531,149.98631286621094,91.46784973144531,5.945907115936279,111.65579223632812,105.48403930664062,18.682052612304688,180.56016540527344,41.437461853027344,36.4669189453125,52.37200164794922
2019-12-27,69.79309844970703,67.94415283203125,330.7900085449219,93.48999786376953,30.181856155395508,267.71124267578125,162.17428588867188,39.277076721191406,90.33405303955078,141.31382751464844,67.13668823242188,187.5869598388672,52.99607467651367,121.75320434570312,116.26972961425781,45.43678283691406,289.3569641113281,170.37069702148438,206.28846740722656,71.15869140625,150.26040649414062,92.2489242553711,5.888233661651611,112.35014343261719,106.21691131591797,18.720216751098633,180.77972412109375,41.5997200012207,36.488285064697266,52.19277572631836
2019-12-30,70.20732879638672,67.42617797851562,328.3399963378906,92.34449768066406,30.01108741760254,268.6489562988281,159.677490234375,39.12908935546875,89.99612426757812,139.39410400390625,66.396728515625,185.31858825683594,52.590309143066406,121.37724304199219,115.84357452392578,45.371116638183594,286.4512634277344,169.28746032714844,202.6305694580078,70.79316711425781,148.96539306640625,91.54957580566406,5.775127410888672,111.7538070678711,104.85224914550781,18.624807357788086,179.29061889648438,41.38336944580078,36.4303092956543,51.886600494384766
2019-12-31,70.72027587890625,67.44140625,329.80999755859375,92.39199829101562,30.070865631103516,267.5384216308594,159.8740997314453,39.43330001831055,90.49175262451172,140.22793579101562,66.3808822631836,186.23106384277344,52.7932014465332,121.8534164428711,116.48698425292969,45.43678283691406,287.28839111328125,169.8892822265625,203.46327209472656,70.73094940185547,149.06935119628906,92.01276397705078,5.84920597076416,111.63947296142578,105.21446228027344,18.643890380859375,179.35743713378906,41.51182556152344,36.25944137573242,52.11063766479492
2020-01-02,72.33387756347656,68.21073913574219,334.42999267578125,94.90049743652344,30.4294490814209,265.326416015625,164.15013122558594,40.104183197021484,91.18257141113281,143.68927001953125,67.83251190185547,187.3226318359375,53.666465759277344,121.93694305419922,117.8991928100586,45.141273498535156,291.9067687988281,172.6231231689453,207.95382690429688,71.57864379882812,151.82955932617188,92.82110595703125,5.963803768157959,110.94512176513672,103.95929718017578,18.53893280029297,182.43106079101562,41.275203704833984,36.28995132446289,52.94703674316406
2020-01-03,71.63065338134766,67.56327056884766,331.80999755859375,93.74849700927734,29.797639846801758,265.544921875,163.34408569335938,39.44987106323242,90.86717987060547,142.04098510742188,67.4776611328125,186.7001190185547,53.01371765136719,120.52519226074219,116.34334564208984,44.894989013671875,289.0587463378906,172.01275634765625,206.85350036621094,70.9642562866211,149.93899536132812,92.5667724609375,5.86834716796875,110.78992462158203,103.2601318359375,18.634347915649414,180.98019409179688,40.83574295043945,35.96958923339844,52.5213737487793
2020-01-06,72.20140075683594,68.0964584350586,333.7099914550781,95.14399719238281,29.754953384399414,265.6177673339844,170.50025939941406,39.59067153930664,90.5593032836914,141.2168731689453,69.27621459960938,187.57847595214844,52.863765716552734,120.37489318847656,116.25082397460938,44.87857437133789,289.8284606933594,173.9470977783203,210.74929809570312,71.2675552368164,150.3265838623047,92.48505401611328,5.892956733703613,111.21469116210938,103.4033203125,18.65342903137207,180.58877563476562,40.74785232543945,35.896366119384766,52.92464828491211
2020-01-07,71.86184692382812,67.70799255371094,333.3900146484375,95.34300231933594,29.558576583862305,265.1990051269531,173.00689697265625,39.33391571044922,89.40290832519531,141.26535034179688,69.14241027832031,186.35043334960938,51.98167037963867,121.10992431640625,114.2745132446289,44.53379440307617,288.8470153808594,174.20504760742188,211.20530700683594,69.37000274658203,148.95591735839844,92.43965148925781,5.96429967880249,109.46661376953125,102.76309967041016,18.724987030029297,180.11154174804688,40.294864654541016,35.56378936767578,52.491493225097656
2020-01-08,73.01782989501953,68.18788146972656,337.8699951171875,94.59850311279297,29.85741424560547,268.2392883300781,174.31427001953125,39.358760833740234,88.3816909790039,140.97447204589844,69.63452911376953,189.13905334472656,52.0169563293457,121.09326171875,115.16598510742188,44.61588668823242,293.9436340332031,177.02493286132812,213.3464813232422,68.90338134765625,151.32855224609375,92.23074340820312,5.9754862785339355,110.03026580810547,103.20115661621094,18.782236099243164,183.1947021484375,40.369239807128906,35.441741943359375,51.69990921020508
2020-01-09,74.56877899169922,68.71345520019531,340.45001220703125,95.05249786376953,29.90862274169922,272.544677734375,176.54571533203125,39.19310760498047,88.23900604248047,140.42184448242188,70.36554718017578,192.03848266601562,52.30803680419922,121.45244598388672,115.58646392822266,45.4285774230957,297.79736328125,179.12266540527344,216.39968872070312,69.50997924804688,153.21910095214844,92.16719055175781,6.041114330291748,110.10377502441406,104.32994842529297,18.839765548706055,184.46421813964844,40.20186996459961,35.80787658691406,52.095703125
2020-01-10,74.73737335205078,67.83750915527344,339.80999755859375,94.15799713134766,29.661033630371094,270.5604248046875,177.13546752929688,39.03573989868164,87.435546875,140.2182159423828,70.82001495361328,191.21131896972656,51.9904899597168,121.17681121826172,114.43431091308594,45.58454513549805,299.79168701171875,178.19415283203125,216.16177368164062,69.62664031982422,152.51016235351562,91.64042663574219,6.073429107666016,109.89141082763672,104.4310531616211,18.72808837890625,184.96063232421875,40.29751205444336,35.50887680053711,51.63269805908203
2020-01-13,76.33407592773438,67.42617797851562,345.6300048828125,94.56500244140625,29.934255599975586,272.95428466796875,180.723388671875,39.731475830078125,87.60076141357422,139.50074768066406,71.36865997314453,190.46083068847656,52.56385803222656,121.71139526367188,115.3846206665039,46.07709503173828,303.6839599609375,177.54078674316406,219.97825622558594,69.61105346679688,154.34396362304688,92.78475189208984,6.263846397399902,111.52510070800781,105.1976089477539,18.499874114990234,186.4496612548828,40.406822204589844,35.356319427490234,52.125579833984375
2020-01-14,75.30333709716797,68.090087890625,344.6300048828125,93.47200012207031,30.156230926513672,272.8450927734375,179.02279663085938,39.58238220214844,87.3304214477539,140.7805633544922,70.90080261230469,190.00888061523438,52.4227180480957,122.39637756347656,116.73019409179688,45.970367431640625,299.2809753417969,178.2371063232422,217.153076171875,69.93771362304688,153.2569122314453,93.47502899169922,6.147012233734131,111.78649139404297,105.03754425048828,18.49502182006836,187.13694763183594,40.3316650390625,35.447845458984375,51.6775016784668
2020-01-15,74.9806137084961,68.9084243774414,342.94000244140625,93.10099792480469,29.601268768310547,273.8190612792969,177.98085021972656,39.76460266113281,87.20277404785156,139.9273681640625,71.32752990722656,191.5268096923828,51.9904899597168,122.80573272705078,114.98096466064453,46.545005798339844,302.7590637207031,180.3434600830078,219.224853515625,71.18978881835938,154.24945068359375,93.35694885253906,6.104501724243164,113.70612335205078,106.10738372802734,18.38819122314453,190.71646118164062,40.37265396118164,35.17325210571289,51.59535598754883
2020-01-16,75.91985321044922,68.9084243774414,345.3800048828125,93.89700317382812,29.64395523071289,275.8307189941406,179.5831298828125,40.6259880065918,87.7734603881836,140.70301818847656,71.8707046508789,195.1340789794922,52.625606536865234,123.7997817993164,115.42669677734375,46.64350891113281,308.5879211425781,181.27194213867188,219.8394775390625,70.90980529785156,157.0758056640625,93.88372802734375,6.1880269050598145,114.041015625,106.20006561279297,18.465885162353516,191.8141632080078,40.76204299926758,35.362422943115234,51.39371871948242
2020-01-17,76.7603759765625,67.9356918334961,349.739990234375,93.23600006103516,29.635419845581055,277.33258056640625,179.13092041015625,40.601139068603516,86.78977966308594,139.93704223632812,73.32579803466797,197.76922607421875,52.57266616821289,124.61011505126953,116.22563934326172,46.74201965332031,311.8250427246094,182.243408203125,220.20623779296875,70.74652099609375,157.95492553710938,94.93728637695312,6.196727275848389,115.38882446289062,106.48646545410156,18.635831832885742,195.39373779296875,41.07627868652344,35.075618743896484,51.19956588745117
2020-01-21,76.24018096923828,67.92797088623047,350.0,94.5999984741211,29.25120735168457,285.1424560546875,182.1192626953125,40.418922424316406,85.08522033691406,139.19049072265625,73.46111297607422,198.65609741210938,53.410667419433594,124.69365692138672,115.08187103271484,46.930824279785156,310.15826416015625,181.5384521484375,219.51234436035156,69.96881866455078,157.38775634765625,94.98271179199219,6.163417816162109,115.87893676757812,106.21691131591797,18.703811645507812,197.86590576171875,41.20607376098633,35.26783752441406,50.46770095825195
2020-01-22,76.51229858398438,67.32581329345703,350.05999755859375,94.37300109863281,29.33659553527832,283.8954772949219,179.64208984375,40.64254379272461,84.7773208618164,139.6267852783203,73.5413818359375,198.61346435546875,55.3336181640625,123.8415756225586,114.9472885131836,47.29202651977539,312.45123291015625,181.7791748046875,219.39340209960938,69.71995544433594,156.6315460205078,94.90094757080078,6.2173614501953125,117.12055969238281,106.40221405029297,18.956302642822266,198.44818115234375,41.31536865234375,35.42344284057617,50.17647171020508
2020-01-23,76.88079071044922,65.82813262939453,351.760009765625,94.22899627685547,29.131683349609375,284.7966003417969,180.85118103027344,40.58457946777344,84.92750549316406,137.8718719482422,73.58203125,199.25306701660156,55.85404586791992,124.07545471191406,114.82955169677734,47.47262191772461,313.0967712402344,183.48143005371094,217.84695434570312,68.87226867675781,157.59573364257812,93.56584167480469,6.285719871520996,117.34110260009766,105.91580963134766,18.75722312927246,197.13095092773438,41.33586120605469,35.33495330810547,49.862796783447266
2020-01-24,76.6592025756836,64.49259948730469,351.3699951171875,93.08200073242188,28.636474609375,282.63934326171875,179.0129852294922,40.4603385925293,83.98890686035156,135.81639099121094,72.6641845703125,197.84593200683594,60.396820068359375,123.90003204345703,111.97859191894531,47.349483489990234,311.8345947265625,181.6072235107422,216.04281616210938,66.86583709716797,156.00762939453125,92.66670989990234,6.226557731628418,116.74478912353516,106.04293060302734,18.6940975189209,195.68003845214844,41.178741455078125,34.895591735839844,49.52675247192383
2020-01-27,74.4050521850586,64.86314392089844,346.8999938964844,91.41699981689453,28.047344207763672,281.6744689941406,177.63681030273438,39.317344665527344,82.8925552368164,131.7636260986328,70.9572982788086,197.15518188476562,57.94460678100586,124.25926208496094,111.03669738769531,47.185306549072266,304.2234191894531,179.97378540039062,212.99951171875,66.95915222167969,153.39871215820312,91.0409927368164,5.971013069152832,116.10763549804688,106.5090103149414,18.572708129882812,192.52047729492188,40.925987243652344,35.3502082824707,48.34683609008789
2020-01-28,76.5099105834961,64.67012786865234,354.6300048828125,92.6624984741211,28.380340576171875,282.94879150390625,179.7404327392578,39.565818786621094,83.44071960449219,134.158447265625,71.8875732421875,199.43214416503906,59.373600006103516,124.8857421875,113.05504608154297,46.79948425292969,308.55889892578125,180.87646484375,215.89410400390625,67.0758056640625,156.4046630859375,91.19536590576172,6.164163112640381,116.35270690917969,106.79712677001953,18.732942581176758,193.6278076171875,41.46565246582031,35.57599639892578,48.279632568359375
2020-01-29,78.11146545410156,64.2301025390625,351.6600036621094,92.9000015258789,28.183958053588867,281.792724609375,178.6787872314453,38.96949005126953,82.8775405883789,131.91876220703125,72.19482421875,199.56857299804688,58.5091552734375,125.75454711914062,112.8868637084961,46.79948425292969,308.6072082519531,184.35833740234375,221.2867431640625,67.84573364257812,158.8434600830078,90.67766571044922,6.103756904602051,115.77274322509766,105.97512817382812,17.990036010742188,195.54637145996094,40.6663932800293,35.359378814697266,47.876365661621094
2020-01-30,77.99825286865234,63.13388442993164,356.739990234375,93.53399658203125,28.585247039794922,281.6927185058594,182.512451171875,39.12685012817383,83.65098571777344,133.61550903320312,72.07341766357422,198.51968383789062,58.63264465332031,125.60420227050781,114.28289794921875,48.318153381347656,312.5958251953125,185.854248046875,207.70603942871094,67.27022552490234,163.3240966796875,89.17908477783203,6.110468864440918,117.4881591796875,106.72933959960938,18.17454719543457,198.7440948486328,40.550270080566406,35.56989669799805,48.384178161621094
2020-01-31,74.53990173339844,62.54716110229492,351.1400146484375,100.43599700927734,28.030275344848633,278.0972595214844,179.20957946777344,38.0749626159668,80.45211029052734,134.10028076171875,71.00934600830078,194.52012634277344,56.39213943481445,124.3595199584961,111.31422424316406,47.940528869628906,304.38726806640625,183.95423889160156,200.15234375,66.44586944580078,160.9136505126953,87.46255493164062,5.877295970916748,116.00965118408203,105.602294921875,18.266799926757812,189.92416381835938,40.60490798950195,34.93220901489258,46.390262603759766
2020-02-03,74.3351821899414,63.53532028198242,358.0,100.20999908447266,28.149805068969727,274.89312744140625,182.26670837402344,38.53878402709961,79.80634307861328,137.0186767578125,73.47844696044922,197.4536590576172,56.82435607910156,125.44548797607422,112.16360473632812,48.088294982910156,312.6535339355469,184.99449157714844,202.4125213623047,67.92350769042969,164.83653259277344,90.15998077392578,5.974244594573975,116.40985870361328,106.01752471923828,17.946332931518555,191.6805419921875,39.65537643432617,34.86509323120117,45.352237701416016
2020-02-04,76.78926849365234,65.1256332397461,366.739990234375,102.4834976196289,28.704771041870117,277.5328369140625,185.13702392578125,39.44158172607422,80.23434448242188,140.32489013671875,71.63529205322266,200.40431213378906,57.741729736328125,126.64005279541016,113.77831268310547,48.30172348022461,317.0853576660156,184.5131072998047,208.00343322753906,68.71673583984375,170.2623291015625,92.07636260986328,6.143280982971191,116.98985290527344,106.48358917236328,18.271657943725586,194.30551147460938,39.81932067871094,35.170204162597656,44.784671783447266
2020-02-05,77.41544342041016,66.8780517578125,365.54998779296875,101.99349975585938,29.635419845581055,281.21929931640625,182.33551025390625,40.12903594970703,82.80994415283203,137.067138671875,71.6670150756836,203.0564422607422,59.40005874633789,128.63653564453125,115.71263885498047,48.309940338134766,316.3145446777344,184.2981719970703,208.28099060058594,66.74918365478516,170.0543975830078,91.31344604492188,6.233518123626709,117.87203979492188,107.45808410644531,18.359058380126953,193.5895538330078,40.393150329589844,35.64006805419922,46.84579849243164
2020-02-06,78.32095336914062,67.30267333984375,367.4599914550781,102.5114974975586,29.601268768310547,283.3263854980469,183.5543975830078,40.32781982421875,82.21675109863281,138.35665893554688,73.14985656738281,203.67906188964844,59.47097396850586,128.25225830078125,115.72943878173828,48.42485809326172,317.2587585449219,183.00857543945312,209.01454162597656,66.63253021240234,173.58030700683594,91.06820678710938,6.320275783538818,117.89656066894531,107.73773193359375,18.66496467590332,193.80914306640625,40.60490798950195,35.48751449584961,46.211036682128906
2020-02-07,77.25638580322266,71.24755859375,366.0899963378906,103.96399688720703,29.5500431060791,286.08111572265625,182.5615997314453,39.731475830078125,81.80376434326172,136.72779846191406,73.30548858642578,202.36569213867188,58.52249526977539,126.88227844238281,115.35938262939453,48.58903884887695,315.0428771972656,181.92530822753906,210.4816436767578,66.16590881347656,173.82603454589844,90.31439208984375,6.254149913787842,118.74607849121094,106.83949279785156,18.669818878173828,193.5227813720703,40.94648361206055,35.53023147583008,45.90485763549805
2020-02-10,77.62330627441406,73.14667510986328,370.0,106.69550323486328,29.61833953857422,286.2271423339844,185.9037628173828,40.476905822753906,82.44200134277344,138.25001525878906,74.76998901367188,205.18841552734375,58.85048294067383,126.85720825195312,115.8387451171875,49.04875946044922,318.2028503417969,183.30087280273438,211.20530700683594,66.61698913574219,178.37277221679688,90.84117126464844,6.537041664123535,118.98297882080078,106.91576385498047,18.61640739440918,196.6250457763672,41.15141677856445,35.164100646972656,45.4200439453125
2020-02-11,77.15498352050781,74.11167907714844,369.2799987792969,107.54000091552734,29.686647415161133,283.3902893066406,185.89395141601562,40.69224548339844,83.50830078125,136.7180938720703,74.83939361572266,206.0668182373047,59.7546501159668,126.96582794189453,116.05740356445312,48.91740036010742,318.819580078125,185.46739196777344,205.38636779785156,66.298095703125,174.34593200683594,90.84117126464844,6.6593451499938965,119.32605743408203,105.21247863769531,18.533863067626953,194.668212890625,40.09257125854492,35.20985412597656,45.85182189941406
2020-02-12,78.98722839355469,75.49354553222656,374.2900085449219,108.0,29.81471824645996,287.4402160644531,186.23800659179688,41.3548583984375,84.13154602050781,137.53256225585938,75.26412200927734,206.02418518066406,59.7989501953125,126.2139892578125,116.05740356445312,48.76964569091797,321.9411315917969,186.95472717285156,208.92529296875,64.74272918701172,174.60118103027344,93.54768371582031,6.774937629699707,119.32605743408203,104.61082458496094,18.470739364624023,198.0091094970703,39.77833557128906,35.34716796875,46.412384033203125
2020-02-13,78.42475128173828,73.60987854003906,374.8399963378906,107.49349975585938,29.806182861328125,290.2497253417969,185.4319305419922,39.19310760498047,83.84623718261719,136.6114501953125,75.00442504882812,206.68081665039062,59.78123474121094,125.37863159179688,115.9565200805664,48.93381881713867,323.5596008300781,186.9203338623047,211.28457641601562,63.74728012084961,173.65589904785156,93.88372802734375,6.731185436248779,119.64463806152344,105.8904037475586,18.60184097290039,198.25762939453125,40.065242767333984,35.83229064941406,46.15483093261719
2020-02-14,78.44406127929688,72.60627746582031,379.6700134277344,106.74349975585938,29.754953384399414,290.35009765625,186.7196502685547,38.90323257446289,83.62590026855469,135.29283142089844,75.26908111572266,208.95773315429688,59.63054656982422,125.41204071044922,115.60330200195312,49.21293258666992,328.4827575683594,186.63658142089844,212.31553649902344,64.27611541748047,175.20611572265625,94.03813171386719,7.203745365142822,120.06940460205078,106.89033508300781,18.572708129882812,201.02023315429688,39.96961212158203,35.96958923339844,45.94272994995117
2020-02-18,77.00772857666016,72.2666015625,378.8500061035156,107.78350067138672,29.259746551513672,293.7615661621094,187.84027099609375,38.58848190307617,83.74745178222656,134.905029296875,75.30426788330078,208.02821350097656,58.628868103027344,124.58505249023438,114.07266998291016,48.86814880371094,328.76214599609375,185.82843017578125,215.90402221679688,64.12836456298828,176.98318481445312,92.63945007324219,7.372286319732666,118.9339828491211,105.81414794921875,18.577566146850586,201.8900909423828,39.55974578857422,36.50048828125,45.35945510864258
2020-02-19,78.12300109863281,72.6757583618164,383.2799987792969,108.51100158691406,29.64395523071289,294.646240234375,189.5900115966797,38.34000015258789,84.1272964477539,136.99928283691406,75.57337951660156,207.7723846435547,59.488704681396484,124.41798400878906,115.62853240966797,49.065162658691406,331.9607238769531,185.38145446777344,215.5967254638672,63.770606994628906,177.51402282714844,93.0572509765625,7.822971343994141,118.87678527832031,106.29716491699219,18.66496467590332,203.90713500976562,39.77150344848633,35.9055061340332,45.707908630371094
2020-02-20,77.32154083251953,72.7452392578125,378.9599914550781,107.65499877929688,29.754953384399414,295.61322021484375,190.07164001464844,38.803829193115234,83.42078399658203,136.0975799560547,75.1828384399414,210.65476989746094,58.0172233581543,123.94182586669922,115.62853240966797,49.02412414550781,331.85479736328125,184.90855407714844,212.71205139160156,64.1517105102539,174.8031768798828,93.12081909179688,7.673819541931152,118.57453155517578,107.26319122314453,18.74750518798828,202.12908935546875,39.68270492553711,35.908573150634766,45.34429931640625
2020-02-21,75.57136535644531,73.30878448486328,372.95001220703125,104.79850006103516,29.33659553527832,293.6702880859375,186.2772979736328,38.34828567504883,82.81305694580078,134.74017333984375,73.52105712890625,209.22213745117188,57.03327941894531,125.24496459960938,114.21562957763672,49.360694885253906,327.2784118652344,185.5877227783203,208.350341796875,64.0350570678711,169.2771759033203,91.050048828125,7.310140609741211,119.13819885253906,107.3648681640625,18.718374252319336,199.60548400878906,39.75784683227539,36.180110931396484,44.79132080078125
2020-02-24,71.98169708251953,71.90377044677734,357.4100036621094,100.4645004272461,27.944902420043945,286.0720520019531,182.77786254882812,36.443302154541016,79.54640197753906,128.9615936279297,70.36902618408203,204.41238403320312,54.746280670166016,122.66407012939453,111.1460189819336,48.14575958251953,312.798095703125,183.5674285888672,198.97271728515625,63.24958419799805,161.97872924804688,87.10832977294922,6.793332576751709,116.51608276367188,104.48372650146484,18.475597381591797,190.02716064453125,39.614376068115234,35.490570068359375,42.693031311035156
2020-02-25,69.54352569580078,68.8466567993164,347.79998779296875,98.63700103759766,26.536123275756836,278.09063720703125,178.18727111816406,35.399696350097656,76.50768280029297,124.28831481933594,68.70675659179688,202.4339599609375,52.94681167602539,121.60478973388672,106.18413543701172,47.464412689208984,291.8145446777344,182.3466033935547,195.05711364746094,62.42522048950195,159.30577087402344,84.37456512451172,6.514171600341797,115.25813293457031,102.89909362792969,18.135705947875977,180.0951385498047,39.02005386352539,34.90169906616211,41.05682373046875
2020-02-26,70.64671325683594,68.25222778320312,351.3399963378906,98.97949981689453,26.15191078186035,278.8385925292969,175.82810974121094,34.9193000793457,74.47933197021484,119.60531616210938,68.91243743896484,200.6431121826172,52.87589645385742,120.78936767578125,106.50370788574219,47.2838134765625,287.1418151855469,180.62713623046875,195.4833526611328,62.16859817504883,161.29627990722656,83.55716705322266,6.653378486633301,115.97697448730469,101.82293701171875,18.014312744140625,178.9576416015625,39.033729553222656,34.71558380126953,40.155372619628906
2020-02-27,66.02867889404297,65.94393920898438,337.5199890136719,94.21499633789062,24.871212005615234,267.3818359375,169.2223663330078,33.16340255737305,71.50895690917969,114.4472427368164,65.16962432861328,191.64620971679688,49.48971176147461,116.95581817626953,102.07164001464844,45.09201431274414,275.3686218261719,172.80369567871094,188.09820556640625,60.72207260131836,149.9314727783203,80.42375183105469,6.283013820648193,111.39441680908203,96.17926025390625,17.349096298217773,172.0750274658203,37.612831115722656,33.684303283691406,37.73894119262695
2020-02-28,65.99005126953125,66.16783142089844,345.1199951171875,94.1875,24.33332061767578,256.44500732421875,167.50213623046875,33.07228469848633,70.90880584716797,114.0691146850586,66.37394714355469,185.77053833007812,49.21492385864258,113.0550537109375,97.64801025390625,43.909908294677734,279.6366271972656,167.9764404296875,190.79452514648438,59.53999328613281,153.5617218017578,81.40280151367188,6.717552185058594,107.8492431640625,95.95045471191406,17.101457595825195,173.74786376953125,36.998016357421875,32.854400634765625,38.966094970703125
2020-03-02,72.13380432128906,68.4683837890625,360.2799987792969,97.69750213623047,25.076128005981445,281.9855651855469,173.75396728515625,34.099327087402344,73.3777847290039,116.32819366455078,68.70675659179688,196.08924865722656,51.57284164428711,117.71245574951172,102.19780731201172,45.904693603515625,295.523681640625,175.2259979248047,194.72996520996094,63.28067398071289,163.7796173095703,84.4083023071289,6.875747203826904,112.3827896118164,101.31446075439453,18.053157806396484,183.8519287109375,39.15669631958008,35.356319427490234,40.814414978027344
2020-03-03,69.8428726196289,67.60372924804688,348.3399963378906,95.44950103759766,23.692964553833008,276.1386413574219,166.48963928222656,33.16340255737305,71.70648193359375,112.90563201904297,66.29812622070312,194.38363647460938,49.61381530761719,113.98822021484375,98.36286163330078,46.01963424682617,281.32269287109375,172.5960693359375,184.27182006835938,61.53863525390625,155.93141174316406,82.81446838378906,6.613582611083984,110.74910736083984,100.1365966796875,17.625864028930664,177.54283142089844,38.05003356933594,34.45014190673828,38.860050201416016
2020-03-04,73.08251190185547,70.83067321777344,363.8500061035156,98.79149627685547,24.239395141601562,292.56658935546875,172.70217895507812,34.281551361083984,74.85157012939453,115.55254364013672,68.47283935546875,205.5892333984375,52.016056060791016,120.62120819091797,100.7933349609375,48.36740493774414,291.3038024902344,179.093017578125,190.09068298339844,64.52499389648438,161.6564178466797,85.41921997070312,7.076723575592041,116.3118667602539,105.50060272216797,18.538713455200195,185.72547912597656,39.70319366455078,35.627864837646484,39.708457946777344
2020-03-05,70.7119140625,69.95060729980469,351.0299987792969,96.20149993896484,23.010677337646484,288.0240478515625,166.7157440185547,32.774112701416016,73.8335952758789,110.51080322265625,65.16020202636719,200.24227905273438,50.49138641357422,119.38540649414062,95.84832000732422,46.57784652709961,280.09912109375,171.5665740966797,183.5580596923828,63.44398498535156,157.599609375,82.4957275390625,6.797644138336182,113.56928253173828,103.06859588623047,18.053157806396484,178.71865844726562,39.04738998413086,35.3685188293457,37.958614349365234
2020-03-06,69.77284240722656,68.5687255859375,336.7699890136719,95.05449676513672,22.091278076171875,283.9922790527344,161.2895965576172,32.86521530151367,72.4129867553711,111.76154327392578,64.21757507324219,194.8697509765625,49.43653106689453,119.4022445678711,90.89482879638672,45.36290740966797,276.5151672363281,172.0337677001953,179.5135955810547,63.926143646240234,153.14474487304688,80.47384643554688,6.617311477661133,112.87847137451172,103.09400177001953,17.980323791503906,176.23326110839844,38.84928894042969,35.76821517944336,36.12545394897461
2020-03-09,64.2543716430664,65.82813262939453,305.7900085449219,90.03050231933594,18.843318939208984,275.4544982910156,148.63848876953125,31.440624237060547,61.28363800048828,101.17391967773438,60.25519943237305,179.47702026367188,45.075260162353516,114.70278930664062,78.5826416015625,42.57184982299805,252.42926025390625,161.65252685546875,168.02447509765625,61.406455993652344,142.7657012939453,76.60315704345703,6.104920864105225,107.03962707519531,98.34859466552734,16.844112396240234,163.5864715576172,38.138832092285156,35.746864318847656,31.70918846130371
2020-03-10,68.882080078125,67.5728530883789,332.3800048828125,94.59100341796875,20.2868595123291,282.22265625,158.59619140625,33.196537017822266,64.557861328125,108.06751251220703,63.19811248779297,192.4734344482422,47.84980773925781,119.07437133789062,84.68828582763672,44.04945373535156,270.3106689453125,172.89889526367188,176.63885498046875,63.78618621826172,152.5286102294922,80.41921997070312,6.493939399719238,110.31268310546875,102.15338134765625,17.40736198425293,174.5508575439453,38.61020278930664,36.54929733276367,32.883331298828125
2020-03-11,66.4897689819336,65.50391387939453,315.2300109863281,91.04299926757812,19.47916603088379,271.30413818359375,151.9413299560547,30.68691062927246,63.07646942138672,102.2986068725586,60.012847900390625,182.76390075683594,45.793270111083984,110.8020248413086,80.70195770263672,42.859169006347656,259.8959655761719,162.8551025390625,168.758056640625,61.631988525390625,145.61874389648438,76.50298309326172,6.130540370941162,106.70249938964844,94.56071472167969,16.761564254760742,165.3262176513672,37.455711364746094,34.913902282714844,31.80010223388672
2020-03-12,59.92359161376953,60.6866340637207,285.0,83.83049774169922,17.62318229675293,255.268310546875,138.19906616210938,27.498123168945312,57.93342590332031,89.0156021118164,55.089012145996094,163.6195831298828,40.36830139160156,105.43006134033203,74.04967498779297,38.713623046875,232.66925048828125,147.17941284179688,153.1253204345703,57.8990478515625,131.8085174560547,67.57762145996094,5.380359649658203,94.85213470458984,86.29865264892578,15.21262264251709,153.02352905273438,34.97597885131836,31.74683952331543,28.164072036743164
2020-03-13,67.10293579101562,65.90532684326172,335.5,89.25,20.759441375732422,275.7190856933594,145.2667999267578,31.17558479309082,63.37276840209961,99.39961242675781,60.179874420166016,176.5655975341797,48.24869918823242,112.89531707763672,87.38789367675781,40.13795852661133,260.13677978515625,153.2351531982422,168.79769897460938,60.180843353271484,150.54759216308594,68.8344497680664,5.990503311157227,104.81102752685547,96.66229248046875,16.737289428710938,168.0792694091797,37.004852294921875,34.813209533691406,28.876121520996094
2020-03-16,58.47034454345703,57.3361930847168,286.0299987792969,84.4574966430664,17.56304359436035,258.305908203125,122.18611145019531,27.920528411865234,52.94990158081055,92.11819458007812,53.1784553527832,141.6165008544922,39.54389953613281,106.87602996826172,74.31039428710938,37.47974395751953,227.033203125,128.9085235595703,144.73895263671875,54.82532501220703,128.3583221435547,60.828983306884766,4.885129928588867,93.0018081665039,91.94227600097656,15.445693016052246,145.30926513671875,34.8325080871582,32.573692321777344,26.12637710571289
2020-03-17,61.04128646850586,56.37118911743164,311.80999755859375,90.39199829101562,18.886281967163086,280.02447509765625,133.1170196533203,29.403118133544922,53.70199966430664,90.68324279785156,55.41164779663086,149.06817626953125,44.39270782470703,114.8288803100586,78.85177612304688,39.069698333740234,229.181640625,127.70601654052734,148.11927795410156,58.40088653564453,138.9269256591797,63.60675811767578,5.404237747192383,105.03307342529297,100.1958999633789,16.38282585144043,150.93006896972656,37.100486755371094,36.38759994506836,27.883790969848633
2020-03-18,59.5469970703125,54.83491897583008,294.6099853515625,91.5,17.8637752532959,280.48956298828125,129.9910888671875,30.744882583618164,41.8205451965332,86.09721374511719,54.0799560546875,133.60678100585938,42.20321273803711,113.45858001708984,70.5511245727539,37.140220642089844,219.59547424316406,118.77823638916016,145.68069458007812,56.166175842285156,133.07864379882812,61.967430114746094,5.044816493988037,99.44094848632812,99.52645874023438,15.950675964355469,141.9348907470703,37.107322692871094,37.400550842285156,25.088592529296875
2020-03-19,59.09075164794922,54.85807418823242,307.510009765625,94.04650115966797,18.216068267822266,278.4098815917969,137.08831787109375,31.233558654785156,43.59820556640625,92.04063415527344,55.0949592590332,138.3284454345703,40.722862243652344,106.80879211425781,71.7369384765625,34.63937759399414,218.84397888183594,129.33241271972656,151.79696655273438,55.460472106933594,135.26820373535156,64.06214141845703,5.297283172607422,96.49685668945312,93.9167251586914,15.125222206115723,145.53868103027344,36.62913513183594,36.60681915283203,26.080923080444336
2020-03-20,55.339351654052734,53.128787994384766,295.3399963378906,92.30449676513672,16.90142059326172,264.909912109375,136.98016357421875,29.48594093322754,45.11756896972656,83.36304473876953,52.94105911254883,130.6192169189453,40.6253547668457,100.78948974609375,70.22315216064453,31.716184616088867,203.68917846679688,128.45867919921875,148.4265899658203,55.9544563293457,130.18771362304688,61.43006134033203,5.117696285247803,85.46887969970703,86.79859161376953,13.814209938049316,140.35760498046875,35.385841369628906,34.92741394042969,24.800735473632812
2020-03-23,54.16371154785156,49.79377365112305,307.2699890136719,95.1415023803711,15.535211563110352,260.44940185546875,138.1302947998047,28.657678604125977,41.19001388549805,83.14973449707031,52.243255615234375,139.4102020263672,43.949501037597656,93.43351745605469,66.46390533447266,31.103389739990234,195.8660888671875,118.60521697998047,146.810791015625,52.06524658203125,128.88916015625,57.19507598876953,5.290318012237549,86.4968490600586,82.79041290283203,12.998464584350586,129.75648498535156,34.36798858642578,35.02242660522461,23.823556900024414
2020-03-24,59.59770202636719,52.10203552246094,310.0,97.00499725341797,18.069997787475586,259.9111633300781,151.0271453857422,31.970705032348633,50.55691146850586,95.13353729248047,56.00389862060547,158.5802459716797,46.44923400878906,100.192626953125,74.3692626953125,32.66849899291992,228.40130615234375,140.10292053222656,159.57864379882812,54.14315414428711,140.60459899902344,65.87451171875,6.1979475021362305,93.6185531616211,87.51040649414062,13.639404296875,147.7181854248047,34.149391174316406,35.25226593017578,26.846004486083984
2020-03-25,59.26938247680664,52.42628860473633,305.9100036621094,94.29199981689453,18.130142211914062,256.1895751953125,144.5590362548828,31.200428009033203,52.62324142456055,97.66409301757812,54.59687423706055,156.0391387939453,45.4387092590332,100.3775634765625,77.14453125,34.45718765258789,247.1015167236328,140.99398803710938,154.8502197265625,53.49233627319336,139.25865173339844,71.95836639404297,6.109397888183594,92.51659393310547,85.51902770996094,13.78993034362793,154.64859008789062,34.115234375,33.526885986328125,28.24739646911621
2020-03-26,62.388328552246094,56.99650573730469,322.6700134277344,97.77449798583984,19.522127151489258,266.624755859375,152.09861755371094,33.610652923583984,58.02458572387695,102.15318298339844,57.63493728637695,167.5857696533203,49.23264694213867,106.40526580810547,82.51850128173828,36.6765022277832,253.55642700195312,144.77447509765625,161.91812133789062,57.65598678588867,147.96945190429688,76.77619934082031,6.398426532745361,98.89820098876953,90.99320983886719,14.85816764831543,161.4356231689453,36.57448196411133,33.655609130859375,29.406370162963867
2020-03-27,59.80531692504883,56.100982666015625,305.8299865722656,95.00499725341797,18.559768676757812,259.3548278808594,143.51708984375,32.15292739868164,52.25099563598633,93.46590423583984,55.02507781982422,163.58522033691406,46.422645568847656,103.53854370117188,76.63995361328125,35.45091247558594,238.59439086914062,141.88499450683594,155.4250946044922,56.244571685791016,141.89369201660156,75.80171203613281,6.2862467765808105,99.06266021728516,93.35743713378906,14.489139556884766,154.4383087158203,36.04848098754883,33.58205795288086,27.989845275878906
2020-03-30,61.51203536987305,58.08502197265625,318.3900146484375,98.19750213623047,18.937841415405273,265.54833984375,147.30162048339844,33.39531326293945,54.659183502197266,96.76240539550781,56.81173324584961,168.34983825683594,49.18832015991211,111.81922912597656,78.63309478759766,37.26444625854492,243.98960876464844,145.44921875,164.50535583496094,60.337650299072266,151.8745574951172,77.75981140136719,6.6061177253723145,103.19094848632812,97.45035552978516,14.678511619567871,158.27154541015625,37.41472244262695,35.301300048828125,28.406471252441406
2020-03-31,61.386497497558594,58.81840896606445,318.239990234375,97.48600006103516,18.241844177246094,260.0845642089844,141.5314483642578,32.55876541137695,55.046630859375,93.65979766845703,57.58686447143555,160.28860473632812,47.97391128540039,110.23876953125,75.71484375,36.64337921142578,232.7270965576172,143.0442657470703,165.34799194335938,60.32981872558594,149.48602294921875,75.3554458618164,6.5566205978393555,98.76659393310547,93.21337127685547,14.154102325439453,154.01768493652344,36.70427322387695,34.82014846801758,28.76250457763672
2020-04-01,58.15651321411133,56.67998123168945,301.2099914550781,95.38500213623047,16.98734474182129,261.58966064453125,131.7801513671875,31.74708366394043,52.0838623046875,92.03094482421875,54.62066650390625,153.35203552246094,45.98828887939453,108.28839874267578,70.9464111328125,34.8795280456543,220.25062561035156,136.8328857421875,158.21067810058594,57.8676872253418,144.17800903320312,72.15872192382812,6.045971393585205,97.1383285522461,92.64563751220703,13.619985580444336,146.36077880859375,36.15093994140625,34.97951126098633,28.429195404052734
2020-04-02,59.126953125,58.00010299682617,303.9599914550781,95.94149780273438,17.674739837646484,265.8768005371094,132.03573608398438,33.27716827392578,57.82707595825195,94.01853942871094,55.3606071472168,155.6527862548828,48.17778396606445,111.93695068359375,73.59553527832031,36.39493942260742,230.14511108398438,139.7136688232422,156.8129425048828,60.27493667602539,147.1637420654297,72.98748779296875,6.354399681091309,101.85871887207031,96.94188690185547,13.964734077453613,150.45216369628906,37.742618560791016,36.361656188964844,30.603239059448242
2020-04-03,58.277217864990234,56.641395568847656,293.6099853515625,95.32949829101562,17.21074676513672,263.29541015625,132.02587890625,32.65843963623047,57.05980682373047,91.02259063720703,54.1547966003418,153.41217041015625,47.98277282714844,112.79446411132812,71.42022705078125,36.295570373535156,228.3627166748047,138.7014923095703,152.83786010742188,59.78877258300781,145.808349609375,71.82174682617188,6.06686544418335,102.45903778076172,97.51815795898438,13.333505630493164,145.15634155273438,37.36690902709961,36.61602020263672,29.701805114746094
2020-04-06,63.361175537109375,58.463314056396484,319.1300048828125,99.87950134277344,18.37932586669922,278.3186950683594,145.0407257080078,34.6400260925293,61.07091522216797,96.54910278320312,58.6395263671875,164.25482177734375,51.7944450378418,117.49386596679688,76.01729583740234,38.64737319946289,256.2155456542969,153.15728759765625,164.10885620117188,62.972293853759766,156.6517791748047,77.07675170898438,6.6760125160217285,107.86202239990234,99.83152770996094,14.294913291931152,161.97097778320312,38.733150482177734,38.6356086730957,30.656261444091797
2020-04-07,62.6273078918457,58.20081329345703,308.92999267578125,100.58000183105469,19.023759841918945,276.95953369140625,142.6029052734375,33.9794921875,61.473548889160156,98.1585693359375,58.608306884765625,165.07899475097656,51.76785659790039,115.57709503173828,77.01997375488281,38.5148811340332,249.6063690185547,151.90289306640625,167.3603057861328,61.60009002685547,154.96461486816406,76.6487045288086,6.442949295043945,107.30280303955078,95.56066131591797,14.60567569732666,161.15843200683594,38.924434661865234,37.3852424621582,31.239538192749023
2020-04-08,64.23023223876953,60.64803695678711,317.17999267578125,102.1500015258789,20.149375915527344,279.09405517578125,148.55001831054688,34.89921188354492,65.31754302978516,97.9937515258789,59.81957244873047,167.25099182128906,52.28199005126953,120.4362564086914,80.12999725341797,39.59968185424805,261.446044921875,153.546630859375,172.76283264160156,63.99946975708008,156.5190887451172,77.68695068359375,6.639946460723877,109.0544662475586,97.53510284423828,14.853386878967285,167.22854614257812,39.484596252441406,37.33927917480469,33.21662521362305
2020-04-09,64.69373321533203,61.566715240478516,318.70001220703125,102.13800048828125,21.360916137695312,273.6575622558594,151.9216766357422,34.44771194458008,64.04887390136719,101.31935119628906,59.79825210571289,173.01144409179688,50.650943756103516,118.72966003417969,87.31875610351562,40.57684326171875,259.95037841796875,158.91891479492188,173.66494750976562,64.6816635131836,156.52854919433594,79.0439682006836,6.5404534339904785,109.89329528808594,97.1622543334961,15.270811080932617,166.03359985351562,39.660667419433594,37.3270149230957,32.67123031616211
2020-04-13,65.96349334716797,61.99132537841797,320.6499938964844,108.44349670410156,20.553224563598633,273.30181884765625,149.90655517578125,34.46444320678711,64.50469970703125,100.34978485107422,59.98857116699219,170.6592254638672,52.033790588378906,117.50228881835938,83.43548583984375,38.86268615722656,254.10299682617188,155.82180786132812,173.26841735839844,63.152652740478516,156.87924194335938,76.92192840576172,6.7120795249938965,107.6399917602539,98.25537872314453,15.002464294433594,161.54075622558594,39.12900161743164,38.39962387084961,32.39094161987305
2020-04-14,69.29486083984375,64.34970092773438,340.7699890136719,114.16600036621094,20.389972686767578,286.5463562011719,155.02793884277344,35.768768310546875,64.27677917480469,102.80277252197266,62.705474853515625,177.8533477783203,53.77119827270508,122.76493072509766,81.14968872070312,40.51060104370117,261.2241516113281,159.16970825195312,176.61900329589844,64.95610046386719,164.64219665527344,79.66329193115234,7.0627946853637695,113.81597137451172,102.50082397460938,15.469587326049805,166.92259216308594,40.143985748291016,39.53351974487305,32.14097213745117
2020-04-15,68.66238403320312,64.1067886352539,332.54998779296875,115.38400268554688,19.06672477722168,283.0162658691406,152.98330688476562,34.71525955200195,62.666263580322266,100.22374725341797,62.31245803833008,170.39305114746094,52.18447494506836,124.13526916503906,77.1474609375,39.42579650878906,248.12042236328125,153.84938049316406,175.429443359375,64.35233306884766,162.91708374023438,77.45014190673828,6.985437870025635,111.0445785522461,102.72114562988281,14.952775001525879,158.6443328857422,39.30852508544922,39.45998001098633,30.66383934020996
2020-04-16,69.20797729492188,64.13814544677734,342.70001220703125,120.40950012207031,18.405101776123047,293.3146057128906,154.3889923095703,34.698543548583984,60.76704025268555,98.91484069824219,62.318904876708984,171.56922912597656,53.88642883300781,125.82506561279297,74.20735168457031,39.003456115722656,238.10452270507812,155.2854461669922,174.71575927734375,65.08154296875,167.80796813964844,78.59772491455078,7.330183506011963,111.54621887207031,102.95841979980469,14.987554550170898,155.26040649414062,39.812564849853516,40.554054260253906,29.656352996826172
2020-04-17,68.2688980102539,65.38391876220703,344.1099853515625,118.75,20.003307342529297,289.994384765625,159.8544464111328,35.517940521240234,66.22156524658203,103.384521484375,63.3879280090332,179.78494262695312,53.50526428222656,127.80062866210938,80.87777709960938,39.79843521118164,250.85113525390625,160.9951171875,177.67970275878906,65.44222259521484,169.28663635253906,81.88550567626953,7.270984649658203,113.11698150634766,105.6615982055664,15.519279479980469,162.06651306152344,40.36493682861328,40.489688873291016,32.73940658569336
2020-04-20,66.85186004638672,65.8070068359375,344.8800048828125,119.68049621582031,19.333093643188477,284.6672668457031,159.99203491210938,35.56809997558594,63.48670196533203,99.14752197265625,62.503265380859375,176.89186096191406,52.45927810668945,127.50640869140625,77.92919158935547,38.53144073486328,242.90023803710938,157.1453857421875,176.68841552734375,65.15995788574219,165.93125915527344,80.05491638183594,7.139901161193848,110.64984130859375,102.19575500488281,15.395047187805176,156.98104858398438,40.137081146240234,39.794029235839844,31.194091796875
2020-04-21,64.78545379638672,62.96287536621094,328.989990234375,116.40599822998047,18.594131469726562,274.8615417480469,147.99952697753906,33.90424346923828,62.02052307128906,97.4798812866211,60.07529830932617,172.2216339111328,49.959529876708984,125.83345031738281,75.66891479492188,37.57912063598633,236.7439727783203,153.6244659423828,169.3131866455078,61.60009002685547,159.06881713867188,77.59587860107422,6.7036213874816895,107.68110656738281,101.41614532470703,14.8434476852417,153.45370483398438,39.23257064819336,39.59788131713867,31.027442932128906
2020-04-22,66.6515121459961,63.83256912231445,336.7699890136719,118.17449951171875,18.731613159179688,282.2408752441406,151.5186309814453,34.915931701660156,64.14762115478516,97.91618347167969,62.36748504638672,175.27789306640625,53.2747917175293,128.61611938476562,75.9153060913086,37.827552795410156,247.89849853515625,161.32382202148438,180.6932373046875,62.713531494140625,164.47154235839844,80.84725189208984,7.117515563964844,109.06266784667969,101.17887115478516,14.644675254821777,159.24658203125,40.04041290283203,40.3272819519043,31.913721084594727
2020-04-23,66.3932113647461,64.27915954589844,335.3699951171875,119.97250366210938,18.791763305664062,278.573974609375,149.13978576660156,34.79888153076172,65.94049072265625,97.92587280273438,62.99985885620117,173.689697265625,52.335166931152344,130.73460388183594,75.95780181884766,37.32241439819336,246.88534545898438,157.48275756835938,183.51840209960938,63.41921615600586,162.48109436035156,79.55399322509766,7.0642852783203125,107.12186431884766,101.85365295410156,14.659581184387207,159.0458526611328,39.76422882080078,39.389495849609375,32.91363525390625
2020-04-24,68.30995178222656,65.49361419677734,344.1000061035156,120.51100158691406,19.058128356933594,283.2716979980469,151.3613739013672,35.55137252807617,66.10000610351562,98.11011505126953,63.26898193359375,182.15435791015625,52.530189514160156,130.1881866455078,77.07946014404297,37.62052917480469,249.6836395263672,159.1956787109375,188.41543579101562,63.85049819946289,165.44786071777344,80.48297119140625,7.203078746795654,110.49360656738281,101.32475280761719,14.76393985748291,159.94439697265625,39.999000549316406,39.66838073730469,33.12572479248047
2020-04-27,68.3582534790039,66.35546875,348.5,118.80000305175781,20.166563034057617,281.6571960449219,154.9492950439453,36.002872467041016,68.15116882324219,102.83187103271484,62.984500885009766,186.9447479248047,52.71633529663086,129.70899963378906,80.40191650390625,38.73845672607422,255.8205108642578,160.81338500976562,185.86778259277344,65.8499984741211,164.97393798828125,81.39370727539062,7.38938045501709,110.57585906982422,100.1902084350586,15.176395416259766,164.1886444091797,39.916141510009766,39.31901550292969,33.28480529785156
2020-04-28,67.25019073486328,64.84329986572266,333.45001220703125,115.7040023803711,20.52744483947754,278.1636047363281,151.833251953125,35.52629852294922,68.3031005859375,102.97730255126953,61.08782196044922,186.83314514160156,52.07810592651367,127.2710189819336,80.97123718261719,38.705345153808594,255.31881713867188,160.84800720214844,181.3177490234375,63.65446090698242,160.9550323486328,80.87457275390625,7.24710750579834,112.10543060302734,99.71251678466797,15.231056213378906,163.70118713378906,39.929954528808594,39.22706604003906,34.065040588378906
2020-04-29,69.45905303955078,65.62680053710938,349.1700134277344,118.635498046875,21.29218101501465,280.1156921386719,157.70167541503906,36.23698425292969,71.8812026977539,108.83346557617188,66.5191650390625,190.42164611816406,54.78173065185547,126.30421447753906,83.15504455566406,39.020015716552734,273.7391662597656,162.48304748535156,192.49954223632812,63.3329963684082,168.17764282226562,80.20973205566406,7.423707008361816,109.6712417602539,99.87458038330078,15.618663787841797,173.7764892578125,40.13018035888672,37.878639221191406,35.951229095458984
2020-04-30,70.92436218261719,64.40452575683594,353.6400146484375,123.69999694824219,20.664926528930664,277.0162353515625,159.1958465576172,35.434322357177734,69.8908462524414,104.85826110839844,66.74317932128906,188.7218017578125,53.168418884277344,126.13609313964844,81.37059783935547,38.0014533996582,265.3251037597656,162.25811767578125,202.92799377441406,62.21171188354492,169.86485290527344,79.39916229248047,7.269989967346191,108.7912826538086,100.54849243164062,15.141609191894531,170.84193420410156,39.667564392089844,37.25040054321289,35.201297760009766
2020-05-01,69.78251647949219,64.90596771240234,343.8399963378906,114.302001953125,19.831457138061523,276.02880859375,153.71070861816406,34.213600158691406,67.946044921875,102.2889175415039,65.2870864868164,187.64013671875,50.94347381591797,124.6649169921875,79.23780059814453,37.76130676269531,259.3135681152344,158.01914978027344,200.5092010498047,60.9022216796875,165.46682739257812,77.90556335449219,7.033691883087158,107.0232162475586,99.65277099609375,14.858352661132812,167.83071899414062,39.239479064941406,37.670249938964844,32.678810119628906
2020-05-04,70.76985931396484,64.13814544677734,349.1099853515625,115.79949951171875,19.70256996154785,278.3785095214844,158.72398376464844,34.57313537597656,69.46542358398438,100.03953552246094,65.56362915039062,190.4473876953125,51.4044189453125,124.64810943603516,78.29458618164062,37.380374908447266,259.8153076171875,157.3357391357422,203.47317504882812,60.2670783996582,169.51414489746094,78.09679412841797,7.245365142822266,107.66465759277344,98.757080078125,14.70927619934082,168.38514709472656,38.832096099853516,37.90928268432617,33.99686050415039
2020-05-05,71.83202362060547,66.88825988769531,356.1300048828125,115.88999938964844,19.470569610595703,281.51434326171875,160.47372436523438,34.665103912353516,70.56694793701172,97.98405456542969,66.85816192626953,193.68389892578125,52.07810592651367,125.68212127685547,78.17562103271484,37.5956916809082,264.3697814941406,155.06053161621094,205.26744079589844,61.1688346862793,171.3340301513672,79.41736602783203,7.306304931640625,108.28141784667969,98.96183013916016,14.778846740722656,170.57423400878906,39.018531799316406,38.22494125366211,33.958984375
2020-05-06,72.57313537597656,66.92742919921875,362.5199890136719,117.56300354003906,19.20420265197754,282.4012145996094,160.88658142089844,34.40591812133789,68.40943908691406,97.80953216552734,66.68023681640625,192.23304748535156,52.75559997558594,124.48834991455078,76.70557403564453,37.05741882324219,262.8838195800781,153.0967559814453,206.65524291992188,60.470970153808594,173.0211944580078,80.5467300415039,7.407042026519775,107.54953002929688,96.47946166992188,14.306757926940918,170.8992462158203,38.41781234741211,37.786705017089844,33.32267379760742
2020-05-07,73.32390594482422,65.98721313476562,366.7799987792969,118.38050079345703,19.62523651123047,278.84478759765625,167.0106201171875,34.589847564697266,70.37702941894531,102.3567886352539,67.86225128173828,196.9805450439453,52.7466926574707,124.07643127441406,77.50434112548828,36.93320083618164,268.7022705078125,156.68692016601562,209.4209442138672,59.27910232543945,174.0259246826172,80.65601348876953,7.583145618438721,108.18276977539062,95.68612670898438,14.356451988220215,174.66558837890625,38.37639617919922,37.5189094543457,33.51205062866211
2020-05-08,75.06914520263672,65.78350830078125,367.510009765625,118.98049926757812,20.252490997314453,279.7041931152344,172.9086151123047,35.9443473815918,72.52694702148438,105.8375244140625,68.60863494873047,201.25576782226562,53.192405700683594,125.00955963134766,78.77041625976562,38.18363571166992,272.53302001953125,156.78204345703125,210.50148010253906,59.90642166137695,175.049560546875,82.38642120361328,7.772928714752197,110.38668823242188,98.91065216064453,14.803691864013672,176.9310760498047,39.35685348510742,37.842105865478516,34.98162841796875
2020-05-11,76.25037384033203,68.87054443359375,371.4200134277344,120.44999694824219,19.401826858520508,283.7177429199219,179.56344604492188,36.22026443481445,70.93160247802734,104.48981475830078,69.56267547607422,203.08436584472656,53.602481842041016,125.3542709350586,76.45064544677734,37.71162414550781,271.36541748046875,156.4792938232422,211.32424926757812,61.090415954589844,177.00218200683594,82.81446838378906,8.024648666381836,110.51004791259766,98.36469268798828,14.59994888305664,175.4685516357422,38.94257354736328,38.066810607910156,34.64832305908203
2020-05-12,75.37895202636719,70.87630462646484,365.1000061035156,117.84750366210938,18.791763305664062,278.6985168457031,174.52069091796875,36.13665771484375,69.20712280273438,101.37751770019531,68.15467071533203,199.94227600097656,52.05136489868164,123.69811248779297,73.95244598388672,37.115386962890625,262.5653076171875,152.7247314453125,208.2710418701172,60.52585220336914,172.9927520751953,80.38275909423828,7.762979507446289,109.32583618164062,97.71638488769531,14.356451988220215,171.55882263183594,38.29352951049805,38.100677490234375,34.06917190551758
2020-05-13,74.46883392333984,69.63054656982422,358.55999755859375,118.39600372314453,17.932519912719727,276.2301025390625,166.75506591796875,35.07479476928711,67.3838882446289,99.78742980957031,66.82396697998047,197.53848266601562,51.47193145751953,123.68968963623047,71.40322875976562,36.386661529541016,259.7188720703125,149.506591796875,203.31460571289062,61.07472610473633,170.37669372558594,78.34268951416016,7.740593433380127,109.34226989746094,97.17894744873047,13.958901405334473,169.567138671875,37.87232971191406,38.079132080078125,32.37806701660156
2020-05-14,74.92631530761719,70.46890258789062,355.3900146484375,119.44249725341797,18.654285430908203,274.0359191894531,164.15994262695312,36.66341018676758,68.40943908691406,102.68643951416016,67.2467269897461,201.29867553710938,52.66646194458008,124.11847686767578,74.3687973022461,36.187923431396484,267.5830078125,151.74716186523438,205.00970458984375,62.7684211730957,171.1160125732422,78.82540893554688,7.989825248718262,109.44097137451172,97.08512878417969,14.20240306854248,173.21531677246094,37.91376876831055,37.9898567199707,32.66378402709961
2020-05-15,74.48336029052734,71.07219696044922,365.29998779296875,120.48899841308594,18.42228889465332,273.5513000488281,168.41632080078125,37.01457595825195,67.73332977294922,105.7308578491211,68.04959106445312,205.46238708496094,51.95330810546875,126.47238159179688,72.99224853515625,35.823551177978516,269.1556701660156,150.3629913330078,209.0442657470703,62.55670928955078,173.60887145996094,79.22614288330078,8.447741508483887,111.80120086669922,97.76757049560547,14.068228721618652,175.69529724121094,37.77566909790039,38.765541076660156,32.4321174621582
2020-05-18,76.23828125,71.66767120361328,367.9700012207031,121.31300354003906,19.70256996154785,276.7969970703125,169.56642150878906,37.67509078979492,71.3408432006836,113.29346466064453,68.6502685546875,210.63052368164062,53.41526794433594,126.53964233398438,76.85853576660156,37.23960494995117,279.7313537597656,155.57089233398438,211.33416748046875,62.50965118408203,175.2676239013672,82.91466522216797,8.70592975616455,111.4475326538086,99.1324234008789,14.634737014770508,183.25013732910156,38.47304916381836,39.29497528076172,35.01124954223633
2020-05-19,75.79772186279297,71.45611572265625,372.20001220703125,122.46649932861328,19.08390998840332,278.50653076171875,173.0462188720703,37.29884719848633,69.08230590820312,110.88894653320312,68.11600494384766,204.4064483642578,53.74510955810547,125.27859497070312,75.34600067138672,36.88352584838867,280.5322265625,155.3459930419922,214.99203491210938,60.808135986328125,174.0543975830078,83.34271240234375,8.76090145111084,108.3307876586914,95.91647338867188,14.391237258911133,181.31597900390625,37.54782485961914,38.4608039855957,33.93017578125
2020-05-20,77.2718505859375,71.44829559326172,383.6300048828125,124.89700317382812,19.685382843017578,278.7625427246094,173.92105102539062,37.99282455444336,71.68771362304688,116.27001953125,69.8387222290039,204.48367309570312,56.25006103515625,124.15206909179688,77.60629272460938,38.0014533996582,288.319091796875,159.264892578125,227.9680938720703,60.290626525878906,176.46861267089844,84.6541976928711,8.924566268920898,107.94425201416016,96.63300323486328,14.704305648803711,185.62478637695312,37.4649658203125,38.614707946777344,35.0344123840332
2020-05-21,76.69574737548828,72.88211059570312,382.1700134277344,122.33699798583984,19.676790237426758,276.0746154785156,172.2794952392578,37.32392883300781,70.9477310180664,114.2436294555664,69.71929168701172,206.7930450439453,55.25164031982422,123.33659362792969,76.62059020996094,37.40522766113281,283.9383850097656,160.11265563964844,229.3756866455078,60.02399826049805,174.34901428222656,85.84728240966797,8.730801582336426,107.08078002929688,95.21695709228516,14.793754577636719,182.5224151611328,37.264732360839844,38.473121643066406,34.40892791748047
2020-05-22,77.18956756591797,72.16130065917969,385.260009765625,121.84400177001953,19.470569610595703,276.49517822265625,174.82542419433594,37.541324615478516,69.59102630615234,114.42784118652344,70.04093170166016,207.65150451660156,55.50124740600586,122.21075439453125,76.02578735351562,37.28929138183594,284.5655822753906,159.53305053710938,232.86508178710938,59.88287353515625,174.42503356933594,85.38280487060547,8.980530738830566,107.30280303955078,96.05294036865234,14.848419189453125,182.7522430419922,37.35448455810547,38.26996612548828,34.439823150634766
2020-05-26,76.66671752929688,71.07219696044922,376.6300048828125,121.09300231933594,20.8625545501709,278.6619873046875,173.51806640625,37.49114227294922,71.91895294189453,117.2686767578125,70.44385528564453,208.16664123535156,55.572566986083984,122.37159729003906,81.42158508300781,38.16707229614258,292.69024658203125,159.905029296875,230.1786651611328,60.58072280883789,172.58114624023438,87.99665069580078,8.673592567443848,106.70249938964844,95.56671142578125,15.315539360046387,185.01197814941406,37.49258804321289,38.12529754638672,35.451393127441406
2020-05-27,77.0007553100586,70.50023651123047,375.1700134277344,120.51950073242188,22.323278427124023,279.7681579589844,173.59669494628906,38.427589416503906,72.38147735595703,117.83101654052734,70.38983154296875,212.35601806640625,56.660118103027344,122.65096282958984,86.13763427734375,38.697059631347656,289.25506591796875,162.39654541015625,227.14529418945312,60.808135986328125,172.80923461914062,90.95657348632812,8.48206901550293,107.57418823242188,97.15338134765625,15.827381134033203,184.62893676757812,38.07258224487305,37.70051956176758,35.70622634887695
2020-05-28,77.03463745117188,70.53941345214844,379.8299865722656,120.05500030517578,21.360916137695312,283.013671875,178.0201873779297,38.12659454345703,70.04583740234375,113.19650268554688,70.28873443603516,210.4501953125,55.002037048339844,124.41167449951172,84.85454559326172,38.99518585205078,291.69635009765625,163.2703094482422,223.49732971191406,61.97645950317383,172.41949462890625,89.67243194580078,8.444012641906738,108.7912826538086,99.00447845458984,15.434798240661621,186.00778198242188,38.47304916381836,38.072967529296875,34.77959442138672
2020-05-29,76.95960998535156,72.6078872680664,386.6000061035156,122.11849975585938,20.725072860717773,282.01727294921875,171.8174591064453,39.98275375366211,70.6856460571289,113.72976684570312,71.04601287841797,213.31753540039062,56.098514556884766,125.91851043701172,82.68769073486328,38.655643463134766,290.33587646484375,162.26010131835938,223.1305694580078,63.29378890991211,174.17794799804688,90.00568389892578,8.830545425415039,108.18276977539062,98.88505554199219,15.335413932800293,186.94618225097656,39.61922836303711,38.18685531616211,35.11164093017578
2020-06-01,77.90604400634766,71.06434631347656,389.67999267578125,123.552001953125,21.146108627319336,281.8527526855469,173.36077880859375,38.71187210083008,71.52586364746094,115.15501403808594,71.11293029785156,212.29598999023438,55.144676208496094,124.59793853759766,83.78386688232422,38.9123649597168,290.82794189453125,163.20936584472656,229.89120483398438,62.38420867919922,173.7787322998047,90.88218688964844,8.761645317077637,109.3669662475586,100.01960754394531,15.370198249816895,186.09400939941406,38.51447677612305,38.15607833862305,35.73711013793945
2020-06-02,78.26670837402344,71.33076477050781,390.44000244140625,123.62049865722656,21.34373664855957,280.7556457519531,171.26698303222656,39.20518112182617,72.99044799804688,115.13563537597656,71.48164367675781,216.94894409179688,55.376441955566406,125.49522399902344,84.06427001953125,38.83783721923828,292.9411926269531,163.36614990234375,230.6941680908203,63.38787078857422,175.7557373046875,91.97779846191406,8.780550003051758,109.07090759277344,100.71057891845703,15.400019645690918,188.0186004638672,38.94257354736328,38.1499137878418,36.532474517822266
2020-06-03,78.69757080078125,71.21321868896484,389.9200134277344,123.91999816894531,22.331867218017578,280.34423828125,172.01406860351562,39.24699020385742,74.90982818603516,118.46122741699219,71.33000183105469,216.76763916015625,55.207069396972656,125.83385467529297,88.60186004638672,39.66593551635742,296.2991027832031,168.33001708984375,228.15643310546875,64.34449005126953,176.1834716796875,95.05469512939453,8.725082397460938,109.2271728515625,101.11148834228516,15.658419609069824,188.5069122314453,39.239479064941406,38.00524139404297,38.022804260253906
2020-06-04,78.0197982788086,72.89777374267578,385.79998779296875,123.02999877929688,23.171154022216797,284.10174560546875,168.5244598388672,39.18010330200195,74.21607208251953,119.9252700805664,70.09346008300781,214.99720764160156,56.134178161621094,124.20854187011719,90.44578552246094,39.682491302490234,290.7990417480469,168.28648376464844,224.32012939453125,63.944580078125,173.86427307128906,92.47083282470703,8.72607707977295,108.21029663085938,98.99595642089844,15.802531242370605,185.4141082763672,39.50876235961914,37.586631774902344,37.914695739746094
2020-06-05,80.24188232421875,73.53241729736328,392.8999938964844,124.1500015258789,24.321922302246094,285.28118896484375,170.92295837402344,39.991127014160156,77.70794677734375,121.02088165283203,71.3681640625,220.1356964111328,57.35544967651367,124.6910171508789,94.51602172851562,40.651371002197266,300.9404602050781,171.70033264160156,228.7611083984375,64.5013198852539,177.9324188232422,93.77645874023438,8.87886905670166,109.76004791259766,100.94088745117188,16.284557342529297,191.13052368164062,39.867801666259766,37.417327880859375,40.98802947998047
2020-06-08,80.71630859375,74.1122055053711,397.7799987792969,126.2030029296875,24.69398307800293,280.8470764160156,173.5475311279297,40.241947174072266,79.58106231689453,123.40599822998047,71.76563262939453,221.75064086914062,56.75818634033203,124.24238586425781,96.40243530273438,41.28071594238281,299.5220031738281,176.48138427734375,229.38565063476562,65.00313568115234,179.03492736816406,95.2190170288086,8.76440143585205,109.56942749023438,101.55509185791016,16.51314926147461,191.1209716796875,40.109474182128906,37.3188362121582,42.26986312866211
2020-06-09,83.26520538330078,75.35016632080078,397.1600036621094,130.04299926757812,24.41709327697754,279.3475646972656,171.5913848876953,40.17505645751953,78.26295471191406,120.11917877197266,71.96585845947266,221.7420654296875,56.196571350097656,123.55670166015625,93.92969512939453,40.57684326171875,300.5639953613281,173.75555419921875,236.59234619140625,64.5013198852539,180.4036407470703,93.70341491699219,9.004287719726562,110.19928741455078,100.94941711425781,16.210023880004883,190.6230010986328,39.950660705566406,37.352691650390625,41.32778549194336
2020-06-10,85.40736389160156,75.922119140625,406.82000732421875,132.37249755859375,23.015411376953125,280.9749755859375,179.00314331054688,39.648319244384766,75.2181625366211,118.46122741699219,72.59131622314453,219.7470703125,56.93647003173828,125.11434173583984,90.12290954589844,40.26216506958008,302.16583251953125,170.51589965820312,234.6692352294922,64.11708068847656,187.0951385498047,93.23777770996094,9.323559761047363,111.1606216430664,101.7086410522461,15.971490859985352,191.96351623535156,40.08185958862305,37.29420471191406,39.11159896850586
2020-06-11,81.30693054199219,72.28663635253906,387.6700134277344,127.89800262451172,20.705217361450195,275.0323791503906,169.1240692138672,36.512908935546875,68.88958740234375,109.21159362792969,69.47891235351562,206.81011962890625,53.21915054321289,119.24798583984375,82.60273742675781,37.71162414550781,281.0340576171875,163.29644775390625,222.47628784179688,60.651283264160156,177.04844665527344,86.89226531982422,8.755688667297363,105.94779205322266,99.1750717163086,14.99252986907959,180.8563690185547,38.977088928222656,36.96485900878906,35.65989685058594
2020-06-12,82.00889587402344,72.44335174560547,406.5400085449219,127.2509994506836,21.440671920776367,273.08514404296875,172.1320343017578,37.6834602355957,71.21751403808594,111.97484588623047,70.02507781982422,209.38368225097656,52.889320373535156,120.33147430419922,84.86305236816406,38.1043586730957,287.3445739746094,164.74209594726562,226.5901641845703,60.30355453491211,178.44561767578125,88.04267883300781,8.89130973815918,106.90914154052734,98.629150390625,15.156517028808594,184.0927276611328,39.03232955932617,36.24148941040039,36.42436218261719
2020-06-15,83.0230941772461,72.92910766601562,401.3399963378906,128.63400268554688,21.76081085205078,271.6954345703125,175.57252502441406,37.917572021484375,70.32335662841797,113.51644897460938,70.41264343261719,208.44236755371094,53.57572937011719,119.56963348388672,86.03565216064453,38.689300537109375,286.746337890625,165.02073669433594,230.4760284423828,58.50156021118164,179.58624267578125,89.33001708984375,9.131448745727539,108.13569641113281,99.54190063476562,15.156517028808594,183.61399841308594,38.769962310791016,36.34614944458008,36.40119171142578
2020-06-16,85.22341918945312,75.26399230957031,411.6700134277344,130.7635040283203,22.323211669921875,275.5169677734375,177.41070556640625,38.862369537353516,72.48167419433594,114.8350601196289,71.68782806396484,215.86083984375,53.843170166015625,122.2869644165039,86.72393798828125,39.08205032348633,293.7999267578125,165.7435760498047,233.59861755371094,60.833091735839844,183.98704528808594,90.4256820678711,9.02668571472168,109.12191772460938,100.77027893066406,15.295659065246582,184.6864013671875,39.30161666870117,36.82940673828125,37.2197151184082
2020-06-17,85.10480499267578,75.01326751708984,413.489990234375,132.0489959716797,21.631023406982422,273.9170227050781,178.3150634765625,38.603172302246094,70.56230926513672,114.0691146850586,71.98866271972656,216.63807678222656,53.92338943481445,121.91450500488281,84.53165435791016,38.92327117919922,293.105224609375,166.15286254882812,233.4796905517578,60.295631408691406,184.6238250732422,90.58087921142578,9.193413734436035,109.19649505615234,100.59967803955078,15.037253379821777,185.33750915527344,39.11518478393555,36.63856887817383,36.00737380981445
2020-06-18,85.13871002197266,75.3971939086914,420.4599914550781,132.69900512695312,21.665634155273438,273.88043212890625,184.4685821533203,38.31890869140625,70.87065124511719,114.7672119140625,71.07575225830078,215.2217559814453,53.557899475097656,121.39810943603516,84.07276916503906,39.26588821411133,294.1570129394531,165.02073669433594,233.88612365722656,60.240325927734375,186.60084533691406,89.886962890625,9.175493240356445,110.04181671142578,101.75127410888672,15.081976890563965,185.6726837158203,39.28089904785156,36.318443298339844,36.23131561279297
2020-06-19,84.65216827392578,75.77325439453125,428.010009765625,133.75050354003906,21.847332000732422,274.1820983886719,183.77069091796875,37.892486572265625,69.86083984375,110.86953735351562,70.60592651367188,213.0108642578125,53.14783477783203,121.75365447998047,83.11256408691406,38.45532989501953,286.099853515625,162.4691162109375,236.71128845214844,61.568119049072266,185.48880004882812,87.44921112060547,9.218545913696289,108.79869079589844,101.44419860839844,15.062100410461426,184.03529357910156,38.776859283447266,36.8909797668457,35.50545883178711
2020-06-22,86.86699676513672,76.21202850341797,438.6400146484375,135.6909942626953,21.30223274230957,274.6849670410156,188.39073181152344,37.758705139160156,70.600830078125,112.39176177978516,71.8954849243164,215.17855834960938,53.56681442260742,121.3812026977539,82.21185302734375,38.22134780883789,293.7613525390625,163.2528839111328,237.1375732421875,60.659210205078125,190.6405029296875,90.85480499267578,9.482821464538574,108.60807800292969,100.44612884521484,14.9627103805542,186.67807006835938,38.43162536621094,37.45427703857422,35.84521484375
2020-06-23,88.72113800048828,76.24337005615234,440.54998779296875,138.2205047607422,21.449323654174805,275.4529724121094,185.84475708007812,38.017906188964844,70.4852294921875,113.0413589477539,72.55563354492188,216.17172241210938,53.41526794433594,120.93252563476562,83.21455383300781,38.13779067993164,296.1156921386719,162.52137756347656,240.1312713623047,60.951637268066406,191.9141387939453,93.05514526367188,9.406424522399902,108.86497497558594,100.42906951904297,15.032280921936035,189.5602264404297,37.934486389160156,37.26650619506836,36.06143569946289
2020-06-24,87.15504455566406,74.54314422607422,431.67999267578125,136.72000122070312,20.601388931274414,272.46337890625,182.39447021484375,37.415897369384766,67.55603790283203,108.65895080566406,71.00537109375,212.56178283691406,52.67536926269531,118.35913848876953,80.4359130859375,37.31052780151367,283.69708251953125,160.49227905273438,231.98284912109375,59.96368408203125,188.04563903808594,91.3752212524414,9.192915916442871,107.37323760986328,99.31157684326172,14.619830131530762,183.2788543701172,37.23711013793945,37.02949142456055,34.36260223388672
2020-06-25,88.31208038330078,75.99266052246094,436.95001220703125,137.72900390625,21.388751983642578,274.7581787109375,185.13702392578125,37.808876037597656,68.76626586914062,107.97055053710938,71.42169952392578,211.9140625,52.1583366394043,118.2321548461914,83.24003601074219,37.544498443603516,287.5568542480469,159.15980529785156,233.6283416748047,60.516937255859375,190.42189025878906,92.58041381835938,9.44624137878418,108.90641784667969,100.5655746459961,14.768911361694336,185.7396697998047,37.47877883911133,36.84788513183594,34.879966735839844
2020-06-26,85.59862518310547,75.31883239746094,426.9200134277344,134.64349365234375,20.030332565307617,271.128662109375,180.05496215820312,38.720237731933594,66.6464614868164,105.77934265136719,67.5281982421875,208.14004516601562,51.25797653198242,116.65766143798828,78.67695617675781,36.408050537109375,279.1910095214844,156.52981567382812,214.19898986816406,59.42627716064453,186.61041259765625,85.52275085449219,9.112785339355469,106.85111236572266,98.29644775390625,14.4508638381958,181.22975158691406,36.7054443359375,36.4200325012207,33.68307113647461
2020-06-29,87.57137298583984,75.56171417236328,424.20001220703125,134.0189971923828,20.237987518310547,275.7272033691406,180.21221923828125,38.58645248413086,67.57918548583984,108.12568664550781,69.24449157714844,212.5531463623047,51.94438934326172,117.69886016845703,79.0253677368164,37.06819152832031,282.655029296875,159.19464111328125,218.7192840576172,60.161285400390625,188.61595153808594,87.53141021728516,9.157577514648438,108.63294982910156,100.3693618774414,14.863327980041504,183.25013732910156,37.76186752319336,36.64780807495117,34.22361755371094
2020-06-30,88.3023910522461,76.9250259399414,435.30999755859375,137.9409942626953,20.54947280883789,277.20831298828125,184.14422607421875,38.99614715576172,68.78166961669922,108.1159896850586,70.27932739257812,216.3444366455078,53.33504104614258,119.0447998046875,79.92607116699219,37.335594177246094,285.32794189453125,160.64901733398438,225.09332275390625,61.117618560791016,193.43499755859375,89.52179718017578,9.453954696655273,109.61087036132812,101.99867248535156,15.022346496582031,184.96409606933594,38.065677642822266,36.86943054199219,34.53248977661133
2020-07-01,88.13533782958984,77.67718505859375,439.80999755859375,143.93499755859375,20.125503540039062,278.61627197265625,188.6266632080078,38.511207580566406,67.54061889648438,109.5703353881836,71.46629333496094,214.3062744140625,52.4257698059082,118.83316802978516,79.24628448486328,37.452571868896484,290.6061096191406,160.814453125,235.48208618164062,61.74198532104492,194.5659942626953,88.9283218383789,9.486055374145508,109.69377136230469,102.3484115600586,14.858352661132812,185.54818725585938,37.7480583190918,36.84172821044922,33.75257110595703
2020-07-02,88.13533782958984,77.47348022460938,442.95001220703125,144.51499938964844,20.151460647583008,279.5213317871094,189.25579833984375,38.45221710205078,68.0724868774414,108.76559448242188,72.85050201416016,214.6085968017578,52.711036682128906,119.33263397216797,79.50369262695312,37.502716064453125,291.81219482421875,159.82168579101562,231.38804626464844,62.263607025146484,196.0487823486328,89.86872100830078,9.5679292678833,110.09983825683594,103.11614990234375,14.947806358337402,187.35789489746094,37.83091354370117,36.69398880004883,34.03828048706055
2020-07-06,90.49300384521484,77.57532501220703,452.5899963378906,152.8520050048828,20.471601486206055,284.77825927734375,194.3574981689453,39.117942810058594,68.27293395996094,110.94711303710938,74.32347106933594,215.51536560058594,53.07651901245117,121.03411102294922,81.51143646240234,37.7951774597168,294.8516845703125,164.1585693359375,238.18832397460938,62.895896911621094,200.2689971923828,91.25650024414062,9.793879508972168,110.47276306152344,103.7559585571289,15.151549339294434,189.35911560058594,38.14162063598633,36.595481872558594,34.27766418457031
2020-07-07,90.21222686767578,77.84174346923828,449.3599853515625,150.00599670410156,19.909194946289062,289.11181640625,193.04031372070312,38.45221710205078,66.53083038330078,110.17146301269531,73.84123229980469,213.61537170410156,51.98004913330078,120.924072265625,79.21195983886719,37.778472900390625,289.3902587890625,161.8246612548828,238.76329040527344,62.21619415283203,197.94029235839844,88.62700653076172,9.8262300491333,110.69654083251953,104.2592544555664,15.067063331604004,185.9503173828125,38.00353240966797,39.07643127441406,33.38964080810547
2020-07-08,92.31326293945312,77.78688049316406,457.67999267578125,154.0554962158203,19.987062454223633,289.19415283203125,196.8739776611328,38.60390853881836,66.5616683959961,113.10924530029297,74.51922607421875,215.1871795654297,52.247474670410156,121.27958679199219,80.05281066894531,37.6614875793457,290.0086364746094,161.85081481933594,241.45962524414062,61.58390808105469,202.29351806640625,90.24305725097656,10.168892860412598,111.23522186279297,104.83078002929688,15.136637687683105,186.7834014892578,38.23829650878906,38.3038330078125,33.31242752075195
2020-07-09,92.71024322509766,76.73698425292969,460.8399963378906,159.13150024414062,19.701536178588867,297.6234436035156,197.32615661621094,39.353904724121094,63.77893829345703,113.25467681884766,75.2656021118164,214.14222717285156,52.07810592651367,120.61930847167969,78.31961059570312,36.692169189453125,284.63641357421875,160.5270538330078,242.37161254882812,60.611778259277344,203.70977783203125,88.55398559570312,10.460543632507324,109.98381042480469,104.48104095458984,15.01893138885498,184.04486083984375,37.66226577758789,39.32267379760742,31.93792152404785
2020-07-10,92.8724365234375,75.86727905273438,466.20001220703125,160.0,20.783090591430664,298.2542419433594,195.49781799316406,39.320194244384766,65.6983413696289,115.7076644897461,76.274169921875,215.99899291992188,53.06760787963867,120.51773071289062,82.6010971069336,37.728336334228516,285.6896057128906,161.00607299804688,242.93663024902344,60.643402099609375,203.0919189453125,89.46699523925781,10.430930137634277,111.43414306640625,105.68383026123047,15.318899154663086,184.37045288085938,38.0462760925293,40.224552154541016,32.934051513671875
2020-07-13,92.44400024414062,76.6742935180664,442.4700012207031,155.1999969482422,20.930179595947266,295.22808837890625,185.13702392578125,38.705020904541016,65.82939147949219,112.68263244628906,74.94692993164062,215.57582092285156,52.22073745727539,122.92182159423828,83.78518676757812,37.81189727783203,280.37548828125,161.04092407226562,236.9194793701172,61.133419036865234,196.81869506835938,88.07007598876953,10.005899429321289,111.80706024169922,105.82032012939453,15.13078498840332,180.99038696289062,38.018348693847656,39.86749267578125,32.941768646240234
2020-07-14,93.97380065917969,78.41111755371094,433.7799987792969,154.1999969482422,20.88691520690918,299.8724670410156,186.33628845214844,38.98311996459961,68.10334014892578,115.04837036132812,75.3746337890625,222.63157653808594,52.57731246948242,125.21588134765625,84.26567077636719,38.329978942871094,288.84912109375,166.09188842773438,237.64312744140625,61.84474182128906,198.03536987304688,88.3439712524414,10.329151153564453,112.31261444091797,106.70748138427734,15.23246955871582,185.1173095703125,38.709590911865234,40.633949279785156,34.030555725097656
2020-07-15,94.62008666992188,79.68798065185547,433.010009765625,150.44349670410156,21.284931182861328,298.6838684082031,184.89126586914062,39.101097106933594,68.51959228515625,117.22018432617188,75.17738342285156,222.6401824951172,52.62188720703125,125.5036849975586,85.56983184814453,38.77286911010742,295.3904113769531,167.00631713867188,238.18832397460938,62.78525161743164,197.74069213867188,89.96916198730469,10.180093765258789,110.79597473144531,106.20419311523438,15.257884979248047,188.2005157470703,38.44426727294922,40.630855560302734,34.46298599243164
2020-07-16,93.45578002929688,79.24384307861328,426.2900085449219,149.9949951171875,20.705217361450195,298.29083251953125,182.3551483154297,38.57862091064453,68.11105346679688,115.79492950439453,75.08024597167969,222.8820037841797,52.719947814941406,126.34172821044922,85.81010437011719,38.56395721435547,289.235595703125,166.26609802246094,238.8326873779297,62.75362014770508,193.82464599609375,88.80048370361328,10.088019371032715,110.95345306396484,106.42597961425781,15.451092720031738,185.28004455566406,38.94698715209961,40.69241714477539,34.192726135253906
2020-07-17,93.2669906616211,79.96554565429688,432.4200134277344,148.09849548339844,20.09089469909668,296.9377746582031,184.58656311035156,39.396034240722656,67.20915985107422,115.03866577148438,75.1759033203125,224.86831665039062,53.48657989501953,126.42639923095703,84.22276306152344,39.12382507324219,293.7864990234375,166.7537841796875,239.92308044433594,63.12508773803711,192.8361358642578,87.90573120117188,10.154459953308105,111.59988403320312,107.16809844970703,15.379912376403809,186.8025665283203,39.31006622314453,40.55082321166992,33.605857849121094
2020-07-20,95.23246765136719,78.9425048828125,455.2699890136719,159.8419952392578,20.402379989624023,298.5102233886719,191.772216796875,39.58143997192383,65.72916412353516,114.20484924316406,77.50474548339844,224.6869659423828,54.511741638183594,126.63801574707031,83.48487854003906,38.538883209228516,301.41961669921875,166.86697387695312,243.28358459472656,62.761531829833984,201.1244659423828,87.33051300048828,10.46228313446045,110.3153076171875,106.8354263305664,15.17654037475586,190.03897094726562,39.00983428955078,40.46772003173828,32.81821823120117
2020-07-21,93.91809844970703,77.24530792236328,444.2799987792969,156.9145050048828,21.129186630249023,299.6347961425781,187.55520629882812,39.62356948852539,70.44667053222656,115.00959777832031,77.11222839355469,226.630126953125,54.110599517822266,126.75652313232422,85.29528045654297,39.44135284423828,297.2068786621094,168.06007385253906,239.6455535888672,62.350555419921875,198.41552734375,89.8048095703125,10.280875205993652,111.40924835205078,106.69041442871094,15.379912376403809,188.1334686279297,38.988887786865234,40.732444763183594,34.478431701660156
2020-07-22,94.18194580078125,77.48320770263672,445.04998779296875,154.99549865722656,21.03400993347168,300.14678955078125,188.05653381347656,39.52244567871094,70.17689514160156,115.4071044921875,77.55481719970703,229.00506591796875,54.42259979248047,126.98503875732422,84.67750549316406,40.510948181152344,302.7818908691406,172.9717559814453,237.78189086914062,62.263607025146484,201.26698303222656,90.30696868896484,10.390615463256836,112.71868896484375,107.60317993164062,15.334149360656738,190.41241455078125,38.926048278808594,40.834014892578125,33.675350189208984
2020-07-23,89.89513397216797,77.74494171142578,431.739990234375,149.32749938964844,21.233016967773438,298.1445617675781,185.3336181640625,39.95222091674805,70.15377807617188,114.52481079101562,75.17094421386719,227.83053588867188,53.843170166015625,126.6464614868164,84.92633056640625,40.34383010864258,299.4291687011719,172.03997802734375,230.5751953125,61.69456481933594,192.5129852294922,89.75003051757812,10.083040237426758,113.6054458618164,108.29936218261719,15.201957702636719,189.0431365966797,38.9958610534668,40.520057678222656,33.74484634399414
2020-07-24,89.67242431640625,77.01530456542969,430.30999755859375,150.44549560546875,21.068614959716797,297.8428039550781,185.28451538085938,39.101097106933594,69.4754409790039,114.03032684326172,74.74769592285156,229.1259765625,45.09809875488281,125.38517761230469,84.32572937011719,40.519309997558594,296.5498962402344,173.05886840820312,228.70166015625,60.93583297729492,191.33436584472656,89.86872100830078,10.147494316101074,112.76012420654297,108.12767028808594,15.034178733825684,186.85995483398438,39.694091796875,40.39692687988281,33.536354064941406
2020-07-27,91.79769134521484,77.05496215820312,437.1000061035156,152.760498046875,20.88691520690918,299.5066833496094,187.71249389648438,39.766822814941406,70.17689514160156,112.76988983154297,75.79936218261719,230.9481658935547,44.188838958740234,124.58946228027344,83.14168548583984,40.510948181152344,298.42431640625,175.26217651367188,231.4673614501953,62.382179260253906,193.758056640625,88.75482940673828,10.373444557189941,114.09440612792969,108.43672180175781,14.891817092895508,188.5452117919922,39.708045959472656,40.3876953125,34.030555725097656
2020-07-28,90.28966522216797,76.6980972290039,432.260009765625,150.01649475097656,21.077272415161133,299.4793395996094,186.2772979736328,38.99997329711914,68.68917083740234,112.64385223388672,74.5217056274414,229.1000518798828,43.89466094970703,124.29318237304688,83.50202941894531,40.26026916503906,295.9797058105469,170.89913940429688,228.1167755126953,62.98284149169922,192.01870727539062,87.89659881591797,10.16839599609375,113.85409545898438,109.77586364746094,15.09519100189209,188.3824462890625,40.133975982666016,40.55699157714844,33.62902069091797
2020-07-29,92.0203857421875,76.93601989746094,436.29998779296875,151.67649841308594,21.864643096923828,298.1719970703125,190.31741333007812,39.36233139038086,69.42916107177734,112.09119415283203,75.5059585571289,228.56459045410156,42.85166549682617,124.04769134521484,85.5269546508789,40.126564025878906,298.8493957519531,170.8730010986328,231.25917053222656,62.71411895751953,193.95770263671875,88.53571319580078,10.417242050170898,114.30989074707031,110.14501190185547,15.029095649719238,190.14427185058594,40.113033294677734,40.22763442993164,33.999671936035156
2020-07-30,93.13385772705078,76.16674041748047,438.8800048828125,152.593994140625,21.492586135864258,297.6038818359375,188.43991088867188,39.134796142578125,66.5,112.13967895507812,76.24243927001953,229.9895782470703,42.780357360839844,124.30162048339844,83.24462890625,39.8508186340332,298.55963134765625,170.1763153076172,232.4586639404297,62.42960739135742,193.80560302734375,88.39876556396484,10.565056800842285,114.11100769042969,112.81470489501953,15.034178733825684,185.8162841796875,40.00830078125,40.05217361450195,32.33174133300781
2020-07-31,102.8838882446289,75.27056884765625,444.32000732421875,158.23399353027344,21.527189254760742,298.2543640136719,191.53631591796875,39.69098663330078,64.70397186279297,113.3807144165039,73.74359893798828,229.28138732910156,42.548583984375,123.38739013671875,82.91858673095703,39.47477722167969,298.10546875,169.19219970703125,251.46177673339844,63.417518615722656,194.86062622070312,89.12006378173828,10.565803527832031,114.08612823486328,112.55717468261719,15.03926944732666,182.31178283691406,40.133975982666016,39.83055114746094,32.493896484375
2020-08-03,105.47632598876953,76.08740997314453,447.9700012207031,155.59449768066406,21.622371673583984,301.7268981933594,199.73452758789062,39.741539001464844,65.37457275390625,112.80867004394531,73.48638153076172,229.87734985351562,43.056697845458984,124.7333755493164,82.45526123046875,38.689300537109375,302.0282287597656,169.29669189453125,249.7666778564453,65.23532104492188,205.8198699951172,89.77741241455078,10.959482192993164,113.29053497314453,112.70309448242188,15.059603691101074,182.5894317626953,39.966400146484375,39.799781799316406,32.62516784667969
2020-08-04,106.18071746826172,74.77884674072266,446.9200134277344,156.94149780273438,21.639677047729492,311.3196105957031,197.9847869873047,40.17131805419922,66.6695785522461,113.72006225585938,73.01753234863281,231.33680725097656,43.796600341796875,124.623291015625,81.98336791992188,39.015201568603516,303.7674865722656,173.61624145507812,247.65521240234375,64.54772186279297,202.7307586669922,88.86439514160156,11.175975799560547,113.92866516113281,114.84917449951172,15.257884979248047,184.12147521972656,40.43421173095703,40.520057678222656,33.56724548339844
2020-08-05,106.56560516357422,73.95405578613281,449.510009765625,160.25149536132812,21.968467712402344,311.48443603515625,199.19383239746094,39.88480758666992,67.21685791015625,123.72595977783203,73.30449676513672,231.00001525878906,43.609397888183594,125.62220001220703,83.40763854980469,39.458072662353516,316.9176025390625,173.52911376953125,246.95138549804688,64.52401733398438,202.39808654785156,92.160400390625,11.234707832336426,112.9176025390625,114.54872131347656,15.17654037475586,187.7696533203125,40.17587661743164,39.956764221191406,33.86067199707031
2020-08-06,110.28359985351562,73.41476440429688,464.1099853515625,161.25,22.037681579589844,314.5447082519531,204.25624084472656,40.25558853149414,67.42500305175781,126.83826446533203,74.58612823486328,232.63223266601562,43.59144973754883,124.90264129638672,83.43339538574219,39.67533874511719,318.9853210449219,176.94293212890625,262.9707336425781,64.05770111083984,205.63925170898438,91.7130355834961,11.283230781555176,112.59435272216797,113.92206573486328,15.171455383300781,190.32623291015625,40.378353118896484,39.815162658691406,33.698516845703125
2020-08-07,107.77619171142578,73.69233703613281,449.57000732421875,158.3730010986328,22.59144401550293,312.3457336425781,197.6309051513672,39.96906661987305,66.90853881835938,125.97533416748047,74.26001739501953,234.59263610839844,43.1068000793457,125.79149627685547,85.26953887939453,39.942726135253906,316.9368591308594,178.17955017089844,266.10321044921875,64.03400421142578,201.9608612060547,93.0003890991211,11.147857666015625,113.32368469238281,114.64315795898438,15.262975692749023,188.0186004638672,40.86711120605469,40.006011962890625,33.5440788269043
2020-08-10,109.34270477294922,73.26407623291016,443.2900085449219,157.4080047607422,22.980798721313477,311.5120849609375,193.8070526123047,40.22188186645508,69.16709899902344,124.87002563476562,74.1832046508789,237.26121520996094,44.17482376098633,125.3089599609375,86.35065460205078,39.875877380371094,311.9705810546875,177.7615509033203,260.7105712890625,63.94708251953125,197.94029235839844,96.24160766601562,11.113519668579102,112.6938247680664,115.11528778076172,15.354490280151367,188.4303436279297,41.188289642333984,40.593929290771484,34.37032699584961
2020-08-11,106.09087371826172,73.49407958984375,435.2300109863281,154.0334930419922,23.292285919189453,304.5763244628906,188.72496032714844,39.766822814941406,69.08230590820312,126.518310546875,73.37635803222656,237.4253387451172,43.250389099121094,124.41167449951172,89.07913208007812,40.05136489868164,317.4393615722656,178.52793884277344,253.90036010742188,63.94708251953125,193.31137084960938,95.97685241699219,10.799968719482422,111.9811019897461,114.36844635009766,15.354490280151367,189.36868286132812,40.853145599365234,40.076805114746094,34.72553253173828
2020-08-12,109.6167221069336,75.74638366699219,445.3599853515625,158.11199951171875,23.127893447875977,308.54351806640625,189.34423828125,40.53367233276367,69.93022155761719,127.77871704101562,74.69963073730469,243.1769561767578,44.147891998291016,126.68882751464844,88.32408905029297,40.46918487548828,316.56011962890625,179.4162139892578,257.6276550292969,65.34597778320312,198.8336944580078,96.06813049316406,11.38749885559082,114.2021484375,116.28273010253906,15.344321250915527,190.29751586914062,40.91597366333008,40.59700393676758,34.71766662597656
2020-08-13,111.55667114257812,75.0881576538086,450.0199890136719,158.05099487304688,22.799097061157227,307.5723571777344,191.82138061523438,35.999969482421875,69.23646545410156,126.9739990234375,75.1659927368164,243.24609375,43.58246994018555,125.28358459472656,87.83502960205078,40.42738723754883,315.16876220703125,179.82550048828125,259.0253601074219,66.02568054199219,198.3679656982422,97.25506591796875,11.390233993530273,114.45075988769531,116.55742645263672,15.207046508789062,189.4727783203125,40.86012649536133,40.75154495239258,33.86724090576172
2020-08-14,111.45724487304688,75.3974380493164,447.6000061035156,157.4010009765625,22.90292739868164,308.1036682128906,190.1699676513672,35.814579010009766,69.64501190185547,126.55709075927734,74.57027435302734,242.28746032714844,43.878639221191406,125.48678588867188,87.86932373046875,40.48588943481445,315.7580871582031,180.29576110839844,258.9659118652344,65.9782485961914,198.55810546875,97.17290496826172,11.5106782913208,114.0032730102539,115.97370910644531,15.257884979248047,188.57135009765625,41.04865264892578,40.98334884643555,34.0168571472168
2020-08-17,111.16625213623047,76.4125747680664,451.5799865722656,159.12049865722656,22.409740447998047,311.4754333496094,193.39418029785156,35.46907043457031,69.96874237060547,125.43238830566406,75.14566802978516,248.92861938476562,43.91454315185547,126.12162780761719,85.55268096923828,40.28533935546875,319.072265625,181.72398376464844,258.8865661621094,66.9898910522461,199.8697509765625,96.4698715209961,12.280111312866211,114.30160522460938,116.31710052490234,15.17654037475586,191.2468719482422,41.04167556762695,41.910579681396484,33.575889587402344
2020-08-18,112.09259033203125,75.85743713378906,463.510009765625,165.62449645996094,22.089603424072266,312.1991271972656,200.54055786132812,35.376380920410156,68.52215576171875,124.99608612060547,77.10528564453125,246.13058471679688,43.66325378417969,127.05279541015625,84.36006927490234,40.46082305908203,319.8161926269531,183.16094970703125,260.05633544921875,66.83182525634766,201.01988220214844,97.66592407226562,12.204212188720703,114.45906066894531,117.18408203125,15.146032333374023,190.84405517578125,41.32095718383789,41.635494232177734,33.4105339050293
2020-08-19,112.23323822021484,76.21431732177734,462.010009765625,163.0240020751953,22.063644409179688,312.3365783691406,201.62184143066406,35.2836799621582,67.55255126953125,123.8810806274414,76.55169677734375,244.2823944091797,43.37604522705078,127.30674743652344,84.55740356445312,39.58341598510742,321.16888427734375,182.45553588867188,260.30413818359375,67.20328521728516,199.80027770996094,98.96240234375,12.082528114318848,113.08334350585938,116.54887390136719,15.115527153015137,192.74282836914062,41.230186462402344,40.92462158203125,33.040443420410156
2020-08-20,114.7236328125,75.50054931640625,478.4800109863281,164.86849975585938,21.717546463012695,312.30914306640625,205.947021484375,35.65446472167969,66.31707000732422,124.2204360961914,78.11978912353516,242.39974975585938,44.12993621826172,128.17864990234375,83.5449447631836,39.56669998168945,325.92279052734375,182.77772521972656,266.66827392578125,67.20328521728516,204.44992065429688,98.615478515625,12.085016250610352,113.3071060180664,117.47599792480469,15.085025787353516,195.773193359375,41.167354583740234,40.355918884277344,32.53649139404297
2020-08-21,120.63561248779297,75.23090362548828,473.2200012207031,164.23599243164062,21.613718032836914,315.7357482910156,204.0006866455078,35.603904724121094,66.5281982421875,123.5611343383789,78.08609771728516,244.60202026367188,44.228668212890625,129.31297302246094,83.50202941894531,39.50821304321289,325.7101135253906,184.24952697753906,264.6856689453125,67.16378021240234,202.96356201171875,100.20414733886719,12.625018119812012,113.09162902832031,117.98243713378906,15.09519100189209,195.75399780273438,41.188289642333984,40.68354797363281,32.29238510131836
2020-08-24,122.07845306396484,74.95332336425781,476.29998779296875,165.3730010986328,22.22804069519043,315.2959289550781,204.91485595703125,35.54491424560547,68.18590545654297,126.71220397949219,78.5608901977539,247.64187622070312,44.1030158996582,129.6538543701172,85.85301208496094,40.08478927612305,332.0291748046875,185.16392517089844,269.0274963378906,67.51152801513672,203.6019744873047,102.10323333740234,12.661595344543457,114.06956481933594,118.90093994140625,15.268058776855469,197.9404754638672,41.59326171875,40.5908317565918,33.245174407958984
2020-08-25,121.07696533203125,74.59645080566406,484.42999267578125,167.32449340820312,22.496261596679688,315.8273620605469,212.37579345703125,35.359527587890625,67.3492431640625,125.83958435058594,79.5867919921875,247.10635375976562,44.36329650878906,129.57713317871094,86.23052215576172,40.0346565246582,335.9132995605469,185.1900634765625,278.37542724609375,67.7170181274414,206.2506866455078,101.8110580444336,12.69120979309082,113.78778839111328,119.37310791015625,15.201957702636719,199.56112670898438,41.488529205322266,40.37446975708008,32.19002151489258
2020-08-26,122.7234878540039,74.8264389038086,528.489990234375,172.09249877929688,22.11556053161621,315.4241943359375,267.6888427734375,35.603904724121094,66.29358673095703,128.1568603515625,81.48397064208984,252.11544799804688,44.47098922729492,129.78170776367188,85.0207290649414,40.243568420410156,339.1597900390625,186.1566925048828,301.264404296875,67.60638427734375,210.70974731445312,101.82929992675781,12.714101791381836,114.7574234008789,118.79792785644531,15.247713088989258,201.63246154785156,41.51646423339844,40.3961067199707,31.504959106445312
2020-08-27,121.25640869140625,74.78678131103516,510.32000732421875,170.0,22.539520263671875,317.3390808105469,271.6208190917969,35.63762283325195,66.39527893066406,129.65965270996094,80.7103271484375,249.26553344726562,44.33637619018555,130.361083984375,87.81787872314453,40.30204391479492,343.9715270996094,184.78945922851562,290.6674499511719,67.82766723632812,215.88340759277344,101.1993179321289,12.570023536682129,114.69940948486328,118.64344024658203,15.201957702636719,202.370849609375,41.49551010131836,42.22891616821289,31.292348861694336
2020-08-28,121.05998229980469,74.68367767333984,516.4400024414062,170.08999633789062,22.755840301513672,319.1806640625,266.4896240234375,35.561767578125,66.958251953125,131.4145965576172,81.25102996826172,247.24464416503906,45.26078796386719,130.9235382080078,88.1781997680664,41.6390495300293,353.7496032714844,187.15821838378906,291.1037292480469,67.69331359863281,218.1034393310547,102.75031280517578,13.087124824523926,115.97569274902344,119.12415313720703,15.27314281463623,206.85887145996094,41.37681198120117,43.363216400146484,32.040409088134766
2020-08-31,125.16539764404297,75.9526138305664,513.3900146484375,172.54800415039062,22.271305084228516,318.5301513671875,268.01324462890625,35.5786247253418,65.62895202636719,127.8563003540039,80.76039123535156,246.16505432128906,45.72748947143555,130.72755432128906,85.96455383300781,41.38835144042969,346.0875549316406,187.03558349609375,290.647705078125,67.3929672241211,214.88299560546875,102.38428497314453,13.312828063964844,116.07515716552734,118.74645233154297,15.156206130981445,203.29147338867188,41.383792877197266,42.91506576538086,31.44983673095703
2020-09-01,130.1510772705078,73.1530532836914,527.9500122070312,174.95599365234375,22.245344161987305,321.9385070800781,276.46697998046875,35.418514251708984,64.96430969238281,129.48516845703125,82.02664947509766,246.9423065185547,45.583892822265625,129.1169891357422,85.92163848876953,41.045745849609375,344.84112548828125,186.30853271484375,292.8681640625,66.72908020019531,216.54083251953125,105.08369445800781,13.761384010314941,115.3541030883789,118.61769104003906,14.983341217041016,204.5956573486328,41.307003021240234,45.616390228271484,31.048254013061523
2020-09-02,127.45455169677734,74.50920104980469,533.7999877929688,176.57249450683594,22.51357078552246,328.79168701171875,271.9844970703125,35.747169494628906,65.05030059814453,131.26914978027344,85.11477661132812,249.33856201171875,46.894229888916016,131.08547973632812,87.21723937988281,42.77549743652344,348.5127258300781,189.40943908691406,299.8666687011719,68.7049560546875,220.71408081054688,106.87716674804688,14.284621238708496,118.7519760131836,120.61781311035156,15.100281715393066,207.59727478027344,42.263553619384766,45.644203186035156,30.859268188476562
2020-09-03,117.25040435791016,72.859619140625,507.79998779296875,168.39999389648438,22.35674476623535,319.1165771484375,260.503173828125,34.5084114074707,64.33872985839844,129.18460083007812,80.75939178466797,238.4256134033203,45.22490310668945,127.43826293945312,86.94268035888672,42.18219757080078,332.22247314453125,187.28086853027344,288.5857238769531,67.56685638427734,207.04148864746094,103.26274108886719,12.959362030029297,116.33384704589844,118.68638610839844,15.044350624084473,200.3857879638672,42.319419860839844,44.6737060546875,30.796274185180664
2020-09-04,117.32803344726562,72.859619140625,491.94000244140625,164.7310028076172,23.123458862304688,317.53155517578125,250.36851501464844,34.39885330200195,64.0650405883789,127.97264862060547,78.36560821533203,234.1107635498047,44.94667434692383,126.62019348144531,88.82173156738281,42.650150299072266,323.6907653808594,185.46759033203125,280.268798828125,67.3692626953125,204.13548278808594,102.85098266601562,12.568056106567383,115.82466888427734,118.42884063720703,14.957919120788574,196.2622528076172,42.22865295410156,44.14519119262695,30.772647857666016
2020-09-08,109.43242645263672,71.55105590820312,462.1300048828125,157.49200439453125,22.199913024902344,310.4675598144531,237.16688537597656,33.70783996582031,61.7504768371582,130.11538696289062,75.51043701171875,233.76353454589844,43.89659118652344,125.48686218261719,85.7328872680664,41.6223258972168,318.7340393066406,187.08815002441406,268.7994689941406,65.85968017578125,193.0926971435547,103.14378356933594,11.861617088317871,113.14525604248047,116.69478607177734,15.00367546081543,191.90853881835938,41.865562438964844,42.79143142700195,30.063962936401367
2020-09-09,113.79729461669922,72.66927337646484,479.4599914550781,163.4304962158203,22.226051330566406,317.4033203125,246.17112731933594,33.81739807128906,62.57933807373047,129.3009490966797,76.68156433105469,240.51791381835938,44.533817291259766,127.56608581542969,86.54796600341797,41.93987274169922,328.1643981933594,188.9539337158203,271.3372497558594,67.084716796875,201.31524658203125,105.13858795166016,12.660158157348633,114.44740295410156,118.59191131591797,14.932494163513184,195.68685913085938,41.92143630981445,43.23649978637695,29.88286018371582
2020-09-10,110.08230590820312,71.0989761352539,476.260009765625,158.7554931640625,21.90367889404297,311.0813293457031,243.58583068847656,33.34547805786133,61.10927963256836,129.1652069091797,75.63184356689453,236.74996948242188,43.941471099853516,125.18859100341797,85.65564727783203,41.781105041503906,321.6327819824219,190.29417419433594,265.7562561035156,66.04937744140625,195.6746826171875,105.03793334960938,12.258645057678223,112.4858169555664,117.34720611572266,14.698619842529297,193.2703094482422,41.56534194946289,42.2845458984375,29.134809494018555
2020-09-11,108.63701629638672,71.13864135742188,471.3500061035156,155.81100463867188,22.21734046936035,310.71490478515625,238.96578979492188,33.606719970703125,60.74959945678711,127.73992919921875,75.12187194824219,239.90151977539062,44.228668212890625,125.92997741699219,86.71958923339844,42.66686248779297,318.9949035644531,190.95993041992188,264.2892150878906,66.76860046386719,194.39801025390625,107.9752197265625,12.112031936645508,113.36229705810547,118.58334350585938,14.744377136230469,192.445556640625,41.74686813354492,42.250553131103516,29.05606460571289
2020-09-14,111.89617156982422,71.76517486572266,485.9100036621094,155.14849853515625,22.43515968322754,314.1872863769531,242.445556640625,34.01963806152344,60.43680953979492,127.25517272949219,74.77842712402344,243.6519317626953,44.34534454345703,126.41573333740234,87.92081451416016,42.717403411865234,327.15948486328125,193.20233154296875,263.83306884765625,66.99945831298828,195.7128448486328,109.14649200439453,12.816727638244629,114.08012390136719,119.00399017333984,14.815560340881348,196.56915283203125,42.11692810058594,42.44217300415039,28.867080688476562
2020-09-15,112.07077026367188,72.09825897216797,497.6700134277344,157.80650329589844,22.02566146850586,315.09442138671875,247.39984130859375,34.21345520019531,59.701778411865234,127.2454833984375,76.08137512207031,247.9320068359375,44.87486267089844,126.87583923339844,85.1837387084961,43.00381851196289,327.6812744140625,194.78782653808594,270.0485534667969,67.03926086425781,198.9237518310547,109.13733673095703,12.934964179992676,113.20368957519531,119.00399017333984,14.805389404296875,196.96229553222656,42.312435150146484,42.45453643798828,28.559980392456055
2020-09-16,108.76313781738281,71.20208740234375,476.0,153.90499877929688,22.304466247558594,314.92950439453125,246.33824157714844,34.061763763427734,61.42987060546875,128.06961059570312,74.93999481201172,244.50277709960938,45.20694351196289,126.45829010009766,85.54410552978516,42.7847900390625,330.2995910644531,196.92518615722656,261.22607421875,68.12195587158203,195.36981201171875,108.5151138305664,12.46052074432373,112.66947174072266,118.20564270019531,14.866397857666016,196.7130126953125,42.1518440246582,42.11456298828125,29.77262306213379
2020-09-17,107.02690124511719,71.08312225341797,474.29998779296875,150.43649291992188,22.086650848388672,310.4859313964844,240.3714599609375,34.01963806152344,61.6097297668457,126.25651550292969,73.69850158691406,243.05296325683594,45.16206359863281,125.41018676757812,84.56596374511719,42.58262252807617,327.96142578125,194.97181701660156,252.6017608642578,68.17768859863281,193.33087158203125,106.47455596923828,12.409741401672363,111.1836929321289,118.05110931396484,14.779969215393066,196.8472442626953,42.30545425415039,42.24746322631836,29.764751434326172
2020-09-18,103.6319808959961,71.46380615234375,467.54998779296875,147.74549865722656,21.964672088623047,307.810546875,238.6511993408203,33.5477294921875,61.15620422363281,124.71491241455078,71.91679382324219,238.91183471679688,44.77614212036133,127.1229476928711,84.38580322265625,42.49838638305664,323.9322814941406,192.9483184814453,250.3317108154297,68.3130111694336,190.92982482910156,104.91898345947266,12.136674880981445,109.73963165283203,117.9223403930664,14.708788871765137,194.29635620117188,42.137874603271484,41.81476974487305,29.284414291381836
2020-09-21,106.77469635009766,70.65486145019531,475.6400146484375,148.02349853515625,21.319934844970703,311.1180419921875,240.8826141357422,32.89884948730469,59.66267776489258,121.59292602539062,70.87850952148438,236.4461669921875,44.62356948852539,123.64623260498047,81.77743530273438,41.35274887084961,316.772705078125,189.56712341308594,245.9897918701172,66.17948150634766,192.9783477783203,103.73858642578125,12.46325969696045,109.54763793945312,117.35578918457031,14.556262969970703,189.3480987548828,41.62119674682617,42.36491394042969,28.68596649169922
2020-09-22,108.45274353027344,70.26626586914062,486.7799987792969,156.44949340820312,20.85816192626953,315.5892028808594,243.56619262695312,33.13480758666992,59.06058883666992,123.33814239501953,72.34945678710938,237.2796630859375,44.82999801635742,122.8878173828125,80.88507843017578,41.83290100097656,323.9806213378906,189.56712341308594,252.53237915039062,66.02823638916016,197.62794494628906,106.94123840332031,12.583240509033203,110.30723571777344,118.42884063720703,14.495245933532715,192.33047485351562,41.767818450927734,42.748172760009766,27.977285385131836
2020-09-23,103.903564453125,69.10838317871094,470.3900146484375,149.9929962158203,20.265697479248047,315.7541198730469,231.9766845703125,32.25840377807617,56.261199951171875,119.52774810791016,69.8501205444336,231.41078186035156,43.81582260131836,123.0838394165039,79.57231140136719,40.61143493652344,313.5648498535156,188.3057098388672,246.85226440429688,65.78145599365234,191.12034606933594,116.31128692626953,12.071457862854004,109.34729766845703,117.01241302490234,14.169853210449219,187.3534698486328,41.1324348449707,42.03110885620117,27.079620361328125
2020-09-24,104.9705581665039,68.13289642333984,467.6700134277344,150.989501953125,20.33539390563965,317.9254150390625,233.51016235351562,31.896038055419922,56.143924713134766,118.76179504394531,70.5177001953125,230.67283630371094,44.1209716796875,123.27977752685547,79.50369262695312,41.02421188354492,317.12060546875,189.31307983398438,247.3577880859375,66.19541931152344,193.5976104736328,114.15177154541016,12.294739723205566,109.8314437866211,117.53604888916016,14.2562894821167,187.49729919433594,41.32794189453125,42.250553131103516,27.024499893188477
2020-09-25,108.90864562988281,68.38668060302734,479.7799987792969,154.75650024414062,20.46608543395996,313.8757629394531,238.6118927001953,32.40166473388672,56.167362213134766,120.225830078125,71.32058715820312,233.14707946777344,44.821014404296875,124.12345886230469,80.19868469238281,41.04106140136719,320.5699157714844,191.11752319335938,252.6017608642578,66.020263671875,198.00906372070312,113.67596435546875,12.818222999572754,111.47582244873047,118.1369857788086,14.2562894821167,189.1562957763672,41.46758270263672,42.42673110961914,27.27647590637207
2020-09-28,111.5081787109375,69.21939849853516,488.510009765625,158.70249938964844,20.98885154724121,320.3259582519531,242.4750518798828,32.97469711303711,57.80946350097656,122.15526580810547,72.2919692993164,236.42880249023438,46.158294677734375,125.3590316772461,82.5067367553711,41.512794494628906,326.95660400390625,192.93959045410156,254.58436584472656,65.88491821289062,199.5525665283203,113.75831604003906,12.978775978088379,115.16525268554688,118.47173309326172,14.429153442382812,192.10035705566406,41.446632385253906,42.42054748535156,27.804052352905273
2020-09-29,110.66429138183594,68.91010284423828,489.3299865722656,157.24400329589844,20.710046768188477,322.6347351074219,243.24180603027344,32.915706634521484,56.22210693359375,121.58321380615234,72.65675354003906,236.2378387451172,45.94289016723633,125.31639862060547,81.81175994873047,41.20953369140625,324.8695068359375,191.5555419921875,259.5111083984375,65.20028686523438,197.47547912597656,115.61583709716797,13.168705940246582,114.48914337158203,117.82793426513672,14.388480186462402,191.25645446777344,41.362850189208984,42.38655090332031,26.993003845214844
2020-09-30,112.3326416015625,69.46525573730469,490.42999267578125,157.43649291992188,20.98885154724121,325.255126953125,247.04598999023438,33.19379425048828,56.30030059814453,120.30339813232422,72.63592529296875,241.09957885742188,46.472412109375,126.86737823486328,82.6010971069336,41.58861541748047,326.7440185546875,192.26507568359375,259.6201171875,66.03619384765625,200.4005889892578,114.87466430664062,13.472139358520508,115.69110870361328,119.31300354003906,14.495245933532715,191.76467895507812,41.53740692138672,43.24269104003906,27.03236961364746
2020-10-01,113.2832260131836,69.10838317871094,499.510009765625,161.06300354003906,20.997560501098633,328.4253234863281,249.13975524902344,32.99818801879883,55.06481170654297,119.55683135986328,73.7411117553711,241.02145385742188,46.8852653503418,125.5379867553711,83.20172882080078,41.428550720214844,331.7683410644531,192.3526611328125,264.3089294433594,64.99330139160156,202.43002319335938,115.88121795654297,13.555777549743652,117.52747344970703,119.52764892578125,14.48508071899414,195.0059814453125,41.50948715209961,44.22244644165039,26.087459564208984
2020-10-02,109.62642669677734,68.29944610595703,478.989990234375,156.25,21.093399047851562,325.2644348144531,243.635009765625,32.54743576049805,55.666934967041016,118.8199691772461,72.14031982421875,242.4886474609375,45.781333923339844,124.6176528930664,83.99112701416016,41.580177307128906,327.3816833496094,195.05064392089844,257.6772155761719,64.32457733154297,196.4560089111328,115.88121795654297,13.005908012390137,115.2403793334961,118.5661849975586,14.581680297851562,193.19357299804688,41.362850189208984,43.42503356933594,25.969348907470703
2020-10-05,113.00192260742188,69.73490905761719,486.4700012207031,159.9600067138672,21.450624465942383,328.5352478027344,247.25241088867188,32.802581787109375,56.847660064697266,119.6150131225586,73.4898452758789,244.91090393066406,46.391639709472656,126.31342315673828,85.766357421875,41.5970344543457,331.6523132324219,198.02890014648438,262.3462219238281,64.67486572265625,200.4481964111328,117.04331970214844,13.583656311035156,115.13186645507812,119.65635681152344,14.5765962600708,195.1881866455078,41.65610122680664,43.82684326171875,26.56779670715332
2020-10-06,109.76224517822266,68.1170425415039,478.9800109863281,154.9980010986328,21.232803344726562,328.3245849609375,245.88601684570312,32.802581787109375,56.534889221191406,117.24928283691406,71.91332244873047,240.02304077148438,46.10444259643555,124.63471984863281,84.88306427001953,41.226375579833984,326.02899169921875,196.2945098876953,256.4083251953125,63.39316177368164,196.1892547607422,116.80538940429688,13.677253723144531,113.27046203613281,119.8452377319336,14.596933364868164,192.22503662109375,41.51646423339844,43.46521759033203,26.292192459106445
2020-10-07,111.62458038330078,69.05287170410156,493.1499938964844,159.7845001220703,21.677152633666992,332.6031188964844,255.55873107910156,33.50846862792969,57.692161560058594,119.16901397705078,72.31575775146484,245.5098876953125,47.27117919921875,126.01518249511719,86.36387634277344,41.748661041259766,332.2803649902344,198.38803100585938,255.87301635742188,63.71955108642578,199.92417907714844,119.01065063476562,13.903770446777344,114.36392211914062,120.78093719482422,14.642690658569336,194.1620635986328,41.62119674682617,43.54558563232422,26.37880516052246
2020-10-08,111.51786804199219,69.26697540283203,490.8399963378906,159.52749633789062,21.990808486938477,334.499755859375,255.79457092285156,33.840152740478516,58.81816864013672,119.34352111816406,73.51959228515625,247.01173400878906,47.899436950683594,126.87583923339844,88.13914489746094,42.506805419921875,333.8764343261719,197.79241943359375,261.4639587402344,64.06983947753906,200.63876342773438,118.69039916992188,13.779058456420898,115.06510925292969,121.59646606445312,14.902338027954102,194.65115356445312,41.76797103881836,43.69084548950195,27.764678955078125
2020-10-09,113.45780181884766,69.552490234375,502.1600036621094,164.33250427246094,22.095359802246094,338.5036315917969,261.45672607421875,33.891178131103516,57.86418533325195,121.17601013183594,74.85871124267578,248.2272491455078,47.40580749511719,128.6483154296875,87.6368637084961,42.8016357421875,340.8800354003906,196.94271850585938,262.1479797363281,63.97429656982422,205.6218719482422,119.85250091552734,13.703385353088379,115.55757141113281,122.6866226196289,14.751288414001465,198.1610565185547,41.86676025390625,44.129730224609375,27.355224609375
2020-10-12,120.66472625732422,70.04421997070312,510.8900146484375,172.14649963378906,22.374160766601562,344.9353942871094,262.5281677246094,34.324920654296875,58.26298522949219,121.16631317138672,77.54192352294922,249.0867462158203,48.35716247558594,129.3896484375,88.710693359375,43.037506103515625,340.54144287109375,198.06396484375,273.34954833984375,63.97429656982422,210.9479522705078,118.4616470336914,14.164639472961426,118.63765716552734,124.03433227539062,14.652318000793457,197.9308319091797,42.02200698852539,44.58407211303711,27.268604278564453
2020-10-13,117.46380615234375,69.65558624267578,514.3099975585938,172.18150329589844,21.738140106201172,348.7835388183594,262.2922058105469,33.857173919677734,57.39502716064453,125.03486633300781,77.66482543945312,252.0818328857422,48.312286376953125,126.42422485351562,87.27315521240234,42.30463790893555,334.5439453125,199.1501007080078,273.7362060546875,64.25293731689453,212.3390350341797,118.22370147705078,14.18679428100586,119.8145751953125,123.79399108886719,14.454383850097656,195.93621826171875,41.88792419433594,45.196041107177734,26.945758819580078
2020-10-14,117.55110931396484,69.18936920166016,506.30999755859375,168.1855010986328,20.579357147216797,346.6395263671875,257.3771667480469,33.925201416015625,57.043148040771484,122.73700714111328,77.48491668701172,249.24301147460938,48.060977935791016,126.20264434814453,86.78820037841797,42.22039794921875,331.5065612792969,199.38661193847656,269.45379638671875,64.09370422363281,210.43348693847656,116.81456756591797,14.034456253051758,118.96321868896484,123.64806365966797,14.318957328796387,193.90318298339844,41.231651306152344,44.488250732421875,26.89063835144043
2020-10-15,117.08554077148438,68.51411437988281,501.1499938964844,166.9324951171875,21.041126251220703,345.0270080566406,253.33714294433594,33.99324035644531,57.481040954589844,123.48356628417969,77.08993530273438,249.6336212158203,48.330230712890625,125.4272232055664,88.08717346191406,42.11089324951172,327.5113220214844,201.15606689453125,264.3981628417969,62.93938064575195,209.29010009765625,118.04068756103516,13.909743309020996,118.05337524414062,123.46778869628906,14.298120498657227,191.36195373535156,41.041141510009766,44.67060852050781,27.126863479614258
2020-10-16,115.44624328613281,69.35013580322266,502.82000732421875,163.635498046875,21.11954116821289,349.5714111328125,254.1530303955078,34.154823303222656,56.9962272644043,122.9502944946289,77.69605255126953,249.73789978027344,48.60845184326172,126.20264434814453,87.90532684326172,42.14458465576172,328.3143310546875,200.91957092285156,263.6150817871094,63.55234909057617,209.29010009765625,117.12567901611328,13.751927375793457,118.30374145507812,123.94850158691406,14.235616683959961,192.04281616210938,40.96352005004883,44.72624588012695,26.85126495361328
2020-10-19,112.49754333496094,67.7745361328125,495.20001220703125,160.36050415039062,20.66648292541504,344.09246826171875,250.67324829101562,33.42341995239258,55.737300872802734,120.44883728027344,75.82512664794922,246.32595825195312,48.98540496826172,122.98155212402344,86.42450714111328,41.79920196533203,320.8368225097656,197.96759033203125,259.1244201660156,62.628883361816406,204.10691833496094,116.60408782958984,13.439531326293945,116.59259796142578,121.81961822509766,14.001219749450684,188.8878173828125,40.434268951416016,44.182273864746094,26.315813064575195
2020-10-20,113.98159790039062,67.72630310058594,494.5799865722656,160.85049438476562,21.03240966796875,346.6119689941406,251.61691284179688,33.33838653564453,56.05008316040039,121.14691162109375,76.87234497070312,248.33135986328125,47.953285217285156,123.17757415771484,86.91810607910156,42.32991409301758,320.88519287109375,199.2377471923828,265.2308654785156,62.31045913696289,204.51661682128906,117.57403564453125,13.58664321899414,116.6176528930664,122.30892944335938,13.938714981079102,189.58786010742188,40.39899444580078,44.475894927978516,26.536291122436523
2020-10-21,113.36080932617188,66.6330337524414,495.9599914550781,159.2469940185547,20.954002380371094,346.1631164550781,249.90647888183594,33.21931076049805,55.41669845581055,122.7757797241211,78.6025161743164,247.0030975341797,48.01610565185547,122.64920806884766,86.05213928222656,42.11089324951172,322.5296630859375,199.88595581054688,276.3036804199219,62.151241302490234,204.6595458984375,118.4341812133789,13.466413497924805,116.52583312988281,122.96989440917969,13.917880058288574,190.2878875732422,40.0461540222168,44.630428314208984,26.111083984375
2020-10-22,112.2744369506836,67.7745361328125,483.6000061035156,158.82000732421875,21.668439865112305,344.2665100097656,245.42405700683594,33.015201568603516,57.39502716064453,123.67748260498047,79.6269302368164,244.0948486328125,48.375118255615234,123.62918090820312,89.0916976928711,42.692134857177734,322.70379638671875,200.7268524169922,275.6990051269531,63.058780670166016,204.74526977539062,118.97405242919922,13.303370475769043,116.5342025756836,122.09893035888672,14.730452537536621,189.86595153808594,40.4554328918457,44.36771011352539,27.449718475341797
2020-10-23,111.58577728271484,67.79863739013672,488.5,160.22000122070312,21.6945743560791,343.2128601074219,246.25958251953125,33.015201568603516,56.74601364135742,124.44344329833984,80.93136596679688,245.69227600097656,43.259376525878906,123.76551055908203,89.8970718383789,42.557350158691406,318.8440246582031,200.34146118164062,282.3108825683594,63.55234909057617,206.0220489501953,118.94660186767578,13.531632423400879,116.49243927001953,122.9017333984375,14.490846633911133,189.88510131835938,40.9000129699707,44.46044158935547,26.898509979248047
2020-10-26,111.59546661376953,67.46102905273438,475.20001220703125,160.3520050048828,21.380924224853516,339.6488952636719,237.86480712890625,32.03715896606445,55.4714469909668,120.28400421142578,78.51824951171875,239.6497344970703,41.93107986450195,122.68327331542969,87.67149353027344,41.95083236694336,307.67132568359375,196.45216369628906,274.6977233886719,62.764217376708984,200.16236877441406,117.4642333984375,13.084568977355957,115.2403793334961,121.96949005126953,14.2616605758667,185.14781188964844,40.794158935546875,43.9380989074707,26.26069450378418
2020-10-27,113.09893035888672,66.48834991455078,478.55999755859375,164.31649780273438,20.77974510192871,341.4904479980469,246.04331970214844,31.356779098510742,54.35325622558594,119.55683135986328,79.2413558959961,240.34422302246094,40.96177673339844,121.98455047607422,86.01750183105469,42.035072326660156,306.7523498535156,195.31341552734375,280.82391357421875,62.08753967285156,203.18272399902344,117.11650085449219,13.338966369628906,116.12519836425781,122.88444519042969,14.022051811218262,182.26133728027344,40.490726470947266,44.15755081176758,25.843353271484375
2020-10-28,107.86106872558594,64.70374298095703,456.9700012207031,158.13900756835938,20.44866371154785,334.380615234375,234.3751678466797,30.37024688720703,52.29672622680664,114.86414337158203,74.87604522705078,234.16287231445312,39.714263916015625,117.90279388427734,83.60143280029297,40.40084457397461,281.8628845214844,188.06044006347656,265.3399353027344,60.64661407470703,193.11170959472656,111.70861053466797,12.572535514831543,111.99334716796875,118.82742309570312,13.803285598754883,173.44845581054688,39.73566436767578,43.28287124633789,24.859071731567383
2020-10-29,111.85736083984375,64.84844207763672,461.1099853515625,160.55050659179688,20.50965690612793,334.9313659667969,233.10711669921875,30.353227615356445,53.798065185546875,117.84070587158203,77.1598129272461,234.08473205566406,39.588619232177734,116.90574645996094,84.14698028564453,40.451385498046875,283.6039123535156,188.2881622314453,278.3853454589844,60.41575622558594,195.05538940429688,112.42235565185547,12.96782398223877,111.84309387207031,118.74978637695312,13.938714981079102,177.28428649902344,40.053218841552734,43.24577713012695,25.96147346496582
2020-10-30,105.59132385253906,68.40959167480469,447.1000061035156,151.8074951171875,20.649057388305664,328.2852478027344,228.31996154785156,30.531827926635742,54.345420837402344,117.55953216552734,80.09527587890625,231.54971313476562,39.74117660522461,116.83757019042969,84.90037536621094,40.48508071899414,279.2122802734375,186.580078125,260.8196105957031,59.874412536621094,192.91163635253906,109.87850952148438,12.479936599731445,111.2587890625,118.34403228759766,14.074143409729004,174.25393676757812,40.215518951416016,42.8841552734375,25.685871124267578
2020-11-02,105.50404357910156,70.94178771972656,444.94000244140625,150.2239990234375,20.98013687133789,334.5,228.4969024658203,30.531827926635742,56.41758346557617,116.47361755371094,80.50218200683594,235.04837036132812,39.90272521972656,118.18394470214844,86.81419372558594,40.95681381225586,280.4988708496094,186.1946563720703,259.08477783203125,61.06853485107422,192.7782440185547,111.99227142333984,12.526484489440918,112.81135559082031,119.55252838134766,14.240825653076172,177.15963745117188,40.7165412902832,43.394126892089844,26.764652252197266
2020-11-03,107.12388610839844,70.70867156982422,454.0199890136719,152.42050170898438,21.511608123779297,341.4490051269531,233.09730529785156,31.195194244384766,56.09699249267578,120.24522399902344,81.5597915649414,240.80433654785156,40.25275421142578,118.02208709716797,89.55068969726562,41.57175827026367,285.7418212890625,189.90869140625,262.9905090332031,61.235740661621094,196.68466186523438,114.00536346435547,12.96334457397461,114.38896942138672,121.9004135131836,14.303329467773438,180.6118927001953,40.75181579589844,44.129730224609375,26.307939529418945
2020-11-04,111.49846649169922,75.96600341796875,487.2300109863281,162.05799865722656,20.631628036499023,345.3136291503906,246.4758758544922,31.101640701293945,56.12044906616211,121.26326751708984,86.5252685546875,245.44908142089844,41.01563262939453,118.78897857666016,86.81419372558594,41.42013168334961,297.1659851074219,188.21810913085938,284.8782958984375,64.1812744140625,206.17446899414062,116.52173614501953,13.73475170135498,115.07343292236328,121.39974975585938,14.084562301635742,186.01087951660156,40.3778190612793,43.876285552978516,26.16620635986328
2020-11-05,115.45597839355469,75.31487274169922,496.4700012207031,166.10000610351562,21.44190788269043,353.6304931640625,255.79457092285156,31.662946701049805,56.409767150878906,123.09574127197266,87.3504409790039,248.16651916503906,41.29587936401367,119.09579467773438,90.36470031738281,41.64756774902344,306.1913146972656,189.4795379638672,292.1147766113281,64.05391693115234,212.7487335205078,118.68124389648438,14.09892463684082,115.23202514648438,122.9017333984375,14.329371452331543,189.53030395507812,41.034088134765625,44.342994689941406,26.118955612182617
2020-11-06,115.3248062133789,74.63961029052734,494.6300048828125,165.56849670410156,21.180526733398438,354.0252685546875,255.72584533691406,31.9180965423584,55.635658264160156,123.58052062988281,87.21316528320312,246.7687225341797,41.03371047973633,121.21762084960938,89.16101837158203,41.65599060058594,303.395751953125,189.698486328125,290.8558349609375,63.97429656982422,213.15843200683594,117.94918823242188,14.499191284179688,115.5074691772461,123.6353988647461,14.292912483215332,190.32626342773438,41.30223846435547,45.053871154785156,25.811859130859375
2020-11-09,113.02198791503906,76.46439361572266,471.1400146484375,157.18699645996094,24.186403274536133,335.05987548828125,254.87062072753906,32.487911224365234,62.08671951293945,138.25001525878906,87.29692840576172,234.37994384765625,41.223548889160156,124.48133850097656,101.23270416259766,44.28424072265625,333.3057556152344,186.77276611328125,276.3432312011719,64.08573913574219,208.08006286621094,117.99496459960938,13.5719575881958,115.56592559814453,119.1123046875,14.740870475769043,203.9532012939453,42.22664260864258,44.3646354675293,29.079687118530273
2020-11-10,112.68192291259766,79.47891998291016,452.0,151.75100708007812,24.099279403686523,336.5470275878906,243.4482421875,32.930145263671875,64.95646667480469,137.7846221923828,86.1223373413086,239.2417449951172,41.07890701293945,126.35603332519531,100.90364074707031,45.47200393676758,323.84527587890625,186.8603515625,270.05841064453125,64.57136535644531,201.0484619140625,116.86030578613281,12.714920997619629,118.29544067382812,121.07174682617188,15.027352333068848,204.5573272705078,43.11577606201172,44.98896026611328,29.724828720092773
2020-11-11,116.10210418701172,78.90013885498047,467.75,156.8695068359375,23.820470809936523,342.330322265625,249.85731506347656,33.44894027709961,64.47948455810547,133.6251983642578,86.59366607666016,241.13430786132812,41.90156936645508,125.94705200195312,99.3968276977539,45.13505172729492,321.5332946777344,190.97740173339844,274.0732421875,64.53155517578125,206.32691955566406,116.81456756591797,13.360125541687012,120.1150894165039,122.63414001464844,14.96484375,203.97230529785156,43.04521942138672,45.73691177368164,29.418384552001953
2020-11-12,115.83003997802734,78.45801544189453,462.5799865722656,155.51400756835938,23.254150390625,344.89141845703125,245.17828369140625,32.887638092041016,63.079803466796875,131.3952178955078,86.3750991821289,239.8233184814453,40.63593673706055,126.37308502197266,98.17582702636719,44.6548957824707,317.5671691894531,186.6414031982422,272.6853942871094,63.57624435424805,205.2693328857422,115.88121795654297,13.398707389831543,120.06501007080078,122.70317840576172,14.81379222869873,200.0154571533203,42.89702606201172,45.81419372558594,28.410354614257812
2020-11-13,115.8786392211914,79.61559295654297,469.3399963378906,156.4405059814453,23.524242401123047,347.7646789550781,245.2667694091797,35.209407806396484,64.92518615722656,134.14874267578125,87.83415222167969,240.6307830810547,41.096988677978516,127.73651885986328,98.79066467285156,45.025543212890625,324.0870666503906,186.82534790039062,274.5390930175781,64.55543518066406,206.288818359375,117.38187408447266,13.23964786529541,120.7912368774414,124.54178619384766,15.058602333068848,202.14755249023438,43.08755874633789,46.52815628051758,29.09581184387207
2020-11-16,116.88914489746094,79.0689468383789,460.95001220703125,156.55299377441406,24.02957534790039,348.6367492675781,245.6403045654297,36.1789436340332,69.5621566772461,140.26670837402344,87.92189025878906,242.71435546875,41.756935119628906,128.54611206054688,101.57909393310547,45.36250305175781,324.4933166503906,189.847412109375,276.5316162109375,63.830989837646484,206.97479248046875,119.0564193725586,13.456954956054688,121.66766357421875,122.94490814208984,15.089853286743164,204.27967834472656,42.96759033203125,47.115394592285156,30.773178100585938
2020-11-17,116.00492858886719,79.75226593017578,467.95001220703125,156.7830047607422,24.00344467163086,350.5921325683594,251.81353759765625,35.61763381958008,69.06228637695312,140.1018829345703,87.30880737304688,236.55030822753906,41.160274505615234,127.26786041259766,100.548583984375,45.21929931640625,325.5090637207031,189.2167205810547,272.60614013671875,64.8818359375,204.33558654785156,120.97801208496094,13.364356994628906,121.23361206054688,122.47013092041016,15.121109008789062,202.3684844970703,42.868804931640625,46.166542053222656,31.184459686279297
2020-11-18,114.6834945678711,79.35832977294922,459.4700012207031,155.2729949951172,23.50681495666504,350.87664794921875,252.78668212890625,35.1413688659668,66.87232971191406,139.52015686035156,86.26704406738281,234.25836181640625,40.73537826538086,125.5805892944336,99.80384826660156,44.31793975830078,324.96734619140625,188.78749084472656,269.60247802734375,63.88672637939453,201.6416778564453,120.447265625,13.370828628540039,119.68103790283203,120.58839416503906,14.907548904418945,199.60244750976562,42.56536102294922,46.07999038696289,30.00707244873047
2020-11-19,115.27621459960938,80.12203979492188,466.4100036621094,155.8509979248047,23.50681495666504,352.0791320800781,260.1492614746094,35.013790130615234,68.02286529541016,137.40650939941406,87.1556625366211,235.2133331298828,41.24162673950195,125.38457489013672,100.07230377197266,44.7559814453125,322.97454833984375,188.42837524414062,270.56402587890625,63.99818420410156,202.9217529296875,120.70350646972656,13.382280349731445,119.6309585571289,120.44159698486328,14.730452537536621,199.352783203125,42.48773956298828,47.0164909362793,30.16028594970703
2020-11-20,114.0130615234375,81.06256103515625,462.9200134277344,154.97000122070312,23.35869789123535,349.85760498046875,253.65170288085938,34.843719482421875,68.0704574584961,136.77626037597656,86.05592346191406,234.24102783203125,41.03371047973633,124.71990966796875,99.21499633789062,44.36848831176758,312.44989013671875,187.53489685058594,267.3522033691406,64.04596710205078,200.98252868652344,121.68255615234375,13.031301498413086,119.71446228027344,120.24305725097656,14.751288414001465,195.8089141845703,42.36778259277344,46.43544006347656,29.789337158203125
2020-11-23,110.62201690673828,82.13975524902344,460.6099853515625,154.91949462890625,23.86403465270996,350.3991394042969,253.25851440429688,35.413516998291016,72.22816467285156,141.53683471679688,85.61878967285156,235.62139892578125,41.639408111572266,123.44999694824219,102.07270050048828,44.37690353393555,321.1946716308594,190.08392333984375,266.0932922363281,63.910614013671875,200.71507263183594,122.73487854003906,13.083325386047363,119.38057708740234,119.77692413330078,14.907548904418945,199.91944885253906,42.501861572265625,46.64868927001953,31.740890502929688
2020-11-24,111.90460205078125,83.57063293457031,462.70001220703125,155.9029998779297,25.249351501464844,352.703369140625,256.4040832519531,36.23845672607422,75.8701171875,146.8791046142578,87.41983032226562,237.2796630859375,42.49822998046875,123.44999694824219,106.79228210449219,44.83180236816406,331.2066345214844,192.45774841308594,274.5093688964844,63.79916763305664,204.2974090576172,123.25645446777344,12.901863098144531,120.22361755371094,119.38851165771484,15.225284576416016,201.37925720214844,42.79117965698242,46.78160858154297,33.85371398925781
2020-11-25,112.7402114868164,83.76358032226562,470.0799865722656,159.2534942626953,25.292919158935547,355.94384765625,242.6225128173828,36.14492416381836,73.10890197753906,144.55215454101562,87.43123626708984,237.84396362304688,42.53438949584961,123.28694152832031,105.6751708984375,44.587501525878906,330.1716003417969,192.13368225097656,273.19091796875,63.735469818115234,204.30691528320312,124.02510833740234,13.177666664123535,120.33213806152344,119.70787811279297,15.100273132324219,202.5413360595703,42.62887191772461,46.92685317993164,32.91020202636719
2020-11-27,113.28435516357422,84.3182373046875,477.0299987792969,159.76699829101562,25.258066177368164,356.5313415527344,243.41876220703125,36.31501770019531,72.4503173828125,142.65184020996094,88.56568145751953,239.60633850097656,42.89599609375,123.5615234375,104.97374725341797,44.393760681152344,327.99505615234375,191.2489471435547,275.3916015625,63.57624435424805,205.60614013671875,122.84468841552734,13.20405101776123,120.69939422607422,119.64745330810547,15.121109008789062,202.64700317382812,42.74884033203125,46.85578536987305,32.41021728515625
2020-11-30,115.67459106445312,84.06903076171875,478.4700012207031,158.40199279785156,24.534910202026367,359.63397216796875,241.61985778808594,36.587162017822266,69.17337036132812,143.5050506591797,86.94900512695312,240.83912658691406,43.70962142944336,124.14502716064453,102.08135223388672,43.80794906616211,325.5186462402344,191.60142517089844,274.5589599609375,63.99818420410156,204.49798583984375,123.25645446777344,13.343698501586914,120.39055633544922,119.87190246582031,14.975263595581055,202.02272033691406,42.62887191772461,47.223575592041016,30.748985290527344
2020-12-01,119.24052429199219,83.63494110107422,479.1499938964844,161.00399780273438,24.996679306030273,365.08831787109375,237.2455291748047,37.02940368652344,69.3875961303711,144.89151000976562,88.97899627685547,240.13592529296875,44.80349349975586,126.52186584472656,103.69208526611328,44.1815071105957,327.811279296875,190.45591735839844,284.0555419921875,64.92163848876953,206.5422821044922,123.93363189697266,13.332247734069824,121.92640686035156,120.30351257324219,15.037768363952637,202.83908081054688,42.74884033203125,47.17721176147461,31.047361373901367
2020-12-02,119.59031677246094,84.39865112304688,481.260009765625,160.17649841308594,25.319055557250977,361.2637634277344,217.02532958984375,37.32707595825195,71.3077392578125,148.93460083007812,90.44648742675781,236.64425659179688,45.110862731933594,127.11395263671875,105.68382263183594,44.240936279296875,329.1075134277344,185.80332946777344,285.01702880859375,65.14457702636719,205.7398681640625,124.06172180175781,13.48608112335205,120.71609497070312,119.43167877197266,15.152359962463379,201.8594512939453,43.29924774169922,46.52197265625,32.20861053466797
2020-12-03,119.45429229736328,84.19764709472656,484.2799987792969,159.3365020751953,25.345354080200195,352.3616638183594,217.21212768554688,37.51417922973633,71.25222778320312,148.5758819580078,90.29138946533203,234.06048583984375,46.09625244140625,127.85183715820312,104.99105834960938,44.80976486206055,324.1934509277344,186.37608337402344,279.3964538574219,64.84202575683594,204.66038513183594,125.32444763183594,13.342159271240234,121.43319702148438,118.55122375488281,15.225284576416016,199.81378173828125,43.56739807128906,46.14488983154297,32.42634582519531
2020-12-04,118.78386688232422,86.2395248413086,486.0,158.12899780273438,25.678497314453125,351.7776794433594,222.01895141601562,37.74380874633789,74.01341247558594,149.44847106933594,90.38652038574219,230.4379425048828,47.000274658203125,128.94161987304688,105.9436264038086,45.718177795410156,333.1025085449219,185.69760131835938,277.2652282714844,65.23211669921875,204.77503967285156,125.78750610351562,13.503758430480957,122.61009216308594,118.66343688964844,15.386757850646973,204.26046752929688,43.43332290649414,46.02436065673828,33.611793518066406
2020-12-07,120.24132537841797,85.0819320678711,492.25,157.89999389648438,25.50316047668457,351.68341064453125,223.82765197753906,37.71829605102539,72.01392364501953,149.00245666503906,90.05298614501953,229.25949096679688,45.382076263427734,127.82613372802734,105.54527282714844,44.98804473876953,329.82330322265625,184.0674591064453,283.0940246582031,65.68592071533203,204.70814514160156,127.21781921386719,13.552063941955566,122.20654296875,118.84468841552734,15.438848495483398,204.2316436767578,43.29219055175781,45.777095794677734,32.9827766418457
2020-12-08,120.85345458984375,86.56909942626953,495.2799987792969,158.864501953125,25.362886428833008,355.7058410644531,223.9849395751953,37.73529815673828,72.63282012939453,149.041259765625,89.77047729492188,228.45643615722656,45.825042724609375,130.03993225097656,105.64920043945312,45.149356842041016,329.6588439941406,183.6268310546875,280.9329528808594,66.21929168701172,206.35121154785156,127.55708312988281,13.296344757080078,122.33271026611328,119.16407012939453,16.048274993896484,204.34690856933594,43.36275863647461,46.19126510620117,34.06339645385742
2020-12-09,118.32717895507812,87.35688781738281,483.739990234375,155.2100067138672,25.248918533325195,352.5877380371094,216.81893920898438,38.0074462890625,71.76002502441406,149.7296142578125,88.1116943359375,231.82583618164062,45.26454162597656,131.36996459960938,104.8265380859375,45.27669906616211,325.84759521484375,183.89122009277344,275.5007019042969,66.45015716552734,202.32948303222656,127.2544937133789,12.87878131866455,122.47557830810547,117.74842834472656,16.386842727661133,201.28321838378906,43.369815826416016,45.82655715942383,34.514991760253906
2020-12-10,119.74579620361328,86.4083023071289,476.8699951171875,155.07449340820312,25.520692825317383,351.1746826171875,219.12896728515625,37.692771911621094,74.06896209716797,149.9817352294922,87.60568237304688,231.15371704101562,45.43631362915039,130.6405792236328,104.15106964111328,45.03898620605469,320.691650390625,183.31842041015625,274.7076110839844,66.06803131103516,201.1067352294922,126.14508056640625,12.920114517211914,121.61812591552734,116.97157287597656,15.985770225524902,199.3912353515625,42.69943618774414,45.61250686645508,35.490760803222656
2020-12-11,118.9393081665039,85.4838638305664,475.9100036621094,155.8209991455078,25.047279357910156,353.350830078125,218.637451171875,37.692771911621094,73.35485076904297,170.37164306640625,87.96003723144531,230.92677307128906,44.95718002319336,131.24122619628906,103.53621673583984,45.29368591308594,316.72564697265625,183.0717315673828,271.1687316894531,66.0441665649414,203.72421264648438,125.98921966552734,12.96094799041748,121.87030029296875,117.8347396850586,16.152442932128906,198.075439453125,42.5865364074707,45.600101470947266,35.3214111328125
2020-12-14,118.32717895507812,83.76358032226562,486.4200134277344,157.84849548339844,24.740427017211914,352.6724853515625,217.50701904296875,37.6247444152832,70.96656799316406,164.1470489501953,86.84294128417969,231.82583618164062,45.62615203857422,127.91193389892578,102.44508361816406,45.22576141357422,320.3337097167969,186.73739624023438,271.80316162109375,64.44740295410156,204.62216186523438,124.95307922363281,13.255261421203613,121.24822235107422,117.26507568359375,15.912845611572266,199.04550170898438,42.325443267822266,45.18133544921875,34.04726028442383
2020-12-15,124.25422668457031,82.65422821044922,482.6400146484375,158.25599670410156,25.108646392822266,350.3175048828125,216.4060821533203,38.03296661376953,70.91101837158203,168.6458282470703,87.28007507324219,233.92086791992188,45.80696105957031,129.1990509033203,104.1943588256836,45.709686279296875,322.75213623046875,189.3280029296875,273.15130615234375,64.5757827758789,204.55528259277344,127.80463409423828,13.306804656982422,121.70219421386719,117.95561218261719,15.928473472595215,200.11151123046875,42.727664947509766,45.159610748291016,34.708534240722656
2020-12-16,124.18623352050781,84.11727905273438,489.8999938964844,162.04800415039062,25.178781509399414,348.0190734863281,219.81704711914062,38.03296661376953,70.37147521972656,167.8507843017578,87.08727264404297,235.3262481689453,46.21377182006836,128.42677307128906,104.4974365234375,45.0474853515625,321.2527770996094,188.39398193359375,273.270263671875,64.0542221069336,209.47500610351562,126.84191131591797,13.189278602600098,121.80308532714844,118.4908218383789,15.77741527557373,200.02508544921875,42.27605056762695,45.113075256347656,35.24077224731445
2020-12-17,125.05097961425781,84.3182373046875,495.3599853515625,161.8040008544922,25.275217056274414,348.8196716308594,222.0779571533203,38.118011474609375,70.14932250976562,168.26768493652344,86.26061248779297,239.14955139160156,45.78887939453125,131.8161163330078,103.6314697265625,45.22576141357422,325.8959655761719,188.79052734375,272.0906066894531,64.04621124267578,209.60874938964844,128.82237243652344,13.28763198852539,122.49239349365234,119.33674621582031,15.42842960357666,202.81985473632812,42.346614837646484,45.3209228515625,35.0633659362793
2020-12-18,123.06881713867188,83.96454620361328,502.95001220703125,160.08250427246094,25.134946823120117,345.720458984375,223.56224060058594,38.645301818847656,69.18130493164062,167.62779235839844,85.55239868164062,236.07693481445312,42.905033111572266,132.57981872558594,103.12055206298828,45.62480163574219,329.2138977050781,189.52183532714844,273.993896484375,63.81353759765625,208.81585693359375,125.87003326416016,13.218659400939941,123.51800537109375,120.01864624023438,15.313835144042969,202.9447021484375,42.66415023803711,45.274391174316406,34.45853042602539
2020-12-21,124.59429168701172,83.36968231201172,498.3900146484375,160.3090057373047,26.073013305664062,343.8080749511719,222.61856079101562,38.169044494628906,68.30847930908203,165.49473571777344,85.96571350097656,236.54824829101562,41.91061019897461,131.30130004882812,106.99146270751953,44.83523178100586,323.4486083984375,186.51708984375,270.41534423828125,63.62095642089844,212.63699340820312,132.0498046875,13.278664588928223,122.23177337646484,118.70660400390625,15.110690116882324,200.7357635498047,41.97966766357422,45.28059005737305,33.82952117919922
2020-12-22,128.1408233642578,82.63813781738281,504.1700134277344,160.3260040283203,25.608362197875977,341.03863525390625,227.2386474609375,38.0074462890625,66.93582153320312,165.26202392578125,85.2550277709961,235.71905517578125,41.73884201049805,131.04388427734375,105.36341857910156,44.79277801513672,321.3881530761719,186.73739624023438,264.76495361328125,63.72526168823242,213.92666625976562,130.6102752685547,13.224883079528809,121.07166290283203,117.86931610107422,14.792956352233887,197.69126892089844,41.62683868408203,44.73151779174805,33.25696563720703
2020-12-23,127.24690246582031,83.0240249633789,496.9100036621094,159.2635040283203,26.34478759765625,340.9067687988281,223.56224060058594,37.74380874633789,67.99112701416016,168.26768493652344,85.65200805664062,235.51821899414062,42.100460052490234,130.3745880126953,108.30774688720703,45.0644645690918,318.47650146484375,186.82550048828125,265.7760314941406,63.998077392578125,211.13720703125,129.9776611328125,12.956964492797852,121.39954376220703,117.68802642822266,14.975263595581055,197.1726531982422,41.60566711425781,44.42753601074219,33.684364318847656
2020-12-24,128.22824096679688,83.0079345703125,499.8599853515625,158.63450622558594,26.26588249206543,343.4407958984375,221.94032287597656,37.879886627197266,67.70549011230469,168.4422149658203,85.9458999633789,236.48716735839844,42.552467346191406,130.829345703125,107.83145141601562,45.37009048461914,325.0254211425781,186.27037048339844,265.072265625,64.30299377441406,212.7898712158203,129.8309783935547,12.941527366638184,121.94595336914062,118.87923431396484,14.944005966186523,200.43804931640625,41.520992279052734,44.51438903808594,33.547279357910156
2020-12-28,132.81442260742188,83.16065216064453,498.95001220703125,164.197998046875,26.414928436279297,349.5450744628906,220.8197021484375,38.20305252075195,67.36429595947266,173.4160614013672,87.91839599609375,235.02947998046875,42.552467346191406,131.4471435546875,108.54154205322266,45.98136901855469,333.2186279296875,188.5878143310547,274.5887145996094,64.55171966552734,214.9010772705078,130.5919647216797,12.848154067993164,123.50120544433594,119.70787811279297,14.871088027954102,204.2124481201172,41.61977767944336,45.04793930053711,33.660179138183594
2020-12-29,131.04598999023438,84.1655044555664,502.1099853515625,166.10000610351562,26.309722900390625,351.1088562011719,218.67678833007812,37.96492385864258,67.13419342041016,171.903564453125,87.11553192138672,232.35830688476562,44.649810791015625,132.26231384277344,108.25579071044922,45.955902099609375,335.33721923828125,187.43348693847656,274.3705749511719,65.33003234863281,214.12722778320312,129.8034210205078,12.891231536865234,123.92992401123047,119.48345947265625,14.865880012512207,205.88356018066406,41.49981689453125,44.762542724609375,33.281158447265625
2020-12-30,129.9286346435547,84.62371063232422,497.45001220703125,164.29249572753906,26.28342056274414,352.738525390625,218.61781311035156,37.828857421875,67.70549011230469,175.65576171875,86.04947662353516,231.54652404785156,44.07122802734375,133.90122985839844,108.55886840820312,46.21908187866211,343.9367980957031,186.420166015625,269.50335693359375,64.66404724121094,211.76773071289062,129.81260681152344,13.092915534973145,123.83745574951172,118.92242431640625,14.839835166931152,209.71559143066406,41.02702713012695,44.72532653808594,33.547279357910156
2020-12-31,128.92782592773438,86.135009765625,500.1199951171875,162.84649658203125,26.572729110717773,354.933349609375,218.74560546875,38.0584831237793,67.0072250366211,175.66543579101562,86.86177062988281,231.86077880859375,45.038543701171875,135.04248046875,110.03970336914062,46.55868148803711,345.2814636230469,189.08128356933594,270.7821044921875,65.63493347167969,212.47462463378906,129.71177673339844,13.002531051635742,124.66969299316406,120.10498046875,14.980472564697266,210.0709686279297,41.45747756958008,44.71603012084961,33.2408332824707
2021-01-04,125.7408447265625,84.73626708984375,485.3399963378906,159.3314971923828,26.32725715637207,358.1080017089844,216.56333923339844,37.689796447753906,67.2135238647461,172.27197265625,85.54792022705078,230.37686157226562,44.902931213378906,134.28736877441406,109.00052642822266,44.79277801513672,340.0093994140625,185.2393798828125,266.5988464355469,64.9609146118164,207.9561309814453,128.4556427001953,13.060795783996582,121.28187561035156,118.96558380126953,15.334668159484863,209.13934326171875,41.528045654296875,45.454315185546875,33.466636657714844
2021-01-05,127.29545593261719,85.61248016357422,485.69000244140625,160.92550659179688,26.528898239135742,353.9537658691406,217.7527618408203,37.70695495605469,69.0305404663086,173.0088653564453,86.2378158569336,232.23614501953125,45.752723693847656,135.86619567871094,109.59362030029297,44.30036544799805,336.07244873046875,186.34963989257812,268.61114501953125,65.07328033447266,208.15672302246094,129.49166870117188,13.350876808166504,121.6433334350586,119.72516632080078,15.240909576416016,206.01795959472656,41.337520599365234,45.212345123291016,35.07948303222656
2021-01-06,123.01050567626953,84.8729248046875,466.30999755859375,156.91900634765625,28.18585777282715,348.5653076171875,212.47412109375,38.067054748535156,71.25222778320312,173.66815185546875,85.38685607910156,233.5629425048828,46.195701599121094,137.14471435546875,114.73969268798828,42.89103317260742,336.1980895996094,185.9267120361328,261.0178527832031,66.10031127929688,202.75933837890625,130.5186004638672,12.563800811767578,120.15538787841797,120.98543548583984,15.537808418273926,204.20285034179688,41.83853530883789,45.494632720947266,35.974613189697266
2021-01-07,127.20806121826172,85.78130340576172,477.739990234375,158.10800170898438,28.808313369750977,346.58721923828125,214.27297973632812,38.547183990478516,71.58546447753906,173.1445770263672,87.93724060058594,232.4194793701172,47.18107986450195,137.60806274414062,118.50765991210938,42.41560363769531,338.861572265625,186.79025268554688,266.4006042480469,67.41619873046875,208.529296875,132.90249633789062,13.29037094116211,119.76864624023438,119.85465240478516,15.579484939575195,205.34573364257812,41.74439239501953,45.49152755737305,36.25687026977539
2021-01-08,128.30596923828125,86.23145294189453,485.1000061035156,159.13499450683594,28.518997192382812,348.489990234375,218.263916015625,38.63290023803711,72.2678451538086,173.25125122070312,89.1014175415039,234.88973999023438,46.692909240722656,137.32492065429688,118.63851165771484,43.366477966308594,342.7262268066406,190.21800231933594,265.2408142089844,66.62186431884766,209.79978942871094,134.18617248535156,13.223388671875,121.20622253417969,119.8028335571289,15.472041130065918,206.9208221435547,41.2237434387207,45.485328674316406,36.66007614135742
2021-01-11,125.32303619384766,87.63823699951172,474.239990234375,155.7104949951172,28.992420196533203,342.90386962890625,214.53839111328125,38.8901252746582,72.68041229248047,173.63906860351562,87.04267120361328,236.75778198242188,46.59346389770508,136.75,120.40907287597656,42.61936569213867,337.25384521484375,188.7728729248047,254.6041717529297,68.20257568359375,207.7650909423828,134.82798767089844,13.566754341125488,119.44917297363281,118.99144744873047,15.392067909240723,204.462158203125,40.981258392333984,45.690067291259766,37.77294158935547
2021-01-12,125.14813232421875,88.24918365478516,471.6499938964844,156.04150390625,29.509668350219727,343.08282470703125,211.85482788085938,39.258785247802734,74.06102752685547,170.63345336914062,86.10795593261719,241.20953369140625,48.13031005859375,135.68603515625,122.30175018310547,42.5429573059082,332.1398620605469,186.45538330078125,248.9042205810547,66.67001342773438,205.3195343017578,132.99423217773438,13.430553436279297,118.8943862915039,118.30086517333984,15.328089714050293,200.59169006347656,40.83860397338867,46.21120071411133,38.61162567138672
2021-01-13,127.17888641357422,90.39554595947266,472.04998779296875,158.29449462890625,29.334331512451172,345.67340087890625,214.4695587158203,38.8901252746582,73.9896240234375,170.7594757080078,86.59465789794922,239.21939086914062,51.4842414855957,135.48007202148438,122.4151840209961,42.58540725708008,335.44256591796875,186.8871612548828,249.44944763183594,66.06822204589844,206.66644287109375,131.15130615234375,13.477363586425781,119.86953735351562,118.48217010498047,15.253447532653809,201.06236267089844,40.69597244262695,45.73969650268555,39.04710006713867
2021-01-14,125.25504302978516,90.78589630126953,463.2699890136719,156.37350463867188,29.79898452758789,341.340087890625,211.93344116210938,38.71007537841797,75.7669677734375,168.15133666992188,85.78531646728516,234.23507690429688,53.56350326538086,137.8483428955078,123.13038635253906,41.795841217041016,316.6524658203125,183.7237548828125,243.50169372558594,65.93182373046875,203.4949493408203,129.55587768554688,13.147197723388672,119.17180633544922,117.22187042236328,15.615992546081543,193.86883544921875,40.68170166015625,45.59080123901367,40.57123947143555
2021-01-15,123.53520202636719,89.8831558227539,458.0799865722656,155.21249389648438,28.939815521240234,341.16107177734375,209.51528930664062,38.95014190673828,73.06920623779297,166.22189331054688,85.62176513671875,240.56358337402344,52.05377960205078,137.54798889160156,120.9236831665039,41.34587478637695,313.0979309082031,184.96620178222656,249.171875,66.90270233154297,203.1414794921875,129.02410888671875,12.807817459106445,118.86074829101562,116.3414306640625,15.55201244354248,193.60951232910156,40.924198150634766,44.86802291870117,38.61969757080078
2021-01-19,124.20563507080078,91.23320770263672,456.5,156.03799438476562,28.729406356811523,333.9169921875,213.07369995117188,38.7443733215332,74.98939514160156,167.01693725585938,88.4393081665039,238.46864318847656,52.4244270324707,139.67596435546875,120.40035247802734,41.184566497802734,315.693603515625,184.24363708496094,258.82708740234375,66.75025177001953,206.7620086669922,127.69464111328125,12.972900390625,119.42398834228516,115.32288360595703,15.43471908569336,193.67674255371094,40.6888313293457,44.480262756347656,39.38579177856445
2021-01-20,128.28660583496094,91.59103393554688,469.7300109863281,163.16900634765625,28.352432250976562,340.3509216308594,219.64013671875,38.87297058105469,75.67967224121094,168.35494995117188,93.17727661132812,239.4375,53.03915786743164,139.332763671875,118.59488677978516,41.32890319824219,324.3816223144531,188.24415588378906,265.1515197753906,66.16450500488281,214.30874633789062,130.9311981201172,13.312031745910645,118.81031036376953,113.8813247680664,15.440055847167969,197.8545379638672,40.83860397338867,45.13790512084961,39.942222595214844
2021-01-21,132.98936462402344,90.48499298095703,472.0199890136719,165.34950256347656,27.852712631225586,341.7640075683594,218.39170837402344,38.67578125,73.0057373046875,166.0667724609375,93.37947845458984,243.58384704589844,56.46542739868164,138.77503967285156,117.60057830810547,41.55812454223633,323.9264221191406,188.15606689453125,270.49468994140625,65.137451171875,214.9105987548828,129.84014892578125,13.811765670776367,117.36438751220703,113.769287109375,15.370743751525879,197.0189971923828,40.84573745727539,44.933162689208984,38.79710388183594
2021-01-22,135.126953125,90.1596908569336,472.44000244140625,164.6114959716797,27.659835815429688,341.29290771484375,221.9304962158203,38.38426971435547,72.7835693359375,167.52110290527344,93.79627990722656,247.90475463867188,51.22207260131836,140.33676147460938,116.69345092773438,41.167579650878906,318.647705078125,188.0238800048828,272.11041259765625,64.97697448730469,215.8468017578125,127.7679672241211,13.657387733459473,116.50691986083984,112.89222717285156,15.424059867858887,194.02249145507812,40.98838806152344,45.392269134521484,38.248741149902344
2021-01-25,138.8677978515625,89.86691284179688,473.44000244140625,164.6999969482422,27.31792640686035,340.8973083496094,222.0779571533203,38.6071891784668,72.125,166.65821838378906,93.88153076171875,248.84738159179688,50.119163513183594,142.4217987060547,115.23685455322266,41.413787841796875,318.8414001464844,187.9886474609375,275.58990478515625,65.11338806152344,219.26669311523438,126.11759948730469,13.59837532043457,117.84355163574219,114.83746337890625,15.520020484924316,193.023681640625,41.66593933105469,45.3519401550293,37.821327209472656
2021-01-26,139.1009979248047,88.48432922363281,476.2799987792969,166.30650329589844,27.12505340576172,343.817626953125,222.4121551513672,38.80438232421875,70.90308380126953,164.3991241455078,94.55903625488281,246.68264770507812,49.91123962402344,146.28314208984375,114.76585388183594,41.84678268432617,317.39825439453125,189.7862091064453,279.5946350097656,64.3912353515625,221.9414825439453,123.8711929321289,13.381253242492676,119.20543670654297,115.5755615234375,15.86124324798584,194.0128936767578,40.346492767333984,45.7583122253418,36.99071502685547
2021-01-27,138.03216552734375,83.59654998779297,460.0,161.62899780273438,26.151912689208984,335.72564697265625,220.95733642578125,39.18163299560547,69.98268127441406,158.06788635253906,90.14763641357422,239.21939086914062,48.44671630859375,144.05215454101562,111.52122497558594,41.20155715942383,305.5721435546875,182.4020233154297,269.77099609375,61.83966064453125,222.4860076904297,120.13031768798828,12.865833282470703,116.0445327758789,111.48542785644531,15.536023139953613,187.2515869140625,39.31946563720703,44.619850158691406,36.57136917114258
2021-01-28,133.20309448242188,84.75139617919922,465.6700134277344,161.88099670410156,26.581499099731445,336.35675048828125,222.6480712890625,38.87297058105469,70.63330841064453,166.64852905273438,91.84558868408203,242.71096801757812,50.688697814941406,145.1505126953125,113.48371124267578,41.727928161621094,314.0858154296875,182.243408203125,262.693115234375,62.52168655395508,228.24636840820312,123.52277374267578,12.998550415039062,117.01128387451172,113.20484924316406,15.35474681854248,190.37289428710938,39.49062728881836,44.591941833496094,37.14393615722656
2021-01-29,128.2185516357422,83.34442901611328,458.7699890136719,160.30999755859375,25.994112014770508,331.9952087402344,221.7240447998047,38.221378326416016,67.6023178100586,163.05142211914062,90.56492614746094,236.39987182617188,50.182437896728516,139.9763641357422,112.22771453857422,40.878936767578125,306.34698486328125,183.14219665527344,256.0811767578125,61.83966064453125,221.58807373046875,122.48670959472656,12.937541007995605,114.80878448486328,111.33778381347656,15.264117240905762,185.59967041015625,39.04844665527344,43.58066940307617,36.160099029541016
2021-02-01,130.33677673339844,83.19804382324219,470.0,167.1439971923828,26.26588249206543,330.19598388671875,224.57473754882812,38.92441940307617,68.56241607666016,165.76620483398438,93.82157897949219,235.7451934814453,51.24918746948242,139.615966796875,113.05632019042969,41.159095764160156,311.4512939453125,183.2215118408203,259.7292175292969,62.07233428955078,228.93421936035156,124.43048858642578,13.183799743652344,115.15345001220703,111.99776458740234,15.274773597717285,190.5073699951172,38.71323776245117,43.20221710205078,36.22460174560547
2021-02-02,131.1626434326172,84.14958190917969,484.92999267578125,169.0,27.203956604003906,334.9625549316406,230.2171173095703,39.29308319091797,69.07814025878906,171.57391357421875,95.11260986328125,237.56956481933594,52.433467864990234,138.36318969726562,116.53646087646484,41.566612243652344,323.8585510253906,184.83401489257812,264.7550048828125,62.401329040527344,228.80044555664062,127.98800659179688,13.502265930175781,116.33036041259766,111.84146118164062,15.216131210327148,194.58912658691406,38.87013626098633,43.66753005981445,36.79716873168945
2021-02-03,130.14244079589844,86.9797592163086,481.9200134277344,165.62649536132812,27.686138153076172,334.61407470703125,230.82659912109375,39.24163818359375,70.585693359375,171.0600128173828,102.03919982910156,239.32408142089844,52.14418029785156,137.7196502685547,117.87095642089844,41.405303955078125,322.3572998046875,183.90882873535156,264.3287658691406,62.04026412963867,232.13441467285156,127.10781860351562,13.476119041442871,116.02774047851562,111.98040008544922,15.200132369995117,193.38861083984375,39.07697677612305,43.80091857910156,38.24067306518555
2021-02-04,133.49461364746094,88.2647476196289,489.3800048828125,166.5500030517578,28.492698669433594,335.8788757324219,233.93284606933594,40.51055145263672,70.61746215820312,174.74436950683594,101.77900695800781,243.38316345214844,53.470245361328125,138.99813842773438,120.58350372314453,41.60906982421875,330.1155700683594,185.953125,264.170166015625,61.00517654418945,231.1886749267578,128.94155883789062,13.609332084655762,117.42321014404297,112.04988098144531,15.40273380279541,200.9662628173828,39.326602935791016,44.21348190307617,38.97451400756836
2021-02-05,133.08102416992188,88.42739868164062,492.1199951171875,167.6074981689453,28.37872886657715,335.237060546875,234.827392578125,41.22216033935547,70.8237533569336,175.6460723876953,103.52352905273438,243.41799926757812,52.91544723510742,141.1089630126953,120.34801483154297,42.15241622924805,328.10089111328125,187.3189239501953,265.76617431640625,60.82063293457031,231.3701629638672,133.04922485351562,13.536375045776367,118.49929809570312,112.51882934570312,15.424059867858887,200.5052490234375,39.4549674987793,44.78116989135742,40.28091812133789
2021-02-08,133.2270050048828,86.89029693603516,493.760009765625,166.14700317382812,29.009946823120117,339.635498046875,234.86668395996094,41.95949935913086,72.58519744873047,184.2169952392578,103.30992889404297,244.4393310546875,53.80677032470703,141.5122833251953,122.23201751708984,42.38164138793945,326.4349060058594,186.43775939941406,264.2593994140625,60.2108268737793,231.6280975341797,131.49057006835938,14.380720138549805,118.02851104736328,112.17145538330078,15.338751792907715,198.69969177246094,39.26240921020508,44.9890022277832,42.014732360839844
2021-02-09,132.35118103027344,85.7192153930664,496.04998779296875,165.25,28.887210845947266,339.3807067871094,232.67459106445312,41.58224105834961,72.17262268066406,182.48147583007812,102.85743713378906,241.59364318847656,53.46115493774414,142.67066955566406,121.74354553222656,42.19486999511719,322.95782470703125,190.31494140625,267.1044616699219,60.2108268737793,232.8699493408203,130.00515747070312,14.20592212677002,117.3559799194336,111.73725891113281,15.25877857208252,198.34437561035156,39.22675323486328,45.23716354370117,41.52266311645508
2021-02-10,131.7478485107422,84.62126922607422,492.6700134277344,164.32899475097656,28.913515090942383,336.1336364746094,232.69427490234375,40.50197219848633,73.410400390625,183.8582763671875,103.40705871582031,243.2696075439453,53.533905029296875,143.134033203125,121.81338500976562,42.10997009277344,323.70361328125,188.92262268066406,269.50335693359375,60.09046173095703,231.9624481201172,130.61949157714844,14.704910278320312,115.75872802734375,111.34648895263672,15.22146224975586,198.26751708984375,39.198219299316406,44.709815979003906,41.92453384399414
2021-02-11,131.49488830566406,84.37728118896484,496.6199951171875,163.10650634765625,28.82584571838379,332.4337158203125,237.1374053955078,40.79347229003906,73.01365661621094,185.0993194580078,103.51956939697266,241.84674072265625,55.1710319519043,142.490478515625,121.47318267822266,42.704261779785156,332.09136962890625,188.80813598632812,268.0362243652344,59.97011947631836,233.55780029296875,131.6096954345703,15.189455032348633,113.4637451171875,111.44200134277344,15.296097755432129,202.63453674316406,38.94145965576172,44.67570114135742,40.87477493286133
2021-02-12,131.72837829589844,84.9384536743164,498.8399963378906,163.885498046875,29.255430221557617,332.9528503417969,236.28221130371094,40.54482650756836,73.43421173095703,181.95791625976562,103.83081817626953,242.23959350585938,56.21697998046875,142.93667602539062,123.20018005371094,43.03536605834961,330.2801513671875,188.48207092285156,268.145263671875,60.17873001098633,234.03538513183594,130.30776977539062,14.901122093200684,112.53898620605469,110.825439453125,15.35474681854248,201.96119689941406,38.65618133544922,44.81528854370117,41.43245315551758
2021-02-16,129.60708618164062,84.7432632446289,501.6400146484375,163.44749450683594,30.044456481933594,334.1327209472656,244.36241149902344,39.876094818115234,74.93892669677734,180.67808532714844,104.607421875,240.38905334472656,56.8172492980957,141.64097595214844,126.16565704345703,42.67879867553711,330.4834899902344,189.47781372070312,271.58502197265625,59.57694625854492,232.80308532714844,129.93182373046875,15.268638610839844,112.9677505493164,111.0859375,15.445380210876465,199.9796600341797,38.62051773071289,45.1844367980957,42.67903518676758
2021-02-17,127.32025909423828,86.44302368164062,491.2300109863281,165.4320068359375,30.167192459106445,337.9459533691406,243.4482421875,39.653175354003906,77.18396759033203,180.765380859375,104.99993896484375,245.21617126464844,56.253360748291016,142.1472930908203,126.55818939208984,42.559932708740234,326.72552490234375,188.08555603027344,271.1885070800781,60.61199951171875,233.81800842285156,132.0223388671875,14.846094131469727,113.03499603271484,111.55489349365234,15.765275955200195,199.6045379638672,40.64604187011719,45.662147521972656,43.34333038330078
2021-02-18,126.22068786621094,86.25594329833984,488.3699951171875,166.4114990234375,29.97431755065918,336.8888244628906,242.8092803955078,39.730342864990234,76.44367980957031,177.43003845214844,104.36506652832031,247.07553100585938,56.035072326660156,142.21591186523438,126.98553466796875,43.10329055786133,327.820068359375,189.8302764892578,267.044921875,60.50770568847656,233.42544555664062,133.03091430664062,14.769401550292969,113.80000305175781,112.48406982421875,15.584002494812012,201.37445068359375,40.63890838623047,42.70279312133789,42.66264343261719
2021-02-19,126.37638092041016,85.40201568603516,479.1199951171875,162.4949951171875,30.281171798706055,334.85943603515625,242.366943359375,39.16447448730469,77.08740997314453,178.06027221679688,103.52253723144531,244.09893798828125,57.30839538574219,139.84765625,129.10508728027344,42.5429573059082,322.6962890625,187.01934814453125,259.2830810546875,59.625083923339844,230.725341796875,130.21604919433594,14.866509437561035,111.39569854736328,110.3912353515625,15.461377143859863,196.93043518066406,40.260902404785156,42.913726806640625,42.949676513671875
2021-02-22,122.61048889160156,87.0692138671875,467.3299865722656,159.03700256347656,30.81595230102539,330.5554504394531,236.85231018066406,38.95014190673828,79.17149353027344,185.92343139648438,101.81023406982422,240.79058837890625,55.21651840209961,139.7612762451172,130.31739807128906,42.984432220458984,329.9508972167969,186.8607177734375,258.06378173828125,60.122562408447266,224.5400390625,125.31072235107422,14.298055648803711,110.95855712890625,109.92230224609375,15.631989479064941,200.3837432861328,40.260902404785156,42.71209716796875,44.532508850097656
2021-02-23,122.47425079345703,86.42672729492188,467.79998779296875,159.72500610351562,31.140329360961914,322.9477233886719,231.63262939453125,39.01872253417969,80.16930389404297,191.09120178222656,102.10063934326172,233.2748565673828,55.589412689208984,138.52662658691406,131.36404418945312,42.90802764892578,339.404052734375,186.2086639404297,263.545654296875,59.809635162353516,223.35269165039062,124.81558990478516,14.085161209106445,111.62268829345703,110.73859405517578,15.557348251342773,204.029296875,40.674564361572266,42.023441314697266,45.14759826660156
2021-02-24,121.97795104980469,88.3948745727539,476.6199951171875,157.97650146484375,31.894289016723633,321.5790710449219,236.38050842285156,39.21592330932617,83.13048553466797,191.4984130859375,103.27474975585938,226.9288787841797,57.472103118896484,140.38296508789062,133.67544555664062,43.052345275878906,355.77276611328125,187.9269561767578,262.0091247558594,59.83371353149414,224.57826232910156,124.3755111694336,14.440725326538086,111.04263305664062,110.86017608642578,15.66397762298584,211.0704345703125,40.73876190185547,41.32238006591797,46.50080108642578
2021-02-25,117.7352523803711,87.288818359375,459.1600036621094,152.85800170898438,31.499778747558594,315.1607360839844,227.15017700195312,39.02729797363281,82.35799407958984,185.16717529296875,99.91156768798828,222.8087615966797,54.934566497802734,140.5297393798828,131.86126708984375,42.593894958496094,343.423583984375,185.88262939453125,252.47288513183594,59.87382507324219,219.25469970703125,124.27465057373047,13.254014015197754,109.28564453125,109.92230224609375,15.264117240905762,205.6068115234375,40.29656219482422,40.931514739990234,45.729881286621094
2021-02-26,117.99800109863281,87.62226867675781,459.6700134277344,154.64649963378906,30.430204391479492,312.4234313964844,212.81814575195312,38.470008850097656,80.467041015625,183.2862091064453,100.20693969726562,225.50601196289062,55.280174255371094,136.8170166015625,128.36367797851562,41.59208297729492,342.7262268066406,182.76182556152344,255.37738037109375,58.2690544128418,222.50054931640625,123.82904815673828,13.659378051757812,108.6047134399414,107.27367401123047,14.869584083557129,204.2986602783203,39.44070816040039,40.30180358886719,44.58991622924805
2021-03-01,124.3523178100586,88.16715240478516,469.57000732421875,157.3070068359375,31.377037048339844,313.1502990722656,213.8404541015625,39.37024688720703,82.11658477783203,189.04542541503906,102.57347106933594,228.3691864013672,57.190155029296875,137.55960083007812,131.2681121826172,42.36467361450195,351.49169921875,184.63255310058594,262.60394287109375,58.07648468017578,226.86666870117188,126.46585845947266,13.786120414733887,109.80685424804688,107.93364715576172,14.976207733154297,208.37710571289062,39.48351287841797,40.75160217285156,46.25475311279297
2021-03-02,121.75415802001953,87.71172332763672,466.5899963378906,154.72650146484375,31.149093627929688,310.0260314941406,209.83966064453125,39.02729797363281,82.43042755126953,188.03707885742188,102.31673431396484,227.2082061767578,55.698551177978516,137.30055236816406,130.84075927734375,42.534461975097656,351.4142761230469,185.0048828125,256.745361328125,58.453609466552734,223.92718505859375,125.88704681396484,13.352368354797363,110.18516540527344,107.59497833251953,15.04552173614502,207.5498504638672,39.21249008178711,40.36074447631836,45.9841194152832
2021-03-03,118.77647399902344,86.78458404541016,448.45001220703125,150.25,31.929357528686523,305.7408752441406,202.49673461914062,38.69292068481445,83.35578918457031,186.408203125,99.68656921386719,224.65057373046875,54.47980880737305,134.8830108642578,133.3701934814453,42.43258285522461,348.92498779296875,182.47811889648438,253.1866455078125,58.81467056274414,217.88546752929688,123.35126495361328,12.753287315368652,108.56268310546875,106.95236206054688,15.312095642089844,206.6649169921875,39.49776840209961,39.579036712646484,46.35317611694336
2021-03-04,116.89836883544922,85.92251586914062,439.05999755859375,148.8784942626953,32.15843963623047,301.134765625,201.83810424804688,38.20423889160156,84.08805084228516,182.3069610595703,100.80267333984375,219.03781127929688,53.0518798828125,132.1632537841797,131.3204345703125,42.398616790771484,338.512939453125,181.60926818847656,255.397216796875,57.907981872558594,217.0907440185547,121.31166076660156,12.32053279876709,109.16686248779297,106.07526397705078,15.41872787475586,203.44252014160156,39.08409881591797,39.56041717529297,48.14922332763672
2021-03-05,118.15367126464844,86.77645111083984,440.8299865722656,150.0229949951172,32.53727722167969,299.5111999511719,207.1757354736328,39.653175354003906,87.70904541015625,184.2073211669922,103.93191528320312,221.2986602783203,55.243804931640625,134.77935791015625,131.62576293945312,43.12026596069336,349.5352478027344,183.8523406982422,261.9794006347656,58.67826843261719,221.7537078857422,122.5152359008789,12.41141414642334,112.725830078125,109.40126037597656,15.79193115234375,207.2035675048828,39.939964294433594,40.05364227294922,49.96989822387695
2021-03-08,113.22978973388672,86.296630859375,421.20001220703125,147.59750366210938,32.71349334716797,293.9423522949219,204.1874237060547,40.733455657958984,88.31256866455078,195.76449584960938,99.49278259277344,226.10830688476562,54.434329986572266,135.90179443359375,133.3701934814453,43.841922760009766,359.65667724609375,185.39501953125,253.08749389648438,59.512752532958984,217.72268676757812,123.62689971923828,11.54665756225586,111.96318817138672,110.55620574951172,15.9891939163208,211.87843322753906,40.50339889526367,39.66898727416992,49.92070007324219
2021-03-09,117.83255004882812,86.84964752197266,439.17999267578125,153.1425018310547,31.999839782714844,300.8893127441406,207.93267822265625,41.059261322021484,88.11139678955078,188.5897216796875,101.12133026123047,231.28463745117188,56.9991569519043,136.1608428955078,132.42819213867188,43.1796989440918,364.6835021972656,184.8985137939453,263.4267272949219,59.48866653442383,223.8409881591797,124.90396118164062,12.474235534667969,112.06484985351562,109.57493591308594,15.802594184875488,211.96502685546875,40.08259963989258,39.982295989990234,49.14978790283203
2021-03-10,116.75243377685547,87.83372497558594,437.010009765625,152.8820037841797,32.924949645996094,305.6558532714844,208.35533142089844,41.4022102355957,89.61614227294922,189.12301635742188,100.9146728515625,233.85830688476562,56.617164611816406,137.41278076171875,135.3065185546875,43.67211151123047,369.7007141113281,189.11874389648438,262.5939636230469,59.98615264892578,222.53884887695312,126.41070556640625,12.422425270080566,113.1918716430664,110.58226776123047,15.9891939163208,214.66795349121094,40.71023178100586,41.00286102294922,50.6588020324707
2021-03-11,118.67916107177734,87.72799682617188,451.05999755859375,155.67950439453125,32.81041717529297,310.2052917480469,212.2775115966797,41.839454650878906,89.47128295898438,190.76156616210938,104.10388946533203,236.15087890625,57.58124542236328,137.40420532226562,134.60000610351562,43.196678161621094,372.2964782714844,187.5760040283203,271.495849609375,59.88185501098633,227.04861450195312,129.7182159423828,12.945746421813965,112.88681030273438,110.20886993408203,15.74928092956543,217.53443908691406,39.590484619140625,40.98735809326172,50.28154373168945
2021-03-12,117.77417755126953,88.01263427734375,444.29998779296875,154.47450256347656,33.42714309692383,312.55560302734375,208.60110473632812,41.85661315917969,89.76901245117188,191.15908813476562,101.59910583496094,239.8839111328125,57.208343505859375,137.80136108398438,136.19610595703125,43.11106491088867,370.6788635253906,188.2587127685547,266.0635986328125,60.383705139160156,225.727294921875,129.03831481933594,12.808752059936523,112.73430633544922,111.2770004272461,15.893234252929688,215.81263732910156,39.67607116699219,41.604671478271484,50.82283020019531
2021-03-15,120.654541015625,89.67171478271484,447.5899963378906,154.08399963378906,33.25974655151367,311.96099853515625,209.18106079101562,42.36245346069336,88.71489715576172,190.77125549316406,101.81914520263672,244.6622772216797,58.01781463623047,138.50933837890625,135.51580810546875,43.68461990356445,369.75885009765625,195.4578399658203,271.36700439453125,61.70306396484375,224.82723999023438,133.1635284423828,13.142769813537598,112.725830078125,111.64173126220703,15.957209587097168,214.76417541503906,39.68320846557617,41.39061737060547,49.52703857421875
2021-03-16,122.1920394897461,90.1434097290039,450.5400085449219,154.59300231933594,33.162837982177734,308.8839416503906,210.83250427246094,42.585365295410156,86.61473083496094,188.32794189453125,103.27869415283203,247.77175903320312,58.91823196411133,139.32958984375,133.89349365234375,43.84728240966797,370.3593444824219,194.9258575439453,276.8488464355469,62.17253112792969,227.60397338867188,132.89706420898438,13.242399215698242,113.55624389648438,111.97172546386719,15.9891939163208,216.13966369628906,39.68320846557617,41.37821960449219,48.47727966308594
2021-03-17,121.4038314819336,85.42643737792969,451.010009765625,156.7864990234375,33.43596267700195,310.7150573730469,209.49563598632812,42.371028900146484,86.92852783203125,189.29751586914062,103.19593811035156,245.97113037109375,59.82774353027344,138.81155395507812,135.27154541015625,43.86439895629883,366.7756652832031,198.69386291503906,281.53765869140625,62.56916809082031,226.96243286132812,133.0532989501953,13.292218208312988,113.22575378417969,111.52014923095703,16.074499130249023,214.523681640625,39.76165771484375,41.03388977050781,48.690513610839844
2021-03-18,117.28762817382812,84.3935317993164,439.17999267578125,151.39950561523438,34.30820083618164,304.853515625,205.9175262451172,41.839454650878906,83.78226470947266,186.4276123046875,100.17869567871094,248.7204132080078,57.96324920654297,138.5525360107422,137.50450134277344,43.29084777832031,355.462890625,197.62109375,276.1945495605469,62.54487228393555,220.91107177734375,131.537353515625,12.675740242004395,112.30213165283203,111.7633056640625,15.999858856201172,212.2535858154297,40.16104507446289,40.498111724853516,46.59100341796875
2021-03-19,116.76215362548828,84.10892486572266,441.5,153.7480010986328,33.94696044921875,310.4508056640625,208.59127807617188,41.9937858581543,83.18681335449219,185.32229614257812,100.45721435546875,253.93795776367188,57.99052429199219,138.1812744140625,135.31521606445312,43.49629592895508,345.3025817871094,197.21327209472656,287.5845642089844,62.73915481567383,220.55686950683594,126.31885528564453,12.798537254333496,113.9714584350586,111.16410827636719,15.866573333740234,199.01776123046875,40.11112594604492,41.03700256347656,46.328575134277344
2021-03-22,120.07068634033203,86.1258316040039,452.4100036621094,155.5435028076172,33.180458068847656,315.7176513671875,211.51075744628906,43.12551498413086,82.5108871459961,186.98997497558594,100.64208221435547,253.79742431640625,59.691314697265625,138.5784454345703,131.6781005859375,43.65894317626953,347.1331481933594,199.54502868652344,290.9847106933594,62.73915481567383,225.95706176757812,127.03544616699219,13.137788772583008,116.7677993774414,113.04853057861328,15.9891939163208,200.0758819580078,40.36075210571289,41.23324966430664,45.85289001464844
2021-03-23,119.2435531616211,85.26376342773438,460.20001220703125,156.875,32.5108528137207,321.2393798828125,211.34364318847656,42.87687301635742,82.0522232055664,182.98565673828125,101.16939544677734,254.71095275878906,57.735862731933594,138.44888305664062,130.36102294921875,43.992801666259766,344.1015930175781,198.92437744140625,288.1000061035156,61.73545455932617,227.47946166992188,125.97892761230469,13.022710800170898,118.1744155883789,115.15007019042969,15.994531631469727,200.22018432617188,40.5889778137207,41.72230529785156,45.287017822265625
2021-03-24,116.85944366455078,83.81613159179688,451.510009765625,154.35350036621094,32.5108528137207,319.0683898925781,205.9666748046875,42.568233489990234,84.24897766113281,179.09771728515625,100.7332763671875,257.14404296875,56.42616271972656,139.79579162597656,131.37281799316406,44.104095458984375,348.3439025878906,198.64068603515625,279.6839904785156,61.71116638183594,225.4495849609375,122.34069061279297,12.596531867980957,117.62361145019531,115.11531829833984,15.9891939163208,200.14321899414062,40.660301208496094,41.46375274658203,46.205562591552734
2021-03-25,117.34601593017578,84.4830093383789,450.989990234375,152.31300354003906,33.180458068847656,326.9026184082031,201.9462432861328,43.3055534362793,84.54670715332031,181.22105407714844,100.72980499267578,261.0350646972656,56.40797424316406,139.84764099121094,133.0561981201172,44.532127380371094,347.0943908691406,198.77366638183594,276.3134765625,61.57356643676758,222.46224975585938,118.18791961669922,12.489179611206055,118.31845092773438,115.91425323486328,16.037181854248047,200.04705810546875,40.924198150634766,41.74410629272461,46.07433319091797
2021-03-26,117.94932556152344,86.19088745117188,469.0899963378906,152.60150146484375,34.079132080078125,332.2637939453125,205.53416442871094,45.07172775268555,86.48596954345703,180.26116943359375,100.34671020507812,266.8588562011719,59.000091552734375,142.40333557128906,135.27154541015625,45.405311584472656,354.6298828125,199.66912841796875,280.5562438964844,62.642032623291016,226.42623901367188,122.18448638916016,12.792062759399414,120.91990661621094,117.625,16.159805297851562,205.3952178955078,41.49477005004883,42.09298324584961,47.32912063598633
2021-03-29,118.1244888305664,86.80085754394531,469.32000732421875,153.7864990234375,33.75313949584961,336.1619873046875,207.18556213378906,45.028865814208984,86.03535461425781,179.2237548828125,101.39044189453125,265.4446716308594,58.66355514526367,143.36172485351562,133.16957092285156,46.09870910644531,351.50146484375,201.5664520263672,288.28839111328125,63.378578186035156,225.2389678955078,122.64383697509766,12.900660514831543,122.70783996582031,119.46607208251953,16.2930965423584,206.3378143310547,41.95835876464844,42.57270050048828,47.07487869262695
2021-03-30,116.6745834350586,86.84964752197266,465.4599914550781,152.76449584960938,34.35226058959961,330.1212158203125,206.4286651611328,44.38582992553711,85.23872375488281,179.883056640625,101.42414093017578,267.7460021972656,57.9996337890625,142.472412109375,134.73956298828125,45.49947738647461,346.93951416015625,199.46522521972656,285.4928894042969,62.29396057128906,221.99307250976562,122.147705078125,12.824444770812988,120.78431701660156,117.625,16.383729934692383,203.82728576660156,41.78718185424805,42.28300476074219,46.49258804321289
2021-03-31,118.86404418945312,88.01263427734375,475.3699951171875,154.70399475097656,34.08794021606445,332.697998046875,208.2668914794922,44.33439254760742,84.3214111328125,178.90380859375,102.2196044921875,268.12371826171875,58.20881271362305,141.902587890625,132.7770233154297,45.122806549072266,344.8569641113281,198.72047424316406,291.966064453125,62.39918899536133,225.74642944335938,122.09259796142578,13.299192428588867,119.86070251464844,117.60765075683594,16.138477325439453,203.66378784179688,41.47336959838867,42.31105041503906,45.78730010986328
2021-04-01,119.69117736816406,88.25662231445312,483.3399963378906,158.0500030517578,34.792781829833984,335.0198669433594,215.00039672851562,44.56588363647461,85.09387969970703,183.21835327148438,105.55302429199219,270.3195495605469,58.70904541015625,140.59019470214844,134.0679168701172,44.95159149169922,351.8790588378906,199.66912841796875,296.0600891113281,62.39918899536133,232.04666137695312,121.7618637084961,13.760988235473633,119.71664428710938,116.60899353027344,16.2451114654541,208.59835815429688,41.58034133911133,42.245628356933594,47.066680908203125
2021-04-05,122.5131607055664,86.32102966308594,491.6199951171875,161.3365020751953,35.06590270996094,340.56988525390625,216.54367065429688,45.256690979003906,84.09608459472656,182.7626495361328,109.97284698486328,277.0391845703125,60.51897048950195,141.1082305908203,134.7786102294922,45.208412170410156,356.7413635253906,202.89633178710938,306.2209167480469,62.32633590698242,238.4810028076172,124.14140319824219,13.936091423034668,121.30967712402344,118.49342346191406,16.373071670532227,210.6953125,41.986881256103516,43.43244552612305,46.33676528930664
2021-04-06,122.8148193359375,85.70293426513672,491.3399963378906,161.1909942626953,34.968994140625,339.9092102050781,217.330078125,44.928558349609375,83.34772491455078,183.95521545410156,109.49211120605469,275.6161804199219,59.627655029296875,141.07371520996094,133.8310546875,45.53371047973633,357.95196533203125,205.60928344726562,303.59393310546875,61.346923828125,237.32244873046875,126.01567077636719,13.810555458068848,121.74182891845703,118.53683471679688,16.517019271850586,210.3201446533203,42.15804672241211,43.64113998413086,46.205562591552734
2021-04-07,124.4593505859375,85.56468200683594,493.4100036621094,163.96949768066406,35.286170959472656,338.6728210449219,217.03517150878906,44.704036712646484,83.8386001586914,181.85128784179688,110.96753692626953,274.46551513671875,60.255210876464844,141.2636260986328,135.92791748046875,45.61076354980469,359.4145812988281,206.2299041748047,310.364501953125,61.6140251159668,239.27572631835938,125.44603729248047,14.09151840209961,121.52153778076172,118.7452392578125,16.490360260009766,210.91653442382812,42.079593658447266,43.54770278930664,46.41058349609375
2021-04-08,126.85317993164062,86.2884750366211,499.8399963378906,164.96499633789062,34.97779083251953,340.947509765625,220.6329345703125,44.82494354248047,82.89712524414062,181.6185760498047,111.53251647949219,276.1871032714844,60.98283004760742,140.71107482910156,136.09458923339844,45.47378921508789,366.29949951171875,204.13755798339844,310.29510498046875,61.104087829589844,242.4832763671875,122.81843566894531,14.264381408691406,120.78431701660156,119.19683074951172,16.35866355895996,212.29205322265625,41.52307891845703,43.519657135009766,45.92671585083008
2021-04-09,129.4221649169922,87.45960235595703,504.0400085449219,168.61000061035156,35.233314514160156,342.8258361816406,227.34678649902344,44.980369567871094,82.81665802001953,182.1712188720703,112.53562927246094,280.4033508300781,62.08332824707031,139.22596740722656,137.1123504638672,45.52515411376953,368.5686340332031,205.22808837890625,309.7400207519531,61.767826080322266,244.97276306152344,124.444580078125,14.347074508666992,120.80977630615234,118.42393493652344,16.380474090576172,214.042724609375,41.44377899169922,43.54146194458008,45.820098876953125
2021-04-12,127.70951080322266,88.03701782226562,506.0299987792969,168.96949768066406,35.294986724853516,344.3359680175781,224.86964416503906,44.531341552734375,81.89933013916016,180.8138427734375,111.24457550048828,281.77362060546875,59.4912223815918,139.56271362304688,136.8228302001953,45.67068099975586,368.3359375,204.7670135498047,308.8280029296875,61.694969177246094,245.03018188476562,125.53788757324219,15.15310287475586,121.19107055664062,118.90156555175781,16.336851119995117,213.03269958496094,41.47982406616211,43.54770278930664,45.516658782958984
2021-04-13,130.81370544433594,88.01263427734375,514.8599853515625,170.0,34.64299774169922,344.7135009765625,228.05453491210938,44.60905075073242,82.2695083618164,179.8442840576172,111.73074340820312,281.4310302734375,59.31842041015625,137.69772338867188,135.19094848632812,45.44810104370117,366.6777038574219,205.08621215820312,307.0635070800781,61.86495590209961,247.5005340576172,122.6897964477539,15.621870040893555,121.21648406982422,117.32977294921875,16.156904220581055,212.59986877441406,41.537498474121094,43.413753509521484,45.68887710571289
2021-04-14,128.478271484375,87.1729965209961,510.6300048828125,166.64999389648438,35.13639831542969,342.7879943847656,224.14222717285156,44.358646392822266,83.90298461914062,181.7543182373047,111.11026000976562,281.0972595214844,58.38161849975586,138.07760620117188,132.66416931152344,45.439552307128906,366.8619689941406,204.19073486328125,300.18389892578125,61.84067916870117,244.72377014160156,121.51380920410156,15.220853805541992,120.4199447631836,117.75526428222656,16.2114315032959,213.52328491210938,41.59516906738281,43.39816665649414,47.00926208496094
2021-04-15,130.88182067871094,87.9879150390625,523.25,168.95449829101562,34.131996154785156,348.10205078125,229.03753662109375,44.591793060302734,83.21898651123047,180.2708740234375,113.25821685791016,283.4864501953125,59.13651657104492,138.48341369628906,133.50643920898438,45.65355682373047,374.7845153808594,205.05075073242188,305.140380859375,62.05113983154297,248.46754455566406,122.80921173095703,16.077938079833984,120.58940124511719,119.17943572998047,16.222341537475586,217.65945434570312,41.59516906738281,43.65983963012695,46.730430603027344
2021-04-16,130.55096435546875,88.82754516601562,525.0800170898438,169.9720001220703,34.49322509765625,349.9142761230469,227.9661102294922,45.59346008300781,82.8488540649414,181.5603790283203,113.13432312011719,288.177001953125,58.89094543457031,140.08078002929688,134.4978485107422,45.953182220458984,374.4742126464844,206.6466064453125,303.5146484375,62.70675277709961,249.65484619140625,123.39722442626953,15.854018211364746,122.15711212158203,119.18814849853516,16.33139419555664,217.7845001220703,42.01327896118164,43.80000686645508,46.46799087524414
2021-04-19,131.21267700195312,89.4037857055664,516.1699829101562,168.60049438476562,34.51084518432617,348.8099670410156,226.58006286621094,45.63663101196289,83.09025573730469,181.72523498535156,113.48172760009766,287.0965576171875,57.87228775024414,140.4693145751953,133.9276123046875,46.22712707519531,370.5858154296875,205.52066040039062,299.6089782714844,62.86054611206055,247.73988342285156,121.79864501953125,15.305291175842285,122.65702056884766,118.6323471069336,16.35320472717285,217.18814086914062,42.09258270263672,43.519657135009766,46.32036590576172
2021-04-20,129.5292205810547,89.74949645996094,514.2100219726562,166.7344970703125,33.550498962402344,350.86767578125,224.083251953125,44.72132110595703,81.53723907470703,177.2264404296875,112.94895935058594,284.5580139160156,57.02644729614258,143.74166870117188,130.96212768554688,46.37264633178711,365.2231750488281,206.58453369140625,300.0154113769531,63.59715270996094,247.28030395507812,116.7822494506836,15.11549186706543,123.4704818725586,119.62235260009766,16.29867935180664,214.77377319335938,42.09258270263672,43.856075286865234,45.344425201416016
2021-04-21,129.90870666503906,91.2065200805664,512.3400268554688,168.1009979248047,34.114376068115234,353.09515380859375,226.63905334472656,44.84220886230469,82.6637954711914,177.53671264648438,112.91625213623047,286.3059997558594,57.93595886230469,143.83660888671875,132.07640075683594,46.74932098388672,371.4971923828125,205.9195556640625,298.8456726074219,64.13134765625,249.5016632080078,119.34555053710938,15.304043769836426,124.54666900634766,118.8407974243164,16.418642044067383,218.7848663330078,41.91236114501953,43.98379135131836,45.92671585083008
2021-04-22,128.39068603515625,90.5891342163086,507.2900085449219,165.45199584960938,33.79719161987305,350.424072265625,227.4156036376953,44.47089385986328,81.2314682006836,177.19735717773438,111.63611602783203,282.3621826171875,56.9082145690918,142.61923217773438,129.29515075683594,46.603782653808594,371.7492980957031,206.54019165039062,293.938720703125,63.1033935546875,246.2366485595703,118.68404388427734,14.795673370361328,123.77558135986328,117.66093444824219,17.100250244140625,218.90032958984375,41.29239273071289,43.50719451904297,45.32802200317383
2021-04-23,130.7067108154297,91.68392944335938,515.8400268554688,167.04400634765625,34.5196533203125,352.33062744140625,229.53884887695312,44.82494354248047,81.71426391601562,177.449462890625,113.98574829101562,284.4965515136719,53.87953567504883,142.9127655029297,131.7692413330078,46.629459381103516,375.3373107910156,207.97650146484375,298.5086669921875,63.038639068603516,250.04745483398438,119.61196899414062,15.209146499633789,123.57218933105469,117.05789947509766,17.1220645904541,221.23777770996094,41.30681228637695,43.57884216308594,45.574066162109375
2021-04-26,131.0959014892578,91.6921615600586,515.7000122070312,170.4499969482422,34.7223014831543,347.8377685546875,231.45570373535156,44.591793060302734,81.69010925292969,178.6614227294922,114.48136901855469,281.0708923339844,53.442962646484375,141.70399475097656,132.0938720703125,45.936058044433594,375.7348327636719,205.96395874023438,300.4020080566406,62.75532150268555,250.43038940429688,120.90741729736328,15.421113967895508,121.47918701171875,114.71570587158203,16.854877471923828,221.56480407714844,41.04728698730469,42.95895767211914,45.664276123046875
2021-04-27,130.77476501464844,91.73333740234375,517.3200073242188,170.8715057373047,35.13639831542969,349.4329528808594,230.22694396972656,44.358646392822266,82.63961791992188,179.0201416015625,113.54219818115234,281.5979309082031,52.72445297241211,140.89234924316406,132.69931030273438,45.86756896972656,377.286376953125,208.33111572265625,300.92742919921875,62.61772155761719,250.83255004882812,121.3759765625,15.325216293334961,121.0809097290039,114.6457748413086,16.778535842895508,221.15115356445312,40.600337982177734,43.10536575317383,46.262962341308594
2021-04-28,129.986572265625,92.13667297363281,515.47998046875,172.9250030517578,35.2685432434082,348.84771728515625,232.85157775878906,44.134132385253906,84.66740417480469,177.80819702148438,116.91529083251953,280.824951171875,52.40612030029297,139.85623168945312,133.5590362548828,45.876136779785156,383.6671447753906,206.0526123046875,304.4266357421875,62.39918899536133,243.73753356933594,120.0897445678711,15.220602989196777,120.18270874023438,114.8380355834961,16.882137298583984,224.5563201904297,40.67963790893555,42.952735900878906,47.65716552734375
2021-04-29,129.8892364501953,91.28058624267578,516.0900268554688,173.5655059814453,36.220088958740234,353.33135986328125,230.37440490722656,44.43635559082031,86.01925659179688,179.68914794921875,118.58646392822266,285.77020263671875,53.00639724731445,141.77305603027344,136.156005859375,46.44969940185547,377.16998291015625,208.53506469726562,326.6416015625,59.639015197753906,241.77471923828125,122.43252563476562,15.268425941467285,121.97064208984375,115.8081283569336,17.0893497467041,227.83642578125,41.32123947143555,43.49473571777344,48.337867736816406
2021-04-30,127.92359924316406,91.78271484375,508.3399963378906,173.37100219726562,35.70907974243164,351.959716796875,226.4031219482422,43.9614143371582,82.93734741210938,180.35813903808594,116.64073181152344,284.3033142089844,52.32427215576172,140.50384521484375,134.9452667236328,46.209999084472656,370.48870849609375,209.30638122558594,322.2501220703125,60.302738189697266,241.4587860107422,121.84453582763672,14.954334259033203,122.15711212158203,116.60344696044922,17.127521514892578,224.66209411621094,41.6600456237793,43.581966400146484,46.94365692138672
2021-05-03,128.97450256347656,94.40037536621094,503.4599914550781,169.32449340820312,35.735504150390625,358.79864501953125,219.9546661376953,44.18593978881836,84.91685485839844,179.86366271972656,116.12429809570312,290.1005554199219,52.07868957519531,142.64511108398438,134.5504913330078,46.63801956176758,367.90911865234375,208.8453369140625,319.7718811035156,61.5007209777832,241.15235900878906,122.22126770019531,14.782217979431152,123.53829956054688,117.98429107666016,17.176593780517578,223.74832153320312,41.75375747680664,44.27037048339844,48.23945236206055
2021-05-04,124.41070556640625,93.75830078125,490.70001220703125,165.593505859375,36.123172760009766,354.9866638183594,213.486572265625,43.78872299194336,85.3835678100586,178.64202880859375,114.3277359008789,292.2965087890625,51.75126647949219,144.85545349121094,136.41046142578125,46.34696960449219,364.52496337890625,207.338134765625,315.5885925292969,61.508811950683594,237.25537109375,120.86148071289062,14.298504829406738,121.98760986328125,117.58229064941406,17.460140228271484,223.19041442871094,42.24396896362305,43.83426284790039,48.54289245605469
2021-05-05,124.65399932861328,95.30586242675781,486.69000244140625,163.52699279785156,36.46678924560547,352.3475646972656,211.73683166503906,44.151405334472656,87.67687225341797,175.98541259765625,114.72125244140625,291.66412353515625,51.70579147338867,144.2510528564453,138.20025634765625,46.22712707519531,357.9599609375,208.38430786132812,312.2777099609375,62.89291763305664,235.9915313720703,121.46786499023438,14.40536117553711,121.92827606201172,116.638427734375,17.465595245361328,220.4778594970703,42.308841705322266,43.79690170288086,50.00270462036133
2021-05-06,126.24987030029297,95.55280303955078,483.6099853515625,165.31849670410156,37.013038635253906,362.0525207519531,214.341796875,45.2826042175293,87.72514343261719,176.25686645507812,115.84031677246094,296.5214538574219,52.33539581298828,144.8295440673828,140.98146057128906,46.689388275146484,364.10797119140625,208.22471618652344,317.23419189453125,62.957679748535156,239.11294555664062,122.64383697509766,14.469622611999512,123.34339141845703,118.10667419433594,17.67281150817871,222.50750732421875,42.74137878417969,44.109622955322266,50.47837448120117
2021-05-07,126.92247009277344,95.28115844726562,488.7300109863281,164.58050537109375,37.162818908691406,363.528076171875,212.81814575195312,46.137489318847656,88.52980041503906,179.2140655517578,116.56289672851562,297.9884033203125,52.77464294433594,145.4857635498047,141.46401977539062,46.66370391845703,364.0303955078125,208.20693969726562,316.3023376464844,63.46764373779297,241.7268524169922,126.61282348632812,14.757811546325684,123.34339141845703,118.11540222167969,17.536487579345703,223.27699279785156,42.33047103881836,43.843807220458984,51.2000846862793
2021-05-10,123.64727783203125,95.66803741455078,479.3800048828125,159.52450561523438,37.048274993896484,360.8417053222656,210.25253295898438,45.90433120727539,88.167724609375,178.6905059814453,113.58036804199219,299.63092041015625,51.21895217895508,147.0139923095703,141.44644165039062,47.006126403808594,355.24481201171875,210.2195587158203,303.3064880371094,63.273372650146484,236.67129516601562,125.31741333007812,14.213319778442383,124.32635498046875,120.31776428222656,17.792770385742188,217.36131286621094,42.90718078613281,44.03768539428711,51.323097229003906
2021-05-11,122.73101043701172,94.57323455810547,485.19000244140625,161.19549560546875,36.62537384033203,357.72027587890625,211.8941192626953,45.6193733215332,85.85832214355469,176.14051818847656,112.50538635253906,290.44317626953125,50.367897033691406,145.81385803222656,139.0951690673828,46.501060485839844,356.47625732421875,207.338134765625,303.86163330078125,62.69866180419922,235.7617645263672,125.97892761230469,14.253666877746582,123.41963958740234,119.7234878540039,17.591012954711914,216.88992309570312,42.200714111328125,43.640533447265625,49.691062927246094
2021-05-12,119.6702880859375,94.63086700439453,472.0899963378906,157.5970001220703,36.281768798828125,352.063720703125,206.95948791503906,44.5572509765625,86.3974609375,172.4368133544922,109.04557037353516,278.4446105957031,49.06843566894531,145.22669982910156,138.13882446289062,46.26136016845703,345.8191833496094,202.08953857421875,299.916259765625,63.135765075683594,228.839111328125,122.552001953125,13.707931518554688,122.21637725830078,118.45621490478516,17.432878494262695,212.22471618652344,42.10699462890625,42.511592864990234,49.95731735229492
2021-05-13,121.81475067138672,95.98082733154297,474.1600036621094,158.07350158691406,36.863258361816406,358.9971923828125,208.25706481933594,45.325782775878906,85.84221649169922,172.91188049316406,110.47242736816406,285.8404541015625,49.425331115722656,146.74632263183594,141.69207763671875,46.66370391845703,349.1162414550781,203.7119598388672,302.60260009765625,63.69428253173828,232.69776916503906,122.75411987304688,13.615025520324707,124.0297622680664,120.36149597167969,17.563749313354492,215.5288543701172,42.39535140991211,43.230873107910156,49.34160232543945
2021-05-14,124.23212432861328,95.8409194946289,486.55999755859375,161.14500427246094,37.32140350341797,363.6227111816406,213.9584197998047,45.6798095703125,88.0872573852539,168.4131317138672,112.91773223876953,284.2682189941406,50.65157699584961,146.97084045410156,143.89427185058594,46.8520393371582,352.8883361816406,205.4408416748047,313.189697265625,63.37049865722656,237.60012817382812,124.8855972290039,14.190651893615723,124.21620178222656,120.61489868164062,17.580108642578125,218.61138916015625,42.308841705322266,43.63114929199219,50.564727783203125
2021-05-17,123.0819320678711,96.21957397460938,482.739990234375,163.51950073242188,37.65620803833008,363.1875915527344,211.40261840820312,45.714359283447266,89.16551208496094,164.90330505371094,113.44010925292969,281.08843994140625,50.63328552246094,147.11764526367188,144.4733428955078,46.77499771118164,352.2967834472656,205.4053955078125,312.7138671875,64.6494140625,234.75631713867188,125.32659912109375,14.113438606262207,123.86027526855469,120.37018585205078,17.1057071685791,218.12977600097656,41.7681770324707,43.434139251708984,51.74626159667969
2021-05-18,121.69776916503906,96.48295593261719,480.6199951171875,161.61399841308594,37.14519119262695,362.0997314453125,210.68504333496094,45.705726623535156,86.48573303222656,164.51548767089844,112.12922668457031,278.22491455078125,50.18487548828125,147.16944885253906,142.4378662109375,46.51818084716797,352.0738830566406,205.62701416015625,307.26171875,64.25279235839844,232.7456512451172,124.545654296875,13.964238166809082,123.3010025024414,119.13790893554688,16.11328125,217.29168701171875,41.220314025878906,44.37855911254883,50.281837463378906
2021-05-19,121.54183197021484,95.36346435546875,480.4700012207031,161.58999633789062,36.9777946472168,359.12017822265625,217.5758056640625,45.30850601196289,84.0584716796875,164.11795043945312,112.57675170898438,276.2046813964844,50.660743713378906,146.8499298095703,141.34996032714844,46.37264633178711,350.047119140625,204.0488739013672,310.86016845703125,64.23658752441406,233.32144165039062,122.15692138671875,14.014053344726562,123.23321533203125,119.38263702392578,15.79156494140625,216.34765625,41.032867431640625,44.381690979003906,49.07533645629883
2021-05-20,124.09567260742188,96.40067291259766,491.6700134277344,162.38400268554688,36.88968276977539,362.828125,219.97433471679688,45.63663101196289,84.35169219970703,166.14434814453125,114.33368682861328,277.4783020019531,51.200653076171875,147.70474243164062,141.1042938232422,46.78356170654297,356.5635681152344,205.84864807128906,315.8364562988281,64.47944641113281,236.54603576660156,122.4417495727539,14.558794975280762,124.75848388671875,120.60617065429688,16.162357330322266,218.12977600097656,40.93915939331055,44.538047790527344,48.95884323120117
2021-05-21,122.26313018798828,95.58573150634766,488.07000732421875,160.1540069580078,37.35664749145508,360.122802734375,218.79473876953125,45.273956298828125,84.80782318115234,167.15267944335938,113.69831085205078,277.3642272949219,51.31962585449219,147.60977172851562,142.70985412597656,46.75787353515625,356.4666748046875,205.01527404785156,313.4772033691406,64.09088897705078,235.288818359375,121.88129425048828,14.936652183532715,124.64833068847656,120.60617065429688,16.364112854003906,218.44766235351562,41.02566146850586,44.328521728515625,49.02540588378906
2021-05-24,123.8909683227539,95.41287231445312,497.8299865722656,162.24949645996094,37.559288024902344,362.7051696777344,223.12974548339844,46.102943420410156,86.01332092285156,169.0045623779297,117.01439666748047,276.54730224609375,52.124916076660156,148.1744842529297,143.48190307617188,46.91196823120117,361.1018981933594,205.60928344726562,321.8040466308594,63.969478607177734,240.6727752685547,123.16754150390625,15.5546236038208,125.28388977050781,120.57122039794922,16.222341537475586,220.90406799316406,41.07611846923828,44.3316535949707,49.599544525146484
2021-05-25,123.69601440429688,94.30158233642578,505.0799865722656,162.95249938964844,37.013038635253906,364.53076171875,223.83750915527344,46.03385925292969,84.60420989990234,170.8079376220703,117.10508728027344,278.22491455078125,52.04256057739258,147.76612854003906,141.99917602539062,46.90341567993164,356.0981750488281,205.81320190429688,324.93658447265625,62.731048583984375,241.5748748779297,123.40643310546875,15.59023666381836,125.66517639160156,120.98196411132812,16.096921920776367,220.6150665283203,40.71569061279297,44.51303482055664,48.47624588012695
2021-05-26,123.64727783203125,94.41682434082031,506.9800109863281,163.25799560546875,37.039466857910156,364.7577209472656,225.7740020751953,45.68845748901367,84.80782318115234,171.0988006591797,117.96944427490234,278.7344055175781,52.088314056396484,146.88865661621094,141.98162841796875,47.108856201171875,351.66650390625,205.99937438964844,324.8076477050781,62.512508392333984,241.35415649414062,125.76763153076172,15.642297744750977,125.66517639160156,120.71104431152344,16.11328125,218.73663330078125,40.629173278808594,44.45986557006836,49.042049407958984
2021-05-27,122.11692810058594,92.45771789550781,498.2799987792969,161.5054931640625,37.48880386352539,366.5361022949219,221.98947143554688,45.69708251953125,83.9037094116211,173.590576171875,117.095703125,279.9992370605469,52.82955551147461,146.66275024414062,144.1925811767578,47.502647399902344,351.03619384765625,208.22471618652344,329.8533630371094,61.45214080810547,239.261962890625,125.46443176269531,15.431079864501953,124.14836883544922,117.966796875,16.200532913208008,218.53431701660156,40.57871627807617,44.30976104736328,48.72586441040039
2021-05-28,121.46382141113281,93.18209075927734,504.5799865722656,161.15350341796875,37.34783935546875,357.8053283691406,234.05079650878906,45.6798095703125,84.53904724121094,173.21246337890625,116.80674743652344,280.12225341796875,52.271331787109375,147.04502868652344,144.09605407714844,47.33142852783203,349.6593322753906,208.51004028320312,325.8683776855469,61.4278678894043,239.61705017089844,125.62550354003906,16.184797286987305,125.36016845703125,117.85321807861328,16.047847747802734,218.95822143554688,40.72289276123047,44.41608428955078,48.567771911621094
2021-06-01,121.14216613769531,92.36715698242188,495.9100036621094,160.9324951171875,37.814788818359375,357.767578125,232.18313598632812,45.43803405761719,86.86857604980469,173.39666748046875,118.0125503540039,277.83843994140625,52.06086730957031,143.8130645751953,145.68405151367188,47.3228759765625,348.8931579589844,207.93055725097656,326.2649230957031,60.8531608581543,237.428955078125,123.83032989501953,16.204729080200195,125.09747314453125,116.13152313232422,15.987868309020996,218.3127899169922,40.643592834472656,44.300376892089844,50.306793212890625
2021-06-02,121.9024887084961,91.70039367675781,495.7699890136719,161.69949340820312,37.83241271972656,359.9998474121094,230.62998962402344,45.73162841796875,88.03334045410156,171.61268615722656,117.48770904541016,276.5758361816406,52.60077667236328,144.3951873779297,145.69281005859375,47.51121520996094,355.7393798828125,208.4119415283203,326.2846984863281,61.41167449951172,237.33299255371094,123.51732635498047,16.716585159301758,125.59739685058594,116.638427734375,16.145998001098633,221.2316131591797,40.83823776245117,44.20343017578125,50.7061882019043
2021-06-03,120.42086029052734,92.36715698242188,493.1400146484375,159.35049438476562,38.26594543457031,363.1025085449219,226.91424560546875,46.05113220214844,87.63421630859375,170.87583923339844,116.34732055664062,274.9864807128906,51.46603775024414,144.2561492919922,145.78933715820312,47.63105392456055,350.8616638183594,207.2262420654297,323.2018127441406,62.69680404663086,235.80709838867188,123.51732635498047,16.907379150390625,126.04552459716797,118.72716522216797,15.938788414001465,219.7384490966797,41.07611846923828,44.2816162109375,50.905887603759766
2021-06-04,122.71151733398438,92.49065399169922,504.5,160.31100463867188,38.28364562988281,366.55499267578125,233.44134521484375,46.690128326416016,88.3346939086914,171.78720092773438,118.62660217285156,274.6156005859375,52.5001106262207,144.1953582763672,146.0262451171875,48.14469909667969,354.9344787597656,208.05532836914062,327.47430419921875,62.86646270751953,240.68234252929688,123.12150573730469,17.513643264770508,126.19064331054688,118.8145523071289,15.960599899291992,221.6939697265625,41.30681228637695,44.35979461669922,51.13053512573242
2021-06-07,122.72127532958984,93.02569580078125,509.4700012207031,159.90049743652344,38.15093231201172,359.8201599121094,234.09011840820312,46.56060028076172,87.7645492553711,171.60301208496094,119.05927276611328,273.6884765625,52.24388122558594,143.21360778808594,145.34188842773438,47.97347640991211,353.05322265625,206.54872131347656,333.6500244140625,61.75520324707031,243.5806121826172,123.3148193359375,17.554241180419922,126.11381530761719,119.22531127929688,15.856995582580566,222.83071899414062,41.234718322753906,44.062705993652344,50.79771041870117
2021-06-08,123.54004669189453,92.47416687011719,509.20001220703125,163.20550537109375,37.9385871887207,359.1580810546875,232.3993682861328,46.74193572998047,88.56277465820312,170.9630889892578,118.86796569824219,274.5184326171875,52.16152572631836,141.95384216308594,144.76284790039062,47.639610290527344,354.19744873046875,207.39561462402344,330.7752380371094,61.4158821105957,242.39059448242188,122.76243591308594,17.392839431762695,124.93587493896484,117.844482421875,15.802468299865723,223.53384399414062,41.19868087768555,43.728092193603516,51.69635009765625
2021-06-09,123.92019653320312,93.84062194824219,514.6799926757812,164.0574951171875,37.443115234375,359.4039611816406,232.0749969482422,46.64695358276367,87.78898620605469,170.681884765625,119.33879852294922,271.37506103515625,52.16152572631836,143.8651885986328,142.9554901123047,47.49408721923828,352.3258972167969,206.3525848388672,327.3751525878906,62.80707931518555,243.36949157714844,121.37234497070312,17.298418045043945,124.7054672241211,117.80078125,15.818824768066406,223.78431701660156,41.126590728759766,43.49354934692383,52.12902069091797
2021-06-10,122.92594146728516,95.68450927734375,535.52001953125,167.4824981689453,36.88571548461914,362.2889099121094,236.10528564453125,47.51909637451172,88.3021240234375,171.19580078125,120.68634033203125,272.2315368652344,52.50926971435547,145.1597137451172,140.72706604003906,47.8621940612793,353.2666320800781,209.13404846191406,329.5658874511719,64.58848571777344,246.87237548828125,120.58061981201172,17.36493682861328,125.98576354980469,118.67472076416016,15.911527633666992,225.36416625976562,41.33563995361328,43.743736267089844,52.212223052978516
2021-06-11,124.13465881347656,95.009521484375,541.260009765625,167.3415069580078,37.03612518310547,361.1728210449219,236.2232208251953,47.29458999633789,87.89485931396484,171.9811248779297,120.4420166015625,274.403564453125,52.93936538696289,143.31787109375,140.6305389404297,48.07620620727539,354.43023681640625,211.22012329101562,328.3763427734375,64.69874572753906,247.49623107910156,121.46441650390625,17.763811111450195,126.06258392333984,117.86193084716797,15.987868309020996,226.33712768554688,41.32843780517578,44.015804290771484,51.72962951660156
2021-06-14,127.18561553955078,94.99305725097656,556.9500122070312,169.19349670410156,36.59375,362.9984130859375,242.07200622558594,46.7764778137207,87.9437255859375,172.7567596435547,121.36930084228516,273.12335205078125,53.25050735473633,143.67404174804688,138.244140625,47.91232681274414,355.4194030761719,211.26467895507812,333.8384094238281,64.55328369140625,249.41563415527344,120.93042755126953,17.95663833618164,126.81372833251953,117.90564727783203,15.862448692321777,225.48939514160156,41.220314025878906,43.956390380859375,51.64641571044922
2021-06-15,126.3668212890625,95.34700012207031,548.4600219726562,169.156494140625,36.62029266357422,363.14031982421875,238.4546356201172,46.44834518432617,89.84156036376953,170.50738525390625,120.3523178100586,270.5892028808594,53.06748962402344,142.9095458984375,136.1472930908203,47.79157257080078,356.9708557128906,210.7030792236328,333.8185729980469,64.76719665527344,247.947265625,119.94538879394531,17.7271785736084,126.8222427368164,117.67839813232422,15.966053009033203,224.42974853515625,41.29960250854492,43.78125762939453,53.52689743041992
2021-06-16,126.86397552490234,95.1000747680664,543.3300170898438,170.7624969482422,36.82378005981445,358.8836975097656,238.26785278320312,46.172000885009766,89.32841491699219,169.34390258789062,119.71099090576172,267.3486328125,52.36285400390625,142.8573760986328,137.10357666015625,47.153324127197266,352.80108642578125,210.01661682128906,328.1978759765625,65.54576110839844,247.00672912597656,120.04666137695312,17.748859405517578,125.55899810791016,116.04412841796875,15.84609317779541,221.17381286621094,40.83102798461914,42.889991760253906,53.33551788330078
2021-06-17,128.46253967285156,94.58148193359375,551.3599853515625,174.46200561523438,35.213523864746094,363.9348449707031,240.27316284179688,45.87841796875,87.21065521240234,169.33419799804688,120.6734619140625,267.64892578125,52.32624816894531,143.5437469482422,133.14674377441406,47.39481735229492,356.16607666015625,208.50111389160156,333.5806579589844,66.07623291015625,250.38487243652344,118.6841812133789,18.592941284179688,126.77104187011719,117.10160064697266,15.671601295471191,223.63021850585938,40.7517204284668,43.068241119384766,51.579856872558594
2021-06-18,127.1661376953125,93.11624908447266,565.5900268554688,174.34500122070312,34.31106185913086,360.2742004394531,238.6511993408203,44.96310043334961,83.91999816894531,167.1720733642578,119.05531311035156,267.19854736328125,50.944419860839844,140.7288055419922,129.77767944335938,46.37705993652344,356.2921142578125,204.70333862304688,326.7903137207031,65.54576110839844,248.97415161132812,118.21466827392578,18.574501037597656,124.12500762939453,115.38864135742188,15.622519493103027,221.95407104492188,40.239898681640625,42.27080535888672,50.256866455078125
2021-06-21,128.95968627929688,94.44153594970703,567.3499755859375,172.697998046875,35.169288635253906,365.8739013671875,240.32229614257812,45.92159652709961,86.3798599243164,168.67491149902344,120.74185943603516,271.60467529296875,51.127437591552734,142.34478759765625,131.97982788085938,46.88594436645508,361.79034423828125,207.6273956298828,329.39739990234375,65.66554260253906,252.04515075683594,119.75208282470703,18.36372947692871,125.0980453491211,116.29757690429688,15.7752046585083,225.72055053710938,40.65079116821289,42.655460357666016,52.0791015625
2021-06-22,130.5972900390625,94.41682434082031,575.739990234375,175.27200317382812,35.36393356323242,370.96282958984375,238.97560119628906,45.99068832397461,86.66493225097656,168.2191925048828,121.25530242919922,276.1166076660156,51.127437591552734,142.1536865234375,131.78684997558594,47.05844497680664,366.5904846191406,208.50111389160156,336.0787048339844,65.1864242553711,254.80911254882812,121.96150970458984,18.821643829345703,125.28582763671875,116.34123229980469,15.693406105041504,227.2714385986328,40.63638687133789,42.85247039794922,53.077579498291016
2021-06-23,130.32435607910156,93.84062194824219,574.22998046875,175.1909942626953,35.567420959472656,370.7642822265625,237.7272186279297,45.55891799926758,86.55906677246094,169.9935302734375,121.05358123779297,275.1983947753906,50.5692253112793,141.29356384277344,132.585205078125,46.67894744873047,363.7782897949219,207.93055725097656,337.6251220703125,64.66454315185547,254.57875061035156,122.53231048583984,18.991558074951172,123.63850402832031,116.17521667480469,15.622519493103027,226.06736755371094,40.42012023925781,42.51785659790039,53.46865463256836
2021-06-24,130.0416717529297,94.44979095458984,578.260009765625,172.45399475097656,36.12483215332031,370.85882568359375,239.62437438964844,45.576202392578125,87.26768493652344,172.51437377929688,121.42330169677734,275.3485107421875,51.31047058105469,141.93643188476562,133.80471801757812,46.91182327270508,363.40008544921875,208.0107421875,340.19256591796875,65.3318862915039,255.9414520263672,122.99261474609375,19.13929557800293,124.33839416503906,116.25384521484375,15.698862075805664,227.57012939453125,40.63638687133789,42.81494140625,53.68497848510742
2021-06-25,129.74923706054688,93.0009994506836,579.6599731445312,170.072998046875,36.82378005981445,373.16680908203125,237.75668334960938,45.81797790527344,87.39801025390625,172.92160034179688,121.4317398071289,276.9290466308594,51.1640510559082,142.66627502441406,135.15586853027344,46.851444244384766,368.11285400390625,207.19949340820312,338.3983154296875,66.05055236816406,254.3388214111328,142.09515380859375,18.96540069580078,124.97005462646484,117.91437530517578,15.753393173217773,228.61048889160156,40.643592834472656,43.32155227661133,53.80147933959961
2021-06-28,131.3770751953125,93.0174560546875,588.7999877929688,172.1945037841797,36.77070236206055,375.08697509765625,240.41078186035156,45.73162841796875,84.70194244384766,171.19580078125,121.4590072631836,277.5030212402344,52.60077667236328,142.501220703125,135.4015350341797,46.79970169067383,356.544189453125,206.01385498046875,352.5440979003906,65.75967407226562,257.8896789550781,140.2631378173828,19.916114807128906,125.50775146484375,118.26396942138672,15.693406105041504,225.4990234375,40.499420166015625,43.18708419799805,52.428558349609375
2021-06-29,132.88792419433594,92.44125366210938,590.75,172.40699768066406,36.177894592285156,377.21533203125,241.62969970703125,45.68845748901367,84.51459503173828,168.6361083984375,121.19780731201172,280.9996337890625,51.93274688720703,142.5098876953125,135.23483276367188,46.45469284057617,356.85455322265625,205.37196350097656,348.8267822265625,66.05912780761719,260.4616394042969,143.56808471679688,19.957717895507812,125.42240142822266,117.45991516113281,15.627972602844238,227.29075622558594,40.25431442260742,42.93690872192383,52.104061126708984
2021-06-30,133.50204467773438,92.72111511230469,585.6400146484375,172.00799560546875,36.478729248046875,374.2640686035156,240.1158905029297,45.76616287231445,85.31285095214844,170.4201202392578,121.01642608642578,281.57354736328125,51.37452697753906,143.12673950195312,136.46310424804688,46.67031478881836,354.0327453613281,205.92469787597656,344.6831359863281,66.5382308959961,259.9818115234375,142.22398376464844,19.93355369567871,126.4723129272461,117.92311096191406,15.693406105041504,225.2388916015625,40.39127731323242,44.10023498535156,52.4868049621582
2021-07-01,133.80418395996094,94.05464172363281,584.72998046875,171.64849853515625,36.75300598144531,373.1856384277344,240.8137969970703,46.146114349365234,86.51017761230469,171.86476135253906,121.36830139160156,283.9133605957031,51.25556182861328,144.18666076660156,137.81427001953125,46.54093933105469,359.482421875,207.06581115722656,351.3050231933594,66.72647094726562,260.6536865234375,145.45533752441406,20.142332077026367,126.49791717529297,118.19403839111328,15.873350143432617,226.52012634277344,40.57871627807617,43.568599700927734,52.6365852355957
2021-07-02,136.4263153076172,94.80371856689453,593.0700073242188,175.5489959716797,36.4079475402832,377.357177734375,243.97903442382812,46.55479049682617,86.39614868164062,171.71934509277344,124.15656280517578,284.9377136230469,51.94188690185547,146.8104248046875,137.681884765625,46.73069381713867,363.6716613769531,208.27822875976562,351.6123046875,67.24838256835938,266.4598693847656,147.0571746826172,20.4163818359375,127.10394287109375,118.7708511352539,15.938788414001465,229.87240600585938,40.68684387207031,43.81565856933594,52.56168746948242
2021-07-06,138.4342498779297,95.26470947265625,596.9000244140625,183.78700256347656,35.45240783691406,377.2815246582031,245.9941864013672,46.06785583496094,84.70194244384766,168.4034423828125,125.08088684082031,281.900146484375,51.328773498535156,145.9329376220703,135.3699951171875,46.4719352722168,364.72857666015625,207.49371337890625,349.7090148925781,66.82914733886719,266.4693298339844,147.39781188964844,20.627153396606445,127.291748046875,118.84078216552734,15.824278831481934,230.8068389892578,40.665225982666016,43.76249313354492,51.06397247314453
2021-07-07,140.91993713378906,96.10430145263672,605.77001953125,184.82899475097656,35.169288635253906,382.78662109375,244.21495056152344,46.31132507324219,83.83854675292969,167.55992126464844,125.36238861083984,285.6263427734375,51.20981216430664,147.1840057373047,135.5287628173828,46.851444244384766,362.59527587890625,209.16970825195312,347.43890380859375,67.2141342163086,268.64788818359375,147.44383239746094,20.301532745361328,127.85507202148438,119.73223114013672,15.7752046585083,231.1920928955078,40.7517204284668,43.6905632019043,50.26519012451172
2021-07-08,139.62347412109375,95.77505493164062,605.9500122070312,186.57049560546875,34.31106185913086,385.12298583984375,241.61985778808594,46.31132507324219,83.56974792480469,167.54052734375,123.9449462890625,281.264404296875,50.688194274902344,146.8972930908203,133.19041442871094,46.68757247924805,359.40106201171875,207.57394409179688,342.64105224609375,66.83768463134766,266.2391052246094,147.87649536132812,19.834148406982422,127.91478729248047,119.71475219726562,15.74084186553955,227.92654418945312,40.58988571166992,43.65303421020508,50.04052734375
2021-07-09,141.44622802734375,95.96440124511719,604.5,185.9669952392578,35.425872802734375,390.060546875,240.89244079589844,46.728702545166016,84.76709747314453,171.6514434814453,124.415283203125,284.3990173339844,51.23725891113281,147.4794464111328,137.45242309570312,46.97219467163086,362.0709533691406,210.1057586669922,347.36956787109375,66.72647094726562,266.7381286621094,148.2171173095703,19.981136322021484,127.5904769897461,119.75843048095703,15.891656875610352,229.71826171875,40.87419509887695,43.87507629394531,50.94748306274414
2021-07-12,140.85165405273438,96.8287124633789,600.2000122070312,185.92750549316406,35.947879791259766,385.8135070800781,238.7790069580078,46.285240173339844,84.93814086914062,178.76806640625,125.85946655273438,284.0899658203125,51.9144401550293,147.24488830566406,139.4202117919922,46.989437103271484,364.61456298828125,210.04336547851562,350.0856628417969,66.35000610351562,266.14312744140625,148.97203063964844,20.441795349121094,127.61605834960938,119.85456848144531,15.908416748046875,229.14027404785156,40.93252182006836,43.79690170288086,50.897560119628906
2021-07-13,141.96286010742188,97.05921173095703,605.010009765625,183.8679962158203,35.26661682128906,385.037841796875,239.87013244628906,46.363494873046875,84.65306854248047,178.06027221679688,126.22225952148438,279.9488220214844,52.04256057739258,147.06239318847656,137.34657287597656,47.455196380615234,372.5271301269531,210.54261779785156,349.0250244140625,66.4013442993164,269.6556091308594,148.7602996826172,20.18019676208496,130.56089782714844,119.70600891113281,15.79111385345459,233.45587158203125,40.88877487182617,43.962650299072266,50.65626907348633
2021-07-14,145.38421630859375,97.6834487915039,608.8300170898438,184.08399963378906,34.38184356689453,387.77154541015625,238.30715942382812,47.03303527832031,83.05660247802734,177.83726501464844,127.10987854003906,281.8648681640625,51.722259521484375,148.0615234375,136.87887573242188,48.52470779418945,379.41046142578125,211.39840698242188,344.6038513183594,66.40990447998047,271.1239013671875,148.7142333984375,19.773109436035156,131.9094696044922,120.58867645263672,15.785529136657715,236.9622802734375,41.05644226074219,44.26597595214844,49.5329704284668
2021-07-15,144.73114013671875,97.53364562988281,606.1699829101562,181.55999755859375,34.35529708862305,389.5402526855469,233.5396728515625,46.65044403076172,82.51087951660156,178.5450439453125,125.88872528076172,284.94647216796875,51.072532653808594,146.28048706054688,137.1788787841797,48.67996597290039,378.85699462890625,211.17556762695312,341.46148681640625,66.64947509765625,269.70355224609375,148.85232543945312,18.900876998901367,132.5155487060547,121.61996459960938,15.880489349365234,239.42835998535156,41.2241096496582,44.300376892089844,49.05036544799805
2021-07-16,142.69390869140625,97.79997253417969,606.0999755859375,178.68150329589844,33.5501594543457,388.1688537597656,234.3751678466797,46.69392013549805,80.3279800415039,173.8523712158203,125.85403442382812,283.9133605957031,50.30384063720703,146.0459442138672,134.04637145996094,48.64546585083008,375.837646484375,209.27667236328125,338.1901550292969,66.75215148925781,269.43487548828125,147.15841674804688,18.098398208618164,133.0020751953125,122.79983520507812,15.830214500427246,239.0141143798828,41.15850067138672,44.26911163330078,47.6941032409668
2021-07-19,138.85340881347656,96.06871795654297,602.0499877929688,177.47950744628906,32.67424392700195,391.7442321777344,233.51016235351562,46.137413024902344,78.16134643554688,167.68594360351562,123.4830551147461,281.5558776855469,50.00184631347656,144.98599243164062,129.68727111816406,48.06757354736328,354.7992858886719,204.38238525390625,334.0168151855469,65.92222595214844,265.8455810546875,145.3356170654297,18.715015411376953,132.98497009277344,122.7386474609375,15.522989273071289,231.5870819091797,40.7065315246582,44.1659049987793,46.054927825927734
2021-07-20,142.45999145507812,96.59308624267578,608.719970703125,178.6595001220703,33.34667205810547,393.7211608886719,236.02664184570312,46.58958435058594,78.62561798095703,171.3702850341797,125.1002197265625,287.2775573730469,50.55092239379883,146.34996032714844,132.1050262451172,48.15382766723633,363.4787292480469,208.8488006591797,338.685791015625,65.16931915283203,268.0625,147.0571746826172,18.54784393310547,133.0020751953125,122.08316802978516,15.590022087097168,233.79298400878906,40.51699447631836,44.36605453491211,46.56248474121094
2021-07-21,141.72894287109375,97.37547302246094,612.260009765625,179.25999450683594,34.02794647216797,392.5578308105469,237.99261474609375,46.85043716430664,81.30538940429688,171.5060272216797,126.42794036865234,288.1693115234375,51.456886291503906,147.25355529785156,134.8845977783203,48.77482986450195,368.98345947265625,210.32861328125,343.2160339355469,65.3575439453125,270.0586853027344,148.290771484375,19.343088150024414,132.5070037841797,121.6549072265625,15.584437370300293,234.71778869628906,40.78672790527344,44.14714431762695,48.06020736694336
2021-07-22,143.09359741210938,97.83326721191406,623.6799926757812,181.90150451660156,33.58555603027344,394.950927734375,244.05767822265625,47.4243278503418,80.49087524414062,169.79962158203125,127.2927474975586,288.43426513671875,51.20981216430664,147.67926025390625,133.1815948486328,48.705833435058594,371.0223083496094,212.7713165283203,348.1328430175781,65.47732543945312,274.607666015625,150.68435668945312,19.52646255493164,132.46429443359375,121.18883514404297,15.64587688446045,235.18017578125,40.78672790527344,44.178409576416016,47.519371032714844
2021-07-23,144.80911254882812,98.37429809570312,625.8699951171875,182.83200073242188,33.35552215576172,400.5222473144531,244.02821350097656,48.02430725097656,80.52344512939453,170.7788543701172,131.84588623046875,293.89111328125,48.501068115234375,149.2517547607422,132.92568969726562,49.171592712402344,381.7987060546875,216.5957794189453,366.57098388671875,66.3414535522461,277.9953308105469,153.15158081054688,19.490585327148438,134.16285705566406,122.93891906738281,15.724081039428711,239.8810577392578,40.735687255859375,44.54117965698242,47.46112823486328
2021-07-26,145.228271484375,98.0413589477539,620.7999877929688,184.99099731445312,33.73597717285156,400.3330383300781,243.3892822265625,48.23299026489258,82.22579193115234,173.29971313476562,132.85693359375,292.4253234863281,49.69987106323242,149.3212890625,133.81692504882812,49.2147216796875,381.3521728515625,217.50509643554688,369.2176818847656,66.08477783203125,277.4002990722656,151.9823760986328,19.227493286132812,134.06900024414062,123.36986541748047,15.74084186553955,241.06593322753906,40.66279220581055,44.60371398925781,48.6593017578125
2021-07-27,143.0643310546875,98.18285369873047,618.280029296875,181.3195037841797,33.603248596191406,401.38299560546875,239.36878967285156,48.06777572631836,81.94886779785156,174.03660583496094,130.7406768798828,288.9640197753906,48.66578674316406,150.00765991210938,133.64044189453125,49.38722229003906,378.8958740234375,219.61795043945312,364.6081237792969,66.606689453125,274.991455078125,151.503662109375,19.141788482666016,134.81161499023438,123.87117767333984,15.7520112991333,241.7210235595703,40.968963623046875,44.606842041015625,48.118465423583984
2021-07-28,141.3195343017578,98.6739273071289,620.9199829101562,181.51600646972656,33.73597717285156,399.377685546875,239.81117248535156,47.62432098388672,82.41314697265625,173.64878845214844,134.89779663085938,287.42755126953125,48.565128326416016,149.5906219482422,133.8610382080078,48.938724517822266,372.26495361328125,215.54383850097656,370.0305480957031,67.01736450195312,274.6844482421875,152.32302856445312,19.435775756835938,133.57391357421875,122.0330810546875,15.64587688446045,237.87741088867188,40.61906433105469,44.42546463012695,48.44295883178711
2021-07-29,141.96286010742188,98.94029235839844,621.7000122070312,179.99600219726562,34.222591400146484,403.0262756347656,239.88980102539062,47.88517761230469,83.54531860351562,172.92160034179688,134.58412170410156,289.1141052246094,49.14164352416992,149.5906219482422,135.0081787109375,49.206085205078125,377.47845458984375,217.540771484375,355.2007141113281,65.81954193115234,274.9530944824219,153.7315216064453,19.59422492980957,133.8470458984375,122.66629028320312,15.802281379699707,238.82150268554688,40.808597564697266,44.481754302978516,49.03373336791992
2021-07-30,142.1773223876953,96.8011703491211,621.6300048828125,166.37950134277344,33.93946075439453,407.23388671875,237.815673828125,48.14603805541992,82.92628479003906,170.66250610351562,133.5423583984375,289.7851867675781,49.15994644165039,149.60801696777344,133.931640625,49.188838958740234,374.692138671875,216.37290954589844,353.1983642578125,65.76821899414062,273.4272155761719,154.2102508544922,19.431785583496094,133.96656799316406,125.08477783203125,15.668220520019531,237.34759521484375,40.66279220581055,44.578704833984375,47.90211486816406
2021-08-02,141.8458709716797,96.09367370605469,618.75,166.57400512695312,33.58555603027344,406.4757385253906,236.7638702392578,48.21560287475586,82.7796630859375,170.20681762695312,133.66925048828125,288.9287109375,49.12333679199219,149.6688232421875,133.3933868408203,49.05946350097656,364.3232727050781,214.04615783691406,348.88629150390625,65.17787170410156,273.3408203125,155.35179138183594,19.681921005249023,133.42886352539062,124.77698516845703,15.701739311218262,230.9801788330078,40.648216247558594,44.475502014160156,47.910438537597656
2021-08-03,143.63943481445312,96.75955200195312,621.280029296875,168.31199645996094,34.107566833496094,412.303955078125,237.02926635742188,48.91122055053711,83.56974792480469,167.72474670410156,134.43789672851562,293.0964050292969,49.47108459472656,151.5106658935547,134.91110229492188,49.09396743774414,356.8865966796875,211.23794555664062,348.1824035644531,65.37466430664062,275.54815673828125,157.63487243652344,19.74669647216797,133.7275848388672,126.59745788574219,15.746426582336426,228.38890075683594,40.6263427734375,44.97585678100586,48.42631912231445
2021-08-04,143.2397918701172,95.78572082519531,625.6799926757812,167.73599243164062,33.859832763671875,412.2755126953125,240.01756286621094,48.42428970336914,81.69635772705078,167.3272247314453,133.93785095214844,291.6571044921875,49.32467269897461,150.6157989501953,133.45516967773438,48.3867073059082,357.28460693359375,209.34803771972656,355.79559326171875,64.57896423339844,274.96270751953125,158.26092529296875,20.204118728637695,131.49124145507812,125.26065063476562,15.55650520324707,227.98428344726562,40.36390686035156,44.66939163208008,47.294708251953125
2021-08-05,143.34703063964844,95.81901550292969,632.0800170898438,168.79949951171875,34.523406982421875,419.9990234375,246.2988739013672,48.48515701293945,82.45386505126953,171.33151245117188,135.053955078125,294.12945556640625,49.6359748840332,150.9025421142578,135.14051818847656,48.731712341308594,361.1001281738281,210.7654571533203,359.810302734375,64.6730728149414,277.851318359375,160.046875,20.56586265563965,131.71319580078125,125.32227325439453,15.606782913208008,231.39442443847656,40.31288146972656,45.498104095458984,47.59425354003906
2021-08-06,142.66366577148438,95.26133728027344,631.3800048828125,167.2469940185547,35.52318572998047,416.6253662109375,246.32838439941406,48.337337493896484,83.0403060913086,171.73873901367188,134.54544067382812,291.2420959472656,49.66361618041992,150.3986358642578,138.97900390625,48.85246276855469,363.6146545410156,210.6228485107422,360.3455810546875,64.54475402832031,277.7938537597656,159.08023071289062,20.29579734802246,131.730224609375,124.3636703491211,15.617952346801758,232.54071044921875,40.25456619262695,45.41680145263672,48.1434211730957
2021-08-09,142.61483764648438,94.93672180175781,629.219970703125,167.093505859375,35.98326110839844,417.42138671875,245.08001708984375,48.23299026489258,81.65562438964844,171.34121704101562,135.70960998535156,290.2885437011719,49.78335952758789,150.91990661621094,138.82901000976562,48.86109161376953,359.87689208984375,209.21429443359375,358.462158203125,64.44207000732422,276.7093200683594,158.1320037841797,20.225038528442383,131.747314453125,125.04080963134766,15.55650520324707,231.1920928955078,40.181663513183594,45.526248931884766,47.59425354003906
2021-08-10,142.13650512695312,95.56932067871094,621.739990234375,166.03399658203125,36.65568923950195,419.847412109375,239.25083923339844,48.3547248840332,83.14620971679688,171.68057250976562,135.6045684814453,292.6902160644531,49.682037353515625,150.9720001220703,140.53201293945312,48.99046325683594,357.11962890625,208.11776733398438,357.9863586425781,64.33084869384766,274.8954772949219,158.5923309326172,19.867280960083008,131.8155975341797,125.11995697021484,15.690564155578613,229.33291625976562,40.444095611572266,46.495697021484375,48.40968322753906
2021-08-11,142.39035034179688,94.65373229980469,626.030029296875,164.60549926757812,37.11575698852539,421.0509338378906,238.1597137451172,48.572113037109375,83.77338409423828,172.66949462890625,135.0811767578125,297.564208984375,49.866249084472656,150.99807739257812,142.2086181640625,48.93008804321289,353.6245422363281,209.9898681640625,356.82647705078125,64.34796905517578,275.385009765625,157.6717071533203,19.63109588623047,132.33627319335938,125.42776489257812,15.729671478271484,226.43341064453125,40.50970458984375,46.9116325378418,48.55113220214844
2021-08-12,145.34828186035156,96.2518310546875,634.3499755859375,165.1750030517578,37.29270935058594,422.055419921875,244.16580200195312,49.032955169677734,83.60234069824219,173.83297729492188,135.9881591796875,294.9329528808594,49.31361770629883,152.21441650390625,142.76455688476562,49.024967193603516,351.4303894042969,210.9883270263672,359.49310302734375,65.0580825805664,278.1297302246094,157.0917510986328,19.836387634277344,132.36184692382812,125.71800231933594,15.651463508605957,223.5877685546875,40.56073760986328,46.78606414794922,48.44132995605469
2021-08-13,145.5532684326172,96.95098876953125,637.3099975585938,164.69850158691406,36.832637786865234,424.38671875,247.2819061279297,49.10253143310547,83.0484619140625,175.5685272216797,136.5169677734375,292.5489501953125,49.2675666809082,153.12667846679688,141.1673583984375,49.36134338378906,352.17791748046875,212.90504455566406,360.01849365234375,65.639892578125,281.0471496582031,158.05836486816406,20.118408203125,133.5995635986328,126.3248291015625,15.746426582336426,224.41738891601562,40.72840118408203,46.9335823059082,47.95142364501953
2021-08-16,147.5252227783203,98.55741119384766,636.9400024414062,164.94949340820312,36.53181457519531,429.16290283203125,244.9620361328125,48.93730926513672,82.20137023925781,173.63906860351562,137.09384155273438,295.8424377441406,49.249141693115234,154.50804138183594,140.24081420898438,49.576969146728516,352.9643859863281,214.82174682617188,363.36907958984375,66.67514038085938,282.7267150878906,158.67518615722656,19.88123321533203,134.90550231933594,127.20427703857422,15.7520112991333,227.0314483642578,40.808597564697266,47.3165168762207,47.25035095214844
2021-08-17,146.61734008789062,99.59781646728516,635.010009765625,162.09800720214844,36.3548583984375,428.6702575683594,242.7895965576172,48.70254135131836,82.04661560058594,170.47830200195312,135.46035766601562,283.2157897949219,48.53071212768555,155.92417907714844,138.54661560058594,49.40447235107422,352.64398193359375,214.2065887451172,355.3296813964844,67.4451675415039,281.2679138183594,157.11013793945312,19.390932083129883,134.7774658203125,127.41534423828125,15.746426582336426,226.23085021972656,40.95438003540039,47.300819396972656,46.929386138916016
2021-08-18,142.87843322753906,97.62519073486328,626.77001953125,160.06100463867188,36.08943557739258,422.86102294921875,246.94766235351562,47.95474624633789,79.82601165771484,169.4214630126953,134.25851440429688,283.9222412109375,48.0701789855957,153.94334411621094,137.28480529785156,48.731712341308594,350.4303894042969,212.245361328125,352.35577392578125,66.55535125732422,279.5467529296875,155.4070281982422,18.9743709564209,133.39468383789062,126.02583312988281,15.545332908630371,223.43348693847656,40.43680953979492,46.798622131347656,45.94112777709961
2021-08-19,143.2103271484375,98.15788269042969,637.6599731445312,159.3874969482422,35.55856704711914,430.48980712890625,248.76620483398438,49.79814910888672,77.83654022216797,167.97682189941406,134.48745727539062,285.1142883300781,48.30044937133789,155.1422882080078,136.1376953125,49.0422248840332,346.896484375,211.48756408691406,352.02862548828125,67.12859344482422,285.3544616699219,152.44268798828125,19.72975730895996,135.6396026611328,127.51209259033203,15.377758026123047,223.37559509277344,40.36390686035156,47.115631103515625,44.53899383544922
2021-08-20,144.66493225097656,98.89867401123047,647.3400268554688,159.99749755859375,35.71784210205078,434.97222900390625,251.77420043945312,50.62420654296875,77.84479522705078,169.7899169921875,136.22157287597656,290.7123107910156,47.90438461303711,155.8981475830078,136.52590942382812,48.85246276855469,344.64410400390625,212.61082458496094,356.24163818359375,67.31684112548828,292.6524353027344,154.46803283691406,20.74424934387207,135.16159057617188,127.60004425048828,15.400102615356445,223.17303466796875,40.47325897216797,47.53622055053711,44.54743957519531
2021-08-23,146.1487579345703,99.34815216064453,656.8599853515625,163.2935028076172,36.19560623168945,431.12469482421875,256.08953857421875,50.902462005615234,79.85079193115234,172.2526092529297,138.81063842773438,289.3878479003906,49.02808380126953,155.2251434326172,138.27310180664062,48.67996597290039,350.4886474609375,213.6538848876953,360.1869812011719,67.06014251708984,292.93133544921875,156.24476623535156,21.88231086730957,134.73480224609375,126.94925689697266,15.372174263000488,225.85464477539062,40.40035629272461,47.22236251831055,46.38035202026367
2021-08-24,146.06088256835938,99.61448669433594,657.239990234375,165.28900146484375,36.699920654296875,428.1490173339844,255.2441864013672,51.58069610595703,80.76708221435547,173.03794860839844,140.01991271972656,286.8801574707031,49.56230163574219,153.2849884033203,139.12899780273438,48.30908203125,351.2362365722656,212.55735778808594,362.3282470703125,66.49545288085938,290.97943115234375,156.48414611816406,21.717876434326172,133.061767578125,125.9202651977539,15.333076477050781,225.9511260986328,40.10148239135742,46.73583984375,46.76044464111328
2021-08-25,144.8308563232422,100.2137680053711,656.7999877929688,164.95899963378906,37.29270935058594,427.6183166503906,256.4139404296875,51.606773376464844,81.3201675415039,172.8828125,140.8302001953125,285.9796142578125,49.56230163574219,152.2711639404297,141.99684143066406,48.3608283996582,348.63427734375,212.91397094726562,365.1831359863281,65.93933868408203,290.3929443359375,156.35525512695312,22.13643455505371,132.47286987304688,125.47174835205078,15.321900367736816,224.35948181152344,40.04316329956055,46.754676818847656,46.844913482666016
2021-08-26,144.03036499023438,100.2137680053711,652.3900146484375,165.8000030517578,37.19538879394531,425.7987976074219,263.23590087890625,51.47635269165039,80.25525665283203,171.18606567382812,140.19735717773438,283.8604431152344,48.93598556518555,151.45838928222656,142.729248046875,47.903709411621094,342.57611083984375,211.23794555664062,361.2080078125,65.51155090332031,287.585205078125,153.66709899902344,21.991931915283203,131.98631286621094,125.25190734863281,15.09288215637207,222.3627471923828,39.80258560180664,46.24934768676758,46.21141052246094
2021-08-27,145.0651397705078,99.53123474121094,658.52001953125,167.48150634765625,37.593536376953125,426.7748718261719,261.997314453125,51.3198356628418,81.42747497558594,174.6571044921875,142.73831176757812,285.5380859375,49.6359748840332,151.13499450683594,143.87635803222656,47.99857711791992,345.3625793457031,211.71047973632812,369.38616943359375,65.28055572509766,288.1909484863281,154.52928161621094,22.55797004699707,132.2509307861328,125.15513610839844,15.15433120727539,224.45594787597656,39.926513671875,45.98883056640625,47.10676956176758
2021-08-30,149.47763061523438,100.35527038574219,665.989990234375,171.07850646972656,36.85917282104492,432.0723571777344,260.4638366699219,51.41548538208008,81.2210922241211,174.50196838378906,143.31964111328125,288.82269287109375,49.682037353515625,151.7730255126953,141.5733184814453,48.455711364746094,342.7606506347656,210.91697692871094,377.34625244140625,65.45166778564453,291.91204833984375,154.9442138671875,22.60979652404785,133.1557159423828,125.70043182373047,15.210183143615723,223.04763793945312,39.926513671875,46.359195709228516,46.59150695800781
2021-08-31,148.21832275390625,100.53005981445312,663.7000122070312,173.5395050048828,36.93879699707031,431.6554260253906,260.75872802734375,51.3198356628418,79.88380432128906,175.78179931640625,143.4257049560547,288.0103759765625,49.79256057739258,151.309814453125,141.1409149169922,48.56783676147461,336.13946533203125,212.85317993164062,376.0774230957031,65.27196502685547,290.2678527832031,151.9104461669922,22.3117733001709,133.48854064941406,125.22550964355469,15.316316604614258,220.99301147460938,40.094181060791016,46.48474884033203,46.05093765258789
2021-09-01,148.88211059570312,93.44682312011719,665.8900146484375,173.9499969482422,36.443336486816406,432.6314392089844,263.75689697265625,51.337223052978516,79.0087661743164,177.89544677734375,143.93917846679688,287.2206115722656,49.43335723876953,151.84292602539062,140.93795776367188,48.895591735839844,339.38201904296875,213.47169494628906,378.72418212890625,65.17787170410156,290.21978759765625,151.74444580078125,22.367591857910156,134.7860107421875,126.50067901611328,15.187843322753906,221.97689819335938,40.05044174194336,46.38430404663086,45.41743850708008
2021-09-02,149.99502563476562,93.2387466430664,664.6400146484375,173.156005859375,36.478912353515625,436.8485412597656,259.6578063964844,51.763301849365234,80.6597671508789,176.3247528076172,142.02761840820312,290.8591613769531,49.488616943359375,152.8829803466797,141.59092712402344,48.9645881652832,331.33367919921875,215.01345825195312,372.0131530761719,65.98209381103516,289.5660095214844,150.9237823486328,22.32274055480957,134.88482666015625,126.59745788574219,15.439202308654785,216.24708557128906,40.30558776855469,46.629127502441406,46.52394104003906
2021-09-03,150.6295166015625,92.90581512451172,666.5900268554688,173.90249633789062,36.50558853149414,438.345947265625,262.53790283203125,51.66765213012695,80.47815704345703,175.49093627929688,142.4761199951172,293.1666259765625,49.285972595214844,152.97906494140625,140.73500061035156,48.93008804321289,330.3143005371094,214.072265625,372.9845886230469,66.10189056396484,289.5563049316406,150.5733642578125,22.768274307250977,135.005126953125,126.68538665771484,15.394516944885254,217.14419555664062,40.40764617919922,46.845706939697266,46.3465576171875
2021-09-07,152.96267700195312,90.75005340576172,661.3900146484375,175.46449279785156,36.745697021484375,435.55029296875,260.6997375488281,51.198097229003906,80.12317657470703,178.72927856445312,143.0123748779297,291.9330749511719,49.41492462158203,150.60189819335938,140.48789978027344,48.01582717895508,334.6636047363281,211.71478271484375,378.8530578613281,65.00675201416016,288.6332702636719,149.97396850585938,22.587862014770508,132.80506896972656,126.21047973632812,15.316316604614258,218.2631378173828,39.96296691894531,46.2242317199707,46.076271057128906
2021-09-08,151.42027282714844,91.85707092285156,663.219970703125,176.27499389648438,36.26547622680664,441.3311767578125,258.15380859375,51.02419662475586,79.57009887695312,179.51461791992188,142.4280548095703,294.2670593261719,49.341243743896484,150.23480224609375,139.8614044189453,48.6627082824707,340.80926513671875,213.89295959472656,374.283203125,64.4762954711914,288.6620788574219,148.19430541992188,22.26592254638672,134.68714904785156,127.16914367675781,15.41685962677002,220.98336791992188,40.02857208251953,46.28385925292969,45.65394592285156
2021-09-09,150.40501403808594,89.2851333618164,661.6799926757812,174.20799255371094,36.39888000488281,441.5585632324219,256.3057556152344,50.95463180541992,79.2481460571289,180.25148010253906,142.2793731689453,294.4356384277344,49.18466567993164,146.88754272460938,140.47024536132812,48.17971420288086,341.16839599609375,213.88401794433594,374.7095031738281,63.15871047973633,285.81591796875,150.6194610595703,22.104454040527344,133.83631896972656,126.63259887695312,15.316316604614258,219.43994140625,39.68594741821289,45.95743179321289,45.6877326965332
2021-09-10,145.42636108398438,88.79405212402344,658.9400024414062,173.45750427246094,35.81193923950195,440.81939697265625,252.8259735107422,50.337257385253906,79.3059310913086,178.51596069335938,139.63780212402344,294.595458984375,49.58993148803711,145.9261474609375,138.85545349121094,47.96407699584961,337.2656555175781,214.3949737548828,375.39349365234375,62.8421630859375,284.3352355957031,150.84999084472656,22.404468536376953,133.6043243408203,126.75575256347656,15.182258605957031,216.95127868652344,39.532859802246094,45.79109191894531,45.59481430053711
2021-09-13,145.99253845214844,89.4599380493164,645.1500244140625,172.85850524902344,36.40776443481445,435.60723876953125,249.78851318359375,50.51986312866211,80.87438201904297,179.3497772216797,141.08151245117188,297.7015380859375,50.64915466308594,144.90365600585938,141.06149291992188,48.3608283996582,337.6830749511719,216.214599609375,373.2324523925781,62.61113357543945,285.5658874511719,147.0969696044922,22.07953453063965,133.8621063232422,128.11891174316406,15.372174263000488,216.68118286132812,39.817169189453125,45.530574798583984,46.76889419555664
2021-09-14,144.59658813476562,88.62759399414062,645.010009765625,172.5,35.42954635620117,434.4226379394531,250.0441131591797,50.31987380981445,79.41326141357422,176.8483123779297,141.2916259765625,295.6337890625,50.21625518798828,144.02967834472656,138.59957885742188,48.395591735839844,335.72186279296875,216.1428680419922,373.25225830078125,62.24857711791992,288.25823974609375,146.39613342285156,22.169239044189453,133.33786010742188,127.89905548095703,15.266044616699219,215.1378173828125,39.6640739440918,45.292022705078125,46.101619720458984
2021-09-15,145.4849395751953,89.7013168334961,661.0800170898438,173.7895050048828,35.696327209472656,436.6212158203125,251.80369567871094,50.050315856933594,81.09727478027344,178.79713439941406,143.16006469726562,295.8556213378906,50.768890380859375,144.571533203125,139.56141662597656,48.56071472167969,334.7025451660156,216.00839233398438,370.66497802734375,62.85285568237305,293.0947265625,145.61236572265625,22.267915725708008,134.0856170654297,127.62641143798828,15.400102615356445,215.89016723632812,39.78071975708008,45.3704948425293,47.65578842163086
2021-09-16,145.2506561279297,89.95933532714844,665.1099853515625,174.41200256347656,35.97201156616211,439.0662536621094,255.93222045898438,49.850318908691406,80.33780670166016,177.7597198486328,142.3477783203125,298.5358581542969,50.50178527832031,144.39675903320312,139.49961853027344,48.100120544433594,336.2170715332031,218.00733947753906,369.81243896484375,62.12771987915039,293.4793701171875,145.32650756835938,22.169239044189453,133.6902313232422,126.73815155029297,15.41685962677002,216.39181518554688,39.67865753173828,45.521156311035156,47.148990631103516
2021-09-17,142.58558654785156,89.66800689697266,654.47998046875,173.12600708007812,36.016483306884766,435.4650573730469,256.0993347167969,49.432945251464844,79.87553405761719,177.88577270507812,139.56246948242188,297.8968505859375,49.97677230834961,143.9859619140625,139.13783264160156,47.309322357177734,333.0423583984375,217.36195373535156,361.5450744628906,61.87736129760742,288.3351745605469,144.2384033203125,21.82836151123047,132.46128845214844,126.9404296875,15.377758026123047,213.903076171875,39.56931686401367,45.42698669433594,46.59150695800781
2021-09-20,139.53977966308594,88.5610122680664,641.2899780273438,167.7864990234375,34.78034973144531,427.53302001953125,253.8286590576172,48.59819030761719,78.24105072021484,173.17367553710938,137.500244140625,293.9387512207031,48.797821044921875,143.16441345214844,134.97288513183594,46.97909927368164,329.7900390625,214.31427001953125,352.6036071777344,62.09318923950195,282.97943115234375,142.23739624023438,21.04393196105957,132.01441955566406,125.66522216796875,15.199013710021973,212.2632598876953,39.55473327636719,44.80237579345703,45.34986877441406
2021-09-21,140.01808166503906,89.18524169921875,645.8900146484375,167.18150329589844,34.79814529418945,428.4522705078125,253.58290100097656,48.05038070678711,78.29883575439453,165.96014404296875,137.81100463867188,296.6100158691406,48.696502685546875,143.79368591308594,134.99050903320312,46.970401763916016,327.5473327636719,215.57818603515625,354.3681335449219,62.12771987915039,283.460205078125,142.9474334716797,21.176496505737305,131.95419311523438,125.85872650146484,15.059366226196289,212.37901306152344,39.38706588745117,44.8902702331543,45.30763626098633
2021-09-22,142.3805694580078,88.56934356689453,626.0800170898438,169.00250244140625,35.696327209472656,428.66070556640625,254.7625274658203,48.276466369628906,80.60197448730469,168.36463928222656,139.05050659179688,298.1275329589844,49.276771545410156,143.26930236816406,137.5760040283203,47.0399284362793,333.40155029296875,217.93565368652344,340.2222595214844,62.18815231323242,287.0947570800781,145.178955078125,21.869226455688477,132.35813903808594,126.28964233398438,15.087298393249512,214.86766052246094,39.408931732177734,44.786685943603516,46.633750915527344
2021-09-23,143.33726501464844,89.36004638671875,630.8400268554688,170.8000030517578,37.07473373413086,429.08721923828125,273.1346130371094,49.293819427490234,82.59970092773438,170.88552856445312,139.97482299804688,298.10980224609375,49.76493453979492,144.08212280273438,142.22628784179688,46.96171569824219,343.75091552734375,219.41464233398438,342.9483947753906,63.06003189086914,288.0371398925781,147.1522979736328,22.40845489501953,132.46128845214844,126.80855560302734,15.187843322753906,220.23094177246094,39.671382904052734,44.81180191040039,48.21327209472656
2021-09-24,143.4251251220703,89.11866760253906,622.7100219726562,171.2760009765625,37.47492599487305,443.2739562988281,280.7725524902344,49.3286018371582,83.04546356201172,170.6431427001953,140.96502685546875,299.511962890625,49.93993377685547,143.64511108398438,143.8675537109375,46.831363677978516,347.7217102050781,220.8847198486328,349.887451171875,63.5434455871582,287.835205078125,137.9402618408203,22.00876808166504,132.52145385742188,126.24569702148438,15.15433120727539,223.39488220214844,39.63492202758789,44.937347412109375,48.644046783447266
2021-09-27,141.9119873046875,89.6596908569336,603.6500244140625,170.2899932861328,38.47092819213867,436.4601135253906,274.9237060546875,48.88513946533203,85.00189208984375,172.83433532714844,139.83209228515625,302.9908447265625,50.34519958496094,142.6051025390625,147.34423828125,46.5880241394043,346.3721618652344,222.39955139160156,350.50201416015625,63.32763671875,282.85443115234375,136.51101684570312,21.589141845703125,131.24954223632812,124.58352661132812,15.305146217346191,221.475341796875,39.707828521728516,44.648590087890625,50.08841323852539
2021-09-28,138.5343017578125,89.34339904785156,578.77001953125,165.79800415039062,38.38200759887695,423.94134521484375,267.6495361328125,48.276466369628906,85.32384490966797,169.2081756591797,134.63613891601562,296.2372741699219,49.7373046875,142.29043579101562,146.55006408691406,45.74508285522461,340.9452209472656,218.50930786132812,337.6845703125,63.293094635009766,272.61407470703125,133.98435974121094,20.63128662109375,129.81430053710938,123.64248657226562,15.215770721435547,217.57826232910156,39.481842041015625,44.09929656982422,50.61210632324219
2021-09-29,139.4324188232422,90.59190368652344,577.7000122070312,165.05599975585938,38.301971435546875,428.1490173339844,265.89984130859375,48.2416877746582,85.29907989501953,167.42416381835938,133.17262268066406,299.0150146484375,49.2675666809082,143.3480224609375,146.43531799316406,46.023170471191406,342.8965759277344,218.96646118164062,336.65362548828125,64.82103729248047,273.0756530761719,134.6483154296875,20.44988250732422,130.88856506347656,124.9001235961914,15.305146217346191,218.6586151123047,39.642208099365234,44.080474853515625,50.57830810546875
2021-09-30,138.13406372070312,89.7845458984375,575.719970703125,164.2519989013672,37.75060272216797,425.8367004394531,266.6075439453125,47.328678131103516,83.74713134765625,164.02098083496094,132.50108337402344,291.3206787109375,49.07413864135742,141.14556884765625,144.4410858154297,45.59735107421875,337.547119140625,216.12496948242188,336.43560791015625,64.83831024169922,271.07568359375,133.91983032226562,20.648235321044922,129.26425170898438,122.94772338867188,15.087298393249512,214.86766052246094,39.37248611450195,43.747764587402344,49.682987213134766
2021-10-01,139.2566680908203,90.79998779296875,577.469970703125,164.16299438476562,38.31086349487305,424.8700256347656,270.5788269042969,47.94605255126953,86.12458801269531,170.65281677246094,135.3428955078125,292.740478515625,49.608360290527344,140.2454071044922,147.47657775878906,46.075321197509766,349.68280029296875,217.75634765625,340.0240478515625,70.26813507080078,277.9794921875,135.6072998046875,20.674148559570312,129.72837829589844,122.7542495727539,15.171085357666016,222.30487060546875,39.58388900756836,43.016441345214844,51.465206146240234
2021-10-04,135.83018493652344,90.50035858154297,558.489990234375,159.48899841308594,38.54207229614258,417.108642578125,266.253662109375,47.47332763671875,86.446533203125,168.18043518066406,132.4847412109375,289.7320861816406,49.249141693115234,139.1529083251953,147.31773376464844,46.04924774169922,334.1686096191406,217.8908233642578,323.3901672363281,71.73564147949219,272.2199401855469,135.6810760498047,19.667451858520508,129.0837860107422,122.05945587158203,15.221353530883789,216.77761840820312,39.72968673706055,42.60212326049805,52.13249206542969
2021-10-05,137.7532958984375,91.14957427978516,566.7000122070312,161.0500030517578,39.32465744018555,422.88946533203125,267.1481628417969,47.87601089477539,87.38760375976562,169.29541015625,134.82745361328125,292.4034118652344,49.69124984741211,139.46755981445312,149.7235107421875,46.1274528503418,333.2073974609375,219.80906677246094,330.0615234375,70.4407730102539,277.6524963378906,137.82040405273438,20.38410186767578,129.84866333007812,122.53439331054688,15.277220726013184,216.34352111816406,39.73698425292969,42.8814697265625,52.04802703857422
2021-10-06,138.62217712402344,90.99143981933594,570.3099975585938,163.10049438476562,39.342445373535156,425.8272399902344,270.5886535644531,47.21945571899414,86.61988830566406,170.13893127441406,136.35589599609375,293.1843566894531,49.7188835144043,139.7559814453125,150.04302978515625,46.67493438720703,338.5276794433594,221.4942626953125,330.735595703125,69.62931823730469,281.8351745605469,137.2117919921875,20.632282257080078,133.17459106445312,124.17017364501953,15.254873275756836,218.49462890625,39.75156784057617,43.195350646972656,51.09355926513672
2021-10-07,139.88145446777344,92.28157043457031,578.9600219726562,165.1215057373047,39.23572540283203,429.1725769042969,269.910400390625,48.164894104003906,87.239013671875,172.3010711669922,138.00132751464844,299.5032043457031,49.90309524536133,141.0057373046875,150.99290466308594,46.82267761230469,344.0296936035156,222.58782958984375,326.3540954589844,70.7342758178711,283.5083312988281,140.02432250976562,21.00605583190918,134.40353393554688,125.16397094726562,15.523324012756348,222.3917236328125,39.758941650390625,43.70382308959961,51.237159729003906
2021-10-08,139.50071716308594,92.53958129882812,576.8599853515625,164.43099975585938,39.431373596191406,428.205810546875,267.84613037109375,48.21742248535156,89.1954345703125,171.360595703125,138.55690002441406,296.7164306640625,49.56230163574219,140.64744567871094,151.10829162597656,47.03124237060547,345.0503845214844,222.0320587158203,327.1768493652344,69.60340881347656,283.5083312988281,140.60519409179688,20.76285171508789,134.0941619873047,124.64505004882812,15.339956283569336,222.12161254882812,39.272098541259766,43.83564376831055,52.52104187011719
2021-10-11,139.41290283203125,91.84043884277344,573.0700073242188,162.31500244140625,38.9333610534668,426.1684265136719,269.09454345703125,48.08611297607422,88.43599700927734,168.23858642578125,137.6930389404297,299.050537109375,49.22150421142578,140.05311584472656,147.93026733398438,47.1268196105957,337.4584655761719,221.0281524658203,322.616943359375,68.99916076660156,282.912109375,138.57652282714844,20.627302169799805,134.274658203125,125.16397094726562,14.915911674499512,217.14419555664062,38.490196228027344,43.79484939575195,51.99734878540039
2021-10-12,138.14381408691406,90.36717224121094,580.6900024414062,162.3665008544922,38.719940185546875,423.4864501953125,274.2552490234375,47.517093658447266,88.45249938964844,167.8604736328125,135.24972534179688,299.7871398925781,48.051761627197266,137.81578063964844,146.79397583007812,47.1268196105957,335.698974609375,219.18161010742188,320.9515075683594,68.70563507080078,281.6140441894531,141.407470703125,20.603384017944336,134.8676300048828,124.97926330566406,14.572098731994629,216.1216583251953,37.86319351196289,43.747764587402344,51.727054595947266
2021-10-13,137.55809020996094,90.33387756347656,591.1199951171875,164.21400451660156,38.36421585083008,421.9986267089844,279.5733337402344,47.814727783203125,88.98082733154297,167.69566345214844,136.37274169921875,300.2131042480469,48.1346549987793,139.13546752929688,142.92349243164062,47.13552474975586,332.7924499511719,217.50535583496094,321.7148742675781,68.1531753540039,284.9122009277344,144.12774658203125,20.870502471923828,135.77862548828125,125.26949310302734,14.497603416442871,214.58792114257812,37.8779411315918,43.43075180053711,51.58347702026367
2021-10-14,140.34027099609375,91.74916076660156,607.510009765625,164.9929962158203,40.08055114746094,427.0781555175781,285.0877990722656,48.716407775878906,89.82280731201172,169.10150146484375,139.91038513183594,305.33380126953125,49.645198822021484,139.93077087402344,145.1162109375,47.45705795288086,334.96014404296875,219.20848083496094,325.67010498046875,67.61796569824219,291.1044006347656,144.90232849121094,21.67486572265625,136.8700714111328,126.68538665771484,14.680971145629883,217.21170043945312,38.298404693603516,43.90156555175781,52.36899948120117
2021-10-15,141.3945770263672,92.10298156738281,610.0900268554688,170.4510040283203,41.23664474487305,428.7176208496094,286.6999816894531,48.366241455078125,90.48323059082031,171.089111328125,140.12545776367188,310.97808837890625,50.16099166870117,140.9708251953125,147.90362548828125,47.344078063964844,346.06134033203125,217.1468048095703,321.9329833984375,67.61796569824219,292.50823974609375,145.70452880859375,21.790485382080078,136.4833221435547,127.01078796386719,14.726813316345215,222.8160858154297,38.556575775146484,44.1150016784668,52.86735534667969
2021-10-18,143.06393432617188,90.50238037109375,622.8300170898438,172.33700561523438,41.15660858154297,437.77740478515625,286.7392883300781,48.31371307373047,90.44196319580078,165.93104553222656,141.5230712890625,315.06048583984375,50.17020034790039,139.93948364257812,147.8503875732422,46.874813079833984,348.4332580566406,217.15577697753906,332.4208068847656,66.59932708740234,295.4697570800781,147.0139617919922,22.149307250976562,135.86453247070312,125.18152618408203,14.514795303344727,222.48814392089844,38.2910270690918,44.469669342041016,52.84201431274414
2021-10-19,145.22137451171875,90.51921844482422,636.0700073242188,172.20750427246094,41.334468841552734,442.638916015625,287.36834716796875,48.79518508911133,92.20852661132812,165.96983337402344,141.97805786132812,317.7052001953125,50.85178756713867,143.21685791015625,149.6436004638672,47.05730438232422,351.99102783203125,217.61293029785156,337.0303649902344,68.61930847167969,296.3736572265625,145.5293731689453,22.217082977294922,137.59197998046875,123.7040786743164,14.66378116607666,225.25662231445312,38.61559295654297,45.4144401550293,53.63599395751953
2021-10-20,145.70944213867188,91.32794952392578,632.3699951171875,170.7530059814453,41.87693405151367,445.1881103515625,285.15667724609375,49.1978759765625,93.41374969482422,165.35899353027344,140.52296447753906,317.9181823730469,50.99915313720703,143.13821411132812,151.65870666503906,47.47444152832031,346.80987548828125,214.8789825439453,337.8135070800781,69.98326110839844,295.5851745605469,146.11029052734375,22.030696868896484,138.63185119628906,124.1877670288086,14.847150802612305,223.23089599609375,39.54502487182617,45.82560348510742,53.93162155151367
2021-10-21,145.9241943359375,91.62281799316406,638.6599731445312,171.75050354003906,41.64572525024414,452.2578430175781,284.8814392089844,48.75141906738281,92.24153137207031,166.12496948242188,140.63893127441406,323.5890197753906,51.57942199707031,142.80613708496094,150.4691619873047,47.23109817504883,346.2655029296875,216.38491821289062,338.9039306640625,70.06956481933594,298.806396484375,149.54981994628906,22.617767333984375,136.80130004882812,123.29400634765625,14.761198043823242,222.0926513671875,39.38273620605469,46.07985305786133,52.951812744140625
2021-10-22,145.15301513671875,91.94292449951172,643.5800170898438,166.77749633789062,42.303794860839844,456.76873779296875,287.5846252441406,48.24368667602539,93.11659240722656,164.2633819580078,136.35739135742188,324.8049011230469,45.55569076538086,143.08578491210938,152.49317932128906,47.31800842285156,348.6568298339844,213.7316131591797,321.7842102050781,70.05231475830078,297.2678527832031,150.74856567382812,22.651655197143555,137.4802703857422,124.62134552001953,14.606480598449707,223.04763793945312,39.04342269897461,46.56007385253906,53.31502151489258
2021-10-25,145.1042022705078,91.40377807617188,646.969970703125,166.01849365234375,42.25043869018555,464.454345703125,288.9215087890625,48.26994705200195,93.98335266113281,166.77456665039062,136.2389678955078,329.48187255859375,45.50963592529297,143.40040588378906,151.74752807617188,47.1268196105957,350.78564453125,212.74560546875,325.82867431640625,70.49256134033203,296.2774963378906,151.43092346191406,23.090219497680664,136.83566284179688,124.63907623291016,14.69243049621582,225.6038818359375,38.78525161743164,47.09994125366211,54.35395431518555
2021-10-26,145.76800537109375,92.23777770996094,642.5,168.80349731445312,42.650611877441406,460.1234436035156,290.09130859375,48.85646438598633,94.18972778320312,166.80364990234375,138.08409118652344,327.653564453125,44.468833923339844,144.8599395751953,152.1558074951172,47.335391998291016,347.3445129394531,211.92092895507812,313.0608215332031,71.00188446044922,298.1812438964844,151.03443908691406,24.63614273071289,138.5115509033203,126.40885162353516,14.537715911865234,223.6167449951172,39.154075622558594,46.68877029418945,55.61249923706055
2021-10-27,145.30921936035156,91.31953430175781,640.0800170898438,169.62449645996094,41.83246994018555,463.5161437988281,290.1305847167969,49.18036651611328,92.51396942138672,164.3894500732422,144.93234252929688,330.4225769042969,44.109619140625,143.10325622558594,148.98667907714844,48.247859954833984,326.3475646972656,217.57704162597656,309.5020751953125,70.38898468017578,310.73895263671875,149.70660400390625,24.37101173400879,138.0303192138672,125.50626373291016,14.360076904296875,208.1443328857422,38.82212448120117,46.30583572387695,54.16812515258789
2021-10-28,148.9407501220703,92.3894271850586,639.280029296875,172.32850646972656,42.490543365478516,465.6139221191406,293.3056335449219,49.23289489746094,93.3807373046875,164.51548767089844,144.56710815429688,329.7569274902344,44.28462600708008,142.32542419433594,151.2326202392578,48.69975662231445,323.73260498046875,220.06004333496094,314.16119384765625,74.71383666992188,311.87353515625,151.65225219726562,24.85941505432129,138.8983154296875,126.25843048095703,14.640860557556152,202.41452026367188,38.94752502441406,46.5946044921875,54.32016372680664
2021-10-29,146.23658752441406,96.6015853881836,650.3599853515625,168.6215057373047,42.490543365478516,466.5724792480469,294.5933837890625,48.99652862548828,94.51168823242188,163.924072265625,146.74478149414062,329.9078369140625,45.131996154785156,142.3516387939453,150.81539916992188,48.98651885986328,326.15313720703125,220.10484313964844,320.7532653808594,76.00870513916016,318.86395263671875,154.26185607910156,25.483362197875977,138.88113403320312,126.53276824951172,14.474684715270996,204.27622985839844,39.08768844604492,46.89906311035156,54.4553108215332
2021-11-01,145.41661071777344,96.7195053100586,640.2000122070312,165.90550231933594,42.55279541015625,466.88580322265625,297.61114501953125,49.1103401184082,94.54469299316406,165.0099639892578,142.23574829101562,325.23974609375,45.63858413696289,142.47398376464844,150.73545837402344,48.81272506713867,324.7240905761719,224.6136474609375,327.1075134277344,75.82740020751953,316.7004089355469,153.37657165527344,25.742511749267578,138.5889129638672,126.22303009033203,14.537715911865234,204.94183349609375,39.05817413330078,47.01519012451172,55.43511199951172
2021-11-02,146.45138549804688,98.16849517822266,640.4000244140625,165.6374969482422,42.5794792175293,471.7457275390625,297.7979431152344,50.440956115722656,93.96684265136719,164.66090393066406,144.15423583984375,325.9585876464844,45.924110412597656,144.72006225585938,151.3302459716797,48.75188064575195,319.3097229003906,223.41250610351562,325.2239685058594,76.84606170654297,320.3158264160156,154.75982666015625,26.31463623046875,139.8607940673828,127.47960662841797,14.457490921020508,201.7393035888672,38.77787399291992,46.99322509765625,54.75095748901367
2021-11-03,147.88638305664062,99.04463195800781,655.1799926757812,169.1999969482422,43.015235900878906,476.814453125,297.739013671875,50.467220306396484,93.2899398803711,164.90330505371094,145.30953979492188,327.4495544433594,46.412269592285156,144.25689697265625,151.38351440429688,48.91700744628906,320.2331237792969,224.45228576660156,328.7331848144531,76.55254364013672,321.15234375,159.06614685058594,26.5109920501709,141.2014923095703,128.3556671142578,14.428841590881348,200.73609924316406,39.0507926940918,47.137611389160156,53.999202728271484
2021-11-04,147.3690185546875,98.61497497558594,674.0800170898438,173.85000610351562,42.09036636352539,489.42950439453125,302.80145263671875,50.00325393676758,93.70269012451172,165.0972137451172,146.96434020996094,330.29827880859375,46.66083908081055,143.85488891601562,149.39501953125,49.1864013671875,326.0656433105469,227.1951904296875,332.9264221191406,78.15815734863281,323.4985046386719,161.7771453857422,29.703514099121094,141.2101287841797,128.59458923339844,14.211091041564941,201.3920440673828,38.246761322021484,47.48286056518555,54.404640197753906
2021-11-05,147.8969268798828,98.7160873413086,662.719970703125,175.94949340820312,41.77021408081055,487.0564270019531,302.0248107910156,49.95948028564453,94.71804809570312,170.2843780517578,147.54371643066406,326.9437255859375,47.226585388183594,142.83230590820312,149.18197631835938,49.39496994018555,339.0526123046875,228.3156280517578,338.1603698730469,70.44938659667969,323.1330871582031,163.68592834472656,29.654672622680664,142.66250610351562,129.23170471191406,14.382999420166016,209.00283813476562,38.534446716308594,47.153297424316406,54.91987609863281
2021-11-08,147.0757293701172,97.77254486083984,666.02001953125,174.44900512695312,42.099266052246094,478.2193908691406,304.6887512207031,49.89820098876953,95.05652618408203,171.4866180419922,147.7211456298828,327.11236572265625,47.81088638305664,142.34288024902344,150.0785675048828,48.95176696777344,339.90802001953125,226.87249755859375,335.6722412109375,71.3730697631836,324.0272521972656,158.46673583984375,30.703235626220703,139.59439086914062,128.26719665527344,14.256929397583008,212.6876983642578,38.6008415222168,46.85197830200195,55.511146545410156
2021-11-09,147.43743896484375,97.39346313476562,667.9199829101562,178.81149291992188,41.690185546875,482.8704833984375,304.4429626464844,50.283382415771484,95.75818634033203,169.78021240234375,147.60960388183594,328.94049072265625,47.48628234863281,142.02830505371094,148.9423065185547,49.09080505371094,335.02813720703125,226.4691162109375,332.4505615234375,71.40760803222656,323.0273742675781,160.2833251953125,30.55670928955078,140.5225372314453,128.65650939941406,14.159517288208008,205.8389129638672,38.534446716308594,47.01519012451172,56.05171585083008
2021-11-10,144.61207580566406,98.35382080078125,647.5,174.1024932861328,42.00143814086914,479.83306884765625,294.57373046875,50.572265625,94.23099517822266,169.14028930664062,144.6112060546875,327.1034851074219,47.078189849853516,143.56646728515625,148.8002166748047,49.290679931640625,347.9472351074219,226.8993682861328,324.7878723144531,72.52117919921875,318.075439453125,155.1563262939453,29.36263084411621,140.97805786132812,129.92193603515625,14.297042846679688,208.29818725585938,38.79999923706055,46.59146499633789,54.94747543334961
2021-11-11,144.56317138671875,98.25273895263672,643.1699829101562,173.625,42.2326545715332,486.1641845703125,297.8274841308594,49.6881103515625,94.2392807006836,157.17588806152344,144.4853057861328,326.2603759765625,46.8648796081543,142.5089874267578,148.7913818359375,49.30807113647461,344.44775390625,224.2371368408203,324.8869934082031,72.52982330322266,319.6427307128906,153.966796875,30.290590286254883,139.81787109375,129.55027770996094,14.279853820800781,203.3313446044922,38.68935775756836,46.61029815673828,55.05018615722656
2021-11-12,146.6357879638672,98.5391616821289,657.5999755859375,176.25750732421875,41.71686553955078,490.90069580078125,301.4350280761719,49.740631103515625,94.29704284667969,154.77137756347656,147.37123107910156,330.6976318359375,46.66083908081055,144.21322631835938,148.1255645751953,49.19509506225586,353.35198974609375,224.69432067871094,337.9224853515625,72.51258087158203,323.7677307128906,155.9217071533203,30.290590286254883,139.78346252441406,129.69186401367188,14.291312217712402,204.94503784179688,38.608219146728516,46.37803268432617,54.63072967529297
2021-11-15,146.64556884765625,98.42964172363281,659.72998046875,177.28399658203125,41.841365814208984,493.4826965332031,300.29473876953125,50.13456726074219,96.43510437011719,153.60787963867188,147.14718627929688,329.32208251953125,46.670108795166016,142.91099548339844,147.85922241210938,49.20378494262695,351.2716979980469,226.7290802001953,344.5343933105469,72.24494171142578,323.14276123046875,155.7003631591797,29.92677879333496,140.77183532714844,130.4351806640625,14.211091041564941,205.14797973632812,38.65247344970703,46.11124038696289,55.10155487060547
2021-11-16,147.62322998046875,98.07583618164062,671.030029296875,177.03500366210938,41.8680419921875,499.96563720703125,301.8675537109375,49.89820098876953,96.81482696533203,153.99571228027344,146.57627868652344,348.1807861328125,46.9390754699707,142.16812133789062,146.79397583007812,48.856170654296875,359.2427978515625,226.29881286621094,339.9744873046875,72.60751342773438,326.450439453125,158.4482879638672,30.104198455810547,140.35069274902344,130.24935913085938,14.130867958068848,207.9309539794922,38.40168380737305,44.937347412109375,55.657958984375
2021-11-17,150.05752563476562,98.85928344726562,670.6699829101562,177.4499969482422,41.36113739013672,499.5574951171875,302.7817687988281,49.6881103515625,96.38060760498047,152.5413818359375,146.74575805664062,350.4172058105469,46.586631774902344,142.7012176513672,146.00392150878906,48.5867805480957,349.14288330078125,226.50494384765625,337.80352783203125,71.30401611328125,326.6719970703125,158.36532592773438,29.165281295776367,140.40225219726562,130.16969299316406,14.130867958068848,198.1519317626953,38.15824890136719,44.55127716064453,55.05018615722656
2021-11-18,154.3395538330078,98.6234130859375,670.9600219726562,184.80299377441406,41.19217300415039,502.48089599609375,297.8372497558594,46.948081970214844,95.57061767578125,150.84461975097656,148.5215301513672,360.1794738769531,46.07653045654297,141.93215942382812,144.7433624267578,48.15227127075195,338.4986267089844,227.21307373046875,335.74163818359375,71.69246673583984,328.7430114746094,158.0056610107422,31.571382522583008,140.4452362060547,130.18743896484375,13.976149559020996,196.4801788330078,37.79680633544922,44.934200286865234,54.45098114013672
2021-11-19,156.9596405029297,97.92418670654297,688.3699951171875,183.82850646972656,40.37403106689453,506.67657470703125,296.0482482910156,46.615421295166016,93.44961547851562,149.312744140625,147.61753845214844,362.6997985839844,45.928138732910156,142.3603973388672,142.85250854492188,47.90894317626953,330.23583984375,225.84165954589844,342.29412841796875,69.66384887695312,330.51544189453125,161.26077270507812,32.877098083496094,140.7803955078125,129.92193603515625,13.827162742614746,194.0933837890625,37.516502380371094,44.692527770996094,51.934303283691406
2021-11-22,157.4191436767578,97.42716217041016,673.5700073242188,178.6284942626953,41.15660858154297,512.2389526367188,291.7918395996094,47.79722595214844,95.11968994140625,149.46786499023438,145.01608276367188,362.78863525390625,46.21564865112305,140.4866485595703,145.89736938476562,48.204410552978516,312.3300476074219,227.21307373046875,338.04150390625,70.47529602050781,327.3558654785156,160.67063903808594,31.85146141052246,141.0725555419922,130.78916931152344,14.153786659240723,188.9912872314453,38.01810073852539,45.442684173583984,52.653350830078125
2021-11-23,157.80038452148438,100.148193359375,665.1599731445312,179.0019989013672,42.241546630859375,517.56396484375,286.46405029296875,48.410011291503906,97.11546325683594,146.43313598632812,144.50067138671875,362.41583251953125,45.53860092163086,141.3575439453125,149.3861083984375,48.56071472167969,319.81512451171875,229.15821838378906,334.314208984375,71.4766616821289,325.2848205566406,158.7433624267578,31.64215087890625,142.01791381835938,132.24038696289062,14.188167572021484,191.80323791503906,38.173004150390625,45.76597595214844,54.04008865356445
2021-11-24,158.31854248046875,99.96288299560547,668.3200073242188,179.02049255371094,42.35715866088867,521.8068237304688,284.2523193359375,48.620113372802734,97.85862731933594,146.73370361328125,144.83570861816406,365.7349853515625,46.15072250366211,140.96170043945312,148.21432495117188,48.169654846191406,330.50811767578125,230.46688842773438,338.0909729003906,71.02777862548828,325.50640869140625,158.63272094726562,32.567115783691406,140.72024536132812,131.55018615722656,14.021988868713379,196.40289306640625,38.10661315917969,45.9951057434082,54.33970260620117
2021-11-26,153.30325317382812,98.15165710449219,662.0999755859375,175.22799682617188,40.69416809082031,518.3896484375,279.37664794921875,47.85850524902344,95.62071990966797,143.60198974609375,140.9333038330078,357.38385009765625,45.24180603027344,140.04681396484375,143.7490997314453,46.69231033325195,315.1199951171875,224.1026611328125,330.22021484375,68.3344497680664,317.5784912109375,154.93504333496094,31.399948120117188,138.4857635498047,130.4971466064453,13.87873363494873,190.99151611328125,38.20988464355469,45.480350494384766,52.430782318115234
2021-11-29,156.65655517578125,98.4717788696289,687.489990234375,178.07850646972656,40.54299545288086,526.6952514648438,291.69354248046875,48.81269073486328,95.9046401977539,143.3111114501953,144.2513885498047,361.0403137207031,46.373313903808594,140.53062438964844,143.12770080566406,47.43099594116211,313.9924011230469,224.36260986328125,335.0874328613281,64.64839935302734,324.2733154296875,156.6409454345703,33.26681900024414,141.0640106201172,131.86871337890625,13.6896333694458,189.67733764648438,38.10661315917969,44.76785659790039,52.721832275390625
2021-11-30,161.60342407226562,97.11546325683594,669.8499755859375,175.35350036621094,39.5469856262207,511.9826965332031,280.1138610839844,48.00732421875,94.25125885009766,140.4897003173828,140.6503448486328,355.52911376953125,45.631343841552734,137.1702117919922,140.9971466064453,45.93344497680664,306.12823486328125,220.4688262939453,321.63555908203125,64.66566467285156,318.455078125,156.0599822998047,32.5691032409668,137.31695556640625,127.93974304199219,13.08222484588623,187.24224853515625,37.081298828125,44.14011001586914,51.22380828857422
2021-12-01,161.0852813720703,97.64619445800781,657.4099731445312,172.18600463867188,38.986732482910156,502.92718505859375,247.22293090820312,48.17365264892578,93.60826873779297,137.82339477539062,139.811767578125,356.83013916015625,45.074867248535156,139.06155395507812,140.16268920898438,45.80207443237305,297.7294616699219,220.09027099609375,307.89617919921875,64.25993347167969,317.9637451171875,153.71778869628906,31.33600616455078,137.64353942871094,129.55027770996094,12.738408088684082,183.7538604736328,36.71247100830078,43.04468536376953,51.18102264404297
2021-12-02,160.0978546142578,98.45492553710938,671.8800048828125,171.8679962158203,40.11262893676758,498.8170471191406,256.75799560546875,49.154109954833984,96.14681243896484,142.71969604492188,141.70944213867188,363.3800048828125,45.90959167480469,138.19065856933594,143.10997009277344,46.47640609741211,311.2607727050781,224.25445556640625,307.68804931640625,63.7851448059082,317.3953857421875,156.76083374023438,32.02482604980469,138.97164916992188,130.311279296875,13.208294868469238,191.6099395751953,37.42060852050781,42.5205192565918,52.45647048950195
2021-12-03,158.22079467773438,100.12293243408203,616.530029296875,169.489501953125,39.201175689697266,502.06341552734375,253.9269561767578,49.22413635253906,95.5372085571289,141.76953125,140.75340270996094,363.4156494140625,45.67771911621094,140.2051544189453,140.51776123046875,46.888023376464844,313.11749267578125,224.73216247558594,304.1689147949219,63.310359954833984,311.15338134765625,157.26425170898438,30.596343994140625,142.51040649414062,132.62977600097656,13.443233489990234,189.70635986328125,37.92958450317383,43.16082000732422,52.122623443603516
2021-12-06,161.6229705810547,102.22901916503906,622.0399780273438,171.36849975585938,39.45138931274414,506.1166687011719,254.34962463378906,49.863189697265625,97.03194427490234,145.793212890625,141.89675903320312,370.4468078613281,47.29151153564453,143.33688354492188,142.17784118652344,48.08780288696289,324.0242919921875,230.55487060546875,315.1029052734375,63.37944030761719,314.21661376953125,156.03564453125,29.94240951538086,143.98989868164062,134.6384735107422,13.340088844299316,195.85205078125,37.6713981628418,43.62849044799805,52.71327590942383
2021-12-07,167.35191345214844,102.36382293701172,649.9600219726562,176.1645050048828,39.9517822265625,514.488525390625,262.4494934082031,50.8436393737793,98.46821594238281,146.21981811523438,145.97511291503906,370.87451171875,48.75690841674805,143.7063446044922,144.31727600097656,48.350528717041016,330.03167724609375,234.26840209960938,319.9998779296875,62.395328521728516,322.6261901855469,158.2342071533203,32.32487487792969,143.82553100585938,134.28456115722656,13.225483894348145,200.3840789794922,37.464874267578125,43.487239837646484,53.303924560546875
2021-12-08,171.16468811035156,102.6670913696289,653.0999755859375,176.1580047607422,39.46031951904297,503.18341064453125,261.78106689453125,49.91571807861328,98.91077423095703,148.6728057861328,146.88404846191406,366.4811096191406,47.99638748168945,144.56842041015625,142.66604614257812,48.1666259765625,332.7826843261719,233.97093200683594,327.6824035644531,63.19815444946289,322.6743469238281,157.2734832763672,31.725770950317383,144.0764617919922,134.88626098632812,13.277057647705078,201.9495086669922,37.24358367919922,43.04783248901367,53.4580078125
2021-12-09,170.6562957763672,104.58783721923828,632.5700073242188,174.17100524902344,39.75520706176758,497.69708251953125,259.8249206542969,50.379676818847656,98.65192413330078,148.2849884033203,146.3408660888672,366.5613708496094,46.81850051879883,145.94073486328125,142.44412231445312,48.04401779174805,334.9018859863281,236.45870971679688,326.94891357421875,62.8960075378418,320.8729553222656,155.28738403320312,30.39398193359375,143.89476013183594,135.6738739013672,13.145261764526367,204.26861572265625,37.000152587890625,43.64659118652344,53.594966888427734
2021-12-10,175.4369659423828,105.69983673095703,654.4500122070312,172.21200561523438,39.78200912475586,530.4351806640625,261.5058288574219,51.86787414550781,98.81892395019531,148.06199645996094,146.70066833496094,370.17938232421875,46.9205207824707,145.58006286621094,141.87600708007812,49.28759002685547,340.15106201171875,238.8291778564453,326.8795166015625,62.6888313293457,329.9664306640625,156.1741943359375,30.102903366088867,146.1962432861328,137.5675811767578,13.0879545211792,206.2109375,37.02228546142578,44.44388198852539,53.93737030029297
2021-12-13,171.80995178222656,106.57595825195312,658.2999877929688,169.5675048828125,38.94205093383789,528.9164428710938,261.24041748046875,51.3076057434082,96.76473236083984,145.85137939453125,144.54483032226562,361.12542724609375,46.373313903808594,148.1839599609375,140.18931579589844,50.583709716796875,335.66973876953125,237.13467407226562,331.5782470703125,63.37944030761719,326.9416198730469,154.12339782714844,28.07231330871582,146.92300415039062,139.52317810058594,12.858745574951172,203.91110229492188,37.088661193847656,45.24434280395508,52.75607681274414
2021-12-14,170.43145751953125,107.23306274414062,614.8599853515625,169.0915069580078,39.43351364135742,517.6399536132812,251.2433624267578,50.572265625,97.04862976074219,144.56187438964844,142.64215087890625,358.41644287109375,46.0950813293457,149.80259704589844,141.2634735107422,50.61874008178711,331.0426330566406,236.6208953857422,330.8346862792969,64.24214935302734,316.2876892089844,152.7931671142578,28.247760772705078,146.5596160888672,140.03640747070312,12.772789001464844,202.90614318847656,37.36159896850586,45.67607116699219,52.679039001464844
2021-12-15,175.2903594970703,109.70978546142578,630.3300170898438,173.31500244140625,39.263729095458984,536.7568359375,255.6177215576172,52.4631462097168,96.49751281738281,145.82228088378906,145.15390014648438,363.4156494140625,46.99472427368164,150.55032348632812,140.20709228515625,50.846435546875,336.68072509765625,238.42361450195312,338.685791015625,65.61029815673828,322.36602783203125,151.40750122070312,30.363079071044922,148.44580078125,140.57620239257812,12.704028129577637,205.15765380859375,37.287837982177734,45.93764114379883,52.447906494140625
2021-12-16,168.40774536132812,111.01557922363281,566.0900268554688,168.87100219726562,40.21092224121094,524.5595703125,248.8153839111328,52.79579544067383,97.39936065673828,144.2225341796875,143.17543029785156,356.03704833984375,47.14311599731445,152.19534301757812,142.39976501464844,51.36313247680664,343.0674133300781,239.3520050048828,331.9846496582031,66.15058135986328,312.9739074707031,150.31744384765625,28.29759979248047,148.662109375,142.5672607421875,13.5864896774292,207.1482391357422,38.910640716552734,45.171852111816406,52.533512115478516
2021-12-17,167.31280517578125,109.12010955810547,556.6400146484375,170.0175018310547,39.21012496948242,519.7946166992188,248.6285858154297,52.92711639404297,94.86082458496094,144.2322235107422,140.47935485839844,345.744384765625,46.94834899902344,147.99038696289062,139.15957641601562,50.55743408203125,339.5580749511719,235.8818359375,330.8843078613281,65.9588851928711,311.91424560546875,149.0610809326172,27.71344566345215,145.61654663085938,139.3373565673828,13.626605033874512,204.74217224121094,39.22045135498047,43.725372314453125,51.38645935058594
2021-12-20,165.9539031982422,110.24053192138672,549.77001953125,167.07899475097656,38.566741943359375,520.6962280273438,243.00587463378906,52.839576721191406,94.90259552001953,142.0119171142578,140.3623809814453,347.00982666015625,46.00232696533203,147.56817626953125,136.65621948242188,50.39104080200195,327.6112060546875,235.9088592529297,322.616943359375,66.5863265991211,308.1671447753906,145.01495361328125,27.63170623779297,146.58558654785156,139.69129943847656,13.861544609069824,201.70797729492188,39.16143798828125,43.867191314697266,50.64171600341797
2021-12-21,169.1214599609375,109.47390747070312,557.52001953125,170.41700744628906,39.48712921142578,517.7252197265625,248.2550811767578,53.42609405517578,96.42237854003906,146.45252990722656,142.21148681640625,347.9633483886719,47.08747482299805,147.09315490722656,138.5647430419922,50.59247589111328,340.9481506347656,238.30645751953125,331.290771484375,65.82815551757812,315.2762145996094,153.92942810058594,28.983436584472656,146.15293884277344,139.60279846191406,14.021988868713379,208.12420654296875,38.932769775390625,43.99953842163086,51.788787841796875
2021-12-22,171.71214294433594,111.24303436279297,563.97998046875,171.03700256347656,39.567543029785156,521.749755859375,248.5008087158203,53.863800048828125,96.9734878540039,147.25726318359375,145.12814331054688,352.57049560546875,47.27296447753906,147.72650146484375,139.1063232421875,50.95152282714844,347.5000915527344,238.80221557617188,327.5733947753906,66.36844635009766,320.96923828125,152.83010864257812,29.30741310119629,147.0614776611328,140.9832763671875,14.199629783630371,210.61734008789062,38.92539978027344,44.0562629699707,52.208221435546875
2021-12-23,172.3378448486328,112.11913299560547,569.6199951171875,171.06849670410156,39.692649841308594,522.4143676757812,248.83502197265625,54.52035140991211,97.20731353759766,148.95399475097656,145.6251983642578,353.8448486328125,47.58830642700195,148.00799560546875,139.60342407226562,50.98655700683594,350.51336669921875,239.7125244140625,332.3216857910156,65.99372863769531,322.4045715332031,153.04258728027344,29.546659469604492,146.89706420898438,141.67349243164062,14.251201629638672,209.32244873046875,38.859012603759766,43.95857238769531,52.233909606933594
2021-12-27,176.29730224609375,113.23118591308594,577.6799926757812,169.66949462890625,39.88923263549805,534.848876953125,253.90725708007812,55.518310546875,99.19469451904297,148.1492462158203,146.6064910888672,360.1006164550781,48.17259979248047,149.25718688964844,140.40237426757812,51.36313247680664,350.2509765625,241.776611328125,343.1664733886719,66.7257308959961,329.8797302246094,154.8070068359375,30.84754753112793,148.3592987060547,143.32827758789062,14.199629783630371,210.2984161376953,38.859012603759766,44.35879898071289,52.978633880615234
2021-12-28,175.2805938720703,113.21430969238281,569.3599853515625,170.66099548339844,39.942848205566406,535.959716796875,251.10572814941406,55.6146125793457,99.00264739990234,150.47621154785156,145.397705078125,361.99871826171875,48.00566101074219,149.8553466796875,140.82852172851562,51.56455612182617,350.7078857421875,241.4521484375,343.2060852050781,66.93487548828125,328.7237548828125,153.73544311523438,30.226512908935547,149.12933349609375,144.09817504882812,14.222549438476562,210.70428466796875,38.88851547241211,44.99538040161133,52.80743408203125
2021-12-29,175.36856079101562,114.03147888183594,569.2899780273438,169.2010040283203,39.880306243896484,538.9306030273438,250.21119689941406,55.99103546142578,98.4932632446289,150.15623474121094,145.3660125732422,366.1158752441406,48.07058334350586,150.9109649658203,140.75746154785156,51.6258544921875,351.2037353515625,242.0018768310547,339.95465087890625,67.05686950683594,329.3980712890625,155.91554260253906,29.90652084350586,149.65713500976562,145.2928009033203,14.119403839111328,210.8202362060547,38.62297439575195,44.97331237792969,52.345191955566406
2021-12-30,174.21493530273438,114.51165771484375,570.530029296875,168.64450073242188,39.79093551635742,535.2666015625,250.98779296875,55.69340515136719,98.05904388427734,151.18399047851562,144.91551208496094,365.3138122558594,47.98710632324219,151.57955932617188,140.6864471435547,51.47698211669922,350.9120178222656,240.8481903076172,341.3622741699219,67.22245025634766,326.86474609375,154.72390747070312,29.492830276489258,149.39756774902344,144.0361785888672,14.199629783630371,210.5303497314453,38.54182434082031,45.118282318115234,52.03702163696289
2021-12-31,173.59902954101562,114.0651626586914,567.0599975585938,166.7169952392578,39.75520706176758,538.8641357421875,249.80819702148438,55.47454833984375,97.99224853515625,150.17564392089844,143.578857421875,369.8319091796875,47.7645149230957,150.48873901367188,140.57102966308594,51.85355758666992,349.2886962890625,241.6233673095703,333.42205810546875,66.78672790527344,323.9747314453125,153.96640014648438,29.318378448486328,150.29739379882812,144.7529754638672,14.096485137939453,209.4094696044922,38.32790756225586,45.597293853759766,52.37942886352539
2022-01-03,177.9397430419922,114.0820083618164,564.3699951171875,170.4044952392578,41.26533889770508,537.92431640625,251.11558532714844,55.290714263916016,99.58716583251953,151.9887237548828,143.71710205078125,364.1553649902344,49.35047912597656,150.90219116210938,143.54495239257812,51.932373046875,360.59405517578125,242.08306884765625,335.5929870605469,66.98717498779297,322.4623718261719,152.11883544921875,30.026140213012695,149.66578674316406,144.15121459960938,14.572098731994629,213.97042846679688,38.68198013305664,45.584686279296875,54.39106369018555
2022-01-04,175.681396484375,113.86298370361328,554.0,167.52200317382812,42.882713317871094,535.5703125,244.00856018066406,53.93463897705078,101.39921569824219,150.99005126953125,143.13034057617188,367.8981018066406,49.28556823730469,150.49752807617188,148.98667907714844,52.799373626708984,364.9100036621094,242.01995849609375,333.6004638671875,67.10916137695312,316.9330139160156,153.7077178955078,29.197765350341797,149.882080078125,144.65565490722656,14.69243049621582,214.9656982421875,39.44175338745117,44.74956512451172,56.43692398071289
2022-01-05,171.00827026367188,114.46109771728516,514.4299926757812,164.35699462890625,42.15891647338867,521.9871215820312,223.7981719970703,53.08049011230469,102.05888366699219,150.46652221679688,136.5640411376953,362.9077453613281,49.96261215209961,151.50038146972656,146.26290893554688,53.23725891113281,363.4616394042969,240.8302459716797,321.34808349609375,68.73875427246094,304.7666320800781,149.88331604003906,27.51706886291504,150.39254760742188,145.31045532226562,15.019059181213379,212.58860778808594,39.84745407104492,45.35463333129883,57.13886260986328
2022-01-06,168.15357971191406,113.92193603515625,514.1199951171875,163.25399780273438,43.0078125,521.873291015625,225.25302124023438,53.64405059814453,102.92733001708984,152.12445068359375,136.53680419921875,361.5888671875,50.09246063232422,150.98135375976562,147.8167724609375,52.95701599121094,360.1424560546875,243.08358764648438,329.5658874511719,68.69518280029297,302.3583984375,148.76548767089844,28.089263916015625,150.42715454101562,144.08929443359375,14.961756706237793,212.34703063964844,39.65565872192383,45.228580474853516,58.48280334472656
2022-01-07,168.3197784423828,113.62710571289062,510.70001220703125,162.5540008544922,43.946075439453125,508.9452209472656,224.42727661132812,53.8289680480957,104.40536499023438,153.02615356445312,135.8126983642578,350.76141357421875,49.563804626464844,153.022216796875,149.28138732910156,52.83440017700195,359.80181884765625,240.7129669189453,328.9017333984375,69.97618865966797,302.5126037597656,145.00570678710938,27.16119384765625,150.6175079345703,144.00965881347656,15.472899436950684,209.6510009765625,40.49177932739258,45.660308837890625,58.962162017822266
2022-01-10,168.33932495117188,114.89918518066406,525.8300170898438,161.48599243164062,43.722686767578125,492.44793701171875,225.72483825683594,54.436561584472656,104.47217559814453,151.83360290527344,137.45069885253906,345.28094482421875,51.205421447753906,152.26571655273438,149.4242706298828,52.92198181152344,354.2146911621094,238.32449340820312,325.214111328125,71.78005981445312,302.73406982421875,138.97344970703125,27.3137149810791,150.6953887939453,142.04515075683594,15.572949409484863,204.8291473388672,40.2155647277832,45.572086334228516,58.6112060546875
2022-01-11,171.16468811035156,115.38778686523438,529.8900146484375,165.36199951171875,43.972869873046875,495.5139465332031,230.8462677001953,54.92087173461914,106.86039733886719,153.08433532714844,138.50779724121094,344.5769958496094,51.85464859008789,150.64706420898438,149.5760955810547,52.93949508666992,356.5313720703125,236.26034545898438,331.4592590332031,71.17005157470703,303.4180603027344,138.8441162109375,27.729400634765625,150.62615966796875,140.3992462158203,15.502328872680664,207.157958984375,40.006534576416016,45.442867279052734,61.07652282714844
2022-01-12,171.60464477539062,115.65738677978516,532.3699951171875,165.20700073242188,43.660118103027344,499.0923156738281,233.78538513183594,54.700721740722656,106.32595825195312,152.9970703125,140.18740844726562,347.00982666015625,51.69697570800781,149.3627471923828,150.42446899414062,53.018314361572266,357.52410888671875,235.17877197265625,330.3589172363281,70.76046752929688,306.5872802734375,140.60855102539062,27.910823822021484,150.46177673339844,140.70895385742188,15.56706428527832,208.44313049316406,39.90202331542969,45.203369140625,60.896759033203125
2022-01-13,168.33932495117188,113.64862060546875,516.9000244140625,161.21400451660156,43.57076644897461,490.6253967285156,224.74185180664062,54.15477752685547,105.88338470458984,150.7089080810547,137.36891174316406,344.853271484375,50.95500183105469,148.45663452148438,150.23690795898438,53.33358383178711,359.6752624511719,235.6204376220703,323.6379699707031,70.86505126953125,293.61175537109375,138.18821716308594,26.491310119628906,150.70404052734375,140.0718231201172,15.773056030273438,207.75704956054688,39.95428466796875,45.843101501464844,60.460182189941406
2022-01-14,169.1996612548828,115.64884185791016,520.5999755859375,162.13800048828125,42.811222076416016,477.4410095214844,227.29762268066406,54.03150177001953,107.68709564208984,147.3154296875,138.25454711914062,331.50396728515625,51.659881591796875,147.64732360839844,141.0028533935547,53.76271057128906,362.2254638671875,232.2854461669922,329.0107116699219,70.9173355102539,298.8135070800781,136.8856658935547,26.85715675354004,151.96728515625,141.4168701171875,15.996706008911133,207.43817138671875,39.775115966796875,45.71389389038086,61.52166748046875
2022-01-18,166.0028076171875,116.42343139648438,513.3400268554688,158.91749572753906,41.336830139160156,463.2788391113281,222.21559143066406,52.59618377685547,108.03779602050781,147.63540649414062,134.8026580810547,326.79876708984375,50.78805923461914,146.9963836669922,135.09091186523438,53.33358383178711,356.5410461425781,231.1768035888672,315.3804626464844,71.0567626953125,291.5406188964844,135.7494354248047,25.821426391601562,150.513671875,138.69134521484375,16.07321548461914,208.44313049316406,39.88709259033203,44.91344451904297,62.55743408203125
2022-01-19,162.51258850097656,115.08708953857422,516.5800170898438,156.2989959716797,41.49767303466797,465.2626647949219,222.4219970703125,51.86530303955078,107.64533996582031,145.5411376953125,133.92893981933594,320.53399658203125,49.730751037597656,146.53895568847656,133.00115966796875,53.42116165161133,351.11944580078125,230.04112243652344,316.80792236328125,70.83889770507812,292.1956787109375,134.0496826171875,24.988059997558594,151.59518432617188,143.35484313964844,16.05556297302246,207.4477996826172,39.93935012817383,45.36094284057617,62.58311462402344
2022-01-20,160.83108520507812,113.23153686523438,510.8500061035156,151.66749572753906,40.881103515625,458.2954406738281,219.14865112304688,51.14324951171875,107.26122283935547,143.1269073486328,132.1358184814453,311.52459716796875,48.26535415649414,145.3689422607422,131.86700439453125,53.20222091674805,354.30230712890625,228.1573028564453,313.8042907714844,70.36832427978516,290.5292663574219,131.85110473632812,24.07394790649414,150.4963836669922,144.12884521484375,15.902535438537598,207.12890625,39.86469650268555,44.50376510620117,62.72005844116211
2022-01-21,158.77804565429688,112.33778381347656,499.9100036621094,142.64300537109375,40.139442443847656,457.1470031738281,214.91192626953125,49.910457611083984,105.97525024414062,133.19859313964844,129.20578002929688,311.0968933105469,48.26535415649414,145.0346221923828,129.5629425048828,52.93949508666992,345.6199951171875,229.47323608398438,300.5309143066406,69.69733428955078,285.1636657714844,132.05429077148438,23.300392150878906,150.73863220214844,144.68043518066406,15.66123104095459,198.9925994873047,39.68552780151367,44.17917251586914,61.77845001220703
2022-01-24,158.00567626953125,112.49099731445312,519.6599731445312,144.54400634765625,39.808807373046875,464.0666809082031,219.2371063232422,50.10417556762695,106.20072174072266,133.2761688232422,129.65432739257812,324.2055358886719,48.17259979248047,143.3632354736328,129.44683837890625,52.51036834716797,340.11083984375,228.58995056152344,306.02264404296875,68.69518280029297,285.4911804199219,134.87184143066406,23.298398971557617,149.9685821533203,143.5060577392578,15.502328872680664,195.05006408691406,39.536216735839844,44.18232727050781,62.309181213378906
2022-01-25,156.20684814453125,113.28260040283203,502.7200012207031,139.98599243164062,40.59516143798828,453.07489013671875,211.7270050048828,49.408531188964844,110.71826934814453,132.3550567626953,125.81932830810547,319.9013366699219,47.30078887939453,147.46261596679688,130.8578643798828,52.38776397705078,329.7348937988281,225.94895935058594,297.53717041015625,69.24418640136719,277.9004211425781,134.3914794921875,22.253700256347656,148.246826171875,141.94021606445312,15.584721565246582,195.19497680664062,39.49143981933594,43.22114944458008,64.14104461669922
2022-01-26,156.11883544921875,114.25291442871094,500.80999755859375,138.87249755859375,41.01514434814453,458.9124755859375,207.41168212890625,48.72169494628906,110.80178833007812,129.5336456298828,128.09713745117188,318.38641357421875,47.94073486328125,148.12240600585938,132.09921264648438,52.195106506347656,335.47760009765625,225.20089721679688,292.065185546875,68.96532440185547,285.8187255859375,133.01504516601562,22.700286865234375,146.68072509765625,140.7035675048828,14.272262573242188,198.9346160888672,38.087955474853516,42.77995681762695,63.490474700927734
2022-01-27,155.65936279296875,115.7339859008789,493.04998779296875,139.6374969482422,40.630897521972656,458.0107727050781,209.12208557128906,48.09648513793945,113.03971862792969,131.29823303222656,127.87115478515625,317.62890625,44.56475830078125,150.06646728515625,129.76834106445312,52.23889923095703,341.1911926269531,224.2003631591797,292.07513427734375,70.22020721435547,288.83380126953125,133.61549377441406,21.87489128112793,146.54234313964844,141.575439453125,14.195751190185547,199.20521545410156,38.21486282348633,42.80832290649414,64.3036880493164
2022-01-28,166.5209197998047,117.39376068115234,518.1599731445312,143.97799682617188,40.98832321166992,467.41741943359375,218.3523712158203,48.96824645996094,109.06490325927734,134.41053771972656,132.17893981933594,326.63836669921875,44.267967224121094,151.12208557128906,130.92929077148438,53.28104019165039,372.3192138671875,230.82528686523438,299.0835266113281,70.4990463256836,296.9447937011719,134.78871154785156,22.7680721282959,149.39756774902344,142.7943115234375,14.837265014648438,220.3191375732422,39.49143981933594,43.33774948120117,64.44064331054688
2022-01-31,170.87139892578125,116.51702880859375,534.2999877929688,149.57350158691406,41.22959899902344,479.4723205566406,228.67385864257812,49.02109146118164,109.66612243652344,138.6184539794922,134.11428833007812,327.0304260253906,45.27890396118164,151.5619659423828,132.70648193359375,53.429908752441406,376.0860900878906,233.85382080078125,310.53302001953125,71.00448608398438,299.56494140625,136.78408813476562,24.408891677856445,150.1330108642578,142.74986267089844,15.007946014404297,218.55075073242188,39.737789154052734,44.05942153930664,65.02275085449219
2022-02-01,170.7052459716797,116.61068725585938,535.97998046875,151.19349670410156,41.9444580078125,482.5857238769531,228.17247009277344,48.75690841674805,112.55538177490234,140.09219360351562,136.43418884277344,328.5632629394531,45.39948654174805,150.3215789794922,134.98373413085938,53.03582763671875,381.6148376464844,233.4391632080078,316.2230224609375,71.3879165649414,297.4263610839844,136.92262268066406,24.560409545898438,149.11203002929688,142.11819458007812,14.372316360473633,224.53219604492188,39.715389251708984,44.40608215332031,69.1915283203125
2022-02-02,171.90768432617188,117.98957824707031,533.0900268554688,150.6125030517578,41.89977264404297,495.50433349609375,221.1833953857422,49.461368560791016,113.0731201171875,138.2790985107422,146.69918823242188,333.045654296875,45.91885757446289,151.9842071533203,133.90313720703125,53.57879638671875,386.1797790527344,236.40457153320312,320.1882629394531,71.46634674072266,301.9538269042969,137.37527465820312,25.16250991821289,151.82017517089844,144.66265869140625,14.442938804626465,227.48910522460938,40.163307189941406,44.38716125488281,69.01175689697266
2022-02-03,169.03343200683594,119.78556060791016,510.8299865722656,138.8455047607422,41.488739013671875,496.01776123046875,209.15159606933594,48.60721969604492,112.06273651123047,135.76792907714844,141.8323516845703,325.0966796875,44.778076171875,151.97540283203125,132.79574584960938,53.95537185668945,379.67779541015625,234.92640686035156,235.69027709960938,68.85204315185547,290.1920471191406,134.2344207763672,23.872587203979492,151.733642578125,146.03277587890625,14.4547119140625,223.73980712890625,40.15583801269531,44.431278228759766,68.20710754394531
2022-02-04,168.74957275390625,119.71748352050781,513.5399780273438,157.63949584960938,43.141849517822266,494.11639404296875,215.50169372558594,48.56319046020508,113.4655990600586,137.69737243652344,142.03355407714844,320.51617431640625,44.86685562133789,150.98135375976562,136.242919921875,53.38612365722656,372.0174255371094,234.4036102294922,235.02610778808594,68.45989990234375,294.7098388671875,134.30836486816406,24.242416381835938,149.24183654785156,143.71070861816406,14.17220687866211,220.69590759277344,39.797508239746094,43.90814971923828,69.68800354003906
2022-02-07,168.0349884033203,121.31766510009766,507.1000061035156,157.9355010986328,43.34737014770508,490.427978515625,213.28012084960938,48.58080291748047,115.69515228271484,138.1724395751953,137.97752380371094,318.44873046875,45.025726318359375,150.47991943359375,136.6983642578125,53.94662094116211,366.10919189453125,234.21429443359375,222.9521484375,67.60588073730469,289.903076171875,134.07740783691406,24.650121688842773,148.65347290039062,142.63417053222656,14.083928108215332,219.50738525390625,39.56608963012695,43.47641372680664,70.52690124511719
2022-02-08,171.13804626464844,122.15181732177734,511.30999755859375,161.4134979248047,44.124786376953125,495.42840576171875,213.73233032226562,48.730499267578125,113.93321990966797,138.14334106445312,138.1737823486328,322.093505859375,45.6144905090332,150.87579345703125,139.27032470703125,54.29692077636719,364.39605712890625,234.42164611816406,218.2633056640625,67.02201843261719,293.38055419921875,132.59010314941406,25.0289306640625,148.8351593017578,142.3138885498047,14.089815139770508,220.26107788085938,39.43170928955078,43.485870361328125,68.7035903930664
2022-02-09,172.55743408203125,121.887939453125,521.75,161.1894989013672,44.035430908203125,502.7292785644531,218.263916015625,49.567039489746094,115.06047821044922,142.74879455566406,140.34751892089844,324.7045593261719,46.64247131347656,150.8582000732422,139.85081481933594,53.456180572509766,371.20953369140625,234.2233123779297,229.98040771484375,66.69087219238281,299.7864990234375,135.112060546875,26.620906829833984,148.7659454345703,141.9936065673828,14.41939926147461,223.09239196777344,39.93935012817383,43.39133071899414,68.37471008300781
2022-02-10,168.48524475097656,121.47090911865234,495.0199890136719,159.0034942626953,43.829898834228516,492.8901062011719,213.96824645996094,48.31662368774414,113.59917449951172,147.5287628173828,137.40164184570312,316.43475341796875,45.661216735839844,149.0372314453125,139.27032470703125,53.753944396972656,364.4155578613281,231.52833557128906,226.08462524414062,66.71702575683594,291.2805480957031,133.7818145751953,25.742671966552734,145.6771240234375,139.8317108154297,14.272262573242188,218.3449249267578,39.595943450927734,42.883949279785156,67.71691131591797
2022-02-11,165.0787811279297,120.87505340576172,473.9700012207031,153.2935028076172,42.820159912109375,484.5149230957031,204.36439514160156,47.46247863769531,115.91223907470703,144.9206085205078,133.1022491455078,312.1573486328125,44.51173400878906,147.53298950195312,137.4574737548828,52.799373626708984,359.91864013671875,229.98704528808594,217.6387939453125,66.78672790527344,284.2100524902344,129.4954833984375,23.87358283996582,145.85879516601562,139.0487518310547,14.201638221740723,217.47381591796875,39.80497741699219,42.647605895996094,69.42196655273438
2022-02-14,165.3136749267578,121.71768188476562,474.010009765625,155.16700744628906,42.37337112426758,481.5584716796875,202.88990783691406,46.82847213745117,114.12525939941406,146.2586212158203,134.33482360839844,313.28912353515625,44.46500778198242,145.6768341064453,136.18040466308594,53.14091873168945,364.1916809082031,228.39161682128906,215.8048858642578,66.63858032226562,284.1714782714844,130.79795837402344,24.190576553344727,144.232177734375,139.44912719726562,14.154552459716797,218.10296630859375,39.76764678955078,42.21271514892578,68.3573989868164
2022-02-15,169.14112854003906,123.21576690673828,479.5,156.510498046875,42.70399856567383,488.5551452636719,210.6063995361328,47.78829574584961,113.28987884521484,150.0108184814453,135.40780639648438,314.8039855957031,45.268699645996094,147.18112182617188,138.171875,53.342342376708984,371.3750305175781,228.7701873779297,219.07618713378906,67.8062973022461,289.4405822753906,134.48385620117188,26.41156005859375,143.59193420410156,139.52029418945312,14.325230598449707,220.50332641601562,39.834835052490234,42.345069885253906,67.50054168701172
2022-02-16,168.90621948242188,124.16059112548828,477.70001220703125,158.10049438476562,42.605709075927734,487.1102294921875,208.1391143798828,47.77067565917969,113.32364654541016,151.59121704101562,136.52737426757812,311.9790344238281,45.072452545166016,147.09315490722656,138.42196655273438,53.33358383178711,372.7279968261719,228.12124633789062,214.65496826171875,67.29216766357422,289.1028137207031,135.3245086669922,26.427513122558594,143.8861083984375,140.57899475097656,14.089815139770508,221.47120666503906,39.86469650268555,42.080352783203125,67.8121109008789
2022-02-17,165.3136749267578,123.39451599121094,457.7099914550781,154.65249633789062,41.167049407958984,489.5914001464844,196.6282196044922,49.109130859375,112.74140167236328,148.294677734375,131.3740692138672,310.0631103515625,44.455665588378906,146.1958465576172,135.2337646484375,54.40201187133789,363.7439880371094,226.17430114746094,205.90187072753906,66.542724609375,280.6372985839844,131.9157257080078,24.42982292175293,144.2754669189453,142.18936157226562,13.983875274658203,217.39642333984375,39.99906921386719,43.76633834838867,67.70826721191406
2022-02-18,163.76705932617188,122.59442901611328,442.55999755859375,152.60150146484375,41.06875228881836,487.3668518066406,193.49249267578125,50.37715530395508,112.58106994628906,146.75308227539062,129.2568359375,309.10968017578125,42.091304779052734,144.6288299560547,135.86785888671875,54.76982498168945,360.0938720703125,225.87689208984375,204.36534118652344,66.55145263671875,277.9344177246094,132.05429077148438,23.567543029785156,145.1060333251953,142.260498046875,14.048612594604492,215.53807067871094,40.185707092285156,43.485870361328125,66.95527648925781
2022-02-22,160.85000610351562,123.89675903320312,438.3999938964844,150.19749450683594,40.71133041381836,477.3946228027344,191.8115692138672,49.575836181640625,111.72040557861328,143.58261108398438,128.67254638671875,281.7516174316406,41.76420974731445,142.66331481933594,135.62672424316406,54.54212951660156,358.4780578613281,227.76971435546875,200.3208770751953,66.1854476928711,277.73175048828125,127.65715026855469,23.316343307495117,145.65982055664062,140.50779724121094,13.977987289428711,214.21206665039062,40.23796081542969,43.00056457519531,66.17632293701172
2022-02-23,156.6897735595703,124.91812133789062,429.45001220703125,144.82699584960938,40.01432800292969,470.816162109375,187.2996063232422,47.9379768371582,114.37840270996094,141.43017578125,126.46658325195312,274.87200927734375,41.726837158203125,142.73419189453125,132.78683471679688,53.9378547668457,351.6061706542969,223.34413146972656,196.7224578857422,66.08958435058594,270.5404052734375,126.40076446533203,22.316497802734375,144.22354125976562,138.7551727294922,13.836737632751465,209.0145263671875,39.872161865234375,42.55936050415039,66.44464111328125
2022-02-24,159.30335998535156,123.6498794555664,463.82000732421875,151.35800170898438,38.95991897583008,480.6267395019531,200.81576538085938,48.1933479309082,113.78775024414062,144.8527374267578,131.5247039794922,279.1405944824219,43.66130828857422,140.00735473632812,129.08963012695312,52.99203872680664,359.5390319824219,220.8563995361328,205.7928009033203,64.05914306640625,284.36328125,126.71488952636719,23.67321014404297,141.7144317626953,135.0184783935547,13.671941757202148,210.32119750976562,39.2599983215332,42.39549255371094,65.60509490966797
2022-02-25,161.36878967285156,127.28438568115234,465.5400085449219,153.7884979248047,40.22880935668945,491.9488525390625,204.55116271972656,49.346893310546875,118.45402526855469,144.97877502441406,133.2777099609375,282.1793212890625,44.58650207519531,146.96607971191406,132.1438446044922,55.04130554199219,359.2566833496094,224.84034729003906,208.6477508544922,66.50787353515625,286.9888000488281,128.22064208984375,24.08092498779297,145.68576049804688,140.7836151123047,14.072154998779297,212.22793579101562,40.40219497680664,42.97850036621094,67.3707275390625
2022-02-28,161.63308715820312,125.77781677246094,467.67999267578125,153.56300354003906,39.496063232421875,493.6221618652344,206.94964599609375,49.109130859375,121.50861358642578,143.94134521484375,133.8699493408203,281.4486389160156,44.577152252197266,145.7000732421875,126.63375854492188,54.50709915161133,351.2071228027344,221.84938049316406,209.19297790527344,66.73446655273438,288.4175109863281,126.14215087890625,24.308210372924805,141.67112731933594,138.69290161132812,13.942676544189453,209.17909240722656,40.066253662109375,42.594024658203125,67.87271118164062
2022-03-01,159.75363159179688,125.70973205566406,466.67999267578125,151.14199829101562,37.95016860961914,497.12054443359375,205.33755493164062,48.09648513793945,126.335205078125,141.26535034179688,132.88319396972656,285.3875427246094,43.754764556884766,145.1953887939453,121.85595703125,54.270652770996094,335.30242919921875,217.19070434570312,201.7185821533203,66.52529907226562,284.7107849121094,122.14215850830078,23.403060913085938,140.39926147460938,136.39749145507812,13.84850788116455,202.25868225097656,40.02146530151367,42.85559844970703,68.52184295654297
2022-03-02,163.042724609375,127.30996704101562,471.17999267578125,152.05250549316406,38.566741943359375,501.9403381347656,206.8120574951172,49.443748474121094,130.06483459472656,142.85543823242188,133.38870239257812,291.73236083984375,45.67055130004883,147.00148010253906,124.38326263427734,54.673500061035156,334.9228210449219,218.37799072265625,206.29835510253906,66.81288146972656,289.7689208984375,125.33843231201172,24.147838592529297,142.34603881835938,136.82452392578125,14.019186973571777,201.78443908691406,40.41712188720703,42.90916061401367,69.69892120361328
2022-03-03,162.71963500976562,128.02490234375,459.0799865722656,147.89849853515625,38.1536865234375,506.74090576171875,201.26797485351562,49.37331008911133,131.8199462890625,141.1393280029297,132.72264099121094,289.050048828125,44.7921028137207,149.1617431640625,123.49917602539062,54.708518981933594,331.9053649902344,214.48971557617188,201.20314025878906,67.23116302490234,285.6470642089844,123.7587661743164,23.643346786499023,142.19357299804688,137.33163452148438,14.072154998779297,200.57455444335938,40.80531692504883,43.895545959472656,70.14033508300781
2022-03-04,159.72427368164062,128.152587890625,452.1300048828125,145.64100646972656,36.770851135253906,499.5637512207031,199.5575714111328,49.76075744628906,133.87037658691406,136.43695068359375,130.7471160888672,288.9609069824219,44.92293167114258,150.0470733642578,120.02522277832031,54.79609680175781,321.9479064941406,213.7283935546875,198.31845092773438,67.82374572753906,279.7974853515625,121.45793151855469,22.867664337158203,144.35348510742188,138.0255889892578,14.048612594604492,193.8574676513672,41.14126205444336,45.007991790771484,72.78012084960938
2022-03-07,155.93601989746094,127.20780181884766,437.9700012207031,137.4530029296875,34.427215576171875,502.43463134765625,192.89283752441406,48.95064163208008,136.73089599609375,129.4366912841797,125.2677230834961,287.6330871582031,44.55845642089844,152.46405029296875,115.39033508300781,53.4912223815918,304.58331298828125,203.32337951660156,185.83802795410156,67.73661041259766,269.2276611328125,115.21746063232422,21.28838348388672,141.47943115234375,135.97933959960938,13.872051239013672,184.57545471191406,40.820255279541016,44.645565032958984,75.40258026123047
2022-03-08,154.1153106689453,125.25011444091797,431.5299987792969,136.01449584960938,34.65169906616211,497.52923583984375,188.8134307861328,47.90275955200195,143.89488220214844,127.73992919921875,125.98734283447266,282.25958251953125,44.39025115966797,149.37420654296875,114.57765197753906,51.371891021728516,305.95562744140625,201.92758178710938,188.63351440429688,67.05686950683594,266.27386474609375,112.22686004638672,21.449901580810547,137.49069213867188,130.5967254638672,13.536577224731445,185.5530548095703,39.752716064453125,43.722225189208984,75.97380828857422
2022-03-09,159.5089111328125,126.6885757446289,450.8699951171875,139.2790069580078,36.8516731262207,501.607666015625,199.7050323486328,49.24122619628906,140.3002166748047,129.5821075439453,132.2473602294922,284.3753967285156,44.51173400878906,149.9408416748047,119.16790771484375,51.63461685180664,319.387939453125,201.63758850097656,196.77203369140625,67.78887176513672,278.48468017578125,117.54144287109375,22.945436477661133,137.08132934570312,132.3583526611328,13.689602851867676,193.34446716308594,39.62581253051758,43.94911575317383,71.65497589111328
2022-03-10,155.1724853515625,126.96944427490234,438.95001220703125,146.8175048828125,36.51942825317383,506.42724609375,196.7462158203125,48.17573547363281,144.13958740234375,129.57241821289062,131.2655487060547,285.0387878417969,43.60523986816406,150.20643615722656,117.75688934326172,50.688804626464844,315.94232177734375,201.2115936279297,193.51071166992188,67.87604522705078,275.6756896972656,116.68962097167969,22.590492248535156,134.56442260742188,128.95086669921875,13.648401260375977,191.6119842529297,39.737789154052734,44.94810485839844,73.87931060791016
2022-03-11,151.46250915527344,126.8758316040039,416.3800048828125,145.52450561523438,36.21412658691406,501.3889465332031,194.53443908691406,48.15812301635742,144.20706176757812,127.73992919921875,128.72901916503906,284.00775146484375,42.8295783996582,149.93197631835938,115.10454559326172,50.72383499145508,316.1369323730469,205.6255340576172,185.97683715820312,68.19847106933594,270.3472900390625,113.5416259765625,22.034156799316406,133.8851318359375,127.42059326171875,13.648401260375977,190.39247131347656,39.595943450927734,44.771629333496094,73.49848175048828
2022-03-14,147.4392852783203,129.46337890625,411.5,141.85299682617188,36.99534225463867,499.9913635253906,189.83575439453125,47.81471252441406,140.67994689941406,125.10273742675781,124.84396362304688,285.41534423828125,41.493194580078125,152.00367736816406,116.24764251708984,51.65924072265625,319.83575439453125,205.00015258789062,185.00538635253906,68.38309478759766,266.8433532714844,108.85661315917969,21.266450881958008,135.76626586914062,129.0487060546875,13.471839904785156,193.89617919921875,39.19281768798828,45.395606994628906,70.86735534667969
2022-03-15,151.8148956298828,132.6808624267578,421.6600036621094,147.3665008544922,37.26472854614258,515.553466796875,192.8043975830078,48.95943832397461,133.5581817626953,130.11538696289062,128.0624237060547,294.5418395996094,41.8763542175293,155.94342041015625,118.31057739257812,52.612300872802734,326.074951171875,210.7917938232422,190.3583526611328,69.1391830444336,277.18157958984375,110.5510025024414,22.904556274414062,138.4748077392578,133.69287109375,13.589548110961914,199.51956176757812,39.38692092895508,45.9407958984375,66.83411407470703
2022-03-16,156.21987915039062,132.82554626464844,442.3599853515625,153.10400390625,38.43204879760742,516.5706787109375,202.07400512695312,49.14435958862305,133.07723999023438,133.93544006347656,132.1090545654297,296.66668701171875,43.57720947265625,154.50917053222656,123.59740447998047,52.471107482910156,335.49700927734375,215.84017944335938,201.8573760986328,68.68202209472656,284.1702575683594,115.9118881225586,24.423015594482422,139.08445739746094,133.23910522460938,13.648401260375977,205.06553649902344,39.18534851074219,45.80528259277344,66.5831298828125
2022-03-17,157.22811889648438,134.9875030517578,444.3599853515625,157.23899841308594,38.638580322265625,525.5067138671875,206.83172607421875,49.461368560791016,135.38082885742188,135.22499084472656,132.6626434326172,301.5526123046875,44.05381774902344,156.5277099609375,125.16021728515625,53.02704620361328,337.210205078125,215.23292541503906,206.0307159423828,69.40293884277344,284.97149658203125,117.96736145019531,24.692216873168945,140.16436767578125,133.65725708007812,13.648401260375977,206.59478759765625,39.08830261230469,45.8748779296875,68.3573989868164
2022-03-18,160.5171661376953,135.50672912597656,453.3299865722656,161.25050354003906,38.5218505859375,533.6443481445312,215.0790252685547,49.28524398803711,136.46932983398438,136.02972412109375,134.92904663085938,305.4793395996094,44.3435173034668,154.79249572753906,125.11560821533203,53.035888671875,340.762939453125,216.5471649169922,214.6054229736328,69.5523910522461,290.0005187988281,121.51351928710938,26.374187469482422,141.7755584716797,133.58609008789062,13.666060447692871,212.0730438232422,37.92372131347656,46.01092529296875,68.0890884399414
2022-03-21,161.88760375976562,136.23023986816406,453.5899963378906,161.4915008544922,38.46796417236328,528.111572265625,210.08541870117188,49.311676025390625,138.92481994628906,134.40084838867188,134.9052734375,295.2859802246094,44.28744888305664,155.6689453125,124.71369934082031,53.4594612121582,336.373046875,213.28428649902344,209.6489715576172,69.5084457397461,288.7746276855469,120.54132080078125,26.65435028076172,141.5752716064453,134.0932159423828,13.630744934082031,210.06951904296875,38.147674560546875,45.62812423706055,71.14430236816406
2022-03-22,165.25497436523438,136.19619750976562,466.45001220703125,164.88900756835938,39.67120361328125,531.8095092773438,214.49905395507812,49.461368560791016,138.46072387695312,135.84548950195312,138.63864135742188,295.6087341308594,45.22197341918945,154.9341278076172,127.36604309082031,53.65359878540039,340.2178955078125,215.8220672607422,214.76402282714844,69.7194595336914,293.50457763671875,123.22635650634766,26.44497299194336,143.12547302246094,135.12525939941406,13.660173416137695,211.4535675048828,38.07302474975586,45.492088317871094,70.83273315429688
2022-03-23,166.61566162109375,134.8428192138672,422.8999938964844,163.4080047607422,38.69245529174805,526.6760864257812,207.51979064941406,47.97321701049805,139.95428466796875,133.45066833496094,137.06015014648438,284.2408447265625,45.109832763671875,154.3498077392578,124.8298110961914,53.30061340332031,333.0636901855469,214.0093536376953,211.601806640625,70.09750366210938,289.0931396484375,123.14305877685547,25.5576229095459,142.37649536132812,134.1822052001953,13.660173416137695,207.78530883789062,38.050628662109375,44.906829833984375,71.94923400878906
2022-03-24,170.39410400390625,136.4259796142578,432.1400146484375,163.64950561523438,38.67449951171875,530.5641479492188,210.3409881591797,47.99082565307617,140.32554626464844,134.73049926757812,140.3276824951172,283.1023254394531,48.24051284790039,155.14663696289062,125.64248657226562,53.81243896484375,340.0426025390625,217.76171875,217.6586151123047,70.69535827636719,293.5431213378906,122.29124450683594,28.066129684448242,143.23866271972656,134.41351318359375,13.730799674987793,210.33082580566406,38.07302474975586,45.18522644042969,72.16561889648438
2022-03-25,171.03038024902344,137.31971740722656,431.6199951171875,164.77349853515625,39.26713562011719,528.2826538085938,207.44114685058594,48.404693603515625,142.8654022216797,134.905029296875,140.42779541015625,278.53009033203125,48.436767578125,156.6339569091797,126.74092102050781,54.29779052734375,339.7213439941406,218.95806884765625,219.88905334472656,71.51298522949219,293.13775634765625,123.79119873046875,27.609495162963867,143.9093017578125,135.970458984375,14.030959129333496,211.4148712158203,38.28205108642578,45.38137435913086,73.7408218383789
2022-03-28,171.89183044433594,137.8644561767578,450.010009765625,168.99049377441406,39.10551452636719,537.313720703125,211.618896484375,48.55438232421875,140.3677520751953,134.497802734375,140.2122039794922,281.757568359375,48.137718200683594,157.43963623046875,125.80321502685547,54.64194869995117,341.15228271484375,220.19068908691406,221.64361572265625,71.3987045288086,299.9140319824219,124.81893920898438,28.134925842285156,144.33604431152344,136.90460205078125,14.048612594604492,213.6797332763672,38.19993591308594,46.188072204589844,71.6722640991211
2022-03-29,175.1808319091797,138.043212890625,466.3299865722656,169.31500244140625,39.00672912597656,541.8482055664062,217.5266876220703,49.02109146118164,138.65481567382812,138.04640197753906,141.25299072265625,284.8326110839844,48.82927322387695,157.35995483398438,126.08007049560547,54.85374069213867,357.75775146484375,224.9309844970703,227.8590545654297,71.71520233154297,304.4605712890625,128.82803344726562,28.57062339782715,146.47850036621094,138.3103485107422,14.119237899780273,220.79367065429688,38.25966262817383,46.57719802856445,71.29146575927734
2022-03-30,174.01597595214844,139.3795623779297,460.05999755859375,166.30099487304688,38.61163330078125,548.0180053710938,211.28465270996094,49.3557014465332,139.6336212158203,136.66964721679688,140.69097900390625,276.53973388671875,48.062957763671875,158.9978485107422,125.50851440429688,54.897865295410156,352.58917236328125,225.71044921875,225.86654663085938,72.44493103027344,302.96435546875,128.27247619628906,27.60750389099121,146.2781524658203,137.35833740234375,14.207523345947266,216.75758361816406,38.528411865234375,47.41238021850586,72.51181030273438
2022-03-31,170.92271423339844,137.9835968017578,455.6199951171875,162.99749755859375,37.0132942199707,547.4286499023438,208.70924377441406,49.10032653808594,137.39752197265625,132.9852752685547,137.84518432617188,268.3545837402344,46.31538772583008,156.90841674804688,121.73983001708984,54.712554931640625,347.8587341308594,224.1243133544922,220.42434692382812,72.13722229003906,297.60699462890625,124.58744812011719,27.204708099365234,145.77304077148438,135.94374084472656,13.907361030578613,214.64759826660156,38.028228759765625,47.11183547973633,71.48187255859375
2022-04-01,170.6290283203125,138.46878051757812,458.19000244140625,163.55999755859375,36.72595977783203,547.1622314453125,208.6404266357422,49.01227569580078,138.57040405273438,132.83013916015625,138.9186553955078,270.649658203125,44.96030807495117,157.7583465576172,120.83787536621094,55.48028564453125,354.27313232421875,225.90985107421875,222.89263916015625,73.42961883544922,298.6784973144531,123.62451171875,26.632415771484375,147.8458251953125,137.98114013671875,14.113353729248047,219.0902099609375,38.90913391113281,47.77302169799805,71.9405746459961
2022-04-04,174.6717987060547,137.79638671875,468.80999755859375,168.34649658203125,36.66310501098633,546.7440795898438,215.128173828125,49.19719696044922,138.69700622558594,134.36207580566406,141.71485900878906,273.95782470703125,45.978946685791016,156.23556518554688,121.3737564086914,55.18907928466797,357.13482666015625,223.7164764404297,231.8539276123047,73.40323638916016,304.0357360839844,124.38372802734375,27.278484344482422,147.46261596679688,137.08255004882812,14.23106575012207,220.42591857910156,39.16295623779297,47.78251266479492,71.9751968383789
2022-04-05,171.36317443847656,139.107177734375,458.5799865722656,164.05499267578125,36.043521881103516,546.9248046875,206.56629943847656,48.691837310791016,137.84475708007812,131.49217224121094,139.35531616210938,273.3123779296875,44.97900390625,157.2448272705078,119.96125030517578,55.12730407714844,353.6405334472656,225.23912048339844,229.82179260253906,73.60546112060547,300.08782958984375,122.49494934082031,25.853744506835938,147.61940002441406,137.56295776367188,14.060384750366211,218.82887268066406,39.40184783935547,47.918548583984375,71.60301971435547
2022-04-06,168.20143127441406,143.77162170410156,444.3299865722656,158.75599670410156,35.64841842651367,555.92724609375,197.40481567382812,48.20420455932617,139.0682830810547,128.53500366210938,135.34783935546875,267.6463317871094,44.42762756347656,161.3351593017578,118.296875,55.68326187133789,344.13067626953125,227.9129180908203,221.35617065429688,74.70442962646484,289.1028137207031,118.84693908691406,24.33428382873535,150.13626098632812,139.52919006347656,14.142781257629395,211.97625732421875,39.715389251708984,49.03211212158203,72.39929962158203
2022-04-07,168.50485229492188,147.49124145507812,452.7200012207031,157.7845001220703,35.370059967041016,578.0393676757812,196.75604248046875,48.43472671508789,141.00057983398438,127.8563003540039,134.69415283203125,271.4206848144531,44.446319580078125,160.91900634765625,117.93700408935547,55.98329544067383,340.70953369140625,230.5413360595703,221.00918579101562,76.31333923339844,290.9079895019531,119.79136657714844,24.13587760925293,150.275634765625,141.33522033691406,13.966217994689941,209.20809936523438,39.79851150512695,49.5224723815918,73.61100769042969
2022-04-08,166.49813842773438,148.92123413085938,445.3399963378906,154.4604949951172,35.6214714050293,570.4247436523438,193.81687927246094,48.12441635131836,143.38856506347656,127.8563003540039,132.11599731445312,278.9154968261719,43.94166564941406,161.23773193359375,120.09622192382812,56.327457427978516,343.3607177734375,227.9129180908203,220.39459228515625,77.08702850341797,286.6606750488281,118.65250396728516,23.050121307373047,150.78079223632812,142.43844604492188,14.207523345947266,210.0114288330078,40.44833755493164,49.797706604003906,75.16024017333984
2022-04-11,162.24981689453125,144.5546875,434.44000244140625,151.1219940185547,35.549644470214844,555.813232421875,192.12611389160156,46.8831787109375,139.70114135742188,126.67342376708984,127.69123077392578,274.9798889160156,43.52113342285156,159.2191619873047,119.6553726196289,56.309810638427734,338.5846252441406,226.9974822998047,214.57568359375,76.16387939453125,275.357177734375,115.71742248535156,21.851701736450195,150.31918334960938,141.89573669433594,15.296403884887695,207.85308837890625,40.72792053222656,48.810672760009766,72.57239532470703
2022-04-12,164.11949157714844,142.40972900390625,426.7699890136719,150.78750610351562,35.17251205444336,552.6666259765625,191.4969940185547,45.943389892578125,142.61227416992188,126.85762786865234,126.59197998046875,274.5943908691406,43.45571517944336,159.2722625732422,118.34185028076172,56.971641540527344,337.05438232421875,225.83734130859375,212.27587890625,75.28470611572266,272.2682800292969,115.77301025390625,21.439929962158203,150.92881774902344,141.46868896484375,15.241859436035156,204.61061096191406,40.55412292480469,48.47533416748047,74.0870132446289
2022-04-13,166.80157470703125,136.4438018798828,431.6700134277344,155.54100036621094,34.85823059082031,561.9163208007812,192.39154052734375,46.23596954345703,144.85678100585938,128.3217010498047,128.7523193359375,278.2969665527344,43.93233108520508,159.94509887695312,114.52725982666016,57.12166976928711,346.15814208984375,227.7950439453125,213.1184844970703,75.72428131103516,277.6352844238281,118.0414047241211,22.136852264404297,150.66757202148438,141.86907958984375,15.350942611694336,206.42056274414062,40.90926742553711,49.73759841918945,75.13428497314453
2022-04-14,161.7994842529297,139.3280487060547,420.44000244140625,151.7064971923828,33.73579406738281,561.2509155273438,186.18885803222656,45.367095947265625,144.78927612304688,126.4989242553711,125.61613464355469,273.00750732421875,42.680049896240234,159.2722625732422,113.46568298339844,57.37757873535156,348.7704162597656,227.05184936523438,208.350341796875,76.4100570678711,270.1156311035156,123.56897735595703,21.194664001464844,149.7095489501953,141.0772247314453,15.44580364227295,205.95602416992188,40.67502975463867,49.69329833984375,76.01709747314453
2022-04-18,161.5841522216797,136.79571533203125,425.4700012207031,152.78500366210938,34.885169982910156,553.38916015625,183.82965087890625,45.31391143798828,146.7300567626953,123.8810806274414,126.55431365966797,269.1435546875,43.586551666259766,157.2891387939453,115.5708999633789,56.86574935913086,347.77618408203125,227.5503692626953,208.9352264404297,75.6715316772461,270.7817077636719,121.87461853027344,21.718101501464844,148.42062377929688,139.73382568359375,15.382558822631836,206.32383728027344,40.34255599975586,49.31367492675781,76.64025115966797
2022-04-19,163.86495971679688,134.21192932128906,436.3999938964844,158.11549377441406,35.53169250488281,564.9678955078125,188.13516235351562,45.95226287841797,144.99179077148438,127.8853759765625,128.86631774902344,275.9480895996094,44.7921028137207,162.08767700195312,117.96400451660156,57.42170715332031,354.6673278808594,231.4839630126953,215.4182891845703,75.42537689208984,275.3958435058594,126.8929214477539,22.13186264038086,150.5804901123047,141.82460021972656,15.406274795532227,208.7725830078125,40.614585876464844,49.87363052368164,75.95651245117188
2022-04-20,163.69854736328125,134.5123748779297,428.1099853515625,153.9980010986328,35.61249923706055,573.7424926757812,183.0629119873047,47.00730895996094,145.58251953125,120.77848815917969,126.91460418701172,282.528564453125,44.96030807495117,162.80479431152344,118.37784576416016,58.207096099853516,356.05145263671875,231.8917999267578,198.67532348632812,76.01441192626953,276.4189453125,125.80039978027344,21.417999267578125,152.8187255859375,145.59683227539062,15.358845710754395,210.79544067382812,41.11328887939453,50.50001907348633,76.12962341308594
2022-04-21,162.90565490722656,136.07469177246094,417.4800109863281,148.29600524902344,34.93903732299805,562.5343627929688,174.2159881591797,46.79452896118164,138.87420654296875,117.9570541381836,123.71746826171875,278.2431640625,44.39025115966797,162.3355255126953,117.46019744873047,58.42771530151367,355.222900390625,231.34799194335938,186.43283081054688,75.81221008300781,271.0616455078125,125.42076873779297,20.122865676879883,152.27001953125,145.4832000732422,15.975410461425781,209.4984588623047,41.5666618347168,50.57594299316406,75.32469940185547
2022-04-22,158.37339782714844,133.04449462890625,408.6700134277344,144.35000610351562,33.72682571411133,543.4833374023438,168.51458740234375,45.535552978515625,135.81118774414062,114.67024230957031,118.58399200439453,269.0538330078125,43.49309539794922,160.7241973876953,114.0864486694336,57.58054733276367,342.29827880859375,226.74366760253906,182.50729370117188,74.37034606933594,264.5169982910156,119.50432586669922,19.456857681274414,149.9272918701172,144.26644897460938,15.42999267578125,201.48440551757812,39.22422790527344,49.623714447021484,73.68022155761719
2022-04-25,159.44041442871094,134.16903686523438,413.95001220703125,146.07400512695312,33.484375,540.1657104492188,171.6012420654297,46.04977798461914,132.8916015625,116.29910278320312,121.99226379394531,273.38409423828125,43.97905349731445,164.6817169189453,114.05046844482422,58.189449310302734,345.63177490234375,229.19996643066406,185.3622283935547,75.1176528930664,270.974853515625,118.45807647705078,19.842702865600586,151.31202697753906,145.42955017089844,15.422085762023926,203.20724487304688,37.99257278442383,49.649024963378906,71.19624328613281
2022-04-26,153.48880004882812,134.06600952148438,399.1199951171875,139.39100646972656,32.730098724365234,526.4288330078125,167.18759155273438,45.12771224975586,132.08154296875,112.24633026123047,117.6071548461914,268.9193115234375,42.53987503051758,163.50418090820312,110.67670440673828,57.40406036376953,335.4071350097656,225.30259704589844,179.37481689453125,74.27363586425781,260.83935546875,111.5879898071289,18.732023239135742,150.92881774902344,142.96023559570312,15.256086349487305,194.64141845703125,37.335174560546875,49.130191802978516,71.22220611572266
2022-04-27,153.26365661621094,135.30213928222656,397.8999938964844,138.16700744628906,32.55051040649414,526.7330322265625,171.70933532714844,43.71803665161133,131.83680725097656,111.70337677001953,113.28992462158203,270.38970947265625,42.259517669677734,161.2200469970703,109.23724365234375,57.85409927368164,352.425537109375,223.99742126464844,173.42703247070312,74.21209716796875,273.38800048828125,112.25463104248047,18.360136032104492,152.27874755859375,142.57550048828125,15.074278831481934,207.233642578125,36.61735153198242,48.79486083984375,73.25615692138672
2022-04-28,160.18434143066406,134.17758178710938,410.5299987792969,144.59649658203125,33.0533561706543,535.13134765625,182.5812530517578,44.88833999633789,136.51995849609375,111.78092956542969,117.48078155517578,279.49835205078125,43.77345657348633,162.42408752441406,110.96461486816406,58.410057067871094,369.24896240234375,230.38723754882812,203.9390869140625,77.8782958984375,279.57550048828125,117.634033203125,19.72306251525879,154.5866241455078,146.19898986816406,15.350942611694336,213.5732421875,36.5720100402832,49.4180793762207,75.47181701660156
2022-04-29,154.32086181640625,126.08280944824219,395.95001220703125,124.28150177001953,32.03868103027344,506.29901123046875,172.9479217529297,43.42545700073242,132.1996307373047,108.23233795166016,113.10655212402344,269.3138732910156,40.736228942871094,159.76806640625,107.38394927978516,57.01577377319336,354.1897888183594,225.82826232910156,198.72488403320312,77.97502136230469,267.8858337402344,115.45819091796875,18.491744995117188,149.54405212402344,143.6401824951172,14.908279418945312,206.2851104736328,34.98521041870117,48.399410247802734,73.78410339355469
2022-05-02,154.6243133544922,126.93264770507812,407.2900085449219,124.5,32.45173645019531,503.66131591796875,174.55020141601562,44.205657958984375,134.798583984375,110.04542541503906,115.5583267211914,275.2039489746094,42.01653289794922,158.15676879882812,108.36457061767578,55.98329544067383,349.9595642089844,223.5442352294922,209.29209899902344,77.06065368652344,274.5945739746094,116.73593139648438,19.474803924560547,146.10398864746094,141.69871520996094,15.113802909851074,204.7364959716797,34.93231964111328,48.079891204833984,74.78809356689453
2022-05-03,156.1121826171875,128.41766357421875,407.5799865722656,124.25350189208984,33.340702056884766,502.8331298828125,175.3267364501953,44.25885772705078,137.11062622070312,110.0938949584961,116.3027114868164,273.4019775390625,42.10999298095703,157.8468780517578,110.68572235107422,55.66561508178711,348.7410583496094,222.84634399414062,210.18426513671875,76.57708740234375,271.998046875,113.75456237792969,19.543596267700195,146.30433654785156,139.75726318359375,15.27979850769043,201.8618621826172,35.64259719848633,48.24755859375,76.32868194580078
2022-05-04,162.51409912109375,130.1259002685547,423.3500061035156,125.92849731445312,34.67863845825195,518.4015502929688,182.32565307617188,45.730613708496094,141.41404724121094,112.65354919433594,121.18641662597656,282.6809387207031,43.49309539794922,159.5378875732422,114.34735870361328,57.386409759521484,359.19970703125,230.5050811767578,221.46519470214844,77.82554626464844,279.91339111328125,116.7173843383789,20.27341651916504,151.41653442382812,140.78616333007812,15.769892692565918,207.63046264648438,36.549339294433594,48.91507339477539,79.36659240722656
2022-05-05,153.45945739746094,130.6323699951172,400.510009765625,116.40699768066406,33.7088623046875,492.5874938964844,169.36981201171875,43.984012603759766,140.29180908203125,109.1825180053711,115.48150634765625,268.15740966796875,42.00957107543945,156.49232482910156,111.48641967773438,56.92752456665039,344.43292236328125,225.61074829101562,206.4668731689453,77.37713623046875,267.7217712402344,109.83805847167969,18.787853240966797,148.3944854736328,138.1916046142578,15.769892692565918,198.6484832763672,36.148860931396484,48.49596405029297,78.16354370117188
2022-05-06,154.18484497070312,131.19036865234375,391.010009765625,114.77249908447266,33.628047943115234,479.29486083984375,166.81405639648438,43.73577117919922,144.02987670898438,106.9331283569336,114.72915649414062,263.85406494140625,41.72699737548828,156.14706420898438,111.30647277832031,57.1304931640625,338.3409118652344,227.29660034179688,201.9961700439453,77.71125030517578,265.1927490234375,106.0048828125,18.619361877441406,148.41189575195312,139.5694122314453,15.8331298828125,196.30621337890625,36.47377395629883,47.486297607421875,79.3579330444336
2022-05-09,149.06756591796875,129.5851287841797,376.9100036621094,108.78900146484375,32.65825653076172,474.9815368652344,160.8177947998047,43.40772247314453,134.37669372558594,103.72386932373047,111.52212524414062,266.2926025390625,40.56843948364258,156.9969940185547,109.63309478759766,57.01577377319336,319.6947326660156,224.31463623046875,194.5019989013672,77.05186462402344,255.39505004882812,102.96797180175781,16.899503707885742,149.535400390625,139.22047424316406,15.453702926635742,186.80160522460938,36.738243103027344,48.041927337646484,73.100341796875
2022-05-10,151.46937561035156,130.55511474609375,393.0299987792969,108.85900115966797,32.110511779785156,477.4857177734375,164.30738830566406,43.930816650390625,135.66770935058594,104.4025650024414,113.38954162597656,261.030029296875,41.45383834838867,156.78448486328125,106.96109771728516,56.486297607421875,317.1020812988281,222.67417907714844,195.92942810058594,77.2013168334961,260.1442565917969,101.37544250488281,17.542579650878906,149.3524932861328,138.48684692382812,15.303518295288086,187.36297607421875,36.367984771728516,47.36562728881836,73.58502960205078
2022-05-11,143.61703491210938,130.44354248046875,379.3299865722656,105.37200164794922,31.939905166625977,465.69757080078125,158.5273895263672,43.13288497924805,137.67601013183594,102.00774383544922,112.60401153564453,253.67860412597656,40.342376708984375,155.93453979492188,106.28634643554688,56.75102615356445,317.6283874511719,221.54119873046875,187.0970001220703,78.41461181640625,251.50497436523438,99.92179870605469,16.5804500579834,148.629638671875,136.53646850585938,15.358845710754395,190.40213012695312,36.1790885925293,46.87033462524414,75.11698150634766
2022-05-12,139.75454711914062,132.44361877441406,388.489990234375,106.93049621582031,31.49094009399414,462.9362487792969,157.6918487548828,42.8137092590332,138.98388671875,101.1351318359375,111.85218811035156,259.7121887207031,40.3517951965332,157.4750518798828,106.19638061523438,56.92752456665039,313.11553955078125,221.32366943359375,189.57522583007812,79.8564682006836,246.4855194091797,99.90327453613281,16.126808166503906,148.40316772460938,135.98175048828125,15.588083267211914,188.09901428222656,36.31510543823242,46.825870513916016,75.45797729492188
2022-05-13,144.21502685546875,131.76547241210938,405.45001220703125,113.05500030517578,31.580726623535156,473.49603271484375,164.07150268554688,43.93968200683594,141.65032958984375,104.06322479248047,115.03050231933594,265.39599609375,41.067657470703125,156.57199096679688,107.14102935791016,57.995304107666016,324.38311767578125,222.0940399169922,196.89100646972656,79.48721313476562,252.05520629882812,104.63457489013672,17.65324592590332,151.29464721679688,137.4400634765625,15.682939529418945,193.19981384277344,36.40577697753906,47.00685501098633,77.69636535644531
2022-05-16,142.6759033203125,133.4564971923828,402.8599853515625,110.81050109863281,31.25747299194336,470.8869934082031,161.3289337158203,43.44318771362305,145.987548828125,101.9786605834961,113.4391098022461,265.3602600097656,40.57786178588867,157.66094970703125,106.3943099975586,58.207096099853516,321.3907775878906,221.1876983642578,198.29861450195312,81.16646575927734,252.42201232910156,104.25494384765625,17.21256446838379,152.8187255859375,138.78207397460938,16.030750274658203,191.8227996826172,37.05561065673828,47.057655334472656,79.52377319335938
2022-05-17,146.30311584472656,132.86424255371094,409.6499938964844,115.36849975585938,32.317047119140625,467.02117919921875,160.945556640625,44.86174011230469,146.84825134277344,105.33333587646484,115.44929504394531,269.8069763183594,41.82119369506836,158.3161163330078,109.9209976196289,58.04825973510742,330.28985595703125,219.00340270996094,200.85617065429688,81.7643051147461,257.55731201171875,107.31038665771484,18.122846603393555,151.93910217285156,138.388427734375,16.259986877441406,197.82542419433594,36.98004150390625,41.70449447631836,80.53804779052734
2022-05-18,138.048828125,130.8469696044922,397.8800048828125,107.11250305175781,31.320331573486328,408.8708190917969,154.65443420410156,42.87575912475586,142.97726440429688,101.12545013427734,110.91597747802734,255.6688995361328,39.890254974365234,155.37680053710938,108.04067993164062,54.00658416748047,327.4046936035156,209.41412353515625,190.5665283203125,80.97303771972656,245.83082580566406,101.26434326171875,16.887537002563477,142.52455139160156,129.76373291015625,15.99122142791748,193.936767578125,36.942264556884766,38.87234115600586,79.261474609375
2022-05-19,134.64710998535156,130.2375030517578,394.3800048828125,107.31900024414062,30.934206008911133,402.71014404296875,152.9538116455078,36.988773345947266,141.95640563964844,100.00074768066406,109.41380310058594,257.9819030761719,39.57000732421875,153.9956512451172,106.43928527832031,52.9476318359375,323.8177490234375,207.55609130859375,189.62478637695312,80.96424102783203,244.9213409423828,98.55149841308594,17.072980880737305,140.3908233642578,126.77555847167969,15.975410461425781,191.39608764648438,37.100948333740234,37.80551528930664,79.68993377685547
2022-05-20,134.8823699951172,129.62803649902344,399.0899963378906,107.59100341796875,30.40442657470703,396.5208740234375,156.93492126464844,38.07041931152344,142.77310180664062,99.30265045166016,107.9507827758789,257.47088623046875,39.230918884277344,156.6870574951172,105.56661987304688,53.81243896484375,327.677734375,212.00631713867188,191.85520935058594,82.24785614013672,244.3601531982422,99.99586486816406,16.644262313842773,141.27044677734375,126.8560562133789,16.125600814819336,193.00587463378906,37.42585754394531,37.8467903137207,80.31946563720703
2022-05-23,140.293701171875,127.06999206542969,406.760009765625,107.55699920654297,32.209285736083984,408.9470520019531,157.59356689453125,38.433921813964844,146.091064453125,102.60887145996094,110.50809478759766,256.430908203125,39.560585021972656,159.88587951660156,112.09819030761719,55.471466064453125,339.6178283691406,215.7133026123047,194.52182006835938,82.49401092529297,252.1875457763672,100.57917785644531,16.847652435302734,144.22280883789062,129.772705078125,16.394363403320312,201.27769470214844,37.531646728515625,38.92631149291992,82.09442138671875
2022-05-24,137.59783935546875,127.99706268310547,398.4100036621094,104.0999984741211,32.01174545288086,416.78350830078125,154.26119995117188,38.80629348754883,146.87371826171875,98.49791717529297,105.0385971069336,258.1253662109375,39.24974822998047,161.63229370117188,113.68158721923828,56.4951171875,332.0736389160156,221.62278747558594,179.70193481445312,83.2061538696289,251.19088745117188,99.33849334716797,16.105871200561523,146.15625,132.08096313476562,16.726360321044922,196.49691772460938,38.29481506347656,39.4120979309082,82.54034423828125
2022-05-25,137.75466918945312,130.44354248046875,402.5,106.7750015258789,32.18235778808594,419.0688171386719,156.93492126464844,39.01021194458008,149.23031616210938,100.11710357666016,104.87505340576172,263.19061279296875,39.74897003173828,160.0462646484375,114.47329711914062,56.53924560546875,336.04071044921875,221.16055297851562,182.22972106933594,82.42369079589844,253.99681091308594,100.18104553222656,16.92442512512207,147.1577911376953,129.9158477783203,16.83702850341797,197.67025756835938,38.71796798706055,39.1707878112793,84.20166778564453
2022-05-26,140.95053100585938,129.25035095214844,408.6000061035156,111.07749938964844,32.927642822265625,442.75927734375,159.69717407226562,39.8879508972168,150.2342071533203,102.39557647705078,106.84508514404297,271.4744873046875,40.954627990722656,159.9036865234375,116.45255279541016,56.742210388183594,341.04095458984375,224.85845947265625,189.9618377685547,81.15764617919922,257.2670593261719,104.56976318359375,17.797813415527344,148.15060424804688,131.0520782470703,16.85283660888672,202.23770141601562,38.52906799316406,40.005836486816406,84.49894714355469
2022-05-27,146.69522094726562,128.7610626220703,428.2200012207031,115.14649963378906,33.24192428588867,448.2534484863281,162.2922821044922,40.44649887084961,151.67196655273438,105.99264526367188,111.3293228149414,276.53973388671875,41.96247863769531,161.3560791015625,118.09896087646484,57.077545166015625,348.7313537597656,228.28453063964844,193.43138122558594,81.83464050292969,264.36871337890625,107.39370727539062,18.754955291748047,149.59637451171875,133.05618286132812,16.829126358032227,206.43666076660156,38.838871002197266,40.79325485229492,85.32958984375
2022-05-31,145.91091918945312,126.50341796875,416.4800109863281,120.20950317382812,33.40355682373047,443.9305419921875,157.51490783691406,39.941131591796875,148.59226989746094,107.07856750488281,112.76211547851562,271.4206848144531,41.84002685546875,159.966064453125,118.96261596679688,55.93034744262695,348.819091796875,228.59268188476562,191.95433044433594,80.91148376464844,263.0431823730469,110.04175567626953,18.61637306213379,146.0952911376953,132.3046417236328,16.829126358032227,205.7481689453125,38.75575256347656,40.840877532958984,83.93934631347656
2022-06-01,145.78350830078125,125.34461212158203,418.1600036621094,121.68399810791016,32.927642822265625,435.1418151855469,173.0757293701172,40.10072326660156,150.0045166015625,105.86659240722656,112.89096069335938,268.11871337890625,41.54803466796875,158.3444366455078,116.87541198730469,55.65678405761719,348.029541015625,225.93702697753906,186.99789428710938,80.12901306152344,263.5754089355469,109.88435363769531,18.265419006347656,144.99795532226562,130.30055236816406,16.77379035949707,203.57591247558594,38.838871002197266,39.831207275390625,85.54817199707031
2022-06-02,148.23434448242188,125.97122955322266,441.2799987792969,125.51100158691406,33.144405364990234,464.2978515625,185.1959991455078,40.59720993041992,149.7322540283203,107.4954605102539,116.58867645263672,275.9495849609375,42.23563766479492,157.8454132080078,118.75569152832031,56.23920822143555,353.8973388671875,226.93402099609375,197.12889099121094,79.12675476074219,265.66522216796875,114.26380920410156,19.533628463745117,146.17306518554688,131.70523071289062,16.75007438659668,208.54098510742188,38.75575256347656,40.48526382446289,85.39952850341797
2022-06-03,142.51905822753906,126.33174896240234,429.760009765625,122.3499984741211,32.683807373046875,453.4809875488281,181.76536560058594,40.118465423583984,151.09344482421875,105.36243438720703,113.53426361083984,275.2369079589844,40.869850158691406,157.1949920654297,117.1003189086914,55.56854248046875,348.7704162597656,226.35076904296875,189.11923217773438,79.04761505126953,261.2533264160156,112.2635498046875,18.66422462463379,144.5682373046875,130.5242462158203,16.520841598510742,206.21360778808594,38.39305114746094,39.78993225097656,86.6411361694336
2022-06-06,143.26409912109375,125.7823715209961,429.4599914550781,124.79000091552734,32.647682189941406,449.8817138671875,179.7600555419922,40.18938446044922,150.43836975097656,104.54800415039062,115.79373168945312,274.1633605957031,40.822750091552734,157.1771697998047,116.7134780883789,55.48028564453125,351.03173828125,226.08645629882812,192.5590362548828,78.9860610961914,260.0245056152344,111.59528350830078,18.73002815246582,145.17333984375,130.01425170898438,16.552459716796875,206.494873046875,38.71796798706055,39.64705276489258,86.42253875732422
2022-06-07,145.78350830078125,128.0228271484375,433.4200134277344,123.0,32.82830810546875,449.22467041015625,183.96726989746094,40.402164459228516,153.30540466308594,104.50920867919922,116.11982727050781,272.2507019042969,41.0017204284668,158.90574645996094,117.01937103271484,55.81562423706055,354.81353759765625,226.87933349609375,193.9468231201172,79.54874420166016,263.65277099609375,112.9318618774414,18.869613647460938,146.06784057617188,131.463623046875,16.710552215576172,208.0076446533203,39.02777099609375,39.1707878112793,90.38345336914062
2022-06-08,145.0482635498047,128.11724853515625,428.8399963378906,121.18000030517578,32.412864685058594,445.6158752441406,185.97256469726562,39.82587432861328,154.0966339111328,104.0728988647461,116.16394805908203,268.42547607421875,38.83530807495117,157.96131896972656,115.15703582763672,55.49794006347656,353.1662902832031,223.844482421875,194.92823791503906,78.66956329345703,261.630615234375,113.60942840576172,18.596376419067383,145.33998107910156,129.82638549804688,16.639406204223633,207.0378875732422,38.95220947265625,38.83106231689453,91.45016479492188
2022-06-09,139.83294677734375,124.838134765625,426.4200134277344,116.1500015258789,31.166563034057617,449.4818115234375,183.92796325683594,39.24073028564453,151.02540588378906,100.15587615966797,113.82617950439453,270.5274963378906,37.686161041259766,154.78030395507812,112.73694610595703,54.536048889160156,340.1733703613281,220.70021057128906,182.3982391357422,77.36837005615234,256.1930847167969,110.08233642578125,17.998035430908203,142.75289916992188,127.48235321044922,16.505027770996094,199.87156677246094,38.49127960205078,38.42465591430664,89.4740982055664
2022-06-10,134.43141174316406,122.92386627197266,393.8399963378906,109.6500015258789,29.95638656616211,441.1596984863281,175.4152069091797,38.55804443359375,149.22178649902344,96.37458038330078,110.18446350097656,260.94635009765625,36.90436935424805,153.7467041015625,107.55489349365234,54.19190216064453,326.2838134765625,216.34378051757812,174.04165649414062,76.64745330810547,244.77621459960938,106.49029541015625,16.9270076751709,142.52488708496094,126.99920654296875,16.354841232299805,193.47129821777344,38.40060806274414,38.64055633544922,87.83901977539062
2022-06-13,129.28472900390625,119.67912292480469,371.6499938964844,103.66999816894531,28.917808532714844,430.6284484863281,163.20645141601562,38.336402893066406,142.35623168945312,92.79689025878906,105.45738983154297,255.46119689941406,35.576271057128906,152.1962890625,104.35206604003906,54.130126953125,311.6534423828125,217.33714294433594,162.83010864257812,74.73081970214844,234.3945770263672,102.50838470458984,15.603680610656738,140.08688354492188,123.59943389892578,15.619706153869629,186.4407501220703,37.47119903564453,37.91345977783203,83.80819702148438
2022-06-14,130.14739990234375,118.13397216796875,370.82000732421875,102.30999755859375,28.412065505981445,433.0564880371094,161.65330505371094,38.043819427490234,142.54339599609375,91.35224151611328,105.77755737304688,251.41041564941406,35.72697448730469,149.86184692382812,102.61573791503906,52.64577102661133,313.99273681640625,217.60147094726562,162.30470275878906,74.89922332763672,236.55218505859375,102.76828002929688,15.792158126831055,136.91226196289062,119.74337005615234,15.374654769897461,187.66261291503906,37.14628219604492,37.929344177246094,84.02678680419922
2022-06-15,132.76487731933594,118.53741455078125,376.9200134277344,107.66999816894531,28.94489860534668,436.8558044433594,165.68357849121094,38.83289337158203,139.74440002441406,92.96171569824219,108.79975891113281,252.36663818359375,36.4051628112793,151.4656982421875,103.83027648925781,53.03687286376953,317.1605529785156,217.7290802001953,167.87579345703125,75.01446533203125,243.58615112304688,105.29293060302734,16.481243133544922,138.37680053710938,118.55345153808594,15.366754531860352,190.22274780273438,37.13872528076172,37.90393829345703,82.96878814697266
2022-06-16,127.50053405761719,119.44731140136719,365.0799865722656,103.66000366210938,28.76427459716797,430.16180419921875,157.1315460205078,38.40732192993164,132.27481079101562,91.41041564941406,105.10154724121094,246.71002197265625,35.171241760253906,151.54586791992188,102.04893493652344,52.5035514831543,300.97064208984375,214.3478546142578,159.46961975097656,75.24491882324219,237.01661682128906,99.42681884765625,15.557807922363281,137.71035766601562,119.27816009521484,14.987324714660645,183.32791137695312,36.90449142456055,38.29764938354492,79.90850067138672
2022-06-17,128.9710235595703,118.70050048828125,360.7900085449219,106.22000122070312,28.827497482299805,425.334228515625,160.4835662841797,38.46938705444336,126.2344970703125,91.46859741210938,106.20177459716797,244.24705505371094,34.82273864746094,150.9934539794922,101.68905639648438,52.82353973388672,302.83221435546875,213.60963439941406,162.3146209716797,75.00558471679688,239.60958862304688,99.63101196289062,15.83603572845459,137.73663330078125,118.41927337646484,15.319321632385254,184.2588653564453,37.048057556152344,37.557861328125,75.30059051513672
2022-06-21,133.19618225097656,123.15564727783203,362.989990234375,108.68000030517578,29.66739273071289,440.96917724609375,163.99285888671875,39.13433074951172,131.51763916015625,90.45055389404297,110.56361389160156,242.86668395996094,35.538597106933594,154.15658569335938,104.2081298828125,53.95235824584961,309.3725891113281,218.35791015625,155.682861328125,78.02816009521484,245.50186157226562,100.8747787475586,16.52013397216797,140.93756103515625,122.00688171386719,15.777796745300293,188.5062713623047,38.272151947021484,38.7897834777832,79.98722076416016
2022-06-22,132.68643188476562,126.66651153564453,365.3299865722656,108.94999694824219,29.44161605834961,437.9697265625,164.60227966308594,38.628971099853516,125.80062866210938,90.6541519165039,110.50760650634766,242.668212890625,35.20892333984375,156.589111328125,103.62335205078125,54.35232925415039,308.1541442871094,221.52040100097656,154.4933319091797,79.02976989746094,244.91165161132812,97.38481903076172,16.314706802368164,142.0951690673828,123.91259002685547,16.06237030029297,187.9535675048828,38.3779411315918,38.31986618041992,76.82199096679688
2022-06-23,135.54901123046875,128.28895568847656,376.6400146484375,112.44000244140625,28.97199821472168,452.2907409667969,170.10707092285156,38.061553955078125,121.1725082397461,91.4298095703125,111.25547790527344,248.47825622558594,35.237178802490234,160.0819091796875,102.48978424072266,55.001182556152344,308.7488098144531,221.9943389892578,157.36805725097656,81.5470962524414,250.45562744140625,100.24362182617188,16.180078506469727,143.91050720214844,127.3123550415039,16.29160499572754,190.68817138671875,39.360252380371094,39.25016784667969,74.5049057006836
2022-06-24,138.872314453125,130.76971435546875,387.7200012207031,116.45999908447266,29.179716110229492,461.2127685546875,182.75819396972656,39.0988655090332,123.16327667236328,94.80388641357422,116.9380874633789,255.31683349609375,36.36747741699219,162.42529296875,105.54862213134766,56.03223419189453,322.1412658691406,225.93148803710938,168.6787567138672,82.54869842529297,259.0086364746094,104.80097961425781,17.078582763671875,145.69073486328125,129.14642333984375,16.59197998046875,199.28973388671875,38.506404876708984,39.281917572021484,75.98258972167969
2022-06-27,138.872314453125,131.45645141601562,381.07000732421875,113.22000122070312,29.215835571289062,458.71807861328125,178.22657775878906,38.80629348754883,125.54537963867188,93.66950225830078,114.81539916992188,255.0371856689453,36.386322021484375,162.27383422851562,104.70294189453125,55.916690826416016,320.5135498046875,225.13861083984375,168.01455688476562,83.68326568603516,256.28985595703125,102.56407165527344,16.822296142578125,145.8836669921875,128.16229248046875,16.425981521606445,197.3987579345703,38.506404876708984,39.40891647338867,77.8449935913086
2022-06-28,134.73529052734375,130.8984832763672,365.6300048828125,107.4000015258789,29.13455581665039,446.2062683105469,168.5441131591797,38.176815032958984,127.56167602539062,93.00049591064453,111.02302551269531,243.72378540039062,35.585693359375,157.6583251953125,104.19913482666016,55.356719970703125,310.2400817871094,221.31082153320312,159.28125,81.44959259033203,248.15293884277344,95.39849853515625,15.937752723693848,143.83154296875,126.07769775390625,16.29160499572754,192.12338256835938,38.12858963012695,38.85328674316406,80.00469970703125
2022-06-29,136.49009704589844,132.31488037109375,368.5,108.91999816894531,28.7733097076416,447.3774108886719,167.7085723876953,38.01722717285156,125.04341888427734,92.73871612548828,110.7197265625,247.0799102783203,35.12415313720703,157.702880859375,103.73130798339844,55.75669479370117,314.4313659667969,225.7856903076172,162.51290893554688,81.9991455078125,251.81019592285156,95.83474731445312,15.498969078063965,146.21688842773438,127.22285461425781,16.560365676879883,193.4616241455078,38.49127960205078,38.71039962768555,77.04931640625
2022-06-30,134.02947998046875,131.47361755371094,366.05999755859375,106.20999908447266,28.114032745361328,456.3661193847656,162.2332763671875,37.804439544677734,123.17178344726562,91.52677154541016,108.00530242919922,247.4407958984375,35.237178802490234,158.16619873046875,101.31121826171875,55.916690826416016,307.501220703125,225.00189208984375,159.8463134765625,80.81139373779297,248.49154663085938,94.86016845703125,15.11703109741211,146.15553283691406,128.6453857421875,16.568269729614258,190.93064880371094,38.34771728515625,38.60246276855469,74.88088989257812
2022-07-01,136.19593811035156,132.02297973632812,368.4800109863281,109.55999755859375,28.502376556396484,462.53631591796875,165.3395538330078,37.76898193359375,124.64358520507812,93.21380615234375,107.78176879882812,251.78018188476562,34.22932434082031,159.9571990966797,102.60673522949219,57.223270416259766,310.1913757324219,230.54310607910156,158.6369171142578,81.91937255859375,251.15225219726562,93.91340637207031,14.48279094696045,148.5496368408203,130.72105407714844,16.84493064880371,193.15130615234375,39.02021408081055,38.93584060668945,76.55094146728516
2022-07-05,138.77423095703125,132.13458251953125,376.489990234375,113.5,28.2133731842041,464.91680908203125,169.27151489257812,37.53639221191406,121.36822509765625,94.2221450805664,112.26749420166016,255.9752960205078,34.55899429321289,158.7275390625,102.21643829345703,56.24555206298828,311.18560791015625,229.93246459960938,166.7258758544922,82.1143798828125,254.31610107421875,96.82791137695312,14.922571182250977,148.21641540527344,129.45956420898438,16.73426628112793,194.4701385498047,38.85397720336914,39.4501953125,74.1551742553711
2022-07-06,140.10745239257812,130.93280029296875,382.8299865722656,114.33000183105469,27.978565216064453,469.0969543457031,169.79248046875,38.18943405151367,119.76876068115234,93.15563201904297,113.56499481201172,255.8400115966797,34.841575622558594,158.87010192871094,101.55388641357422,56.36111068725586,312.07257080078125,229.17604064941406,168.2921600341797,82.54869842529297,257.5670166015625,96.74437713623047,15.08811092376709,149.69847106933594,130.66734313964844,16.671030044555664,195.03260803222656,38.92198181152344,39.72959518432617,72.8173828125
2022-07-07,143.47000122070312,130.47784423828125,390.8900146484375,116.33000183105469,28.7733097076416,471.2870178222656,173.63600158691406,38.66354751586914,122.09983825683594,94.46454620361328,117.73898315429688,258.64581298828125,35.92477798461914,159.04833984375,104.12246704101562,55.916690826416016,316.3580627441406,230.52487182617188,170.6910858154297,82.44232940673828,259.6858825683594,100.36426544189453,15.814095497131348,149.40029907226562,130.62265014648438,16.718456268310547,196.66175842285156,38.79956817626953,39.78993225097656,75.14320373535156
2022-07-08,144.14637756347656,131.20753479003906,389.44000244140625,115.54000091552734,28.710092544555664,477.5619201660156,172.51539611816406,38.81562423706055,121.4617919921875,92.94232177734375,118.30447387695312,258.4474182128906,35.78348922729492,158.852294921875,103.79570770263672,56.121116638183594,315.37213134765625,230.79827880859375,169.39248657226562,82.23846435546875,258.969970703125,100.17862701416016,15.794153213500977,150.73333740234375,129.74586486816406,16.660785675048828,197.408447265625,38.63124465942383,39.81533432006836,75.26561737060547
2022-07-11,142.01905822753906,131.53369140625,384.1600036621094,111.75,28.412065505981445,475.0481262207031,171.39480590820312,38.69038772583008,120.38983154296875,90.78990173339844,114.65978240966797,258.3752136230469,35.03937911987305,158.9146728515625,102.43427276611328,55.94335174560547,316.47528076171875,230.83473205566406,161.4621124267578,83.58576965332031,255.92225646972656,97.56117248535156,15.110050201416016,149.4967803955078,130.65838623046875,16.54864501953125,198.8533477783203,38.63888931274414,39.831207275390625,74.88088989257812
2022-07-12,142.98960876464844,130.87271118164062,375.5400085449219,109.22000122070312,28.321752548217773,467.1163024902344,163.5013427734375,38.34149932861328,118.18639373779297,90.75111389160156,113.01834106445312,257.2293395996094,35.048797607421875,156.68707275390625,102.53410339355469,55.703365325927734,315.1768798828125,229.1942596435547,161.8487091064453,82.96530151367188,245.4341583251953,96.3081283569336,15.040246963500977,148.64613342285156,129.5043182373047,16.500585556030273,198.62063598632812,38.85313034057617,39.7105598449707,73.88410949707031
2022-07-13,142.62692260742188,130.60659790039062,371.94000244140625,110.4000015258789,27.852130889892578,468.6875305175781,160.70962524414062,38.19837188720703,117.39517974853516,90.11119842529297,110.37479400634766,259.0878601074219,35.048797607421875,156.32176208496094,101.5720443725586,55.44560623168945,315.67474365234375,230.27880859375,162.0668182373047,83.115966796875,244.5149688720703,97.56117248535156,15.122017860412598,149.1722869873047,130.35421752929688,16.38043785095215,197.97088623046875,38.64653396606445,39.805809020996094,74.181396484375
2022-07-14,145.54823303222656,130.3466796875,372.9599914550781,110.62999725341797,27.210914611816406,487.46466064453125,158.3013153076172,37.86737823486328,115.6511459350586,89.044677734375,109.39745330810547,261.16290283203125,35.519752502441406,156.53561401367188,98.02323913574219,55.26782989501953,317.29522705078125,230.21499633789062,156.67416381835938,83.21347045898438,245.83082580566406,95.8069076538086,15.329442024230957,149.9440155029297,129.96951293945312,16.28431510925293,199.67764282226562,38.63124465942383,40.58369445800781,72.6949691772461
2022-07-15,147.21478271484375,133.10195922851562,379.8599853515625,113.55000305175781,29.125524520874023,497.9483642578125,164.5334930419922,38.52936553955078,117.10592651367188,92.30242156982422,110.79505920410156,263.8063049316406,36.376895904541016,158.80775451660156,102.51596069335938,55.55226135253906,324.6558837890625,232.41140747070312,163.2662353515625,84.17078399658203,248.38511657714844,97.18060302734375,15.71835994720459,150.06678771972656,129.79061889648438,16.4765567779541,203.6825714111328,39.0367546081543,40.98058319091797,73.9190902709961
2022-07-18,144.17579650878906,129.59292602539062,375.2300109863281,113.76000213623047,29.13455581665039,491.61627197265625,165.03480529785156,38.10891342163086,118.74787139892578,92.78719329833984,108.07170104980469,264.3836669921875,36.461669921875,155.24365234375,101.4631118774414,54.796756744384766,323.13287353515625,230.05093383789062,165.77423095703125,81.84846496582031,245.9953155517578,96.47518920898438,16.05642318725586,147.55865478515625,128.21600341796875,16.444515228271484,200.9382781982422,38.470558166503906,40.88533401489258,75.28309631347656
2022-07-19,148.02847290039062,129.7401885986328,387.8299865722656,118.20999908447266,30.118947982788086,495.3583068847656,170.8541259765625,39.388160705566406,123.02718353271484,96.57818603515625,112.80968475341797,270.50042724609375,37.88397216796875,152.98040771484375,103.97723388671875,55.57892608642578,332.2799377441406,233.76939392089844,174.2498016357422,81.8661880493164,251.10391235351562,101.34815216064453,16.944955825805664,149.13719177246094,128.86907958984375,16.660785675048828,207.1930694580078,38.60063171386719,41.13616180419922,77.18048095703125
2022-07-20,150.02830505371094,127.96399688720703,401.489990234375,122.7699966430664,30.127986907958984,499.1386413574219,179.3472137451172,39.47761535644531,124.652099609375,100.204345703125,112.8989028930664,272.7288818359375,38.204227447509766,152.1072540283203,103.9590835571289,54.66343307495117,333.14874267578125,232.01951599121094,181.4961700439453,79.4640884399414,253.7549285888672,103.13024139404297,17.7576961517334,147.55865478515625,126.6413345336914,16.404464721679688,206.91180419921875,37.54475784301758,41.47905731201172,78.02860260009766
2022-07-21,152.29283142089844,128.01596069335938,408.9100036621094,124.62999725341797,30.3898868560791,504.1470947265625,182.19790649414062,39.88018035888672,123.69925689697266,101.00908660888672,113.33503723144531,275.1647644042969,38.25131607055664,152.64181518554688,104.66702270507812,54.53899383544922,338.664306640625,231.0078887939453,181.5754852294922,79.8984146118164,256.2414245605469,103.60365295410156,18.000019073486328,147.7779083251953,126.7611312866211,15.154909133911133,209.64646911621094,36.46593475341797,42.085506439208984,76.7258071899414
2022-07-22,151.05764770507812,128.63983154296875,401.8999938964844,122.41999816894531,30.19120216369629,504.3946228027344,179.3668670654297,39.772823333740234,122.66986083984375,99.59353637695312,106.95162200927734,276.5992126464844,36.923213958740234,153.36355590820312,104.15876770019531,54.74342346191406,335.69671630859375,231.48184204101562,167.79649353027344,79.87184143066406,251.90689086914062,101.2831802368164,17.27105140686035,148.74256896972656,128.7871551513672,14.738386154174805,207.23182678222656,34.0098762512207,41.97755432128906,76.1399917602539
2022-07-25,149.94009399414062,130.15611267089844,391.9599914550781,121.13999938964844,30.462139129638672,503.8424377441406,174.2749481201172,39.66547393798828,126.31953430175781,99.564453125,106.56507873535156,276.2022705078125,36.88553237915039,153.66653442382812,104.57625579833984,55.27672576904297,336.018798828125,228.19174194335938,165.19927978515625,80.24412536621094,250.42662048339844,101.43168640136719,16.976869583129883,148.95306396484375,129.66064453125,14.842517852783203,207.7845916748047,34.24706268310547,41.91722869873047,78.67565155029297
2022-07-26,148.6166534423828,130.71926879882812,379.260009765625,114.80999755859375,29.848012924194336,487.4551696777344,167.5611114501953,39.20924377441406,125.33271026611328,96.7430191040039,104.09693908691406,269.0119323730469,36.6971549987793,154.7535858154297,102.94253540039062,56.18334197998047,333.15850830078125,234.30709838867188,157.76458740234375,80.91775512695312,243.7216033935547,97.64471435546875,16.487228393554688,150.689453125,129.9127960205078,14.658286094665527,206.0584716796875,34.36948776245117,38.72945785522461,78.36961364746094
2022-07-27,153.7045135498047,130.9618682861328,392.7799987792969,120.97000122070312,30.335691452026367,497.3388671875,177.23379516601562,39.93384552001953,126.98316192626953,100.34978485107422,112.06629180908203,269.67047119140625,37.846290588378906,154.3258819580078,104.59441375732422,56.00556945800781,335.1011962890625,235.94760131835938,168.1038055419922,80.86457824707031,260.014892578125,100.1136703491211,17.740747451782227,150.4789581298828,131.14645385742188,14.730375289916992,204.09959411621094,34.3618278503418,40.193172454833984,80.0658950805664
2022-07-28,154.25347900390625,129.7488555908203,403.5,122.27999877929688,30.091861724853516,511.4269714355469,178.20692443847656,40.8105354309082,127.94450378417969,101.7071762084961,113.2160873413086,270.32000732421875,37.403587341308594,155.21693420410156,104.20413208007812,56.9388542175293,344.062744140625,240.1126251220703,159.32089233398438,79.72113800048828,267.43585205078125,104.16983795166016,17.934207916259766,153.32911682128906,133.32562255859375,14.882569313049316,204.95298767089844,34.85151672363281,41.19647979736328,81.00148010253906
2022-07-29,159.3119354248047,124.34228515625,410.1199951171875,134.9499969482422,30.534387588500977,516.3106689453125,180.89053344726562,40.58687973022461,139.33607482910156,102.87065124511719,115.2976303100586,271.5019226074219,34.20106506347656,155.5020294189453,104.70335388183594,57.036617279052734,345.370849609375,240.0305633544922,157.7150421142578,79.18931579589844,271.6252746582031,106.66664123535156,18.112716674804688,153.43438720703125,125.08621978759766,15.042767524719238,205.68995666503906,35.341190338134766,41.9267463684082,84.75250244140625
2022-08-01,158.3316192626953,121.49170684814453,411.0899963378906,135.38999938964844,30.444068908691406,521.5662841796875,179.86819458007812,40.50638198852539,136.55410766601562,102.98699951171875,113.8504638671875,275.90447998046875,34.81331253051758,154.95851135253906,103.65955352783203,57.34770965576172,342.19818115234375,240.81436157226562,158.5377655029297,78.47134399414062,268.9839782714844,106.09117126464844,18.38994598388672,155.17953491210938,128.6791229248047,15.002716064453125,204.96263122558594,35.39474868774414,42.082332611083984,82.61030578613281
2022-08-02,156.86109924316406,121.63900756835938,409.9599914550781,134.16000366210938,29.838987350463867,518.3709106445312,180.66441345214844,40.184326171875,135.3885498046875,101.52296447753906,114.11808013916016,271.2943420410156,33.91849136352539,154.07638549804688,102.04399871826172,56.5655403137207,340.70465087890625,237.91619873046875,158.79554748535156,77.65586853027344,265.8974609375,103.74285888671875,18.47470474243164,153.89918518066406,127.82366180419922,14.706350326538086,200.01702880859375,34.69083786010742,42.12677764892578,82.25182342529297
2022-08-03,162.86070251464844,122.34083557128906,424.5400085449219,139.52000427246094,30.38085174560547,521.757080078125,186.4247589111328,40.89104461669922,132.17276000976562,105.70177459716797,117.04216003417969,276.4006652832031,34.39887237548828,155.56439208984375,103.114990234375,56.814414978027344,345.7027587890625,238.86404418945312,167.33058166503906,77.66473388671875,273.299072265625,106.07260131835938,18.840696334838867,155.0743408203125,130.46206665039062,14.714357376098633,202.16981506347656,34.68318557739258,41.434608459472656,79.5849838256836
2022-08-04,162.5469970703125,120.36532592773438,430.5899963378906,142.57000732421875,30.164106369018555,518.19921875,188.0172119140625,40.59583282470703,128.5825653076172,104.82917022705078,117.15119934082031,277.12249755859375,33.92790985107422,153.0695037841797,101.98046875,56.592201232910156,347.5965881347656,237.5425262451172,169.08517456054688,76.95562744140625,274.4407958984375,106.25823974609375,19.16179847717285,154.23243713378906,130.2550048828125,14.634259223937988,207.00877380371094,33.994571685791016,39.86930465698242,76.23616790771484
2022-08-05,162.3212432861328,119.6028823852539,433.42999267578125,140.8000030517578,30.66985321044922,515.709716796875,186.93589782714844,40.26483917236328,130.70944213867188,103.384521484375,116.43751525878906,279.39593505859375,33.671024322509766,152.463623046875,105.06639099121094,56.334434509277344,349.0023193359375,236.2574462890625,165.65528869628906,77.47859954833984,273.724853515625,105.69204711914062,18.936424255371094,153.0747833251953,130.31802368164062,14.698334693908691,209.3361358642578,34.3924446105957,40.18998718261719,77.3378677368164
2022-08-08,161.8500213623047,121.5956802368164,434.3399963378906,139.41000366210938,30.24538803100586,516.8829345703125,186.52305603027344,40.273780822753906,130.51377868652344,105.78903198242188,116.26902770996094,281.4529113769531,33.66151809692383,151.65280151367188,103.78663635253906,55.97001647949219,343.77960205078125,234.0428009033203,168.7679443359375,78.43589782714844,271.2188720703125,105.81269836425781,17.743738174438477,152.46095275878906,130.81326293945312,14.417986869812012,206.8633270263672,34.078739166259766,40.51702117919922,77.77506256103516
2022-08-09,161.89910888671875,121.5177001953125,426.57000732421875,137.8300018310547,30.633731842041016,511.0836486816406,179.14076232910156,40.184326171875,132.2152557373047,104.83885955810547,115.60490417480469,275.3541564941406,32.84328842163086,151.63494873046875,104.72147369384766,56.04111862182617,338.29339599609375,237.013916015625,167.06292724609375,79.3488540649414,273.13458251953125,102.20208740234375,17.038692474365234,153.03097534179688,130.50709533691406,14.498089790344238,203.89593505859375,34.18585968017578,40.91707992553711,79.20901489257812
2022-08-10,166.1399688720703,122.11557006835938,438.3999938964844,142.69000244140625,31.672317504882812,514.8990478515625,185.40245056152344,41.168373107910156,132.56410217285156,109.00799560546875,118.64791870117188,281.1011047363281,33.652000427246094,152.07156372070312,107.45342254638672,56.57442855834961,344.9706115722656,238.19869995117188,176.78750610351562,79.05635070800781,279.77191162109375,105.01448059082031,18.046894073486328,154.2937774658203,131.74075317382812,14.425997734069824,205.68026733398438,34.30827713012695,41.0027961730957,79.9609603881836
2022-08-11,165.4037322998047,123.1032943725586,434.8900146484375,140.63999938964844,32.430938720703125,507.63079833984375,183.5543975830078,41.06101989746094,135.7969512939453,114.10789489746094,117.79547119140625,280.29815673828125,33.86131286621094,148.92628479003906,109.0417709350586,56.19221878051758,342.2372131347656,236.30303955078125,175.9449005126953,78.8259048461914,277.7013854980469,105.905517578125,17.892322540283203,153.50453186035156,130.8042449951172,14.450026512145996,205.0536651611328,34.26236343383789,41.398231506347656,82.27405548095703
2022-08-12,168.94757080078125,123.55384063720703,445.6700134277344,143.5500030517578,32.783145904541016,512.4094848632812,186.66067504882812,41.696163177490234,135.99261474609375,117.86979675292969,120.61051177978516,284.08734130859375,34.356056213378906,147.2867889404297,110.84793090820312,56.61886978149414,345.8393859863281,238.94606018066406,178.9287109375,80.67843627929688,282.43255615234375,107.73403930664062,18.65720558166504,155.5128173828125,132.07395935058594,14.634259223937988,205.29652404785156,34.545467376708984,42.16355895996094,82.98918914794922
2022-08-15,170.01760864257812,123.28524017333984,451.0199890136719,143.17999267578125,32.73799133300781,520.5553588867188,187.81076049804688,41.67827224731445,133.4063262939453,120.4779281616211,121.00700378417969,283.83465576171875,34.57488250732422,147.99069213867188,111.14744567871094,57.329933166503906,351.38427734375,241.91714477539062,179.31533813476562,80.30615234375,283.9420166015625,107.9660873413086,18.979307174682617,157.22286987304688,133.7758331298828,14.730375289916992,210.24122619628906,34.85916519165039,42.28474044799805,81.50598907470703
2022-08-16,169.86053466796875,123.51049041748047,447.55999755859375,144.77999877929688,33.090206146240234,527.4896240234375,186.3657684326172,41.83929443359375,133.0660400390625,121.15662384033203,120.63034057617188,295.35546875,34.43217086791992,149.30938720703125,112.20936584472656,57.80101776123047,350.7008972167969,242.6918487548828,177.90769958496094,80.29728698730469,283.2066955566406,109.58112335205078,18.82672882080078,158.1349334716797,135.00953674316406,14.874554634094238,210.94064331054688,35.04278564453125,44.44363021850586,80.74671173095703
2022-08-17,171.3527069091797,122.54877471923828,437.82000732421875,142.10000610351562,32.88249969482422,530.6373901367188,184.76348876953125,41.74089431762695,134.16348266601562,119.07205200195312,118.4992446899414,293.89398193359375,34.042083740234375,149.31829833984375,111.26542663574219,57.66769027709961,346.8741760253906,243.17486572265625,173.32791137695312,80.6961441040039,282.4600524902344,108.6343765258789,18.284238815307617,158.04722595214844,134.38819885253906,14.754406929016113,208.3954620361328,34.69083786010742,44.491451263427734,81.40003204345703
2022-08-18,170.96002197265625,122.41879272460938,439.0299987792969,142.3000030517578,32.76509094238281,535.06298828125,184.73399353027344,44.165199279785156,136.5157470703125,118.93630981445312,119.11380004882812,293.397705078125,34.44168472290039,148.5965576171875,110.40319061279297,57.96989822387695,348.8558349609375,242.9561004638672,173.13955688476562,81.0152587890625,281.3450622558594,107.6783676147461,18.721025466918945,158.20509338378906,134.8654327392578,14.762418746948242,209.10462951660156,33.81094741821289,44.347957611083984,83.32467651367188
2022-08-19,168.37818908691406,122.90402221679688,425.05999755859375,138.22999572753906,32.042598724365234,528.9300537109375,180.64476013183594,43.56582260131836,135.3739471435547,116.48332214355469,116.17980194091797,289.8883361816406,33.66151809692383,150.85977172851562,107.67127227783203,57.92546081542969,345.84918212890625,242.91966247558594,166.49786376953125,81.61801147460938,277.4473571777344,105.03303527832031,17.799579620361328,158.00338745117188,134.8294219970703,14.762418746948242,206.74400329589844,33.98691940307617,43.69422912597656,83.05982208251953
2022-08-22,164.5005645751953,121.5956802368164,411.3500061035156,133.22000122070312,31.356220245361328,520.2882080078125,173.97023010253906,42.680198669433594,134.6957550048828,112.41116333007812,113.23591613769531,281.6694030761719,32.19631576538086,150.33055114746094,105.89230346679688,57.06328201293945,337.28790283203125,239.6478271484375,161.63063049316406,80.80252838134766,269.302734375,102.41555786132812,16.98683738708496,156.49501037597656,134.46925354003906,14.522116661071777,202.65419006347656,33.79563522338867,42.912960052490234,82.99803161621094
2022-08-23,164.166748046875,120.45197296142578,410.4100036621094,133.6199951171875,31.076251983642578,517.0451049804688,173.00689697265625,42.41182327270508,139.0654296875,111.36402893066406,112.8592529296875,276.87890625,32.30097198486328,149.02090454101562,104.84854125976562,57.12550354003906,332.7778625488281,237.4513397216797,159.70753479003906,79.95161437988281,268.0325927734375,102.73114013671875,17.13343048095703,156.4248504638672,131.8758544921875,14.466044425964355,200.89585876464844,33.260047912597656,42.7311897277832,86.5206527709961
2022-08-24,164.46128845214844,119.49026489257812,405.6499938964844,133.8000030517578,31.17559814453125,518.1419677734375,176.9486846923828,42.107666015625,140.09561157226562,112.86685180664062,112.69075012207031,277.9704895019531,32.21533966064453,148.52755737304688,105.10267639160156,57.20549392700195,331.6258850097656,237.7429656982422,161.83880615234375,79.78319549560547,267.4023742675781,103.40872955322266,17.174314498901367,157.20533752441406,131.30856323242188,14.425997734069824,200.76959228515625,33.321258544921875,43.04051208496094,87.03271484375
2022-08-25,166.91551208496094,120.7205810546875,403.92999267578125,137.27999877929688,31.73554039001465,525.3436889648438,170.95245361328125,42.28657531738281,141.32322692871094,113.88489532470703,115.6247329711914,279.4771728515625,33.195316314697266,149.9179229736328,107.59864807128906,57.48103713989258,336.46783447265625,239.29238891601562,167.31072998046875,80.0136489868164,270.3692626953125,105.0887222290039,17.863405227661133,157.21412658691406,131.20046997070312,14.49007797241211,203.8296661376953,33.466636657714844,43.327510833740234,87.48296356201172
2022-08-26,160.62290954589844,118.13860321044922,381.0199890136719,130.75,30.733074188232422,507.2684326171875,162.4200439453125,41.05207443237305,140.28443908691406,110.59807586669922,109.37018585205078,268.9396667480469,31.73963165283203,147.3524932861328,104.07707214355469,56.09445571899414,324.0603332519531,234.17953491210938,160.3717041015625,79.118408203125,259.93658447265625,100.5035171508789,16.214984893798828,153.50453186035156,128.12982177734375,14.329876899719238,197.09751892089844,33.09172439575195,41.96585464477539,86.40587615966797
2022-08-29,158.42396545410156,117.5841064453125,375.260009765625,129.7899932861328,30.61566734313965,506.5434265136719,157.48544311523438,40.89104461669922,141.33181762695312,110.07450866699219,108.4582748413086,267.3338317871094,31.340030670166016,146.21327209472656,103.82294464111328,55.75669479370117,321.512451171875,233.00387573242188,157.78440856933594,77.6381607055664,257.1634521484375,100.13223266601562,15.757254600524902,153.02218627929688,127.58951568603516,14.241769790649414,196.55348205566406,33.15293884277344,42.374027252197266,88.3923110961914
2022-08-30,155.9991912841797,117.4454574584961,375.07000732421875,128.72999572753906,30.787260055541992,499.9429931640625,156.95462036132812,40.4705924987793,137.8892822265625,109.00799560546875,107.98249816894531,264.4288330078125,30.69306182861328,145.7019500732422,103.8410873413086,55.241172790527344,320.00909423828125,231.0261688232422,155.7919158935547,77.00880432128906,254.97222900390625,100.1136703491211,15.425176620483398,151.7067413330078,126.22980499267578,14.27380657196045,195.630615234375,32.540836334228516,42.2464714050293,85.02860260009766
2022-08-31,154.34011840820312,116.50103759765625,373.44000244140625,126.7699966430664,30.353769302368164,497.9969482421875,153.46499633789062,40.00541687011719,135.6916046142578,108.66864013671875,107.2688217163086,261.9043884277344,30.36957359313965,144.72421264648438,103.22391510009766,54.8500862121582,316.6509094238281,231.18194580078125,161.51165771484375,75.66151428222656,253.5178985595703,98.80492401123047,15.05221176147461,151.07533264160156,124.21275329589844,14.049527168273926,193.03684997558594,31.989946365356445,42.268798828125,84.39295196533203
2022-09-01,155.0665740966797,119.9581527709961,370.5299987792969,127.81999969482422,30.42648696899414,504.7407531738281,150.91900634765625,40.51531982421875,133.52822875976562,109.10494232177734,108.77547454833984,266.3992614746094,30.217344284057617,148.31228637695312,103.93185424804688,55.10784912109375,317.5099792480469,235.02149963378906,163.9205322265625,77.24813842773438,252.48045349121094,98.84204864501953,13.898414611816406,152.60267639160156,125.7435302734375,14.017488479614258,194.4163055419922,31.989946365356445,42.88425827026367,82.87442016601562
2022-09-02,152.95596313476562,118.07797241210938,368.1400146484375,127.51000213623047,30.39012336730957,495.1451721191406,151.07632446289062,39.889122009277344,135.51132202148438,107.81542205810547,106.90208435058594,265.06439208984375,29.703571319580078,145.98004150390625,103.20575714111328,54.35232925415039,314.8840637207031,233.22543334960938,158.92440795898438,76.43267822265625,248.27239990234375,98.42782592773438,13.609216690063477,150.66921997070312,123.51039123535156,13.769176483154297,192.11399841308594,31.5997257232666,42.412296295166016,84.39295196533203
2022-09-06,151.69940185546875,119.21298217773438,368.29998779296875,126.11000061035156,30.053773880004883,494.94476318359375,149.13978576660156,39.78177261352539,134.88458251953125,106.73919677734375,105.87120819091797,262.92138671875,28.885347366333008,146.3747100830078,103.23298645019531,54.378997802734375,316.3678283691406,233.11544799804688,157.1598663330078,76.60108184814453,245.54788208007812,97.87863159179688,13.42772102355957,149.65394592285156,122.13261413574219,13.448776245117188,192.96884155273438,31.446693420410156,42.20182418823242,83.82791900634766
2022-09-07,153.1032257080078,120.18342590332031,379.7200012207031,129.47999572753906,30.517398834228516,505.1890563964844,150.67327880859375,40.273780822753906,133.1591033935547,109.26007843017578,108.4880142211914,270.1224060058594,29.1612606048584,147.17308044433594,105.19344329833984,55.383384704589844,320.7998352050781,236.80841064453125,158.99378967285156,76.99995422363281,250.2406463623047,100.97836303710938,13.680095672607422,152.955810546875,123.97860717773438,13.512861251831055,194.69802856445312,31.431407928466797,43.286048889160156,83.11279296875
2022-09-08,151.63070678710938,121.75164794921875,383.6300048828125,129.82000732421875,31.49918556213379,504.6929016113281,154.231689453125,40.58687973022461,133.8802032470703,108.9110336303711,107.42742156982422,272.3289489746094,29.256404876708984,148.3571014404297,107.64402770996094,55.214508056640625,322.21533203125,238.32962036132812,160.64926147460938,77.48745727539062,250.65757751464844,101.21106719970703,13.955412864685059,152.44375610351562,124.14067840576172,13.432759284973145,194.979736328125,31.615028381347656,43.5060920715332,83.7926025390625
2022-09-09,154.48739624023438,122.53144073486328,394.7799987792969,133.27000427246094,31.762819290161133,511.8085021972656,159.82496643066406,40.9447135925293,137.331298828125,111.67428588867188,109.6774673461914,272.2109375,29.931915283203125,148.64418029785156,108.16136932373047,55.39227294921875,327.8577880859375,237.81642150878906,167.67752075195312,77.41654205322266,256.41693115234375,103.29618835449219,14.351431846618652,152.92935180664062,126.0317153930664,13.641018867492676,199.341552734375,32.318946838378906,43.6368293762207,85.19636535644531
2022-09-12,160.43638610839844,123.24192810058594,396.3599853515625,136.4499969482422,32.06281661987305,514.613037109375,162.81326293945312,41.508304595947266,139.5032501220703,112.84745788574219,109.88561248779297,270.1859130859375,30.027057647705078,148.5813751220703,109.44110870361328,55.55226135253906,330.3666076660156,238.5953369140625,167.4891815185547,78.14337158203125,258.5403137207031,104.60865783691406,14.46914005279541,153.52969360351562,127.05825805664062,13.921367645263672,200.7307586669922,32.71681594848633,44.0290641784668,86.17632293701172
2022-09-13,151.02206420898438,120.02741241455078,368.3900146484375,126.81999969482422,30.908292770385742,486.7418212890625,155.41131591796875,39.4597282409668,136.85052490234375,108.35839080810547,103.40311431884766,252.3787384033203,27.867321014404297,144.71527099609375,105.63818359375,53.74793243408203,317.69549560546875,233.06048583984375,151.79696655273438,76.47697448730469,244.32620239257812,98.40922546386719,13.098536491394043,147.7999267578125,124.4288101196289,13.480816841125488,193.9694366455078,31.944040298461914,43.1202278137207,84.16340637207031
2022-09-14,152.46511840820312,120.91122436523438,371.5199890136719,128.5500030517578,30.790111541748047,484.5479736328125,157.55422973632812,39.325538635253906,140.164306640625,109.07585144042969,104.0771255493164,250.9349822998047,27.762662887573242,147.70230102539062,105.39313507080078,54.0323486328125,318.0956726074219,234.334228515625,150.15142822265625,77.69218444824219,244.54920959472656,99.60070037841797,13.095545768737793,148.92112731933594,124.7259750366211,13.432759284973145,193.71685791015625,31.584423065185547,43.02456283569336,86.22930145263672
2022-09-15,149.57899475097656,123.47584533691406,309.1300048828125,126.27999877929688,31.371917724609375,480.2557373046875,152.1477508544922,38.72616958618164,137.8892822265625,107.39851379394531,102.00550079345703,246.57623291015625,27.43917465209961,148.07904052734375,106.98147583007812,53.29819107055664,309.4172668457031,232.27239990234375,148.24815368652344,77.51347351074219,237.91722106933594,98.20442962646484,12.897035598754883,146.44915771484375,123.76248168945312,13.424749374389648,189.7921905517578,31.393144607543945,42.56218338012695,83.72198486328125
2022-09-16,147.93955993652344,124.8188247680664,299.5,123.52999877929688,31.017377853393555,480.8662109375,148.93338012695312,38.73511505126953,134.3094482421875,104.95521545410156,101.89647674560547,250.5989532470703,27.819747924804688,150.33950805664062,106.26445007324219,53.30714797973633,307.6307678222656,233.5919647216797,145.0165252685547,78.38021087646484,237.2967071533203,96.91986083984375,13.165372848510742,147.41143798828125,124.51885986328125,13.408727645874023,187.78134155273438,31.56146812438965,42.47288513183594,82.29174041748047
2022-09-19,151.6503143310547,123.60584259033203,296.05999755859375,124.66000366210938,31.535541534423828,483.1839904785156,150.23094177246094,38.73511505126953,134.6957550048828,105.84721374511719,102.1640853881836,254.63987731933594,28.010032653808594,149.15542602539062,107.24465942382812,53.71003723144531,306.55706787109375,235.51634216308594,146.73146057128906,77.41517639160156,237.0833740234375,99.79619598388672,13.348915100097656,148.96527099609375,124.25775146484375,13.424749374389648,187.6161651611328,31.553823471069336,42.8364143371582,82.28289794921875
2022-09-20,154.0259552001953,122.83468627929688,291.05999755859375,122.19000244140625,31.062835693359375,476.4594421386719,147.25247192382812,38.09102249145508,134.1634521484375,104.29591369628906,100.25104522705078,248.9644775390625,27.553346633911133,147.98037719726562,105.12992858886719,53.629459381103516,305.81500244140625,234.04100036621094,144.81825256347656,76.84333038330078,235.07632446289062,95.3374252319336,13.143425941467285,149.13302612304688,123.8165054321289,13.264547348022461,186.58639526367188,31.056493759155273,42.58768844604492,81.6119384765625
2022-09-21,150.9042510986328,121.56969451904297,286.29998779296875,118.54000091552734,30.135587692260742,470.3073425292969,145.11936950683594,37.20539474487305,133.07321166992188,101.30965423583984,98.40740203857422,246.6034698486328,27.087148666381836,146.46441650390625,102.09844970703125,53.18180847167969,297.2537841796875,230.08226013183594,140.88279724121094,75.52983856201172,231.6827850341797,92.88928985595703,13.228214263916016,148.70925903320312,122.22265625,13.016237258911133,181.6805877685547,30.207197189331055,42.97673034667969,80.29644775390625
2022-09-22,149.94219970703125,123.9090805053711,287.05999755859375,117.30999755859375,29.544692993164062,464.67962646484375,147.5965118408203,36.811790466308594,132.97019958496094,99.05059051513672,99.25984191894531,244.39688110351562,26.70657730102539,149.06576538085938,100.93670654296875,53.05646514892578,291.2598571777344,227.20489501953125,141.57675170898438,78.19255065917969,233.65103149414062,91.73506164550781,12.529946327209473,148.85052490234375,122.65492248535156,13.008227348327637,180.4857177734375,30.551502227783203,42.53666687011719,79.96096801757812
2022-09-23,147.67449951171875,123.95238494873047,284.55999755859375,113.77999877929688,28.84471321105957,444.868408203125,144.50990295410156,36.37343978881836,124.28235626220703,96.47154235839844,97.87214660644531,246.03140258789062,26.18328857421875,149.55014038085938,99.05792236328125,52.465553283691406,286.5936279296875,225.3812713623047,139.18771362304688,77.54027557373047,230.68408203125,90.31085968017578,12.485058784484863,148.7798614501953,122.08757019042969,12.82399845123291,178.7079620361328,30.237804412841797,41.474761962890625,75.70557403564453
2022-09-26,148.00831604003906,122.34950256347656,276.9599914550781,115.1500015258789,28.208362579345703,458.12677001953125,143.8316192626953,36.3018798828125,121.01156616210938,95.13353729248047,97.3071517944336,242.07220458984375,25.660005569458008,148.6351776123047,96.92500305175781,51.81196975708008,283.2062072753906,223.37442016601562,135.182861328125,77.0041732788086,230.22837829589844,89.41722869873047,12.197768211364746,148.71807861328125,122.20468139648438,12.551658630371094,175.43417358398438,29.786375045776367,41.87337112426758,74.14289855957031
2022-09-27,148.9801483154297,122.79139709472656,277.57000732421875,114.41000366210938,27.790191650390625,456.2191467285156,146.35792541503906,36.248207092285156,121.06307220458984,92.93263244628906,96.6430435180664,243.98825073242188,25.583892822265625,147.95346069335938,96.07184600830078,50.477943420410156,279.66259765625,216.90484619140625,133.2300262451172,76.70035552978516,229.22003173828125,89.6313247680664,12.382311820983887,146.56390380859375,118.84584045410156,12.599719047546387,172.79180908203125,29.755769729614258,41.758583068847656,75.69674682617188
2022-09-28,147.09530639648438,125.28671264648438,281.3999938964844,118.01000213623047,28.24472427368164,465.7479553222656,147.61618041992188,36.981746673583984,125.1494140625,96.37458038330078,99.170654296875,256.2471008300781,25.81223487854004,149.22723388671875,98.01416778564453,51.0151481628418,283.27459716796875,217.12477111816406,140.3772735595703,77.54027557373047,233.73831176757812,91.87466430664062,12.704513549804688,148.91229248046875,118.84584045410156,12.679818153381348,174.06442260742188,30.138334274291992,42.4473762512207,78.45127868652344
2022-09-29,139.8701171875,123.65782165527344,278.25,114.80000305175781,27.872007369995117,456.8677062988281,144.3133087158203,36.29292678833008,124.28235626220703,94.48393249511719,96.56375122070312,252.74195861816406,25.098663330078125,147.585693359375,96.35321807861328,50.6480598449707,279.9457702636719,214.79722595214844,135.22254943847656,77.41517639160156,230.27688598632812,88.73770904541016,12.189789772033691,147.09361267089844,115.89225006103516,12.439519882202148,174.91929626464844,29.56449317932129,42.173126220703125,78.29234313964844
2022-09-30,135.66856384277344,116.28443145751953,275.20001220703125,113.0,27.45383644104004,450.46746826171875,141.39381408691406,35.783016204833984,123.33802795410156,91.45889282226562,94.80929565429688,250.57171630859375,24.518295288085938,146.53616333007812,94.84656524658203,50.1556396484375,277.57354736328125,211.44329833984375,134.49888610839844,76.9505615234375,225.81678771972656,77.37205505371094,12.108989715576172,144.13600158691406,113.68608856201172,12.28732967376709,172.578125,29.051856994628906,41.359962463378906,77.08283996582031
2022-10-03,139.84071350097656,119.84549713134766,285.239990234375,115.87999725341797,28.262907028198242,455.6753845214844,145.384765625,36.9370231628418,130.25738525390625,94.17366790771484,97.77302551269531,257.6183166503906,25.660005569458008,146.39263916015625,97.7781753540039,50.71968078613281,283.5674133300781,215.65859985351562,137.4033966064453,78.22830963134766,233.4183349609375,79.49440002441406,12.481067657470703,145.8928985595703,115.72115325927734,12.735889434814453,176.46392822265625,29.962356567382812,42.26241683959961,81.15283966064453
2022-10-04,143.42385864257812,123.02531433105469,294.9700012207031,121.08999633789062,29.435606002807617,463.6876220703125,153.0816192626953,37.75864791870117,135.3224639892578,98.35249328613281,100.74663543701172,262.9395751953125,26.354549407958984,148.5634307861328,102.35258483886719,50.83607482910156,294.1006774902344,218.55435180664062,139.058837890625,78.97885131835938,241.310791015625,82.51033782958984,13.134449005126953,147.53504943847656,117.1529541015625,12.888078689575195,180.34970092773438,30.459686279296875,42.8109016418457,84.11042785644531
2022-10-05,143.7183380126953,124.18633270263672,297.3800048828125,120.94999694824219,29.01743507385254,458.1458435058594,153.57313537597656,37.912139892578125,136.0950927734375,97.73196411132812,100.53850555419922,263.2029113769531,26.297462463378906,148.10594177246094,101.08885955810547,50.352603912353516,296.9609375,219.09498596191406,137.77015686035156,78.97885131835938,241.62103271484375,84.80022430419922,13.176344871520996,146.55506896972656,116.34249877929688,12.759917259216309,182.31204223632812,30.145984649658203,42.386783599853516,87.50946044921875
2022-10-06,142.76612854003906,121.55238342285156,298.4100036621094,120.30000305175781,28.599267959594727,460.21563720703125,152.81622314453125,37.48777389526367,138.5760955810547,96.99510955810547,100.52857971191406,263.6932678222656,25.859806060791016,145.2355194091797,99.0284423828125,49.26926803588867,292.5804443359375,215.11798095703125,137.85935974121094,78.13001251220703,239.28433227539062,83.93453979492188,13.097543716430664,143.72988891601562,113.89319610595703,12.489262580871582,180.29141235351562,29.440324783325195,41.99135971069336,90.10505676269531
2022-10-07,137.52389526367188,120.22669982910156,288.7699890136719,114.55999755859375,27.95382308959961,446.53765869140625,147.73410034179688,36.35917663574219,137.38278198242188,94.20276641845703,97.81267547607422,258.1812744140625,24.470720291137695,143.7015838623047,97.05044555664062,48.8036994934082,288.4151611328125,213.68841552734375,132.2882843017578,78.27295684814453,227.1160430908203,81.1326904296875,12.04614543914795,142.67935180664062,111.90311431884766,12.179476737976074,178.58168029785156,28.670082092285156,40.99642562866211,89.19572448730469
2022-10-10,137.84786987304688,119.8368148803711,285.7200012207031,113.66999816894531,27.872007369995117,444.7825927734375,143.16319274902344,36.01607894897461,134.90176391601562,92.26364135742188,96.9998779296875,256.49237060546875,23.97597885131836,143.89002990722656,96.14385223388672,48.696266174316406,285.29608154296875,215.30120849609375,132.62533569335938,80.84632110595703,222.27781677246094,80.69518280029297,11.64114761352539,142.86473083496094,111.44386291503906,12.146867752075195,176.97877502441406,28.491130828857422,41.23876953125,87.26224517822266
2022-10-11,136.4342498779297,122.60941314697266,284.8299865722656,112.20999908447266,27.062938690185547,450.2289733886719,140.14544677734375,35.73618698120117,134.92752075195312,90.26632690429688,96.32585144042969,256.88275146484375,23.823749542236328,145.9710235595703,93.36915588378906,48.77684783935547,279.69342041015625,217.22557067871094,127.42102813720703,81.35563659667969,218.5546112060547,81.9052963256836,11.557356834411621,143.54454040527344,111.8670883178711,12.07349967956543,174.02557373046875,27.962080001831055,42.307064056396484,86.5206527709961
2022-10-12,135.80596923828125,121.28378295898438,286.1499938964844,112.9000015258789,27.144756317138672,444.84942626953125,139.87017822265625,35.45629119873047,135.33103942871094,90.56690216064453,96.7025146484375,254.7306365966797,24.09966468811035,145.93516540527344,94.88011169433594,49.367759704589844,277.0827331542969,217.23477172851562,126.39009094238281,80.79273986816406,218.88421630859375,82.38934326171875,11.471569061279297,149.54795837402344,112.04718017578125,11.9267578125,173.15126037597656,27.75979995727539,41.8287239074707,86.90028381347656
2022-10-13,140.3708038330078,125.09111785888672,294.739990234375,112.52999877929688,28.808347702026367,446.3849792480469,142.9666290283203,36.666160583496094,141.8898162841797,93.69857788085938,98.18933868408203,256.82830810546875,25.136722564697266,148.141845703125,100.15482330322266,50.021331787109375,287.42755126953125,226.1143798828125,129.1558074951172,82.64232635498047,227.1160430908203,83.36672973632812,11.930431365966797,154.15652465820312,113.74009704589844,12.326217651367188,179.38796997070312,28.319976806640625,42.18268966674805,89.93733215332031
2022-10-14,135.84523010253906,125.10865020751953,287.94000244140625,106.9000015258789,28.81743812561035,433.6608581542969,139.80136108398438,36.29597091674805,137.4772491455078,91.57523345947266,95.7113037109375,251.01669311523438,24.651491165161133,147.52291870117188,101.82147216796875,49.22450256347656,282.2747497558594,222.82464599609375,125.65654754638672,82.3653335571289,221.60874938964844,81.49571990966797,11.199244499206543,150.25425720214844,112.63250732421875,12.220236778259277,177.4061737060547,28.304414749145508,41.59275436401367,87.57125091552734
2022-10-17,139.80142211914062,126.39524841308594,293.5,113.79000091552734,30.562843322753906,442.741455078125,144.677001953125,37.28914260864258,138.48165893554688,94.36758422851562,99.09133911132812,255.402587890625,25.136722564697266,149.4335174560547,106.09797668457031,49.86017608642578,288.48358154296875,225.86697387695312,132.87315368652344,84.09877014160156,230.3059539794922,83.74835205078125,11.858609199523926,152.49676513671875,114.66759490966797,12.481111526489258,179.9611358642578,28.926820755004883,41.89250183105469,88.833740234375
2022-10-18,141.11688232421875,126.5615463256836,292.9800109863281,116.36000061035156,31.708282470703125,451.4212646484375,150.91900634765625,37.731563568115234,139.692138671875,95.48258209228516,99.88429260253906,258.85333251953125,24.613435745239258,148.91326904296875,108.82688903808594,50.53166580200195,293.7049560546875,228.350341796875,131.64395141601562,84.53660583496094,231.24649047851562,83.47842407226562,11.937417030334473,154.55380249023438,115.59510803222656,12.717527389526367,181.82632446289062,28.841243743896484,42.77582931518555,88.99267578125
2022-10-19,141.22486877441406,125.27494812011719,299.8299865722656,115.06999969482422,30.835573196411133,449.6662292480469,151.056640625,37.81281661987305,144.22488403320312,95.97705841064453,98.75431060791016,250.16307067871094,24.737123489379883,147.72921752929688,106.6932144165039,50.10191345214844,291.14312744140625,229.7798614501953,132.07022094726562,83.330322265625,229.28790283203125,82.4451675415039,12.02120590209961,153.0529327392578,116.66667938232422,12.668612480163574,181.0880126953125,28.45223617553711,42.6546516418457,91.63241577148438
2022-10-20,140.76345825195312,125.09986114501953,302.3800048828125,115.25,30.635578155517578,443.1706237792969,154.82150268554688,37.659324645996094,145.04904174804688,95.5892333984375,99.09133911132812,244.6874542236328,24.813236236572266,148.10594177246094,106.3452377319336,49.31403732299805,289.69598388671875,228.88182067871094,130.38504028320312,83.04441833496094,228.96791076660156,80.82551574707031,12.163853645324707,151.37551879882812,115.16397857666016,13.646883010864258,181.87486267089844,28.786788940429688,42.7598876953125,91.75603485107422
2022-10-21,144.57241821289062,128.7146759033203,306.3699951171875,119.31999969482422,31.771913528442383,456.10467529296875,157.4461212158203,38.64347839355469,148.68040466308594,98.93423461914062,100.24113464355469,250.19940185546875,25.660005569458008,151.335205078125,111.93125915527344,50.10191345214844,295.65069580078125,233.2620849609375,128.87823486328125,85.48373413085938,234.75636291503906,82.3800277709961,12.435181617736816,152.7880859375,116.60591888427734,13.9403657913208,184.93495178222656,27.5030460357666,43.62407302856445,93.45996856689453
2022-10-24,146.71246337890625,132.06689453125,316.2200012207031,119.81999969482422,31.880996704101562,474.02716064453125,157.91793823242188,39.311607360839844,148.62889099121094,98.62397003173828,101.61892700195312,257.2188415527344,25.859806060791016,153.37142944335938,112.06861877441406,51.543365478515625,298.80889892578125,233.96768188476562,128.5907745361328,87.00273895263672,239.7303466796875,81.92391204833984,12.567853927612305,156.86688232421875,117.32232666015625,14.274608612060547,185.26524353027344,27.98542022705078,44.456390380859375,94.11327362060547
2022-10-25,149.5495147705078,131.13037109375,323.7900085449219,120.5999984741211,32.17190170288086,476.02069091796875,162.45938110351562,40.051979064941406,150.17416381835938,101.18360900878906,103.56169891357422,263.5752258300781,26.07863426208496,153.1292266845703,112.36164855957031,52.77891540527344,304.4897766113281,234.34339904785156,136.31292724609375,87.30652618408203,243.03663635253906,85.3773422241211,13.228214263916016,157.38778686523438,118.673583984375,14.421350479125977,188.83045959472656,28.343313217163086,44.666839599609375,93.47762298583984
2022-10-26,146.6143035888672,133.4847869873047,320.4800109863281,115.66000366210938,32.45370864868164,476.3926696777344,157.19053649902344,40.07003402709961,152.02850341796875,101.44538879394531,94.09562683105469,263.4753112792969,25.888349533081055,154.47474670410156,113.65288543701172,53.1728515625,312.40985107421875,235.14979553222656,128.6898956298828,87.93201446533203,224.2848358154297,86.00101470947266,12.864117622375488,158.09408569335938,119.50789642333984,14.788201332092285,197.5249481201172,28.343313217163086,45.008060455322266,94.59001159667969
2022-10-27,142.14761352539062,134.35128784179688,318.6499938964844,110.95999908447266,32.608245849609375,474.4720458984375,157.0332489013672,40.106143951416016,152.72384643554688,101.26117706298828,91.40946197509766,264.30169677734375,24.994009017944336,154.564453125,114.1015853881836,53.29819107055664,312.2729187011719,242.93890380859375,97.08740997314453,89.1203842163086,219.8538055419922,84.2789535522461,13.143425941467285,157.92633056640625,119.59859466552734,14.698525428771973,198.4575653076172,28.148801803588867,44.8773078918457,94.95198822021484
2022-10-28,152.88726806640625,129.19607543945312,325.67999267578125,103.41000366210938,32.89006423950195,488.16510009765625,160.24765014648438,41.20765686035156,154.50950622558594,102.72520446777344,95.44367218017578,271.1938781738281,27.65800666809082,156.8607940673828,115.45686340332031,54.39943313598633,322.14849853515625,251.56201171875,98.33645629882812,90.04073333740234,228.6964569091797,87.3414306640625,13.799799919128418,160.88392639160156,122.6275634765625,15.065375328063965,203.3633270263672,29.308053970336914,45.44493865966797,97.73303985595703
2022-10-31,150.5312042236328,128.13702392578125,318.5,102.44000244140625,32.76279067993164,479.2115783691406,159.82496643066406,41.0180549621582,155.29933166503906,103.2972640991211,93.67932891845703,268.905517578125,27.04909324645996,156.0535430908203,115.27371978759766,53.584693908691406,320.8871154785156,249.85755920410156,92.34904479980469,90.42494201660156,225.07020568847656,86.2709732055664,13.463630676269531,160.31004333496094,122.12877655029297,14.861570358276367,201.24560546875,29.07465171813965,45.38753128051758,97.83013916015625
2022-11-01,147.89047241210938,128.58334350585938,316.0199890136719,96.79000091552734,32.908241271972656,477.7400207519531,157.10208129882812,41.04514694213867,156.43251037597656,102.77368927001953,89.67483520507812,268.8420104980469,26.925405502319336,155.26412963867188,117.35244750976562,53.39667510986328,325.7858581542969,250.1232452392578,94.37126159667969,89.13827514648438,221.23062133789062,87.28558349609375,13.50951862335205,159.58612060546875,122.3192138671875,14.95939826965332,201.02215576171875,29.07465171813965,45.18344497680664,98.80128479003906
2022-11-02,142.3734130859375,126.49150848388672,301.2200012207031,92.12000274658203,32.80824661254883,462.0211486816406,147.45889282226562,40.24158477783203,153.23895263671875,98.72091674804688,86.20559692382812,262.18585205078125,26.08814811706543,152.8780517578125,116.2718734741211,52.6535758972168,312.7129211425781,247.7590789794922,89.75184631347656,88.81659698486328,213.4060821533203,84.05555725097656,13.186320304870605,157.36129760742188,120.55988311767578,15.024617195129395,195.21286010742188,29.33917808532715,44.88369369506836,96.77069854736328
2022-11-03,136.33609008789062,126.40399169921875,285.92999267578125,89.30000305175781,32.626426696777344,464.6776123046875,143.8414764404297,39.59150314331055,155.4967803955078,96.2291488647461,82.69670867919922,255.62057495117188,26.059602737426758,153.13816833496094,116.48250579833984,52.626712799072266,302.2996826171875,250.1232452392578,88.13602447509766,88.23580932617188,207.73397827148438,84.14863586425781,13.387821197509766,156.95518493652344,119.734619140625,14.812657356262207,189.18991088867188,28.903488159179688,44.874114990234375,98.08615112304688
2022-11-04,136.07057189941406,127.15673828125,285.75,90.9800033569336,33.44458770751953,464.7922668457031,137.39303588867188,40.19642639160156,157.46267700195312,96.54910278320312,85.81902313232422,257.91802978515625,27.192636489868164,153.81993103027344,119.6692886352539,53.05646514892578,311.295166015625,251.65365600585938,89.99964904785156,88.63787841796875,214.65684509277344,89.16590881347656,14.121002197265625,157.83802795410156,121.92021942138672,14.934940338134766,191.35626220703125,28.973514556884766,44.9538459777832,99.15443420410156
2022-11-07,136.6015625,129.6249237060547,299.5400085449219,90.52999877929688,33.644588470458984,466.8370056152344,142.1310272216797,40.2235221862793,159.34274291992188,97.37322235107422,87.71223449707031,263.58428955078125,27.395130157470703,155.16543579101562,120.30116271972656,53.26237869262695,317.9049377441406,253.2938995361328,95.8780288696289,89.41526794433594,220.9397735595703,86.9784164428711,14.265644073486328,159.1005401611328,123.78838348388672,14.96755313873291,194.3871612548828,28.934608459472656,45.42580032348633,100.3286361694336
2022-11-08,137.17190551757812,130.00131225585938,302.1700134277344,89.9800033569336,33.735496520996094,470.8600158691406,144.59837341308594,40.27769470214844,159.11097717285156,96.85935974121094,88.11863708496094,264.37432861328125,27.462629318237305,155.93685913085938,120.3744125366211,53.360862731933594,318.51116943359375,255.11749267578125,95.63021850585938,90.6929931640625,221.90931701660156,87.26697540283203,14.565899848937988,159.5419921875,124.06949615478516,15.138747215270996,196.01919555664062,29.463661193847656,45.53422164916992,100.64647674560547
2022-11-09,132.6191864013672,129.20481872558594,298.8699951171875,86.13999938964844,33.19914245605469,468.19403076171875,139.64407348632812,39.64567184448242,152.7496337890625,84.1095962524414,86.55252075195312,260.3879089355469,26.536922454833984,154.69003295898438,118.8084945678711,52.61775207519531,308.6258544921875,254.5585479736328,100.58670806884766,90.77342987060547,217.68194580078125,85.73107147216797,13.741943359375,157.63502502441406,123.77022552490234,14.983854293823242,188.8143768310547,29.26915740966797,44.47551345825195,96.14385986328125
2022-11-10,144.41891479492188,131.04283142089844,329.95001220703125,96.62999725341797,34.662742614746094,490.32470703125,153.64190673828125,41.22572708129883,155.6427001953125,87.7066879272461,93.11433410644531,283.044189453125,28.6969051361084,156.50201416015625,123.69857025146484,54.50687789916992,329.7751159667969,252.80831909179688,110.8961410522461,91.0414810180664,235.59019470214844,92.61001586914062,15.71106243133545,160.41600036621094,128.03250122070312,15.358856201171875,200.14735412597656,29.969375610351562,45.3971061706543,97.55643463134766
2022-11-11,147.20167541503906,131.42794799804688,341.1499938964844,100.79000091552734,34.91727828979492,492.5606689453125,155.04759216308594,40.440216064453125,160.07247924804688,92.11819458007812,95.56262969970703,285.98626708984375,29.342973709106445,151.819580078125,123.9000244140625,54.90080261230469,331.7502746582031,248.69381713867188,112.03614807128906,87.52992248535156,239.59457397460938,98.75362396240234,16.286636352539062,157.19354248046875,127.84210205078125,15.53005599975586,199.59239196777344,29.79821014404297,45.467262268066406,100.6023178100586
2022-11-14,145.80535888671875,132.8108673095703,340.3699951171875,98.48999786376953,34.32638931274414,487.02801513671875,155.96182250976562,40.39506912231445,160.14971923828125,91.41041564941406,94.85885620117188,278.70361328125,29.26582908630371,154.2056427001953,122.62715148925781,54.37257385253906,331.8285217285156,249.50015258789062,113.2257080078125,89.66545867919922,234.20372009277344,97.17119598388672,16.254716873168945,156.02816772460938,127.85114288330078,15.538209915161133,201.4033203125,29.805992126464844,44.131103515625,100.89601135253906
2022-11-15,147.5359649658203,133.94866943359375,345.9599914550781,98.94000244140625,34.2718505859375,503.07183837890625,159.3137969970703,40.53953170776367,161.43743896484375,92.60297393798828,97.57478332519531,283.2529296875,29.612972259521484,154.63623046875,121.73888397216797,54.283042907714844,335.8764953613281,245.4405975341797,116.0608139038086,88.99530792236328,234.61094665527344,99.33074951171875,16.624797821044922,156.4342803955078,127.40680694580078,15.505598068237305,204.45074462890625,29.331398010253906,47.017059326171875,101.57238006591797
2022-11-16,146.30686950683594,132.92465209960938,338.4100036621094,97.12000274658203,33.9627571105957,500.8167724609375,152.48199462890625,40.079063415527344,158.81048583984375,91.0904541015625,97.98118591308594,285.95904541015625,28.475122451782227,155.5960235595703,121.90370178222656,54.1845588684082,335.14312744140625,249.72015380859375,112.24431610107422,89.29015350341797,235.03871154785156,97.9531021118164,15.870668411254883,157.44078063964844,128.54039001464844,15.432231903076172,204.59677124023438,29.47144317626953,47.355079650878906,100.48661804199219
2022-11-17,148.20468139648438,133.17848205566406,337.8299865722656,94.8499984741211,33.790035247802734,498.1507873535156,147.14434814453125,42.065406799316406,159.2603759765625,88.66655731201172,97.49549865722656,282.80810546875,28.822261810302734,156.85183715820312,121.3725814819336,54.354671478271484,333.6862487792969,250.4989471435547,110.47981262207031,91.41673278808594,234.9901123046875,98.0741195678711,15.638242721557617,158.94161987304688,127.75140380859375,15.448534965515137,205.4243927001953,29.689285278320312,47.19563674926758,100.62010955810547
2022-11-18,148.7650909423828,135.6466522216797,330.8599853515625,94.13999938964844,33.80821990966797,500.396240234375,145.52239990234375,43.148868560791016,158.3087158203125,89.00591278076172,96.57366943359375,284.3880615234375,28.802978515625,158.0538330078125,122.56301879882812,54.739646911621094,336.0524597167969,250.5081329345703,111.07460021972656,93.13233947753906,234.54286193847656,98.12995910644531,15.3709077835083,160.08934020996094,129.29307556152344,15.464838027954102,205.23941040039062,29.992713928222656,47.90675735473633,99.74795532226562
2022-11-21,145.53985595703125,137.510986328125,321.489990234375,92.45999908447266,33.91730499267578,500.109619140625,142.3866424560547,42.99538040161133,156.79473876953125,94.60997772216797,94.75975036621094,287.6571350097656,27.906200408935547,158.86634826660156,121.83961486816406,55.58124923706055,330.73333740234375,251.56201171875,108.90365600585938,94.36540222167969,235.34991455078125,96.6499252319336,15.279132843017578,163.1705322265625,130.93453979492188,15.358856201171875,200.8776092529297,30.047176361083984,48.200138092041016,98.76008605957031
2022-11-22,147.67367553710938,139.8566436767578,330.8800048828125,93.19999694824219,34.08094787597656,508.308349609375,146.7117919921875,43.68156814575195,160.81761169433594,93.28166198730469,96.19700622558594,295.0124206542969,28.754762649536133,159.6337432861328,123.66191101074219,55.82297897338867,337.29425048828125,251.78199768066406,110.46990203857422,95.5180435180664,238.24740600585938,98.64192962646484,15.998350143432617,163.18814086914062,132.05906677246094,15.489294052124023,204.78179931640625,30.498428344726562,48.37232971191406,101.61690521240234
2022-11-23,148.54884338378906,139.5065155029297,335.7799987792969,94.12999725341797,34.190025329589844,510.73541259765625,149.65097045898438,43.85312271118164,159.39012145996094,95.87040710449219,97.59461212158203,291.9522399902344,28.610124588012695,159.80526733398438,124.98060607910156,56.07367706298828,340.89251708984375,250.41647338867188,111.26293182373047,95.4465560913086,240.72682189941406,99.27490997314453,16.478160858154297,163.40008544921875,132.81175231933594,15.562665939331055,206.1448211669922,30.280582427978516,48.60512924194336,101.10960388183594
2022-11-25,145.63819885253906,139.7078399658203,334.29998779296875,93.41000366210938,34.2718505859375,509.9422607421875,150.7421112060547,43.69963073730469,158.9229736328125,95.8607177734375,96.60340118408203,296.37457275390625,28.29191017150879,160.01296997070312,125.21869659423828,56.12739562988281,343.4836120605469,252.00177001953125,110.44017028808594,96.0541763305664,240.63929748535156,98.63262939453125,16.229774475097656,162.54371643066406,133.05662536621094,15.587122917175293,208.15049743652344,30.35838508605957,48.81241226196289,100.75360870361328
2022-11-28,141.81312561035156,138.66632080078125,328.9700012207031,93.94999694824219,33.50822448730469,507.3240051269531,151.07632446289062,43.41070556640625,154.30323791503906,92.77750396728516,95.20578002929688,289.6004333496094,27.70370101928711,160.09417724609375,123.03008270263672,56.136348724365234,336.9324645996094,250.05914306640625,107.83306884765625,96.90301513671875,235.06790161132812,97.70177459716797,15.787871360778809,162.34947204589844,132.94778442382812,15.34255313873291,205.68728637695312,29.75153160095215,48.95271682739258,97.72772216796875
2022-11-29,138.81405639648438,138.46498107910156,326.7799987792969,92.41999816894531,33.635494232177734,505.45111083984375,149.1004638671875,43.59128189086914,156.61306762695312,91.80794525146484,94.35336303710938,286.91253662109375,27.867626190185547,158.97470092773438,125.05384826660156,55.93937683105469,335.5049743652344,248.7121124267578,108.50714874267578,97.25149536132812,233.67752075195312,98.90255737304688,15.600334167480469,161.20176696777344,131.93211364746094,15.497448921203613,203.54527282714844,29.829330444335938,48.78052520751953,98.37738800048828
2022-11-30,145.55950927734375,141.07321166992188,344.92999267578125,96.54000091552734,34.408203125,515.2838134765625,157.5247344970703,44.89143753051758,158.58555603027344,94.89115142822266,100.10237121582031,295.9841613769531,28.995832443237305,160.69906616210938,126.53734588623047,57.3549919128418,348.48004150390625,251.38450622558594,117.07191467285156,98.39519500732422,248.0775604248047,102.10469818115234,16.885482788085938,163.77967834472656,135.26943969726562,15.717557907104492,211.27584838867188,30.327259063720703,48.60512924194336,99.0893783569336
2022-12-01,145.83485412597656,141.4671173095703,344.1099853515625,95.5,33.42067337036133,481.4667053222656,144.5000762939453,45.117156982421875,157.8761444091797,95.5892333984375,100.10237121582031,298.7978820800781,28.764406204223633,161.3671417236328,124.76081848144531,57.51728820800781,352.7822570800781,251.94664001464844,119.39156341552734,98.10929107666016,247.6400146484375,103.42648315429688,17.09701156616211,165.1477813720703,135.35101318359375,15.644190788269043,211.27584838867188,29.821548461914062,48.90807342529297,98.6087875366211
2022-12-02,145.34320068359375,143.24386596679688,341.5299987792969,94.12999725341797,32.990909576416016,472.5513000488281,142.10153198242188,44.87337875366211,156.61306762695312,96.40367126464844,99.55719757080078,299.63836669921875,28.35940933227539,161.49351501464844,123.7718276977539,58.0222282409668,352.0587463378906,251.94664001464844,122.41500854492188,98.32373809814453,247.9608917236328,104.76168823242188,16.838584899902344,164.9612579345703,136.5843505859375,15.505598068237305,211.91842651367188,29.704851150512695,48.86023712158203,97.77223205566406
2022-12-05,144.1829071044922,143.4889373779297,334.0899963378906,91.01000213623047,31.518753051757812,466.94219970703125,131.65232849121094,44.53931427001953,152.74598693847656,93.01019287109375,98.60563659667969,292.412109375,28.127981185913086,161.40322875976562,120.30116271972656,57.228763580322266,348.1769104003906,250.2786865234375,121.36422729492188,98.29690551757812,243.27427673339844,102.35272979736328,16.57317352294922,162.67813110351562,135.20591735839844,15.285487174987793,208.04342651367188,28.841243743896484,48.35959243774414,95.09339904785156
2022-12-06,140.52499389648438,143.29637145996094,331.1499938964844,88.25,30.174617767333984,459.77557373046875,131.00357055664062,43.871185302734375,148.80966186523438,89.48099517822266,96.12760925292969,290.0094909667969,27.57834243774414,158.9837188720703,120.50263977050781,57.20170593261719,339.80712890625,250.444580078125,113.1265640258789,97.3319091796875,238.33489990234375,100.7747573852539,15.951556205749512,161.35446166992188,135.37823486328125,15.627882957458496,203.56475830078125,28.701200485229492,47.79833984375,92.45018768310547
2022-12-07,138.5878448486328,144.76678466796875,326.67999267578125,88.45999908447266,29.93687629699707,460.5495910644531,128.26100158691406,43.50099563598633,149.2509002685547,89.34525299072266,94.10555267333984,292.4761047363281,27.3179874420166,159.94969177246094,120.42019653320312,57.2918701171875,339.6996154785156,249.1267547607422,112.93822479248047,98.36839294433594,237.6056671142578,101.14824676513672,16.084260940551758,161.84304809570312,136.2488250732422,15.733860969543457,202.32826232910156,28.91904640197754,47.54960632324219,92.2455062866211
2022-12-08,140.2693328857422,145.283203125,332.5799865722656,90.3499984741211,29.662555694580078,460.0240173339844,127.9169692993164,44.232337951660156,150.13331604003906,89.73307800292969,92.88636016845703,296.07550048828125,27.424060821533203,159.97679138183594,121.68391418457031,57.53533172607422,343.36627197265625,251.93748474121094,114.32604217529297,99.04747772216797,240.5518035888672,103.97737884521484,17.13093376159668,163.2644805908203,137.22825622558594,15.587122917175293,203.584228515625,28.864587783813477,47.62321853637695,92.93077850341797
2022-12-09,139.7874755859375,142.71875,330.6400146484375,89.08999633789062,29.607696533203125,461.55291748046875,128.88031005859375,43.75379943847656,145.3405303955078,90.53780364990234,92.01409149169922,292.77752685546875,27.231204986572266,158.65872192382812,121.02461242675781,56.93121337890625,341.07830810546875,250.69342041015625,114.8910903930664,97.19788360595703,238.6265869140625,102.1659927368164,16.96330451965332,162.6603546142578,136.8655242919922,15.562665939331055,203.19476318359375,29.097993850708008,46.51251220703125,92.14759826660156
2022-12-12,142.07862854003906,144.69679260253906,338.1700134277344,90.55000305175781,29.92772674560547,466.0057067871094,130.84629821777344,44.512229919433594,146.8544921875,91.77883911132812,92.4898681640625,299.6292724609375,27.665132522583008,160.55458068847656,122.90186309814453,57.679595947265625,350.2107238769531,254.9139862060547,113.71142578125,97.36766052246094,245.52032470703125,104.64031219482422,17.49612808227539,163.43325805664062,138.27117919921875,15.733860969543457,208.92941284179688,29.525903701782227,47.37995529174805,94.41702270507812
2022-12-13,143.0422821044922,144.23287963867188,342.4599914550781,92.48999786376953,29.94602394104004,466.5027160644531,133.31358337402344,44.819210052490234,150.1246337890625,91.817626953125,94.78946685791016,304.1148376464844,27.70370101928711,161.79144287109375,122.78282165527344,57.6976318359375,349.2134094238281,252.7576141357422,119.10407257080078,99.10111236572266,249.80828857421875,105.36859130859375,18.03193473815918,163.34442138671875,138.06256103515625,15.587122917175293,207.42030334472656,29.455883026123047,47.21031188964844,95.44939422607422
2022-12-14,140.8199920654297,144.29415893554688,339.9200134277344,91.58000183105469,29.516254425048828,462.0306701660156,132.45840454101562,44.512229919433594,149.08653259277344,91.28437042236328,94.2343978881836,304.6081848144531,27.250486373901367,162.28797912597656,122.16927337646484,57.6976318359375,349.56536865234375,252.9879913330078,120.53153228759766,100.33334350585938,250.09999084472656,104.06140899658203,17.634817123413086,162.89134216308594,138.60667419433594,15.407773971557617,207.6929168701172,29.13688850402832,46.94782638549805,94.74630737304688
2022-12-15,134.2219696044922,142.7537384033203,328.7099914550781,88.44999694824219,29.049924850463867,443.2922668457031,128.2216796875,43.47391128540039,147.9705047607422,87.73577117919922,90.06140899658203,299.2820739746094,26.18014144897461,160.23863220214844,119.13817596435547,56.90415954589844,338.5556335449219,250.40773010253906,115.13890075683594,98.60639953613281,242.1172332763672,101.31634521484375,16.91441535949707,160.12850952148438,137.03781127929688,15.057221412658691,202.42564392089844,29.385860443115234,46.52851867675781,93.83854675292969
2022-12-16,132.2651824951172,140.46055603027344,338.5400085449219,87.86000061035156,28.985919952392578,440.9416198730469,126.0886001586914,43.16693115234375,145.96340942382812,87.3382568359375,89.46666717529297,295.39031982421875,25.958356857299805,158.5955047607422,118.39640045166016,56.579566955566406,338.15472412109375,245.23789978027344,118.39035034179688,98.2196273803711,237.91680908203125,98.92604064941406,16.534259796142578,160.20846557617188,136.43019104003906,15.073531150817871,201.4325408935547,28.880144119262695,45.69306564331055,93.1799545288086
2022-12-19,130.16090393066406,141.3445587158203,328.760009765625,84.91999816894531,29.315093994140625,438.2468566894531,126.81600952148438,42.7967414855957,146.96697998046875,83.16912841796875,87.66267395019531,289.89984130859375,25.833003997802734,158.42396545410156,119.10155487060547,56.660709381103516,333.67645263671875,244.97064208984375,113.48344421386719,98.43549346923828,233.79417419433594,96.21829223632812,16.21796417236328,161.0968475341797,136.39390563964844,14.5599365234375,199.41714477539062,28.81011962890625,45.70907974243164,93.59825897216797
2022-12-20,130.09205627441406,140.54811096191406,338.2200012207031,85.19000244140625,29.433963775634766,437.4728698730469,126.26554107666016,42.76966094970703,149.380615234375,84.37139129638672,88.2375717163086,287.62506103515625,25.495506286621094,158.5955047607422,119.67845153808594,56.615631103515625,335.3289489746094,246.2792510986328,116.07072448730469,98.67835998535156,235.1068115234375,96.36768341064453,16.04934310913086,160.99908447265625,136.44834899902344,14.731134414672852,199.94290161132812,28.779008865356445,46.109195709228516,94.95101928710938
2022-12-21,133.18948364257812,141.97471618652344,341.3800048828125,86.7699966430664,29.88201141357422,441.5244445800781,128.08409118652344,43.031494140625,151.1368408203125,84.27442932128906,88.79264831542969,291.75439453125,25.871572494506836,160.41017150878906,121.02461242675781,57.52631759643555,338.008056640625,247.11785888671875,118.71746826171875,99.93757629394531,237.66400146484375,108.10436248779297,16.464414596557617,162.12734985351562,137.69979858398438,14.796351432800293,201.35464477539062,29.393640518188477,46.47089385986328,96.17024993896484
2022-12-22,130.02325439453125,142.90252685546875,336.5199890136719,83.79000091552734,29.616836547851562,438.3232421875,126.99295043945312,42.72452163696289,148.87025451660156,84.03202819824219,86.98865509033203,288.79443359375,25.042293548583984,159.82334899902344,119.65098571777344,57.111541748046875,333.93072509765625,244.91537475585938,116.10045623779297,100.05451202392578,231.5967254638672,108.97269439697266,15.304993629455566,160.87472534179688,138.01722717285156,14.894181251525879,199.6508026123047,29.805992126464844,45.92673873901367,94.23013305664062
2022-12-23,129.65940856933594,142.7537384033203,338.45001220703125,85.25,29.68998908996582,442.088134765625,127.23872375488281,42.86897277832031,153.4727020263672,85.33125305175781,88.44574737548828,291.1788330078125,25.15800666809082,160.22958374023438,120.21875,57.54433822631836,335.96453857421875,246.57411193847656,117.01244354248047,100.61216735839844,232.12176513671875,108.54320526123047,15.172286987304688,161.9141387939453,138.4071502685547,14.926787376403809,200.40049743652344,29.883792877197266,46.019569396972656,96.72205352783203
2022-12-27,127.85994720458984,142.657470703125,335.0899963378906,83.04000091552734,29.744850158691406,438.12261962890625,128.43795776367188,42.91411590576172,155.4019012451172,83.74118041992188,86.62188720703125,291.9278869628906,25.013364791870117,160.18441772460938,120.63996887207031,57.89599609375,338.4676208496094,245.90138244628906,115.86254119873047,100.8460464477539,230.4008026123047,109.766357421875,14.08969497680664,162.6337432861328,139.61334228515625,15.049073219299316,200.8483428955078,30.537330627441406,46.032379150390625,98.06591033935547
2022-12-28,123.93651580810547,141.99221801757812,328.3299865722656,81.81999969482422,29.964303970336914,432.85748291015625,126.28520965576172,42.4987907409668,153.10934448242188,81.60812377929688,85.2639389038086,288.43817138671875,24.627653121948242,159.4893035888672,121.29933166503906,57.31892776489258,334.3511657714844,244.30712890625,114.61351776123047,99.91059875488281,228.03805541992188,107.35738372802734,14.004880905151367,161.46104431152344,137.8086395263672,14.853418350219727,199.5826873779297,30.19500732421875,45.225746154785156,96.4550552368164
2022-12-29,127.44696044921875,142.2810821533203,337.5799865722656,84.18000030517578,30.302627563476562,436.2402038574219,130.28599548339844,42.88703918457031,154.2686004638672,84.5265121459961,87.67257690429688,292.7135925292969,25.273717880249023,160.30181884765625,121.99528503417969,57.66156005859375,340.4720153808594,245.0628204345703,119.21312713623047,99.67671966552734,234.3386993408203,109.57027435302734,14.570624351501465,161.6653594970703,138.3799591064453,15.040924072265625,202.5716552734375,30.54511070251465,45.501014709472656,97.18482208251953
2022-12-30,127.76164245605469,141.44960021972656,336.5299987792969,84.0,30.284337997436523,436.2115478515625,130.33511352539062,43.01343536376953,155.28082275390625,84.23564147949219,87.45452880859375,288.556884765625,25.48586082458496,159.48023986816406,122.8011474609375,57.3549919128418,340.00274658203125,242.8511505126953,119.29241180419922,99.79367065429688,233.18162536621094,109.2528076171875,14.581598281860352,160.49273681640625,137.44589233398438,15.00831413269043,202.2795867919922,30.654035568237305,45.38578414916992,98.1637954711914
2023-01-03,122.98271179199219,142.12353515625,336.9200134277344,85.81999969482422,30.640947341918945,433.1346435546875,132.4878692626953,43.284297943115234,150.5226287841797,86.26203918457031,88.3366928100586,288.60260009765625,25.775144577026367,160.87059020996094,123.73518371582031,56.7598876953125,339.0933532714844,243.5883331298828,123.65412902832031,99.96456146240234,232.94825744628906,110.87744903564453,14.283263206481934,159.38229370117188,137.4549560546875,15.277337074279785,201.91934204101562,31.21421241760254,45.96515655517578,94.79080963134766
2023-01-04,124.25119018554688,143.27011108398438,341.4100036621094,85.13999938964844,31.217010498046875,436.2688903808594,137.21609497070312,43.275203704833984,148.92213439941406,89.180419921875,87.30585479736328,292.0924377441406,26.69120979309082,162.6220245361328,124.88904571533203,56.73283767700195,347.2577819824219,243.64369201660156,126.26123809814453,100.81004333496094,222.75836181640625,113.17437744140625,14.716299057006836,158.9914093017578,138.0535125732422,15.603425025939941,207.0016326904297,32.0000114440918,46.016361236572266,95.06670379638672
2023-01-05,122.93354797363281,143.09507751464844,328.44000244140625,83.12000274658203,31.153005599975586,430.1820068359375,134.0213623046875,42.66543960571289,151.60403442382812,89.12224578857422,85.4423599243164,288.2005920410156,26.57549476623535,161.42129516601562,124.86134338378906,56.083648681640625,343.952880859375,241.58865356445312,125.83497619628906,102.21318817138672,216.15628051757812,112.62350463867188,14.23337459564209,157.33016967773438,136.33950805664062,15.660493850708008,205.54124450683594,32.443485260009766,45.859527587890625,97.19374084472656
2023-01-06,127.456787109375,145.77337646484375,332.75,86.08000183105469,31.463895797729492,461.4095764160156,138.1204376220703,43.97597885131836,152.74598693847656,91.06137084960938,86.57234191894531,290.08258056640625,27.70370101928711,162.7303466796875,127.25064086914062,57.1656494140625,360.0830383300781,248.32505798339844,128.88818359375,103.29251098632812,218.70379638671875,116.27425384521484,14.826057434082031,160.8836212158203,139.5861358642578,15.921367645263672,212.0060272216797,32.82471466064453,46.98304748535156,98.36849212646484
2023-01-09,127.97794342041016,141.4933319091797,341.9800109863281,87.36000061035156,30.988407135009766,457.47271728515625,144.59837341308594,44.21260452270508,151.55213928222656,91.88550567626953,87.2463607788086,290.33831787109375,28.26297950744629,158.51426696777344,126.72480773925781,56.45332336425781,363.3149108886719,246.2792510986328,128.34295654296875,99.2809829711914,220.83316040039062,116.57305145263672,15.593352317810059,159.31121826171875,137.88119506835938,15.746040344238281,212.83364868164062,32.69274139404297,46.39727783203125,96.53514862060547
2023-01-10,128.54827880859375,139.72532653808594,338.70001220703125,89.87000274658203,31.1987247467041,460.0049133300781,144.93258666992188,44.42192840576172,152.29612731933594,92.65144348144531,87.64285278320312,292.9145812988281,28.388338088989258,158.13511657714844,127.8595199584961,56.020530700683594,363.3541259765625,247.80899047851562,131.83229064941406,99.66773986816406,222.51527404785156,117.4974136352539,15.873729705810547,157.9964141845703,137.74517822265625,16.10165023803711,215.2579345703125,33.151084899902344,46.36846923828125,97.97691345214844
2023-01-11,131.26222229003906,137.5634765625,342.92999267578125,95.08999633789062,31.436466217041016,462.78558349609375,142.43577575683594,44.78596496582031,151.56944274902344,93.39802551269531,90.7155990600586,300.5610656738281,28.78369140625,157.88229370117188,128.80967712402344,55.912322998046875,370.062744140625,247.71685791015625,131.73316955566406,99.901611328125,229.24371337890625,119.45819854736328,15.965523719787598,158.17408752441406,136.62969970703125,16.05202865600586,216.2413330078125,32.5425910949707,46.77497863769531,99.11608123779297
2023-01-12,131.18353271484375,134.49749755859375,344.5400085449219,95.2699966430664,31.518753051757812,460.9890441894531,147.0558624267578,44.594852447509766,153.19586181640625,96.7720947265625,90.32903289794922,301.3558654785156,29.207975387573242,157.0878448486328,128.68052673339844,55.19098663330078,371.9725341796875,245.76316833496094,135.5199432373047,100.53121185302734,231.90789794921875,119.41150665283203,16.474395751953125,156.15750122070312,135.85885620117188,16.05202865600586,217.72117614746094,33.04045867919922,46.35246276855469,100.76251220703125
2023-01-13,132.51100158691406,135.71682739257812,344.3800048828125,98.12000274658203,32.213687896728516,463.683837890625,146.9674072265625,44.48563003540039,153.61109924316406,96.37458038330078,91.3103256225586,302.5801086425781,29.034404754638672,156.5731964111328,131.92776489257812,55.38935852050781,367.7710266113281,247.79054260253906,135.78758239746094,100.96295166015625,232.6079559326172,120.30786895751953,16.861534118652344,155.6778106689453,136.8292236328125,16.167808532714844,217.17599487304688,33.0799674987793,46.506103515625,100.70021057128906
2023-01-17,133.67135620117188,135.03646850585938,344.3800048828125,96.05000305175781,31.564476013183594,465.13616943359375,145.94508361816406,43.7575569152832,156.1459197998047,96.86907196044922,90.48762512207031,299.2181396484375,28.542621612548828,155.60723876953125,129.88900756835938,55.614776611328125,367.26177978515625,252.60092163085938,134.18167114257812,99.34394073486328,233.69696044921875,119.64494323730469,17.662755966186523,156.40621948242188,136.43019104003906,15.985870361328125,217.1175994873047,32.28180694580078,46.22442626953125,100.50442504882812
2023-01-18,132.95350646972656,131.8291015625,341.30999755859375,95.45999908447266,30.83297348022461,458.1606140136719,142.97645568847656,42.68363952636719,153.3256072998047,96.02552795410156,90.3191146850586,295.71002197265625,27.78084373474121,153.25991821289062,125.98682403564453,53.92865753173828,361.30731201171875,245.1641845703125,131.86204528808594,97.85086822509766,229.2826385498047,118.04830169677734,17.33847427368164,152.4618682861328,132.77552795410156,15.729497909545898,213.6709747314453,31.586393356323242,45.08169937133789,98.439697265625
2023-01-19,133.01248168945312,131.39614868164062,342.5299987792969,93.68000030517578,30.384918212890625,448.6242370605469,143.9200897216797,42.283199310302734,154.8568878173828,96.06432342529297,92.23216247558594,284.00738525390625,27.404773712158203,153.05233764648438,124.30785369873047,53.847511291503906,360.34747314453125,242.897216796875,134.9647979736328,98.84925079345703,225.510009765625,116.27425384521484,16.727827072143555,150.69403076171875,129.96751403808594,15.663339614868164,214.59588623046875,31.657516479492188,44.43831253051758,99.07157135009766
2023-01-20,135.56910705566406,132.17367553710938,356.3800048828125,97.25,30.951841354370117,458.7722473144531,148.6778106689453,42.574424743652344,156.5006103515625,100.33040618896484,97.15846252441406,287.7712097167969,28.17619514465332,152.339111328125,124.6122817993164,54.172115325927734,368.5154113769531,247.5048828125,138.15673828125,98.88521575927734,233.57054138183594,118.22572326660156,17.799448013305664,150.91612243652344,130.4694366455078,15.903166770935059,218.3930206298828,31.610097885131836,44.98566436767578,100.87821960449219
2023-01-23,138.75502014160156,131.25479125976562,364.9800109863281,97.5199966430664,31.3815975189209,470.7166748046875,153.21923828125,43.229705810546875,156.29299926757812,102.47314453125,98.91291809082031,288.209716796875,29.188692092895508,151.9508514404297,126.63253784179688,54.30735778808594,370.7581481933594,248.15921020507812,142.0228271484375,98.83126068115234,235.86521911621094,119.78500366210938,19.150449752807617,150.240966796875,128.71731567382812,15.795659065246582,218.26646423339844,31.317703247070312,45.657867431640625,100.35313415527344
2023-01-24,140.15133666992188,130.49490356445312,361.32000732421875,96.31999969482422,31.61018943786621,470.23883056640625,152.22637939453125,43.51182174682617,156.4400634765625,102.77368927001953,96.8412857055664,290.22869873046875,28.851192474365234,151.9508514404297,127.72112274169922,54.59589385986328,372.1684875488281,248.40798950195312,141.89393615722656,97.60802459716797,235.34014892578125,118.42178344726562,19.222286224365234,151.63571166992188,129.4199981689453,15.845283508300781,217.98414611816406,31.94199562072754,45.77949905395508,101.28760528564453
2023-01-25,139.49253845214844,130.58328247070312,358.1700134277344,97.18000030517578,31.884506225585938,469.0635681152344,153.5141143798828,43.66654968261719,154.9260711669922,104.82917022705078,94.38309478759766,289.83587646484375,28.63905143737793,153.0342559814453,128.33920288085938,54.93852615356445,374.49932861328125,251.5780487060547,140.2682342529297,97.67097473144531,233.94979858398438,118.41244506835938,19.280162811279297,152.73728942871094,129.32875061035156,16.887300491333008,218.96743774414062,31.87088394165039,45.56183624267578,100.75360870361328
2023-01-26,141.55746459960938,130.2386474609375,365.82000732421875,99.22000122070312,32.314273834228516,476.1537780761719,162.28244018554688,43.994171142578125,162.4613037109375,106.361083984375,96.6628646850586,286.68414306640625,29.015117645263672,152.47451782226562,129.13255310058594,54.8303337097168,369.4555969238281,253.16307067871094,146.01771545410156,96.1239242553711,241.13519287109375,119.07537841796875,19.758098602294922,151.21820068359375,128.8085479736328,16.539960861206055,218.782470703125,31.823457717895508,45.52022171020508,104.80299377441406
2023-01-27,143.49456787109375,129.24905395507812,370.7099914550781,102.23999786376953,32.414852142333984,480.9220275878906,161.72213745117188,44.14889144897461,155.24618530273438,106.20594787597656,98.4966049194336,289.3151550292969,27.1540584564209,151.87864685058594,129.4462127685547,54.54179763793945,366.3117980957031,251.08041381835938,150.4191131591797,94.78374481201172,241.29074096679688,119.07537841796875,20.31984519958496,150.6851348876953,128.279296875,16.498611450195312,225.33497619628906,32.1158561706543,45.869117736816406,102.88954162597656
2023-01-30,140.6134796142578,128.6923828125,363.4200134277344,100.55000305175781,32.27769088745117,480.9124755859375,161.94822692871094,43.88496780395508,150.7042999267578,104.31529998779297,96.08796691894531,287.0769348144531,26.95156478881836,146.2541961669922,128.34844970703125,54.67704772949219,363.4618835449219,249.6336212158203,145.77981567382812,95.42234802246094,235.99160766601562,117.9922866821289,19.119518280029297,150.56077575683594,128.68080139160156,16.67228126525879,223.05667114257812,32.439857482910156,45.501014709472656,101.06510925292969
2023-01-31,141.8819580078125,130.54791259765625,370.3399963378906,103.12999725341797,32.44227600097656,488.42315673828125,165.11346435546875,44.29451370239258,150.54859924316406,105.18789672851562,97.97125244140625,296.1485290527344,27.250486373901367,147.5361785888672,129.11410522460938,55.29018020629883,362.9526062011719,246.41746520996094,147.6731719970703,96.60963439941406,240.95042419433594,118.88865661621094,19.493684768676758,151.92886352539062,129.93101501464844,16.845945358276367,224.13739013671875,32.850791931152344,46.05157470703125,103.24555206298828
2023-02-01,143.00291442871094,129.53179931640625,383.9200134277344,105.1500015258789,32.844608306884766,494.8923034667969,168.8979949951172,44.2035026550293,148.2473602294922,106.06051635742188,99.54729461669922,299.7297058105469,28.031557083129883,148.89036560058594,128.77279663085938,55.2991943359375,366.3608093261719,245.3761444091797,151.78707885742188,96.22285461425781,245.753662109375,120.91477966308594,20.896570205688477,152.40858459472656,130.6702117919922,16.68882179260254,224.80917358398438,32.945621490478516,46.30764389038086,102.11527252197266
2023-02-02,148.30300903320312,127.97673034667969,392.2300109863281,112.91000366210938,33.036624908447266,501.0375671386719,171.6700439453125,44.886077880859375,146.21429443359375,109.76425170898438,106.79303741455078,310.41839599609375,29.111547470092773,149.4501190185547,128.1731719970703,54.35243606567383,367.20306396484375,242.5562286376953,187.12673950195312,93.05680847167969,257.2756652832031,120.50394439697266,21.660869598388672,150.99607849121094,129.7393798828125,16.771520614624023,223.50453186035156,33.05625534057617,45.971553802490234,98.9202880859375
2023-02-03,151.92156982421875,128.29481506347656,379.3299865722656,103.38999938964844,33.310943603515625,492.77679443359375,168.1312255859375,44.258113861083984,146.59495544433594,107.34033966064453,103.85905456542969,302.844970703125,29.236902236938477,148.61050415039062,130.1565704345703,53.94670104980469,366.19427490234375,243.4962158203125,184.90621948242188,92.58909606933594,251.19869995117188,119.15009307861328,21.053220748901367,150.240966796875,130.14093017578125,16.39936637878418,224.05950927734375,32.80336380004883,45.36017608642578,99.60555267333984
2023-02-06,149.1977996826172,128.13575744628906,375.2300109863281,102.18000030517578,33.25608444213867,493.53302001953125,166.1750946044922,43.29340362548828,146.7593231201172,106.52591705322266,101.9955825805664,300.80767822265625,28.002229690551758,147.4819793701172,130.92222595214844,54.253257751464844,365.2737121582031,246.89669799804688,184.44033813476562,93.56949615478516,249.66241455078125,117.39472198486328,21.042247772216797,152.63954162597656,129.03668212890625,16.192617416381836,223.38772583007812,32.621620178222656,45.030487060546875,99.43645477294922
2023-02-07,152.0690460205078,128.24179077148438,383.82000732421875,102.11000061035156,33.621829986572266,494.4328308105469,168.36715698242188,43.539127349853516,150.609130859375,108.23233795166016,106.69392395019531,297.08953857421875,28.353593826293945,147.51809692382812,132.51817321777344,54.16309356689453,367.320556640625,246.3621826171875,189.951904296875,95.05359649658203,260.1536865234375,117.0212173461914,22.123838424682617,152.40858459472656,127.7773666381836,15.919708251953125,225.21810913085938,32.04473876953125,45.12651062011719,102.27546691894531
2023-02-08,149.38462829589844,127.7734603881836,378.3599853515625,100.05000305175781,33.37495040893555,482.2569580078125,166.74525451660156,42.73823928833008,147.07078552246094,108.37776947021484,98.4966049194336,293.060791015625,27.56301498413086,147.7076873779297,131.58642578125,53.847511291503906,362.707763671875,242.1968994140625,181.8332061767578,95.91706085205078,259.34674072265625,114.76168823242188,22.155773162841797,152.05322265625,126.45414733886719,15.845283508300781,224.1276397705078,32.021026611328125,44.883243560791016,101.385498046875
2023-02-09,148.35214233398438,131.3873291015625,375.80999755859375,98.23999786376953,32.6617317199707,479.2129821777344,170.70669555664062,42.5289192199707,145.72120666503906,107.0009994506836,94.1749267578125,288.27362060546875,27.06523895263672,145.71249389648438,129.53848266601562,53.75734329223633,362.7763366699219,240.2063446044922,176.3711700439453,95.98899841308594,256.32275390625,114.08007049560547,22.287477493286133,153.4923858642578,125.0670394897461,15.688150405883789,223.73745727539062,31.459949493408203,45.29936599731445,101.76818084716797
2023-02-10,148.7165069580078,134.34725952148438,370.989990234375,97.61000061035156,32.533721923828125,478.600341796875,164.18942260742188,43.01127243041992,148.7751007080078,104.77098846435547,93.73878479003906,289.17816162109375,27.133562088012695,146.38961791992188,130.1104278564453,53.75734329223633,359.2604064941406,241.82823181152344,172.63400268554688,97.65298461914062,255.81719970703125,114.12676239013672,21.217853546142578,156.53062438964844,126.1712417602539,15.770849227905273,221.64004516601562,31.617992401123047,46.00355911254883,106.05785369873047
2023-02-13,151.513427734375,135.83168029785156,375.0,99.54000091552734,32.597740173339844,484.7839660644531,168.1705780029297,43.557334899902344,147.94456481933594,104.38317108154297,93.7784423828125,295.56390380859375,27.865581512451172,146.93128967285156,131.52186584472656,54.64097213745117,363.1778564453125,245.31163024902344,177.86805725097656,98.5344467163086,263.8096618652344,116.8531723022461,21.739696502685547,157.9253387451172,127.82301330566406,15.927983283996582,223.27891540527344,31.862979888916016,46.70456314086914,105.64529418945312
2023-02-14,150.87327575683594,134.8244171142578,377.8999938964844,99.69999694824219,32.57028579711914,481.6922607421875,167.06961059570312,43.41171646118164,149.0779266357422,104.38317108154297,93.84784698486328,290.90472412109375,27.95342445373535,146.290283203125,132.10302734375,53.73029708862305,362.3257751464844,245.68943786621094,177.91758728027344,97.80587768554688,264.6361999511719,117.83355712890625,22.92007064819336,156.14862060546875,127.10205841064453,15.83700942993164,223.77642822265625,31.87088394165039,46.57012176513672,104.40769958496094
2023-02-15,152.970947265625,133.4725341796875,375.94000244140625,101.16000366210938,32.51543426513672,489.40740966796875,168.1902313232422,44.09429168701172,147.5068817138672,105.91507720947266,96.08796691894531,292.96942138671875,28.15839195251465,143.87982177734375,132.6565399169922,53.73029708862305,362.0124206542969,245.64337158203125,175.61781311035156,96.85247802734375,262.5209045410156,119.0286865234375,22.713533401489258,156.36181640625,126.81005096435547,15.919708251953125,223.31797790527344,31.910388946533203,46.91582489013672,104.09381866455078
2023-02-16,151.37550354003906,132.1206817626953,365.1600036621094,98.1500015258789,32.2593994140625,482.5346374511719,165.2510528564453,46.405941009521484,145.37734985351562,102.60887145996094,94.67052459716797,293.4718322753906,27.523975372314453,142.85964965820312,130.82997131347656,53.39667510986328,359.96551513671875,244.97064208984375,170.9389190673828,95.80011749267578,255.53189086914062,116.13420104980469,21.95322036743164,155.91761779785156,125.14918518066406,15.927983283996582,220.30357360839844,31.48365592956543,46.17961120605469,103.78888702392578
2023-02-17,150.233154296875,133.69342041015625,356.8500061035156,97.19999694824219,32.32341003417969,485.7699279785156,162.36105346679688,46.205718994140625,142.130615234375,102.01744079589844,93.52072143554688,290.46624755859375,26.948116302490234,145.84214782714844,131.2174530029297,54.20817184448242,353.6780090332031,248.80422973632812,171.37506103515625,98.5074691772461,251.5452117919922,116.56371307373047,21.3405818939209,156.60171508789062,127.76825714111328,16.076839447021484,218.089111328125,31.783954620361328,46.874202728271484,99.79804992675781
2023-02-21,146.22496032714844,134.30308532714844,346.70001220703125,94.58000183105469,31.564476013183594,480.2755126953125,158.87144470214844,45.22281265258789,140.51597595214844,98.98270416259766,90.98322296142578,269.9568176269531,25.435274124145508,143.66893005371094,128.80967712402344,53.91964340209961,348.61468505859375,247.47727966308594,170.58203125,98.10270690917969,246.29127502441406,113.07166290283203,20.609203338623047,156.51284790039062,127.67701721191406,15.886632919311523,215.22105407714844,30.977890014648438,47.159088134765625,99.69940948486328
2023-02-22,146.64842224121094,133.12794494628906,348.7200012207031,95.79000091552734,31.354167938232422,476.1116027832031,160.58184814453125,44.87697982788086,139.94871520996094,98.58518981933594,90.84445190429688,270.6876525878906,24.859420776367188,143.4688720703125,127.8226089477539,54.08193588256836,347.6451416015625,247.5601806640625,169.63040161132812,98.18366241455078,245.16055297851562,111.95121765136719,20.707984924316406,156.4595489501953,128.21536254882812,16.027217864990234,214.63575744628906,31.041112899780273,46.170013427734375,98.40797424316406
2023-02-23,147.1309814453125,134.36495971679688,347.0199890136719,95.81999969482422,31.326730728149414,472.0434265136719,161.3289337158203,44.78596496582031,141.32766723632812,98.6336669921875,90.09114074707031,273.4374694824219,24.996061325073242,143.42340087890625,128.8466033935547,54.18113708496094,348.193603515625,245.8461151123047,170.54238891601562,99.46986389160156,248.3382568359375,112.00724792480469,23.61153221130371,156.62831115722656,127.80472564697266,16.002408981323242,215.71859741210938,30.448429107666016,45.48181915283203,99.31375885009766
2023-02-24,144.48182678222656,134.93045043945312,320.5400085449219,93.5,31.281009674072266,467.7071838378906,159.44158935546875,44.12159729003906,141.74661254882812,97.24717712402344,88.34661865234375,271.0165710449219,24.537328720092773,141.82305908203125,130.00892639160156,53.955711364746094,345.833251953125,242.98934936523438,168.90675354003906,98.84024047851562,242.9283905029297,110.21453094482422,23.234371185302734,156.31739807128906,127.08379364013672,15.911441802978516,214.17726135253906,30.614376068115234,45.603450775146484,99.3227310180664
2023-02-27,145.6734619140625,136.31764221191406,322.32000732421875,93.76000213623047,31.281009674072266,466.19482421875,160.36558532714844,44.349117279052734,142.10446166992188,97.39262390136719,89.08011627197266,270.4226989746094,24.303081512451172,141.51388549804688,131.14361572265625,53.93768310546875,348.14459228515625,244.0030517578125,168.06414794921875,98.36353302001953,243.8446044921875,110.67203521728516,23.448894500732422,156.27301025390625,126.97430419921875,15.737772941589355,214.95767211914062,30.725013732910156,45.27375793457031,99.14337158203125
2023-02-28,145.17120361328125,135.9818572998047,323.95001220703125,94.2300033569336,31.363311767578125,463.46673583984375,160.82760620117188,44.066986083984375,140.31529235839844,96.57818603515625,89.26844024658203,270.90692138671875,24.33236312866211,139.35882568359375,132.24142456054688,53.658164978027344,347.9585266113281,244.60557556152344,173.41712951660156,95.5572738647461,243.12332153320312,110.91480255126953,23.164527893066406,154.15866088867188,125.53246307373047,15.638534545898438,214.55770874023438,30.669702529907227,45.4946174621582,98.56939697265625
2023-03-01,143.10305786132812,137.19239807128906,323.3800048828125,92.16999816894531,31.217010498046875,458.1925048828125,164.50399780273438,43.994171142578125,141.43240356445312,95.5407485961914,89.56580352783203,265.6539306640625,24.722774505615234,138.73147583007812,131.50340270996094,53.07208251953125,346.2054748535156,243.50254821777344,171.91033935546875,95.9260482788086,240.05284118652344,110.71871948242188,22.647680282592773,152.20425415039062,125.62372589111328,15.431782722473145,213.01638793945312,30.266664505004883,44.86083984375,99.44829559326172
2023-03-02,143.69400024414062,136.40599060058594,333.5,92.12999725341797,30.82127571105957,464.91217041015625,183.4167938232422,44.16709518432617,141.87750244140625,95.9092025756836,91.19139099121094,267.691162109375,25.571916580200195,138.62232971191406,130.1381072998047,53.847511291503906,348.23272705078125,247.99778747558594,173.0106964111328,96.24984741210938,244.77066040039062,111.65242004394531,23.262310028076172,155.0125732421875,127.6952133178711,15.431782722473145,213.69923400878906,30.353591918945312,44.972862243652344,99.90565490722656
2023-03-03,148.73622131347656,137.89041137695312,344.0400085449219,94.9000015258789,31.437891006469727,454.9283752441406,183.25949096679688,44.84967041015625,143.97216796875,98.0616226196289,92.8268814086914,272.65179443359375,25.767126083374023,140.0499267578125,132.52740478515625,53.59504318237305,354.0403747558594,249.38804626464844,183.6373748779297,96.13290405273438,248.84510803222656,113.24424743652344,23.837032318115234,154.86056518554688,128.6260528564453,15.555832862854004,218.2939910888672,30.235050201416016,45.02729034423828,101.170166015625
2023-03-06,151.4936981201172,137.2012176513672,347.0199890136719,93.75,31.37346839904785,462.413818359375,180.67425537109375,44.97707748413086,145.02822875976562,97.59623718261719,94.29387664794922,272.4325866699219,25.366952896118164,141.45025634765625,131.75250244140625,54.42457580566406,359.3583068847656,250.84329223632812,183.2904052734375,99.92858123779297,250.38523864746094,112.52323913574219,23.50178337097168,155.173583984375,128.0785369873047,15.522749900817871,221.20108032226562,30.148128509521484,45.0208854675293,102.0669937133789
2023-03-07,149.2975616455078,135.12477111816406,344.79998779296875,93.55000305175781,30.370323181152344,464.3952331542969,180.202392578125,44.51293182373047,143.16050720214844,96.04492950439453,93.03504943847656,265.57177734375,24.917978286743164,140.1135711669922,127.87794494628906,54.1089973449707,352.5125427246094,247.5900421142578,182.90382385253906,100.08148193359375,247.73390197753906,111.98014831542969,23.240314483642578,154.40443420410156,125.53246307373047,15.473133087158203,217.70867919921875,29.958471298217773,44.57275390625,100.09400177001953
2023-03-08,150.54827880859375,132.18251037597656,345.8399963378906,93.91999816894531,29.965383529663086,465.2471618652344,179.83868408203125,44.6949577331543,142.25283813476562,96.27762603759766,93.4216079711914,268.22186279296875,25.35719108581543,139.08609008789062,127.12152862548828,54.13603973388672,351.6213684082031,245.92160034179688,183.35980224609375,97.39213562011719,247.29525756835938,112.23296356201172,24.131486892700195,154.8247528076172,125.55070495605469,15.390434265136719,216.75267028808594,29.65817642211914,44.20465087890625,98.6321792602539
2023-03-09,148.30288696289062,130.19448852539062,338.3699951171875,92.25,28.106355667114258,459.0061340332031,175.68063354492188,44.42192840576172,140.08834838867188,93.21380615234375,91.50857543945312,265.0104064941406,25.806167602539062,137.52207946777344,120.23957061767578,53.61307907104492,347.12603759765625,242.49227905273438,180.10836791992188,96.780517578125,245.9501190185547,110.36961364746094,23.388015747070312,153.6531219482422,124.62901306152344,15.150602340698242,214.62599182128906,28.883724212646484,43.90696334838867,97.86988830566406
2023-03-10,146.24465942382812,132.2797088623047,329.29998779296875,90.7300033569336,27.857868194580078,450.9846496582031,170.23484802246094,44.194400787353516,139.35520935058594,90.72203063964844,89.83342742919922,263.4552917480469,26.56746482849121,137.8585205078125,123.29308319091797,53.38766098022461,339.9472961425781,242.863037109375,177.94735717773438,96.86145782470703,242.3142852783203,110.01376342773438,22.91797637939453,153.85885620117188,125.19478607177734,15.241572380065918,210.85069274902344,28.986459732055664,43.84294509887695,96.6591796875
2023-03-13,148.18470764160156,134.25892639160156,324.2699890136719,92.43000030517578,26.238117218017578,451.8078308105469,172.52520751953125,44.05788803100586,138.5173797607422,89.78155517578125,90.30921173095703,263.6485900878906,26.303939819335938,139.17701721191406,121.0790786743164,53.92865753173828,337.5968322753906,243.83624267578125,179.3252410888672,95.09855651855469,247.50970458984375,109.42388153076172,22.918973922729492,155.36141967773438,126.06175231933594,15.134060859680176,209.22158813476562,28.875825881958008,43.97098159790039,95.5471420288086
2023-03-14,150.27252197265625,135.9376983642578,333.3299865722656,94.87999725341797,26.468196868896484,461.30340576171875,179.77972412109375,44.64034652709961,140.30654907226562,90.51842498779297,93.14407348632812,262.7744140625,27.33852767944336,139.95901489257812,124.18790435791016,54.12702178955078,345.5395202636719,246.44993591308594,192.3310546875,96.8827896118164,254.20623779296875,111.4277114868164,24.013729095458984,155.2003936767578,127.62223815917969,15.249845504760742,213.30905151367188,29.144512176513672,44.20465087890625,95.90585327148438
2023-03-15,150.6664581298828,136.12322998046875,333.6099853515625,96.19999694824219,26.219711303710938,464.8834228515625,179.79942321777344,44.64944839477539,134.23204040527344,90.26632690429688,95.26525115966797,264.9828796386719,27.728939056396484,140.34994506835938,118.32076263427734,54.487693786621094,340.8973388671875,246.8577880859375,196.02854919433594,97.48056030273438,258.7388916015625,110.65050506591797,24.178390502929688,157.9729766845703,129.42916870117188,15.14233112335205,211.0750732421875,29.286754608154297,44.69758605957031,91.13478088378906
2023-03-16,153.48300170898438,137.21888732910156,353.2900085449219,100.04000091552734,26.66145896911621,466.41497802734375,184.11474609375,45.614158630371094,134.6597137451172,91.42010498046875,99.4382553100586,263.8418273925781,29.456506729125977,140.05902099609375,120.61780548095703,54.78752136230469,340.8189697265625,250.77835083007812,203.1460723876953,97.2178726196289,269.227294921875,112.97269439697266,25.488704681396484,157.86561584472656,130.3964385986328,15.208492279052734,212.12863159179688,28.907438278198242,44.44367980957031,90.60564422607422
2023-03-17,152.64596557617188,136.26458740234375,358.1400146484375,98.94999694824219,25.60309600830078,466.2139587402344,181.70639038085938,45.67786407470703,132.9578094482422,90.36328887939453,100.7268295288086,265.36932373046875,29.09537696838379,138.5586700439453,116.06063079833984,54.53312301635742,342.4446716308594,247.6549072265625,193.90721130371094,94.2834243774414,272.375732421875,112.72925567626953,25.672325134277344,156.6313934326172,130.43292236328125,14.993473052978516,212.07009887695312,29.073387145996094,44.80364990234375,89.53842163085938
2023-03-20,155.0094757080078,137.94342041015625,362.8800048828125,97.70999908447266,25.538679122924805,468.358154296875,182.09959411621094,46.36043930053711,134.91282653808594,91.35224151611328,100.3303451538086,266.1698913574219,28.46095848083496,139.93170166015625,117.2875747680664,55.060096740722656,342.1116943359375,250.93592834472656,196.08804321289062,95.8683853149414,265.3575134277344,113.48768615722656,25.846965789794922,158.83155822753906,132.44058227539062,15.291189193725586,212.81150817871094,29.579143524169922,45.2857551574707,91.87913513183594
2023-03-21,156.86094665527344,138.51771545410156,374.2200012207031,100.61000061035156,26.311742782592773,469.8514099121094,185.47125244140625,46.114707946777344,139.041015625,93.60162353515625,103.9978256225586,266.3263244628906,27.777740478515625,139.93170166015625,120.4333267211914,54.805694580078125,347.25341796875,250.4447021484375,200.40017700195312,95.58763885498047,266.8683166503906,117.61708068847656,26.14535903930664,159.20718383789062,131.4823760986328,15.332539558410645,216.5185089111328,29.824125289916992,45.13148498535156,95.99552917480469
2023-03-22,155.4329376220703,135.7786407470703,361.7099914550781,98.69999694824219,25.43743896484375,466.663818359375,183.338134765625,45.01349639892578,136.21324157714844,92.01154327392578,102.4614486694336,260.0506896972656,27.455650329589844,137.34930419921875,117.32447052001953,54.56038284301758,343.7864074707031,248.27584838867188,198.07061767578125,94.55513000488281,265.41595458984375,111.89588165283203,26.41380500793457,157.86561584472656,131.40025329589844,15.208492279052734,214.65525817871094,29.48432159423828,44.842220306396484,93.79833221435547
2023-03-23,156.51626586914062,137.21888732910156,369.0,98.70999908447266,24.820837020874023,466.89361572265625,184.25233459472656,45.25922393798828,134.86044311523438,92.91324615478516,104.67185974121094,261.24688720703125,28.334075927734375,137.4220733642578,117.01081085205078,54.4422607421875,347.0574951171875,249.89779663085938,202.50173950195312,94.40116119384766,270.65032958984375,113.27235412597656,27.135324478149414,157.09646606445312,131.21771240234375,15.26638126373291,217.14283752441406,29.5317325592041,45.205413818359375,92.74008178710938
2023-03-24,157.8162078857422,139.62220764160156,374.9599914550781,98.12999725341797,24.97728729248047,474.082275390625,186.82778930664062,45.969093322753906,136.20449829101562,91.21649932861328,104.51325225830078,260.4279479980469,28.656166076660156,138.80418395996094,115.23038482666016,55.332672119140625,344.37408447265625,251.48277282714844,204.21664428710938,94.91741180419922,273.4869079589844,113.02887725830078,26.72416877746582,160.1731414794922,133.89154052734375,15.390434265136719,215.63076782226562,29.760908126831055,45.57502365112305,92.84770202636719
2023-03-27,155.8761444091797,139.19808959960938,373.1499938964844,98.04000091552734,26.219711303710938,472.12005615234375,188.00738525390625,45.996402740478516,137.59219360351562,92.70963287353516,101.55945587158203,258.817626953125,28.480480194091797,139.3952178955078,118.53294372558594,55.74154281616211,347.30230712890625,253.80921936035156,201.07424926757812,96.8465576171875,269.4027099609375,110.31342315673828,26.476675033569336,160.53086853027344,133.18885803222656,15.605452537536621,216.38194274902344,30.069108963012695,46.33674621582031,94.88347625732422
2023-03-28,155.25572204589844,139.82542419433594,373.3999938964844,97.23999786376953,25.879194259643555,465.9458923339844,189.02967834472656,45.859886169433594,139.1981201171875,91.93397521972656,100.14200592041016,258.40362548828125,28.587844848632812,138.04945373535156,118.89273071289062,55.80513381958008,347.018310546875,255.67214965820312,198.9330596923828,95.57857513427734,268.28173828125,110.36961364746094,26.355924606323242,160.47718811035156,133.56304931640625,15.481400489807129,214.9381866455078,30.029590606689453,46.15675735473633,96.0672836303711
2023-03-29,158.3282928466797,139.6045684814453,379.1600036621094,100.25,26.385366439819336,469.8705749511719,193.2958984375,46.56975555419922,140.39381408691406,93.92158508300781,100.49886322021484,260.7408752441406,30.764385223388672,139.4043426513672,119.13258361816406,56.204917907714844,352.111083984375,257.14581298828125,203.56239318847656,95.0261001586914,273.4284362792969,112.8228759765625,26.92874526977539,161.58621215820312,133.9736785888672,15.71296215057373,217.83546447753906,30.408912658691406,46.35602569580078,97.71741485595703
2023-03-30,159.89414978027344,139.53384399414062,381.8999938964844,102.0,26.044851303100586,470.4544677734375,193.2565460205078,46.80638885498047,141.72918701171875,95.1141357421875,100.00324249267578,262.58111572265625,31.320720672607422,139.51341247558594,118.7728042602539,56.195831298828125,351.84661865234375,257.47021484375,206.0307159423828,95.9317855834961,276.87908935546875,112.45768737792969,27.326932907104492,161.72933959960938,134.55772399902344,15.779120445251465,216.91848754882812,30.551156997680664,46.81885528564453,98.1927490234375
2023-03-31,162.3955535888672,140.81503295898438,385.3699951171875,103.29000091552734,26.320945739746094,475.61383056640625,196.3824920654297,47.57997512817383,142.4011688232422,97.08235931396484,102.81830596923828,271.5620422363281,31.886810302734375,140.94105529785156,120.2119140625,56.359378814697266,355.91094970703125,259.15704345703125,210.09503173828125,96.35747528076172,281.0217590332031,114.83607482910156,27.720123291015625,163.04405212402344,135.6892852783203,15.919708251953125,219.94264221191406,30.73291015625,47.390953063964844,98.34518432617188
2023-04-03,163.64627075195312,141.7427520751953,380.0799865722656,102.41000366210938,26.311742782592773,475.7669677734375,193.1484375,47.60727310180664,148.32728576660156,96.72361755371094,103.44274139404297,273.9637145996094,32.101539611816406,142.62322998046875,120.07351684570312,56.6955451965332,358.9078369140625,261.5020446777344,211.2152099609375,98.60363006591797,279.978759765625,113.92780303955078,27.907739639282227,163.2229461669922,136.43759155273438,16.035491943359375,223.39599609375,30.993703842163086,47.789493560791016,104.14761352539062
2023-04-04,163.11448669433594,141.1772918701172,385.1499938964844,103.94999694824219,25.750350952148438,476.43707275390625,193.8463592529297,47.51558303833008,147.5330810546875,96.5394058227539,103.79959106445312,271.4148254394531,32.30650329589844,144.114501953125,118.46839141845703,56.52292251586914,356.3908386230469,261.6318664550781,212.850830078125,98.56739044189453,279.9300231933594,115.81924438476562,27.396785736083984,162.64158630371094,137.0946502685547,16.24224090576172,222.08877563476562,31.333505630493164,47.32024383544922,103.15213775634766
2023-04-05,161.27285766601562,142.0785369873047,382.0199890136719,101.0999984741211,25.43743896484375,475.8627624511719,191.988525390625,47.51558303833008,148.26622009277344,96.86907196044922,103.55178833007812,265.6269836425781,32.04298400878906,150.58863830566406,118.64501953125,57.058982849121094,356.8420715332031,261.39080810546875,209.6390380859375,101.35694122314453,277.1617126464844,113.206787109375,26.825958251953125,164.24253845214844,138.0345916748047,16.440719604492188,222.5863037109375,31.6970157623291,48.10446548461914,104.91888427734375
2023-04-06,162.15921020507812,142.74118041992188,380.6000061035156,102.05999755859375,25.621505737304688,465.1897888183594,189.27545166015625,47.01126480102539,146.31991577148438,96.92723846435547,107.4670639038086,265.57171630859375,32.02346420288086,150.17041015625,118.5148696899414,57.09532165527344,354.5663757324219,262.19720458984375,214.21881103515625,101.73733520507812,284.2384948730469,112.57006072998047,26.98164176940918,164.88644409179688,138.91065979003906,16.480979919433594,220.45965576171875,31.715503692626953,48.4676513671875,103.1790542602539
2023-04-10,159.5691375732422,142.5026397705078,376.25,102.16999816894531,25.713537216186523,472.7038879394531,188.2334747314453,47.066280364990234,146.87847900390625,97.74166107177734,105.50446319580078,267.9273681640625,31.740413665771484,149.41566467285156,118.90534973144531,56.959041595458984,353.2618103027344,263.0220947265625,212.88055419921875,101.99092102050781,282.0842590332031,114.15253448486328,27.522531509399414,163.84896850585938,137.7608184814453,16.41387939453125,220.88890075683594,31.611066818237305,48.37444305419922,102.72168731689453
2023-04-11,158.3578643798828,142.59103393554688,371.1099853515625,99.91999816894531,26.42218017578125,477.31768798828125,185.67770385742188,46.415252685546875,147.69020080566406,97.36353302001953,104.4240493774414,270.3197937011719,31.57448387145996,149.3702392578125,119.4910888671875,56.859100341796875,357.175537109375,263.6708984375,211.98841857910156,101.88224029541016,275.6898193359375,115.45407104492188,27.113370895385742,163.59857177734375,137.48709106445312,16.514528274536133,222.85946655273438,31.691396713256836,48.23302459716797,103.4480972290039
2023-04-12,157.6685028076172,143.45692443847656,369.8900146484375,97.83000183105469,26.210506439208984,468.4156188964844,187.08338928222656,45.94761657714844,148.2138214111328,94.95902252197266,103.72028350830078,267.255615234375,31.252397537231445,149.05197143554688,119.47249603271484,56.959041595458984,354.87042236328125,264.4308776855469,212.13710021972656,103.02342987060547,276.3332214355469,115.79118347167969,26.440750122070312,163.27659606933594,137.8612060546875,16.581626892089844,222.235107421875,31.490562438964844,47.99839782714844,103.34048461914062
2023-04-13,163.04551696777344,145.0708770751953,378.79998779296875,102.4000015258789,26.284130096435547,476.5902404785156,190.72042846679688,46.580299377441406,150.19500732421875,97.77074432373047,106.48577117919922,268.8291320800781,31.35976219177246,151.04331970214844,119.92808532714844,57.37698745727539,362.590087890625,267.92510986328125,218.4318084716797,104.68084716796875,282.5229187011719,118.38490295410156,26.408811569213867,164.90432739257812,138.5,16.740982055664062,226.99569702148438,31.58696746826172,48.0466194152832,103.82476806640625
2023-04-14,162.70086669921875,144.0900115966797,379.3800048828125,102.51000213623047,27.167634963989258,470.2820739746094,191.3397674560547,46.341896057128906,150.50048828125,96.85935974121094,107.91312408447266,268.865966796875,31.125511169433594,150.79779052734375,128.98379516601562,57.286128997802734,365.3170471191406,267.84173583984375,219.5618896484375,104.43630981445312,278.9162902832031,117.93545532226562,26.70321273803711,164.12625122070312,137.79733276367188,16.715822219848633,228.2931671142578,31.506633758544922,47.72199630737305,104.07587432861328
2023-04-17,162.72056579589844,143.72442626953125,377.9200134277344,102.73999786376953,27.94989776611328,472.80926513671875,193.72842407226562,46.103492736816406,149.17388916015625,97.24717712402344,105.0385971069336,271.8197326660156,31.36952018737793,150.64321899414062,130.0065460205078,57.65863800048828,365.6407165527344,268.14752197265625,216.9547882080078,104.16461181640625,281.5091552734375,118.16018676757812,26.946714401245117,164.9669647216797,137.84298706054688,16.598398208618164,227.766357421875,31.699432373046875,48.05625534057617,102.86517333984375
2023-04-18,163.9417266845703,142.3065948486328,377.54998779296875,102.30000305175781,28.124757766723633,475.642578125,195.12425231933594,46.13100814819336,148.8247833251953,97.85801696777344,103.58151245117188,275.0863952636719,31.066953659057617,146.40591430664062,131.4662322998047,57.749507904052734,365.20916748046875,269.6305236816406,215.99322509765625,104.00159454345703,281.0899963378906,118.17890930175781,27.610347747802734,165.3068084716797,137.989013671875,16.623565673828125,227.8834228515625,31.28170394897461,48.16232681274414,104.87405395507812
2023-04-19,165.0841064453125,143.75115966796875,380.1099853515625,104.30000305175781,27.66459846496582,474.809814453125,195.53713989257812,44.049564361572266,148.96438598632812,95.74435424804688,103.26435089111328,273.20916748046875,30.40325355529785,147.78802490234375,131.2988739013672,57.85853576660156,365.679931640625,269.96417236328125,213.82229614257812,103.36759185791016,281.1679992675781,117.67327117919922,27.873807907104492,165.20843505859375,138.01634216308594,16.522916793823242,226.87864685058594,31.00857162475586,48.213741302490234,104.54224395751953
2023-04-20,164.11898803710938,144.2237548828125,380.260009765625,103.80999755859375,27.517351150512695,483.951171875,194.15109252929688,42.71084213256836,148.24002075195312,95.08506774902344,104.36457061767578,274.73675537109375,30.120206832885742,148.7427978515625,130.917724609375,58.112937927246094,367.83795166015625,269.71392822265625,211.2152099609375,103.40382385253906,278.8870544433594,116.53089141845703,27.048505783081055,165.75396728515625,138.52232360839844,14.8035249710083,228.8589630126953,29.875871658325195,48.52228927612305,103.70817565917969
2023-04-21,162.51376342773438,144.8212127685547,377.6700134277344,106.95999908447266,27.489744186401367,484.6883544921875,195.6452178955078,43.12345886230469,147.60289001464844,96.5394058227539,104.4835205078125,276.08935546875,29.573631286621094,147.9335174560547,130.6666259765625,58.1947135925293,368.0733947753906,270.69635009765625,211.03675842285156,104.49066162109375,278.5458984375,117.54217529296875,27.06346893310547,165.8255157470703,143.31570434570312,15.281598091125488,228.3224334716797,29.980304718017578,48.76655578613281,104.03998565673828
2023-04-24,162.81906127929688,146.3103485107422,377.3399963378906,106.20999908447266,27.388507843017578,489.54144287109375,191.60513305664062,43.45355224609375,149.66262817382812,96.64604949951172,105.0385971069336,277.5616760253906,28.948974609375,148.83372497558594,130.8433380126953,58.103851318359375,367.5731201171875,271.75299072265625,210.93765258789062,105.00691223144531,274.6565856933594,119.0029067993164,26.986631393432617,165.9060516357422,143.57286071777344,14.702878952026367,227.06396484375,29.80357551574707,49.09760665893555,106.0040283203125
2023-04-25,161.28274536132812,147.04151916503906,369.5899963378906,102.56999969482422,26.541824340820312,481.6443786621094,187.42739868164062,43.1784782409668,147.48944091796875,95.02690124511719,102.93724060058594,272.6755065917969,28.187671661376953,150.19766235351562,127.9982681274414,58.012996673583984,361.4915466308594,270.1866760253906,205.7432403564453,105.54127502441406,268.467041015625,116.72754669189453,26.187265396118164,169.67132568359375,143.60960388183594,14.686103820800781,223.9715576171875,29.96424102783203,48.71512985229492,104.49736785888672
2023-04-26,161.27285766601562,144.2772674560547,363.05999755859375,104.9800033569336,26.17369842529297,473.4985046386719,188.26295471191406,42.67416000366211,144.86239624023438,93.66950225830078,102.7984619140625,265.0748596191406,28.353593826293945,147.86990356445312,125.7297134399414,57.740421295166016,359.75531005859375,268.564697265625,207.57716369628906,102.73361206054688,287.9132995605469,115.95973205566406,26.900800704956055,168.6249237060547,141.94747924804688,14.426097869873047,222.56678771972656,29.65896987915039,48.50300979614258,103.53777313232422
2023-04-27,165.85227966308594,132.74757385253906,371.4200134277344,109.81999969482422,26.58783721923828,479.82562255859375,192.60780334472656,42.692501068115234,145.70896911621094,96.8884506225586,106.64436340332031,270.467041015625,29.14417839050293,148.21542358398438,127.42183685302734,57.85853576660156,366.5334167480469,273.1618347167969,236.48329162597656,104.30046844482422,297.1344299316406,117.70136260986328,27.170251846313477,169.65345764160156,143.68301391601562,14.769977569580078,223.40573120117188,31.161205291748047,48.65406799316406,104.77540588378906
2023-04-28,167.10296630859375,134.75389099121094,377.55999755859375,105.44999694824219,26.946760177612305,481.6922607421875,194.99644470214844,43.32518005371094,147.131591796875,99.38021850585938,106.39655303955078,276.5494689941406,30.315410614013672,148.8519287109375,128.5282440185547,58.28557205200195,372.7719421386719,274.1164855957031,238.22796630859375,104.58123016357422,299.5030517578125,118.65646362304688,27.692180633544922,170.72669982910156,143.6003875732422,14.820298194885254,227.03469848632812,31.193336486816406,48.52228927612305,106.12958526611328
2023-05-01,167.0143280029297,137.0634002685547,374.1499938964844,102.05000305175781,26.725889205932617,472.47418212890625,194.4263153076172,43.4077033996582,145.9620819091797,99.09906005859375,106.2577896118164,273.9361572265625,29.573631286621094,148.76101684570312,131.28030395507812,58.42185974121094,372.6051330566406,275.8126220703125,241.0630645751953,105.36920928955078,297.84600830078125,119.78009796142578,28.850805282592773,171.4332733154297,143.77487182617188,14.677715301513672,226.8201141357422,31.096933364868164,48.721553802490234,102.8382797241211
2023-05-02,165.98028564453125,135.19972229003906,368.6600036621094,103.62999725341797,25.91600799560547,473.64202880859375,190.5435028076172,42.50912094116211,139.67813110351562,97.53805541992188,104.39431762695312,270.78912353515625,29.056337356567383,150.061279296875,129.16046142578125,58.15836715698242,368.8482971191406,276.26678466796875,237.15737915039062,106.77304077148438,297.6998596191406,119.1620864868164,28.152236938476562,171.9430389404297,143.64630126953125,14.317062377929688,221.42543029785156,30.2614688873291,48.589786529541016,98.73980712890625
2023-05-03,164.90684509277344,133.08644104003906,345.25,103.6500015258789,25.639915466308594,469.09515380859375,189.3344268798828,42.142337799072266,136.87655639648438,97.7901382446289,104.4835205078125,269.6849365234375,29.915241241455078,148.09719848632812,126.42700958251953,57.83127975463867,367.7398376464844,273.6252746582031,234.96664428710938,107.07191467285156,296.71533203125,118.67517852783203,27.745073318481445,171.8804473876953,143.46266174316406,14.333836555480957,220.44989013671875,30.510498046875,48.4098014831543,96.79369354248047
2023-05-04,163.27203369140625,131.40106201171875,335.8299865722656,104.0,24.839242935180664,470.3421630859375,189.10833740234375,41.90393829345703,136.3441619873047,94.48393249511719,103.76985168457031,262.9400329589844,30.61595916748047,147.42431640625,124.69767761230469,57.89487838745117,368.9365539550781,273.56964111328125,231.48719787597656,106.30207824707031,297.6998596191406,115.800537109375,27.50556182861328,172.95370483398438,142.80149841308594,14.182865142822266,220.07920837402344,30.004404067993164,48.5452995300293,95.09872436523438
2023-05-05,170.93389892578125,131.99853515625,348.3999938964844,105.66000366210938,25.50186538696289,478.70654296875,194.229736328125,42.40824890136719,139.8265380859375,97.46048736572266,104.64210510253906,266.5010986328125,30.370952606201172,147.92440795898438,127.13359832763672,58.16745376586914,377.3134460449219,274.90435791015625,230.75360107421875,106.58283996582031,302.8074951171875,118.53472900390625,28.621274948120117,173.7497100830078,143.2790069580078,14.367385864257812,226.1079559326172,30.39000129699707,48.9647102355957,97.46632385253906
2023-05-08,170.86492919921875,131.48133850097656,344.05999755859375,105.83000183105469,25.483457565307617,478.70654296875,194.53443908691406,42.49077606201172,139.27664184570312,99.8359146118164,106.82276916503906,264.9460144042969,30.15534782409668,147.58798217773438,127.44046020507812,58.076595306396484,378.1472473144531,274.9877014160156,231.23936462402344,107.2168197631836,300.8580017089844,118.80626678466797,29.091306686401367,172.92686462402344,142.60865783691406,14.35899829864502,226.5469512939453,30.39000129699707,49.271209716796875,97.85194396972656
2023-05-09,169.16127014160156,130.92848205566406,342.6499938964844,106.62000274658203,25.455848693847656,480.3659973144531,197.75868225097656,42.609981536865234,138.87518310546875,99.06997680664062,106.40646362304688,267.384521484375,29.49873161315918,146.4422607421875,126.82681274414062,57.59504699707031,375.6263427734375,274.95989990234375,231.33848571777344,106.35640716552734,299.24969482421875,117.13953399658203,28.512496948242188,173.63340759277344,141.1486053466797,14.275128364562988,227.55174255371094,30.181137084960938,49.35508728027344,97.87885284423828
2023-05-10,170.92404174804688,130.56289672851562,344.0199890136719,110.19000244140625,25.1429443359375,479.2820739746094,201.36627197265625,42.83003616333008,137.1034698486328,98.0616226196289,110.76779174804688,265.95819091796875,29.371326446533203,146.98785400390625,126.89188385009766,57.69498825073242,375.23388671875,274.87646484375,231.05101013183594,106.78208923339844,304.4256591796875,115.65071868896484,28.825857162475586,173.7497100830078,141.4424591064453,14.291902542114258,225.61044311523438,30.229345321655273,49.21635818481445,96.62329864501953
2023-05-11,171.11117553710938,130.71450805664062,341.5799865722656,112.18000030517578,25.207366943359375,481.421142578125,200.00973510742188,42.518280029296875,136.3441619873047,89.5003890991211,115.5454330444336,264.7252197265625,28.28350257873535,146.3877410888672,126.4920883178711,58.02207946777344,376.06781005859375,273.2267150878906,233.7374267578125,106.46509552001953,302.2811584472656,114.44280242919922,28.51948356628418,174.70668029785156,141.77301025390625,14.224802017211914,225.79615783691406,30.20524024963379,49.40025329589844,94.87451171875
2023-05-12,170.18414306640625,131.21383666992188,335.45001220703125,110.26000213623047,24.9312744140625,483.5122375488281,198.37796020507812,42.83003616333008,136.6932830810547,89.19010925292969,116.4771728515625,267.283203125,28.3717041015625,146.19674682617188,124.67910766601562,58.24922561645508,374.6257629394531,274.47796630859375,231.77462768554688,106.0937271118164,301.169921875,112.56071472167969,28.28196907043457,175.40428161621094,143.21475219726562,14.283514022827148,226.15785217285156,30.197206497192383,49.38412857055664,94.86555480957031
2023-05-15,169.69105529785156,130.71450805664062,345.6700134277344,111.19999694824219,25.446645736694336,481.5650634765625,199.87213134765625,43.187644958496094,137.199462890625,90.03363800048828,115.4859619140625,265.50732421875,29.204721450805664,145.07833862304688,125.7297134399414,58.09476089477539,376.08740234375,274.2555236816406,236.78070068359375,105.39636993408203,301.64752197265625,112.20488739013672,28.893714904785156,173.7497100830078,143.26065063476562,14.21641731262207,227.55552673339844,29.538471221923828,49.00020217895508,95.04645538330078
2023-05-16,169.69105529785156,127.77185821533203,345.1099853515625,113.4000015258789,25.17975425720215,475.9152526855469,201.08120727539062,43.02259063720703,133.9789276123047,88.21086120605469,118.4595947265625,259.79302978515625,28.636310577392578,144.8873748779297,124.8836441040039,57.440582275390625,372.9779052734375,272.6335144042969,236.74105834960938,105.13370513916016,303.8700256347656,109.06805419921875,29.153182983398438,172.99838256835938,143.0126953125,13.864151000976562,225.26832580566406,28.9600772857666,48.322689056396484,92.73973846435547
2023-05-17,170.30250549316406,127.82540130615234,356.6300048828125,115.5,26.293333053588867,474.8121337890625,205.8192138671875,43.673622131347656,135.8990478515625,89.94637298583984,119.77790832519531,269.0500793457031,28.29330062866211,144.56910705566406,128.72348022460938,57.37698745727539,379.60882568359375,271.9940185546875,240.3791046142578,103.93820190429688,306.7420349121094,109.53624725341797,30.116207122802734,171.77313232421875,142.4066619873047,13.973186492919922,227.39913940429688,29.064504623413086,48.242042541503906,94.8203125
2023-05-18,172.6298828125,127.9056167602539,360.42999267578125,118.1500015258789,26.201305389404297,477.78564453125,209.69223022460938,44.19626235961914,135.73158264160156,90.90625,121.75042724609375,271.598876953125,29.087120056152344,144.10537719726562,129.69972229003906,57.058982849121094,384.5329284667969,272.54083251953125,244.70115661621094,103.2498550415039,311.1576232910156,111.30597686767578,31.61313819885254,171.32591247558594,140.06504821777344,13.880925178527832,228.32769775390625,29.02433967590332,48.867919921875,95.67967987060547
2023-05-19,172.7383575439453,129.39476013183594,371.25,116.25,25.86998748779297,476.2701721191406,206.78257751464844,45.04903030395508,136.80682373046875,88.56959533691406,121.68102264404297,267.66058349609375,29.332128524780273,144.4963836669922,129.40220642089844,57.08625030517578,378.2060546875,273.93109130859375,243.50169372558594,104.59934997558594,310.98175048828125,107.45751190185547,31.199983596801758,171.57635498046875,140.65274047851562,13.679630279541016,228.0442352294922,28.9600772857666,48.3646354675293,96.12294006347656
2023-05-22,171.7916259765625,129.20751953125,372.04998779296875,115.01000213623047,26.081661224365234,471.8097839355469,206.68426513671875,44.764774322509766,134.34791564941406,89.0252914428711,123.9509048461914,267.4581298828125,29.675134658813477,143.71763610839844,128.3330078125,55.88690948486328,377.1859436035156,268.18463134765625,246.1583709716797,103.69364929199219,313.756103515625,103.16893768310547,31.112163543701172,166.92564392089844,136.97042846679688,13.738341331481934,226.06004333496094,28.887775421142578,47.93876647949219,94.95600128173828
2023-05-23,169.1881103515625,127.08527374267578,370.4200134277344,114.98999786376953,26.302541732788086,465.09527587890625,203.1258087158203,44.84729766845703,138.2345428466797,87.08616638183594,121.4827880859375,271.3964538574219,28.92051887512207,143.66265869140625,126.99415588378906,55.78697204589844,366.61181640625,265.422607421875,244.5920867919922,102.58869934082031,307.972900390625,101.85801696777344,30.625165939331055,166.4158477783203,135.49200439453125,13.503499984741211,219.5112762451172,29.112709045410156,47.84843826293945,96.24958801269531
2023-05-24,169.4642333984375,125.86363220214844,365.760009765625,116.75,25.86078643798828,463.0713195800781,205.50466918945312,44.38882827758789,138.60467529296875,86.35899353027344,119.8373794555664,267.86297607421875,28.420703887939453,143.52523803710938,125.83197784423828,55.31450271606445,361.46209716796875,265.00555419921875,247.0406036376953,102.88756561279297,306.59552001953125,101.39920806884766,30.47547149658203,165.36045837402344,134.37171936035156,13.377690315246582,217.23387145996094,28.815471649169922,47.62904739379883,97.3260498046875
2023-05-25,170.59835815429688,123.60762786865234,392.05999755859375,115.0,25.925209045410156,466.70672607421875,206.3402099609375,44.957332611083984,136.21630859375,85.45730590820312,122.39468383789062,263.8601989746094,26.852664947509766,141.46392822265625,126.1387710571289,54.88747024536133,362.9726867675781,264.634765625,250.49029541015625,101.71015930175781,318.3865661621094,100.6407470703125,37.90223693847656,164.38558959960938,133.50851440429688,12.706707954406738,218.33840942382812,27.97197914123535,47.1547966003418,95.58016967773438
2023-05-26,173.00457763671875,122.66242980957031,415.3900146484375,120.11000061035156,26.054054260253906,486.5721740722656,211.77618408203125,45.7183837890625,135.7932891845703,85.60273742675781,123.51476287841797,269.454833984375,28.420703887939453,141.40892028808594,127.31954956054688,54.75117874145508,367.22003173828125,265.11669921875,259.7589416503906,100.5961685180664,325.1954345703125,100.66885375976562,38.866249084472656,164.1888427734375,133.51768493652344,13.000262260437012,219.9315948486328,28.1165771484375,47.238670349121094,94.95600128173828
2023-05-30,174.84877014160156,121.66371154785156,417.2099914550781,121.66000366210938,26.00803565979004,487.31072998046875,215.14784240722656,46.00263595581055,134.94723510742188,85.14703369140625,122.58302307128906,269.0592346191406,29.390928268432617,141.42724609375,127.80300903320312,54.3150634765625,360.481201171875,264.0786437988281,260.2347717285156,98.87532806396484,323.5542907714844,99.74183654785156,40.02886962890625,162.4269256591797,131.47911071777344,13.117684364318848,216.63766479492188,28.03624725341797,47.12253189086914,94.1147232055664
2023-05-31,174.7994384765625,123.01913452148438,417.7900085449219,120.58000183105469,25.57549285888672,490.6966857910156,219.58114624023438,45.54416275024414,132.7439422607422,85.28277587890625,121.7900619506836,262.7013854980469,30.81196403503418,142.05938720703125,126.17596435546875,54.206031799316406,358.0486145019531,264.2547912597656,262.41558837890625,99.9983901977539,320.7994689941406,98.56201171875,37.75653076171875,163.08877563476562,130.85472106933594,13.193169593811035,216.04139709472656,28.622682571411133,47.383853912353516,92.4321517944336
2023-06-01,177.60018920898438,118.9886245727539,426.75,122.7699966430664,25.770301818847656,491.6943054199219,209.2793426513672,45.60835647583008,134.1011505126953,85.89360046386719,122.63258361816406,267.27978515625,30.508155822753906,141.5830078125,127.91459655761719,54.51495361328125,363.7966613769531,266.8128967285156,270.23681640625,100.46935272216797,324.8926086425781,97.03573608398438,39.68857192993164,164.08395385742188,132.1953887939453,13.260269165039062,221.38795471191406,28.694976806640625,47.55807113647461,93.49958801269531
2023-06-02,178.4483184814453,122.04717254638672,436.3699951171875,124.25,26.633020401000977,491.68475341796875,209.4071502685547,45.86509323120117,137.7145538330078,88.00724029541016,123.5742416381836,274.2771301269531,30.684560775756836,143.80923461914062,130.60159301757812,55.56890106201172,366.59222412109375,270.1299743652344,270.23681640625,101.90941619873047,327.6474609375,101.25386047363281,39.24647521972656,165.76809692382812,134.5461883544922,12.757034301757812,223.62625122070312,27.77918243408203,48.012969970703125,95.67063903808594
2023-06-05,177.0972137451172,122.03823852539062,434.17999267578125,125.30000305175781,26.475318908691406,497.1138916015625,206.2910614013672,46.03931427001953,137.05355834960938,88.2302474975586,124.90245819091797,271.64501953125,29.263526916503906,145.04608154296875,129.3185272216797,55.19639205932617,363.4435119628906,268.7509765625,269.0274963378906,102.44377899169922,328.1749267578125,98.830078125,39.09079360961914,165.8851776123047,134.01351928710938,12.908002853393555,221.65185546875,27.682777404785156,48.32915115356445,95.24547576904297
2023-06-06,176.7323760986328,120.76309967041016,432.8900146484375,126.61000061035156,27.115398406982422,495.2051086425781,209.23020935058594,45.67253494262695,137.3003387451172,89.35494232177734,126.19103240966797,274.3326721191406,30.341550827026367,144.9178009033203,129.55093383789062,54.79661178588867,372.7031555175781,265.12640380859375,268.75982666015625,99.6361083984375,325.9671936035156,99.76014709472656,38.574851989746094,163.51657104492188,132.68209838867188,13.142847061157227,223.06910705566406,27.87557601928711,48.322689056396484,96.0234375
2023-06-07,175.361572265625,121.71723937988281,418.32000732421875,121.2300033569336,27.347314834594727,490.38018798828125,202.23126220703125,45.64503479003906,140.86085510253906,89.70398712158203,121.42330169677734,279.6154479980469,30.655160903930664,145.2293243408203,130.8061065673828,54.7148323059082,364.2969665527344,262.66644287109375,261.3053283691406,98.36812591552734,315.9052429199219,100.60563659667969,37.402130126953125,162.21067810058594,132.96673583984375,13.503499984741211,220.18568420410156,28.325439453125,48.39366912841797,98.17637634277344
2023-06-08,178.0735626220703,122.73375701904297,439.0299987792969,124.25,27.115398406982422,498.8788146972656,205.9666748046875,45.55333709716797,140.3408660888672,89.71366882324219,121.06646728515625,279.0500793457031,31.184371948242188,146.82339477539062,130.8433380126953,54.851131439208984,360.5694580078125,266.2817687988281,262.2767639160156,99.91687774658203,317.7418212890625,99.76953125,38.43512725830078,164.0028839111328,134.47271728515625,13.4783353805542,218.0158233642578,28.46200942993164,49.093753814697266,97.86881256103516
2023-06-09,178.45816040039062,123.21529388427734,454.0,123.43000030517578,27.152509689331055,496.1835632324219,211.6483612060547,45.53499984741211,140.00599670410156,89.13194274902344,121.15569305419922,275.5838928222656,30.713960647583008,146.59437561035156,131.1036376953125,54.941986083984375,362.16839599609375,267.222900390625,262.6435852050781,100.27010345458984,319.2364501953125,99.45011138916016,38.694618225097656,164.22805786132812,134.58291625976562,13.377690315246582,218.51429748535156,28.494144439697266,49.39057540893555,97.14511108398438
2023-06-12,181.2490234375,122.81399536132812,474.6300048828125,126.56999969482422,27.02263641357422,499.7229919433594,210.05592346191406,46.2868766784668,138.65756225585938,90.30511474609375,122.55329132080078,278.8369140625,32.40940475463867,146.4936065673828,131.09434509277344,54.70575714111328,368.14202880859375,268.8814392089844,268.6905212402344,99.50025177001953,324.17950439453125,100.36140441894531,39.40523147583008,163.82276916503906,133.52688598632812,13.360915184020996,221.0653839111328,28.60660171508789,49.716426849365234,96.26765441894531
2023-06-13,180.775634765625,123.3311996459961,478.989990234375,126.66000366210938,27.273099899291992,500.7301025390625,205.426025390625,46.580299377441406,139.697509765625,90.9935073852539,122.74163055419922,278.11407470703125,33.23262405395508,147.26316833496094,132.0426788330078,54.9238166809082,364.287109375,268.8627624511719,268.9581298828125,99.61799621582031,326.5631103515625,100.31441497802734,40.94224166870117,163.49855041503906,133.2054901123047,13.268654823303223,218.35789489746094,28.50217628479004,50.10358428955078,96.28575134277344
2023-06-14,181.40682983398438,121.4764633178711,479.5299987792969,126.41999816894531,27.01336097717285,505.6989440917969,205.83888244628906,46.72701644897461,138.446044921875,89.6361083984375,122.58302307128906,277.7711181640625,34.8692626953125,148.01443481445312,131.5499267578125,55.296329498291016,367.60260009765625,268.7602844238281,270.970458984375,99.07093811035156,329.5425720214844,106.0262680053711,42.91340255737305,164.96656799316406,134.45436096191406,13.285430908203125,218.39698791503906,28.70301055908203,50.6100959777832,95.12786865234375
2023-06-15,183.43833923339844,121.17329406738281,490.9100036621094,127.11000061035156,27.245275497436523,507.59808349609375,208.3160400390625,47.6164436340332,139.4947967529297,90.11119842529297,123.99054718017578,279.9119873046875,35.10447311401367,150.00247192382812,133.03750610351562,56.05620193481445,371.80078125,272.6457824707031,279.3766174316406,99.74565887451172,340.0538635253906,105.60352325439453,42.57007598876953,167.25413513183594,136.31846618652344,13.444788932800293,221.0653839111328,29.27337074279785,50.887550354003906,95.7882308959961
2023-06-16,182.36341857910156,123.62548065185547,495.17999267578125,125.48999786376953,27.078296661376953,502.2936706542969,208.15875244140625,47.744808197021484,138.59588623046875,88.54051208496094,122.44425964355469,278.39202880859375,35.64347839355469,150.4605712890625,133.19557189941406,56.45901870727539,369.3387451171875,273.66143798828125,278.5538024902344,99.6727066040039,334.4172058105469,106.7120590209961,42.60898971557617,167.55133056640625,137.31935119628906,13.469948768615723,223.74356079101562,29.28944206237793,50.17778015136719,95.10073852539062
2023-06-20,182.4521484375,122.89427185058594,485.8599853515625,125.77999877929688,26.781442642211914,498.50469970703125,213.28012084960938,47.268001556396484,135.44076538085938,87.01830291748047,122.01803588867188,279.3466491699219,34.30085372924805,150.3689422607422,132.51683044433594,56.08366012573242,367.4652404785156,273.04638671875,281.8548278808594,100.50240325927734,330.2361755371094,102.90728759765625,43.722816467285156,166.8938751220703,136.05215454101562,13.235106468200684,221.358642578125,28.76728057861328,49.735782623291016,92.920654296875
2023-06-21,181.4166717529297,122.03823852539062,477.4800109863281,124.83000183105469,26.503149032592773,498.4281311035156,206.02566528320312,46.62614440917969,136.4983673095703,85.94208526611328,119.4904556274414,278.68865966796875,32.24280548095703,150.13990783691406,132.32159423828125,56.23929977416992,368.9562072753906,274.42547607421875,279.18829345703125,101.350341796875,325.8498840332031,103.32064819335938,42.961307525634766,167.001953125,137.22755432128906,13.092522621154785,222.12100219726562,28.78333854675293,49.83257293701172,93.9609375
2023-06-22,184.41465759277344,122.52869415283203,477.5799865722656,130.14999389648438,25.93727684020996,502.8212890625,209.66273498535156,46.873722076416016,134.52415466308594,85.7966537475586,122.0676040649414,279.1335144042969,32.05659484863281,151.7340087890625,129.7740936279297,56.62381362915039,370.5845031738281,273.28863525390625,282.4000549316406,103.68441772460938,331.8577880859375,103.7715835571289,42.941349029541016,168.73117065429688,137.6958770751953,13.067361831665039,223.23529052734375,28.799407958984375,50.24876403808594,93.44532775878906
2023-06-23,184.09910583496094,121.20003509521484,484.7200012207031,129.3300018310547,25.74246597290039,503.0513916015625,206.51715087890625,46.14934539794922,133.38726806640625,85.41851043701172,121.26471710205078,278.7906188964844,32.34080505371094,151.6057586669922,129.0953826904297,56.02873611450195,372.55609130859375,270.1299743652344,286.21661376953125,104.48675537109375,327.2762145996094,102.88850402832031,42.126930236816406,167.578369140625,136.32763671875,12.958325386047363,224.3690948486328,28.526275634765625,50.15519714355469,92.63117218017578
2023-06-26,182.7085723876953,120.3350830078125,479.510009765625,127.33000183105469,26.057872772216797,502.0730285644531,203.83355712890625,46.03931427001953,135.73158264160156,86.00025939941406,117.29986572265625,285.35235595703125,32.67401123046875,149.910888671875,129.41148376464844,56.04704284667969,370.2117614746094,269.3659362792969,276.0458984375,103.10088348388672,321.0046081542969,104.97408294677734,40.553001403808594,166.51560974121094,136.46536254882812,13.109297752380371,221.19247436523438,29.008277893066406,50.022918701171875,94.34086608886719
2023-06-27,185.4599609375,118.23960876464844,489.2699890136719,129.17999267578125,26.197019577026367,508.7012939453125,205.26876831054688,46.63532638549805,135.30853271484375,86.34929656982422,117.28997039794922,290.77410888671875,33.418827056884766,149.599365234375,129.42080688476562,55.92802810668945,374.498291015625,271.42510986328125,284.55120849609375,103.31971740722656,326.8365783691406,106.73084259033203,41.79458236694336,167.71347045898438,137.76011657714844,13.285430908203125,222.208984375,29.36174201965332,49.842247009277344,94.57608032226562
2023-06-28,186.63356018066406,118.15933990478516,482.42999267578125,129.0399932861328,26.03931999206543,511.0705261230469,208.561767578125,46.64448928833008,136.53358459472656,86.12630462646484,119.12370300292969,284.0733642578125,32.8994140625,149.29702758789062,128.85365295410156,55.406192779541016,372.968017578125,271.83514404296875,282.8065185546875,102.51738739013672,328.0870361328125,106.18597412109375,41.03705596923828,165.44387817382812,137.7325897216797,13.235106468200684,222.81503295898438,29.578638076782227,50.11326217651367,95.34497833251953
2023-06-29,186.96884155273438,118.80135345458984,483.7699890136719,127.9000015258789,26.586639404296875,510.0057373046875,206.8513946533203,46.956241607666016,137.69691467285156,86.24263763427734,118.0531997680664,285.28741455078125,32.25259780883789,150.3414764404297,133.3535919189453,54.94844055175781,380.2660217285156,274.37884521484375,279.07928466796875,103.52027893066406,327.30548095703125,106.5053939819336,40.74262619018555,165.6060028076172,137.17247009277344,13.402851104736328,229.0314483642578,29.715208053588867,49.77449417114258,96.52095794677734
2023-06-30,191.2882843017578,120.138916015625,488.989990234375,130.36000061035156,26.614469528198242,516.4229125976562,207.667236328125,47.442230224609375,138.6751708984375,86.56259155273438,118.64791870117188,287.90106201171875,32.772010803222656,151.64244079589844,135.22242736816406,55.13153839111328,385.7884521484375,278.0500793457031,284.4818115234375,105.20703125,332.66864013671875,103.6870346069336,42.21975326538086,166.8128204345703,139.33956909179688,13.377690315246582,232.12013244628906,29.875871658325195,50.710113525390625,97.01849365234375
2023-07-03,189.79917907714844,120.38859558105469,485.2099914550781,130.22000122070312,27.087574005126953,518.9744262695312,208.05059814453125,47.51558303833008,138.5518035888672,87.74546813964844,118.8461685180664,287.3264465332031,32.94841384887695,149.65435791015625,136.31021118164062,55.46112823486328,386.4358215332031,274.7236022949219,283.5301208496094,104.2405776977539,330.1775817871094,102.5033187866211,42.330535888671875,167.1550750732422,140.0374755859375,13.520272254943848,232.59906005859375,29.94817543029785,51.039188385009766,97.20844268798828
2023-07-05,188.684814453125,122.71591186523438,487.260009765625,130.3800048828125,26.976253509521484,519.060791015625,210.18373107910156,47.58948516845703,137.75860595703125,87.05707550048828,120.67989349365234,288.0492858886719,31.8605899810791,149.15963745117188,135.40216064453125,55.87310028076172,387.191162109375,276.64300537109375,291.8074645996094,103.66617584228516,330.33380126953125,100.61504364013672,42.23473358154297,168.03765869140625,139.79872131347656,13.4783353805542,234.04566955566406,30.108835220336914,51.01015090942383,96.71092224121094
2023-07-06,189.1581573486328,122.38600158691406,481.2900085449219,128.36000061035156,26.234127044677734,515.4540405273438,206.56629943847656,47.219932556152344,134.73570251464844,86.03903198242188,119.05432891845703,279.9119873046875,31.331377029418945,148.05108642578125,134.0634765625,55.442813873291016,386.189208984375,274.7981872558594,289.4481201171875,101.88825988769531,333.38177490234375,98.73612976074219,42.021141052246094,168.05567932128906,139.56915283203125,13.310590744018555,233.48855590820312,29.82767677307129,50.687530517578125,93.1015625
2023-07-07,188.0437774658203,120.82550811767578,485.2699890136719,129.77999877929688,26.46604347229004,503.63665771484375,206.02566528320312,47.109066009521484,135.91664123535156,85.94208526611328,118.42985534667969,280.6441955566406,31.213775634765625,145.8981170654297,135.12130737304688,54.71040725708008,381.80804443359375,272.1705627441406,288.00091552734375,99.38094329833984,329.42535400390625,98.1348876953125,42.42036819458008,164.88551330566406,136.6398468017578,13.325957298278809,231.11337280273438,29.35585594177246,49.519630432128906,93.31867980957031
2023-07-10,186.0023956298828,119.92491149902344,496.3500061035156,127.12999725341797,26.586639404296875,505.5165100097656,209.1908721923828,47.48786163330078,136.82443237304688,85.41851043701172,115.42648315429688,287.5674133300781,32.085994720458984,146.13629150390625,135.8795928955078,54.298431396484375,385.2265319824219,274.39752197265625,291.53985595703125,100.25621795654297,324.1598815917969,99.37495422363281,42.09799575805664,165.98426818847656,136.6949462890625,13.03570556640625,232.78480529785156,28.734390258789062,49.968074798583984,94.70270538330078
2023-07-11,185.47972106933594,120.88794708251953,504.739990234375,128.77999877929688,26.920591354370117,508.0393371582031,217.4087371826172,48.15306091308594,139.3538055419922,86.76619720458984,116.11042022705078,290.6999816894531,32.63480758666992,145.330078125,138.0045928955078,54.490692138671875,390.76678466796875,274.6304626464844,295.693359375,99.10740661621094,324.7851257324219,100.88746643066406,42.322547912597656,165.69606018066406,135.97869873046875,13.001558303833008,235.120849609375,28.611732482910156,49.89386749267578,95.86060333251953
2023-07-12,187.14634704589844,120.3618392944336,507.3599853515625,130.8000030517578,27.235998153686523,516.0585327148438,223.41482543945312,46.878089904785156,140.6934051513672,87.40612030029297,117.88469696044922,294.2774353027344,33.30122375488281,144.826171875,138.68800354003906,54.783653259277344,393.6056823730469,275.4411315917969,306.6471252441406,97.98596954345703,329.4057922363281,101.23506164550781,43.81663513183594,164.96656799316406,136.68576049804688,12.90765380859375,236.74337768554688,28.50543212890625,50.01969528198242,96.33098602294922
2023-07-13,187.9057159423828,120.4429702758789,517.280029296875,134.3000030517578,27.523571014404297,516.4901733398438,226.4522705078125,47.607967376708984,138.81619262695312,87.71637725830078,123.44537353515625,291.5711975097656,33.19342041015625,145.49501037597656,139.36199951171875,55.250553131103516,393.4779968261719,275.0777282714844,310.6817321777344,96.93743133544922,334.73956298828125,101.31023406982422,45.887611389160156,168.8932647705078,136.77755737304688,12.90765380859375,237.8185272216797,28.325536727905273,49.726112365722656,94.5670166015625
2023-07-14,188.05364990234375,122.62480926513672,514.8300170898438,134.67999267578125,27.00408363342285,524.4036865234375,225.42994689941406,46.545494079589844,135.3526153564453,85.92269897460938,124.31766510009766,293.33209228515625,32.4878044128418,146.46612548828125,140.20449829101562,55.75408172607422,395.3935546875,274.8168029785156,306.1812438964844,97.86742401123047,337.2599182128906,101.41355895996094,45.38059997558594,169.5056915283203,137.78770446777344,12.378373146057129,237.67190551757812,27.810373306274414,49.897098541259766,91.31046295166016
2023-07-17,191.3080291748047,121.56096649169922,522.0,133.55999755859375,27.273099899291992,530.4082641601562,224.12255859375,46.94276809692383,135.22926330566406,82.95582580566406,123.55441284179688,292.9150085449219,33.683433532714844,145.73318481445312,143.58396911621094,55.671695709228516,395.0889892578125,274.5745544433594,307.9160461425781,96.2536392211914,337.7386779785156,102.12755584716797,46.370662689208984,167.1820831298828,136.8143310546875,11.550301551818848,238.4832000732422,25.7252140045166,49.958396911621094,91.70848846435547
2023-07-18,191.0516357421875,123.13874053955078,532.22998046875,132.8300018310547,28.47905731201172,531.0126342773438,223.75888061523438,47.34004211425781,135.50245666503906,83.3339614868164,122.6722412109375,293.57305908203125,33.81083679199219,145.72401428222656,143.84609985351562,55.451969146728516,391.12042236328125,273.7732238769531,309.33355712890625,96.60010528564453,351.1805725097656,103.07640075683594,47.40165328979492,166.1193389892578,137.07144165039062,11.48200798034668,235.3358917236328,26.387556076049805,49.8680534362793,91.29236602783203
2023-07-19,192.4026641845703,124.13048553466797,527.1699829101562,135.36000061035156,29.249013900756836,531.5113525390625,230.38424682617188,48.4394645690918,136.3308868408203,84.39077758789062,120.95743560791016,296.093994140625,33.77163314819336,145.43089294433594,144.3983917236328,56.431549072265625,391.228515625,274.06207275390625,313.2591247558594,96.60010528564453,346.8725280761719,103.2267074584961,46.9854621887207,167.7494659423828,138.0081024169922,12.45520305633545,235.97120666503906,27.77766990661621,49.88418960571289,91.92558288574219
2023-07-20,190.4599151611328,128.19662475585938,516.8800048828125,129.9600067138672,29.397438049316406,534.2451782226562,224.27984619140625,48.384037017822266,137.83792114257812,83.5860366821289,118.1523208618164,295.7325134277344,32.703407287597656,154.26263427734375,146.1770477294922,57.11818313598633,391.0221862792969,276.857421875,299.8865661621094,98.88860321044922,338.852294921875,101.01898956298828,45.431495666503906,170.4873809814453,139.1271209716797,12.514961242675781,234.21182250976562,27.507822036743164,50.806907653808594,93.5448226928711
2023-07-21,189.28636169433594,129.59408569335938,520.22998046875,130.0,29.66645622253418,535.1083984375,224.1815643310547,48.624244689941406,139.8561248779297,84.5265121459961,118.96510314941406,297.011474609375,33.340431213378906,155.9208526611328,145.05369567871094,57.16395568847656,390.46221923828125,275.4411315917969,291.698486328125,100.64828491210938,335.8239440917969,102.45634460449219,44.22284698486328,171.2618865966797,141.31715393066406,12.600330352783203,233.8501739501953,27.704076766967773,51.094032287597656,93.9790267944336
2023-07-24,190.08514404296875,129.08920288085938,523.8599853515625,128.8000030517578,30.28798484802246,540.930908203125,221.82237243652344,49.06770706176758,142.61465454101562,83.96417236328125,120.46183776855469,301.31182861328125,32.958221435546875,156.7362518310547,147.9088897705078,57.182273864746094,397.6332092285156,275.1615295410156,289.07147216796875,99.18946838378906,337.13299560546875,102.18391418457031,44.5252571105957,171.94635009765625,141.76992797851562,12.762528419494629,235.3065643310547,27.785842895507812,51.39407730102539,95.45352935791016
2023-07-25,190.94309997558594,127.6917495727539,525.3400268554688,129.1300048828125,29.824159622192383,542.1395263671875,222.1860809326172,49.520408630371094,143.266845703125,83.02368927001953,121.1358642578125,301.3304138183594,33.418827056884766,157.93641662597656,146.80426025390625,56.99000930786133,394.185302734375,272.4128112792969,291.9065856933594,98.04066467285156,342.8672790527344,101.74237823486328,45.590179443359375,172.3426513671875,142.10260009765625,12.634476661682129,233.30284118652344,27.99845314025879,51.35213088989258,95.59825897216797
2023-07-26,191.81094360351562,127.9351577758789,514.5499877929688,128.14999389648438,30.065349578857422,543.07958984375,221.74371337890625,49.16934585571289,142.19163513183594,83.24669647216797,128.13381958007812,305.4638366699219,33.67363739013672,158.23875427246094,147.6842041015625,57.722415924072266,395.2952880859375,271.8444519042969,295.970947265625,97.68507385253906,329.96258544921875,102.68181610107422,45.36362838745117,172.5587921142578,142.25045776367188,12.711307525634766,231.7487030029297,28.080219268798828,51.53602981567383,95.0645523071289
2023-07-27,190.5486297607422,134.20120239257812,513.969970703125,128.25,29.63863182067871,538.91650390625,221.32102966308594,48.96608352661133,140.71104431152344,82.76190948486328,128.26266479492188,305.57513427734375,33.859840393066406,159.12742614746094,146.05535888671875,57.16395568847656,387.5251159667969,275.04974365234375,308.99652099609375,95.98011016845703,323.0756530761719,101.15052032470703,45.81076431274414,169.79388427734375,140.55941772460938,12.386909484863281,229.1487274169922,27.434228897094727,51.34890365600586,95.3630599975586
2023-07-28,193.12257385253906,136.00437927246094,528.8699951171875,132.2100067138672,29.59224510192871,540.3458251953125,221.76339721679688,48.12534713745117,140.0148162841797,83.50846862792969,131.4147186279297,307.11358642578125,36.09429931640625,159.8511505126953,146.88851928710938,57.2005729675293,386.0123596191406,273.9688415527344,322.64666748046875,96.95567321777344,330.54876708984375,102.04300689697266,46.65909957885742,171.39697265625,144.5329132080078,12.335689544677734,230.42918395996094,27.826730728149414,51.590877532958984,94.2232666015625
2023-07-31,193.73399353027344,134.85935974121094,546.1699829101562,133.67999267578125,29.685012817382812,537.8038330078125,221.1833953857422,48.07915496826172,144.2362823486328,86.18446350097656,131.55349731445312,309.40277099609375,35.05546951293945,153.48388671875,147.8714599609375,56.69704818725586,387.30902099609375,273.1955261230469,315.8265380859375,97.23833465576172,328.1553955078125,103.70582580566406,46.638145446777344,168.83021545410156,144.4312744140625,12.395445823669434,232.36447143554688,27.867618560791016,51.57474136352539,97.00942993164062
2023-08-01,192.9056396484375,133.9217071533203,549.0999755859375,131.69000244140625,29.332502365112305,532.8159790039062,220.4560089111328,48.65195846557617,143.0377197265625,86.3202133178711,130.39378356933594,307.7623291015625,35.08486557006836,154.7298583984375,147.14125061035156,56.550575256347656,390.04974365234375,271.21087646484375,319.90069580078125,95.98921966552734,328.565673828125,102.77576446533203,46.41657638549805,168.25379943847656,144.38504028320312,12.207636833190918,234.3682403564453,27.336111068725586,51.33277893066406,96.44859313964844
2023-08-02,189.9175262451172,134.67906188964844,530.2999877929688,128.2100067138672,28.93360710144043,529.8231201171875,216.7501220703125,48.57805633544922,140.77272033691406,83.67330169677734,127.25164794921875,304.4536437988281,33.703033447265625,155.6643524169922,145.47494506835938,56.72452163696289,383.1243591308594,269.85980224609375,311.57391357421875,96.37214660644531,319.9300231933594,101.0002212524414,44.18293762207031,169.5957489013672,144.69923400878906,12.250320434570312,232.19834899902344,27.246158599853516,51.36826705932617,95.24547576904297
2023-08-03,188.52699279785156,134.3815155029297,523.760009765625,128.91000366210938,29.137693405151367,534.9453125,211.8941192626953,49.10466384887695,140.71983337402344,82.88795471191406,127.32099914550781,305.7048645019531,34.17344665527344,156.33314514160156,146.36427307128906,56.431549072265625,386.0615234375,271.164306640625,310.4636535644531,96.39952850341797,319.10943603515625,102.0617904663086,44.42844772338867,168.52401733398438,145.0780487060547,12.028362274169922,233.37123107910156,27.033550262451172,51.381168365478516,96.9009017944336
2023-08-04,179.47390747070312,133.19139099121094,526.8800048828125,139.57000732421875,29.0356502532959,529.5257568359375,210.9406280517578,48.624244689941406,140.40255737304688,83.67330169677734,126.98400115966797,302.5351867675781,34.561946868896484,154.8673095703125,146.05535888671875,55.58013916015625,384.4308166503906,267.4371643066406,308.02508544921875,95.73393249511719,320.20355224609375,102.22148132324219,44.5931282043457,166.25448608398438,143.4887237548828,11.951532363891602,233.59603881835938,26.673755645751953,51.08435821533203,97.17227935791016
2023-08-07,176.37733459472656,135.53553771972656,529.72998046875,142.22000122070312,29.57369041442871,535.6360473632812,212.3856201171875,48.97532272338867,140.9137420654297,84.18717193603516,130.37393188476562,305.07464599609375,34.65046691894531,158.5868682861328,146.7480926513672,56.01957321166992,389.853271484375,271.51837158203125,313.8042907714844,96.72773742675781,322.47967529296875,103.7903823852539,45.32869338989258,168.31686401367188,145.00416564941406,11.960066795349121,236.05918884277344,26.600162506103516,51.77800369262695,96.97325897216797
2023-08-08,177.31419372558594,134.89540100097656,520.5999755859375,139.94000244140625,29.00782012939453,533.4393920898438,207.9818115234375,49.02151870727539,140.7021942138672,85.44760131835938,130.24508666992188,303.814208984375,34.44392395019531,158.66015625,145.92428588867188,55.77239227294922,386.2383117675781,269.82244873046875,309.91851806640625,97.01950073242188,318.51348876953125,103.0482177734375,44.57715606689453,166.11038208007812,145.1612548828125,12.105195999145508,233.88926696777344,26.632871627807617,51.82961654663086,97.45271301269531
2023-08-09,175.7264862060547,135.93226623535156,513.780029296875,137.85000610351562,28.62748146057129,536.8734130859375,202.35910034179688,48.956844329833984,140.8872833251953,84.82707977294922,128.52040100097656,304.1849060058594,33.716094970703125,158.55941772460938,143.9677734375,55.900569915771484,386.7098388671875,268.5646057128906,302.5531311035156,96.73684692382812,314.7818603515625,103.0482177734375,42.47126007080078,165.69606018066406,144.97642517089844,12.182025909423828,234.3486785888672,26.747352600097656,51.91350173950195,99.10812377929688
2023-08-10,175.50950622558594,136.53628540039062,515.8300170898438,138.55999755859375,28.70169448852539,538.5903930664062,204.7084503173828,49.30791473388672,141.74217224121094,88.96712493896484,128.55010986328125,305.2877502441406,34.10951614379883,157.73487854003906,143.75247192382812,55.77239227294922,390.1184997558594,267.9776306152344,303.0784912109375,96.2536392211914,315.4656677246094,102.42816162109375,42.30558395385742,165.48892211914062,144.25567626953125,12.096657752990723,235.18106079101562,27.000843048095703,51.887596130371094,99.61470031738281
2023-08-11,175.56874084472656,137.20347595214844,508.45001220703125,138.41000366210938,29.02637481689453,540.0006103515625,205.15078735351562,49.695953369140625,144.66815185546875,86.31051635742188,128.4212646484375,306.8726501464844,34.316062927246094,159.27401733398438,144.5856170654297,56.00126647949219,387.99664306640625,268.92803955078125,299.0141906738281,97.95860290527344,313.59002685546875,101.54507446289062,40.77556228637695,165.75009155273438,145.09658813476562,12.267394065856934,235.06353759765625,27.27886390686035,52.19194793701172,101.16156768798828
2023-08-14,177.2178955078125,137.2846221923828,522.25,140.57000732421875,28.692419052124023,538.5712890625,208.45364379882812,49.77910614013672,144.5623779296875,86.10690307617188,130.17568969726562,305.7974853515625,35.09306716918945,158.8983917236328,144.88519287109375,55.735774993896484,391.53302001953125,269.1050720214844,303.5245666503906,99.29888916015625,316.5500183105469,101.1223373413086,43.66793441772461,165.37184143066406,143.95997619628906,12.17348861694336,237.86422729492188,27.442405700683594,51.80341720581055,101.24296569824219
2023-08-15,175.2329864501953,137.1493682861328,518.7000122070312,137.6699981689453,27.7740421295166,535.7319946289062,205.2294464111328,49.28944396972656,140.3408660888672,84.41016387939453,128.63934326171875,307.8271789550781,34.19804000854492,158.4403076171875,141.19683837890625,55.36042022705078,387.47607421875,268.6298522949219,299.32147216796875,99.07093811035156,314.42034912109375,100.09833526611328,43.85456848144531,163.32742309570312,143.03591918945312,12.071045875549316,234.85789489746094,27.19709014892578,51.53792953491211,98.64372253417969
2023-08-16,174.36399841308594,136.635498046875,514.489990234375,135.07000732421875,27.171062469482422,536.25,203.46986389160156,48.92913055419922,139.8032684326172,83.7217788696289,127.56883239746094,308.6520690917969,32.978431701660156,157.93641662597656,140.5977020263672,55.36956787109375,387.3974304199219,265.9277038574219,291.7281799316406,99.13477325439453,313.65673828125,100.07955932617188,43.401451110839844,163.2013702392578,141.57589721679688,12.036900520324707,234.3291015625,27.20526885986328,51.56382751464844,96.98385620117188
2023-08-17,171.8260955810547,135.25604248046875,511.6700134277344,133.97999572753906,27.161787033081055,524.796875,200.37344360351562,50.56441116333008,142.14340209960938,83.30487060546875,128.77810668945312,303.3230285644531,32.0440673828125,159.42056274414062,139.1373291015625,55.48858642578125,385.67840576171875,262.6292419433594,282.6082763671875,99.30799102783203,310.2108459472656,98.68917083740234,43.25972366333008,160.71563720703125,140.55941772460938,11.960066795349121,232.44891357421875,27.033550262451172,50.407962799072266,98.86260223388672
2023-08-18,172.3099822998047,135.36422729492188,508.1300048828125,133.22000122070312,27.00408363342285,522.7155151367188,201.3466033935547,50.8508186340332,143.16664123535156,83.3436508178711,126.33971405029297,303.40643310546875,32.211265563964844,158.0280303955078,139.4556427001953,55.79985809326172,385.236328125,262.51739501953125,280.7842712402344,99.56327819824219,309.8193359375,98.46369934082031,43.21480941772461,160.4724578857422,140.95675659179688,11.994215965270996,233.23231506347656,27.131677627563477,51.133209228515625,100.35832214355469
2023-08-21,173.64308166503906,135.3822784423828,520.469970703125,134.67999267578125,27.04119110107422,521.0560913085938,205.47518920898438,51.22037124633789,142.68617248535156,83.26608276367188,127.24169921875,300.3386535644531,32.594852447509766,153.31900024414062,139.93304443359375,55.32379913330078,386.2481384277344,260.93341064453125,287.3763732910156,99.96446990966797,315.10565185546875,96.63177490234375,46.875694274902344,159.45477294921875,140.2452392578125,12.036900520324707,234.49557495117188,26.98448944091797,50.99722671508789,99.14533996582031
2023-08-22,175.01576232910156,133.6512451171875,519.47998046875,134.25,26.38255500793457,516.4132690429688,203.24375915527344,51.238853454589844,141.51165771484375,83.17882537841797,127.94547271728516,300.7279357910156,32.348960876464844,152.10049438476562,137.03103637695312,54.985069274902344,390.80615234375,261.1849670410156,285.096435546875,97.76714324951172,315.6734313964844,95.31653594970703,45.5792121887207,158.23892211914062,140.30068969726562,12.17348861694336,235.58258056640625,27.148027420043945,50.83534622192383,98.58900451660156
2023-08-23,178.8571319580078,132.6053924560547,530.7100219726562,135.52000427246094,26.391830444335938,518.8018188476562,205.573486328125,51.719268798828125,141.69850158691406,83.21761322021484,131.20654296875,302.2200622558594,33.4210319519043,150.73541259765625,137.95782470703125,55.17731857299805,393.9691467285156,262.63861083984375,291.6785583496094,101.47797393798828,320.1178894042969,92.77062225341797,47.024391174316406,160.41844177246094,141.61285400390625,12.088119506835938,237.2766876220703,27.139848709106445,51.188255310058594,97.72259521484375
2023-08-24,174.1763458251953,132.19967651367188,512.4299926757812,131.83999633789062,26.54953384399414,510.98870849609375,202.0150146484375,51.03559112548828,140.53289794921875,79.95988464355469,128.63934326171875,298.976318359375,32.05389404296875,151.24847412109375,137.8267364501953,55.03084182739258,390.6390686035156,263.0857849121094,284.2538146972656,99.79122161865234,313.2358703613281,91.71844482421875,47.071292877197266,159.57183837890625,140.95675659179688,12.079583168029785,234.50535583496094,27.29522132873535,50.79649353027344,96.99297332763672
2023-08-25,176.37850952148438,132.2537841796875,525.0599975585938,133.25999450683594,26.438209533691406,513.1990356445312,205.90771484375,51.46057891845703,141.58282470703125,80.82278442382812,128.7384490966797,299.22650146484375,32.70303726196289,153.4170684814453,137.6582794189453,55.28718185424805,395.7668151855469,265.1636047363281,283.0146484375,100.4841537475586,316.1825256347656,92.85516357421875,45.928531646728516,161.5892333984375,141.88084411621094,12.045434951782227,237.54110717773438,27.27068519592285,51.09759521484375,98.72581481933594
2023-08-28,177.9387664794922,132.92091369628906,529.9199829101562,133.13999938964844,26.679399490356445,515.2940673828125,208.1194305419922,51.92252731323242,142.552734375,81.59844207763672,129.8585205078125,302.05328369140625,33.066951751708984,151.6083526611328,138.1356964111328,55.442813873291016,400.23638916015625,264.3250732421875,287.7332458496094,99.3171157836914,316.88739013671875,93.59735107421875,46.74393844604492,162.33676147460938,142.10260009765625,12.130805015563965,238.77493286132812,27.434228897094727,51.388999938964844,99.55574798583984
2023-08-29,181.8196258544922,133.065185546875,540.5700073242188,134.91000366210938,27.059743881225586,521.61767578125,208.35533142089844,52.255126953125,142.3302764892578,81.83113861083984,133.38720703125,305.269287109375,33.745601654052734,151.6267852783203,139.259033203125,55.387882232666016,404.3719177246094,264.2412109375,295.3959655761719,100.2835693359375,321.498291015625,95.60775756835938,48.689144134521484,162.9491729736328,142.18577575683594,12.608866691589355,240.25364685058594,28.366422653198242,51.81960678100586,100.1485595703125
2023-08-30,185.3055419921875,133.72337341308594,545.3599853515625,135.07000732421875,26.93914794921875,521.1275634765625,211.38294982910156,52.48609924316406,142.52598571777344,81.71479034423828,134.6857147216797,308.3844909667969,33.96198272705078,151.09156799316406,138.69737243652344,55.36042022705078,406.5919494628906,264.8468322753906,292.5310974121094,100.4841537475586,321.8702087402344,95.91779327392578,49.168212890625,163.08428955078125,142.34286499023438,12.574718475341797,241.1251983642578,28.325536727905273,52.19194793701172,101.12442016601562
2023-08-31,185.52281188964844,132.49720764160156,559.3400268554688,138.00999450683594,26.817548751831055,527.8740234375,217.6938018798828,52.98500061035156,143.34461975097656,81.13304901123047,134.97317504882812,308.07672119140625,34.561946868896484,149.19979858398438,136.98423767089844,54.774505615234375,405.344482421875,263.3760986328125,293.31427001953125,99.36270904541016,320.8619384765625,95.55140686035156,49.25904083251953,161.36558532714844,142.62010192871094,12.625938415527344,240.58660888671875,28.603559494018555,52.648460388183594,101.40713500976562
2023-09-01,187.09292602539062,133.6151580810547,563.2100219726562,138.1199951171875,27.10751724243164,523.0398559570312,217.76258850097656,53.43769836425781,146.19190979003906,79.15513610839844,134.46766662597656,310.6697082519531,36.00776672363281,148.09246826171875,137.44296264648438,54.298431396484375,408.2226257324219,263.1794128417969,293.800048828125,100.14681243896484,321.74298095703125,96.48457336425781,48.414676666259766,159.0074920654297,142.77716064453125,12.506425857543945,242.9662322998047,28.50543212890625,52.31174087524414,103.5321273803711
2023-09-05,187.3299560546875,131.72183227539062,564.8800048828125,137.27000427246094,26.798837661743164,523.501220703125,214.97091674804688,52.90184783935547,148.1138916015625,78.71883392333984,134.5767059326172,305.7263488769531,36.10612106323242,148.27700805664062,135.9263916015625,53.84983444213867,404.224609375,261.511962890625,297.53717041015625,98.02242279052734,326.5300598144531,94.56168365478516,48.45360565185547,157.95541381835938,140.86436462402344,12.361299514770508,240.25364685058594,28.04751205444336,51.890838623046875,103.54125213623047
2023-09-06,180.62478637695312,131.280029296875,561.9400024414062,135.36000061035156,26.55563735961914,525.3848266601562,217.85107421875,52.8094596862793,148.26513671875,78.51522064208984,133.27821350097656,304.0660400390625,36.37167739868164,145.81309509277344,135.7017059326172,53.81322479248047,405.8748474121094,258.027099609375,296.5657043457031,97.0924301147461,325.8741760253906,94.42970275878906,46.97336959838867,158.47239685058594,140.58714294433594,12.47227954864502,241.05667114257812,27.949386596679688,52.27935791015625,104.4350357055664
2023-09-07,175.34164428710938,134.25531005859375,560.4600219726562,137.85000610351562,26.312437057495117,527.2396850585938,218.74560546875,52.467620849609375,148.27403259277344,78.11770629882812,134.0711669921875,306.3232421875,37.55194091796875,147.6772003173828,134.5409393310547,53.401248931884766,407.2893981933594,260.734375,296.07000732421875,98.41449737548828,322.9666442871094,92.3088607788086,46.15489959716797,159.98699951171875,141.92703247070312,12.47227954864502,242.01632690429688,27.646833419799805,52.92690658569336,103.9242935180664
2023-09-08,175.95387268066406,134.3544921875,560.3599853515625,138.22999572753906,26.527576446533203,529.7095336914062,220.93768310546875,52.35674285888672,148.78121948242188,79.09696960449219,135.1813201904297,306.59375,37.384735107421875,148.16627502441406,134.64390563964844,53.401248931884766,407.5054626464844,261.5681457519531,295.2969055175781,99.42652130126953,327.2348937988281,92.06378173828125,45.48714065551758,159.8690948486328,141.31715393066406,12.29300308227539,242.16323852539062,27.352458953857422,53.0240364074707,105.4382553100586
2023-09-11,177.119140625,134.37246704101562,564.5,143.10000610351562,26.639822006225586,537.0037841796875,221.4783172607422,52.513816833496094,145.71145629882812,80.00834655761719,135.71656799316406,306.276611328125,37.955196380615234,150.10418701171875,135.23365783691406,53.90476989746094,409.3227844238281,262.0740051269531,304.88262939453125,99.01624298095703,330.8276672363281,91.23429870605469,45.093875885009766,162.2816162109375,142.9989471435547,12.395445823669434,242.0946807861328,27.75313377380371,53.20859146118164,104.11582946777344
2023-09-12,174.0973663330078,134.579833984375,542.2100219726562,141.22999572753906,27.098163604736328,537.0133056640625,217.89039611816406,52.09806823730469,148.42530822753906,81.13304901123047,134.1504669189453,304.3272399902344,38.22075653076172,150.953125,136.9935760498047,53.37378692626953,408.9102783203125,262.96392822265625,299.03399658203125,99.39917755126953,324.7874755859375,90.77243041992188,44.78644943237305,161.68301391601562,140.4855194091797,12.344225883483887,242.1730194091797,27.834909439086914,53.266868591308594,107.15283966064453
2023-09-13,172.03346252441406,136.28387451171875,553.5599975585938,144.85000610351562,27.01397705078125,537.945556640625,215.0790252685547,51.996429443359375,147.8825225830078,80.93914031982422,135.50840759277344,303.9541931152344,38.073219299316406,151.33154296875,137.05914306640625,53.501949310302734,408.9396057128906,263.9569091796875,302.4044189453125,98.29595184326172,328.9872131347656,90.61216735839844,45.400306701660156,162.96180725097656,141.4650115966797,12.480812072753906,242.6920623779297,27.687721252441406,53.27981948852539,106.19522857666016
2023-09-14,173.5443572998047,138.519775390625,552.1599731445312,144.72000122070312,27.31330108642578,542.76025390625,215.05935668945312,52.07958221435547,148.79901123046875,81.90870666503906,136.88621520996094,307.45184326171875,38.03387451171875,151.100830078125,139.71775817871094,53.94487380981445,406.0320129394531,266.75787353515625,309.00640869140625,99.36079406738281,331.5716857910156,91.61134338378906,45.496124267578125,164.36758422851562,143.01744079589844,12.856436729431152,236.49327087402344,27.834909439086914,53.50321960449219,108.09222412109375
2023-09-15,172.823486328125,137.1493682861328,528.8900146484375,140.38999938964844,26.976564407348633,534.677978515625,210.96029663085938,51.77470397949219,148.1494903564453,82.97522735595703,136.19236755371094,299.7756042480469,37.256874084472656,148.98756408691406,139.3058319091797,53.46503448486328,406.9848937988281,260.6407470703125,297.6957092285156,98.69985961914062,323.2701721191406,90.73471069335938,43.8182487487793,163.10691833496094,141.8161163330078,13.001558303833008,236.0721893310547,27.63047981262207,53.30571746826172,106.43234252929688
2023-09-18,175.7465057373047,138.79029846191406,532.4199829101562,139.97999572753906,26.901731491088867,540.7901000976562,211.34364318847656,51.839378356933594,148.79010009765625,82.43225860595703,136.9952392578125,295.9141540527344,37.36507034301758,149.9288330078125,139.5960235595703,53.797245025634766,409.75506591796875,260.1629638671875,299.916259765625,98.97525024414062,322.13458251953125,90.02777099609375,43.884132385253906,162.68975830078125,142.35211181640625,12.882041931152344,239.58778381347656,27.41787338256836,52.910709381103516,107.28964233398438
2023-09-19,176.832763671875,138.3845672607422,541.6900024414062,137.6300048828125,26.798837661743164,542.3565673828125,212.03173828125,51.589927673339844,148.77232360839844,79.44601440429688,136.8267059326172,293.4423522949219,35.742210388183594,149.67967224121094,139.41818237304688,53.68650436401367,406.2187194824219,260.5470886230469,302.41436767578125,98.55298614501953,321.7331237792969,89.18885040283203,43.43896484375,161.72837829589844,141.93626403808594,12.984488487243652,238.5105743408203,27.31157112121582,52.897762298583984,107.00692749023438
2023-09-20,173.29750061035156,138.49276733398438,535.780029296875,135.2899932861328,26.705303192138672,541.8568725585938,209.4071502685547,51.27579879760742,148.31851196289062,80.04712677001953,132.5645294189453,289.9447326660156,34.11935043334961,150.33489990234375,138.82843017578125,53.926422119140625,403.26190185546875,259.6758728027344,297.0613098144531,98.507080078125,314.01904296875,88.64215087890625,42.16034698486328,161.78277587890625,141.8161163330078,13.274736404418945,236.84579467773438,27.475114822387695,53.06937026977539,106.15874481201172
2023-09-21,171.7569580078125,138.3304443359375,513.8800048828125,129.3300018310547,26.23760414123535,533.4478759765625,205.0623016357422,49.28020095825195,146.9838409423828,80.21196746826172,129.2935333251953,286.1205749511719,34.08000946044922,149.18138122558594,137.7425079345703,53.09592819213867,396.22845458984375,254.07388305664062,293.1556091308594,97.97467041015625,312.8050842285156,86.332763671875,40.94062423706055,159.06192016601562,140.58714294433594,13.069853782653809,231.7046661376953,27.221628189086914,52.42505645751953,104.66304779052734
2023-09-22,172.606201171875,137.70838928222656,512.9000244140625,129.1199951171875,25.854093551635742,536.821044921875,202.9193572998047,49.49269104003906,147.95370483398438,78.77700805664062,129.10519409179688,285.1598815917969,33.617740631103516,148.1109161376953,136.4225616455078,53.15129852294922,395.1086120605469,255.01060485839844,296.4764709472656,97.61664581298828,310.3381652832031,85.63524627685547,41.53252410888672,158.962158203125,140.06967163085938,12.90765380859375,230.20635986328125,27.21344757080078,52.56428146362305,104.82720947265625
2023-09-25,173.88011169433594,139.430419921875,511.6000061035156,131.27000427246094,25.816682815551758,536.8497924804688,202.83091735839844,49.409549713134766,150.11590576171875,78.5443115234375,129.9576416015625,285.8686828613281,33.72593307495117,147.889404296875,137.0965576171875,52.59764099121094,395.3739318847656,252.724853515625,298.21124267578125,97.15767669677734,310.85699462890625,85.39960479736328,42.14338302612305,158.10960388183594,139.21954345703125,12.856436729431152,228.5220489501953,27.115320205688477,52.797393798828125,106.00371551513672
2023-09-26,169.8115997314453,138.7632293701172,506.29998779296875,125.9800033569336,25.414466857910156,531.4105224609375,199.04638671875,48.69815444946289,149.30618286132812,77.61354064941406,127.43997192382812,282.1844482421875,33.273502349853516,146.7451629638672,135.6736602783203,52.163936614990234,388.38958740234375,250.79510498046875,296.3575134277344,96.74458312988281,305.5707092285156,84.99427795410156,41.83295822143555,156.468017578125,137.9812774658203,12.822286605834961,224.88893127441406,26.976314544677734,52.61284637451172,106.1678695678711
2023-09-27,168.3007049560547,138.0599822998047,502.6000061035156,125.9800033569336,25.508005142211914,541.5686645507812,199.2823028564453,49.1508674621582,152.18910217285156,77.46810150146484,129.39263916015625,281.51287841796875,34.040672302246094,144.98257446289062,136.4693603515625,51.62873458862305,388.4878234863281,246.9730682373047,295.1481018066406,95.41353607177734,306.2069396972656,84.28732299804688,42.388912200927734,153.7925262451172,136.15167236328125,12.694231986999512,224.7420654296875,26.493864059448242,52.36030197143555,109.6244125366211
2023-09-28,168.5574493408203,137.26657104492188,504.6700134277344,125.9800033569336,25.779266357421875,546.4699096679688,199.74435424804688,49.77910614013672,151.7886962890625,77.69109344482422,131.1470947265625,283.070556640625,34.60129165649414,144.77032470703125,138.16375732421875,51.499549865722656,392.3777770996094,248.79978942871094,301.3139953613281,95.74400329589844,307.0390625,84.48527526855469,43.008766174316406,153.72903442382812,135.2275848388672,12.813750267028809,226.8572998046875,26.61651611328125,52.62580108642578,108.9586410522461
2023-09-29,169.07095336914062,134.39051818847656,509.8999938964844,127.12000274658203,25.610897064208984,542.9428100585938,199.33145141601562,49.668235778808594,150.0358123779297,78.58309173583984,129.70985412597656,281.8300476074219,34.96520233154297,143.72756958007812,135.75791931152344,51.65642166137695,388.91015625,246.7856903076172,297.5966491699219,94.50474548339844,309.104736328125,90.13146209716797,43.417999267578125,153.67457580566406,134.78402709960938,12.822286605834961,225.24148559570312,26.50204086303711,51.780757904052734,107.23493194580078
2023-10-02,171.5792236328125,133.66024780273438,521.1300048828125,129.4600067138672,24.974838256835938,549.04541015625,200.24563598632812,50.25028610229492,148.18507385253906,79.18421936035156,132.99072265625,279.6568298339844,34.87668228149414,143.17384338378906,134.58773803710938,51.195037841796875,388.8512878417969,241.45542907714844,304.1490783691406,94.1375732421875,315.0273132324219,89.1323013305664,44.69861602783203,153.42974853515625,134.16488647460938,12.523497581481934,226.4753875732422,25.97052574157715,51.8358039855957,105.45648193359375
2023-10-03,170.24610900878906,132.92091369628906,507.0299987792969,124.72000122070312,24.23587989807129,543.0196533203125,196.43161010742188,49.924591064453125,148.53207397460938,77.11905670166016,131.2660369873047,272.2976989746094,35.10289764404297,143.34922790527344,133.59542846679688,50.641380310058594,384.14599609375,238.40151977539062,298.3203125,93.42153930664062,306.7943420410156,89.63188171386719,43.43596649169922,152.09646606445312,134.44212341308594,12.617403984069824,224.0663299560547,26.150421142578125,51.5087890625,105.6388931274414
2023-10-04,171.49034118652344,133.1553497314453,518.4199829101562,127.0,24.26394271850586,549.5162353515625,198.4369354248047,49.73847579956055,145.07081604003906,76.90575408935547,134.0513458251953,272.7174377441406,35.33895492553711,143.51531982421875,134.19456481933594,50.78902053833008,386.7981872558594,239.63807678222656,302.9198303222656,93.78874206542969,312.2471618652344,90.3859634399414,43.95899200439453,153.19390869140625,134.88568115234375,12.506425857543945,226.42640686035156,25.79062843322754,52.12718963623047,101.68987274169922
2023-10-05,172.72474670410156,132.93898010253906,516.4400024414062,125.95999908447266,24.376182556152344,547.3251953125,198.57455444335938,49.384864807128906,145.83602905273438,78.35041046142578,133.88284301757812,272.0738830566406,35.29961013793945,145.01026916503906,134.76039123535156,48.3344612121582,387.79180908203125,236.28439331054688,302.1368103027344,95.1014175415039,312.638671875,90.29170227050781,44.60478973388672,145.20362854003906,132.88043212890625,12.660086631774902,228.6395263671875,26.01958656311035,51.50554656982422,99.40070343017578
2023-10-06,175.2725067138672,133.6512451171875,526.6799926757812,127.95999908447266,24.385540008544922,535.8023681640625,203.83355712890625,49.73847579956055,144.35006713867188,80.41558074951172,136.37075805664062,273.11846923828125,35.59467697143555,145.4716796875,136.83509826660156,49.0357666015625,391.5005187988281,232.5278778076172,312.68414306640625,95.35846710205078,320.3724060058594,91.53592681884766,45.67678451538086,145.3759765625,133.14840698242188,12.57135009765625,230.1671905517578,25.764863967895508,50.64107894897461,97.74082946777344
2023-10-09,176.75376892089844,134.43560791015625,529.2899780273438,128.25999450683594,24.61003303527832,537.1862182617188,203.69595336914062,50.175846099853516,148.34521484375,82.12199401855469,137.20338439941406,275.4875793457031,35.466819763183594,146.30218505859375,136.52386474609375,48.79584884643555,388.3230285644531,234.12042236328125,315.5885925292969,95.9275894165039,322.87860107421875,91.31913757324219,45.18869400024414,146.34637451171875,132.47386169433594,12.814946174621582,229.57965087890625,26.265960693359375,50.45653533935547,101.16089630126953
2023-10-10,176.16123962402344,134.2372589111328,532.719970703125,129.47999572753906,25.264802932739258,540.1846923828125,203.3617401123047,50.12932205200195,148.18507385253906,82.40316772460938,136.84657287597656,279.087890625,35.830726623535156,146.1361083984375,137.35372924804688,49.85702896118164,393.8614807128906,235.6192626953125,319.038330078125,95.11061096191406,321.4786376953125,92.01665496826172,45.71272277832031,149.10353088378906,133.78602600097656,13.01504135131836,231.69485473632812,26.524866104125977,51.02637481689453,100.73223114013672
2023-10-11,177.5536346435547,134.64297485351562,549.9099731445312,131.8300018310547,25.274158477783203,543.48095703125,203.33226013183594,49.933895111083984,143.34461975097656,82.2674331665039,139.31468200683594,277.9965515136719,36.27332305908203,144.1243896484375,137.8252716064453,49.561737060546875,393.310546875,235.05722045898438,324.96630859375,94.97290802001953,325.4238586425781,92.98754119873047,46.718841552734375,147.48916625976562,132.14120483398438,12.849746704101562,230.79391479492188,26.274311065673828,51.23033905029297,97.12066650390625
2023-10-12,178.4522705078125,135.04364013671875,559.6300048828125,132.3300018310547,25.161911010742188,541.808837890625,202.18215942382812,50.11069869995117,143.46031188964844,81.78265380859375,137.74856567382812,273.3050231933594,36.23398208618164,144.26278686523438,137.50460815429688,48.73125076293945,393.39910888671875,230.62623596191406,321.338134765625,95.09224700927734,324.19036865234375,93.55308532714844,46.857582092285156,143.37158203125,132.43690490722656,12.57135009765625,231.8711395263672,25.814973831176758,51.46345138549805,97.1024169921875
2023-10-13,176.61550903320312,134.7340545654297,548.760009765625,129.7899932861328,25.03095817565918,544.74951171875,201.11068725585938,50.0362548828125,145.97837829589844,81.78265380859375,136.1527099609375,272.27899169921875,35.3782958984375,144.74266052246094,139.5698699951172,48.8050651550293,391.55950927734375,232.61221313476562,311.9505920410156,95.47779846191406,320.8325500488281,94.17520904541016,45.3763427734375,145.1129150390625,133.702880859375,12.493047714233398,232.74267578125,25.614532470703125,51.74837875366211,100.2032699584961
2023-10-16,176.48712158203125,134.0692901611328,550.739990234375,132.5500030517578,25.246097564697266,549.9391479492188,204.98367309570312,50.399173736572266,147.1707000732422,83.10125732421875,137.8773956298828,277.3250732421875,35.958587646484375,145.37017822265625,139.42843627929688,49.30336380004883,394.638671875,234.13916015625,318.3543701171875,95.59712219238281,325.6391906738281,96.18294525146484,46.0091667175293,146.0924530029297,134.97805786132812,12.536548614501953,235.09292602539062,26.098928451538086,52.195186614990234,100.27623748779297
2023-10-17,174.93675231933594,135.84498596191406,560.0900268554688,131.47000122070312,25.835390090942383,551.9573974609375,206.2714080810547,50.1944465637207,149.11932373046875,83.57633972167969,138.49195861816406,276.0285949707031,35.466819763183594,144.04132080078125,139.1266632080078,49.89393997192383,395.23876953125,235.26327514648438,321.17950439453125,95.62466430664062,325.0714416503906,97.0972671508789,43.8561897277832,145.448486328125,135.1536407470703,12.684446334838867,236.1995086669922,26.316072463989258,52.263179779052734,101.58953094482422
2023-10-18,173.64308166503906,135.93603515625,557.8699951171875,128.1300048828125,25.545419692993164,552.2455444335938,201.3466033935547,50.0362548828125,150.302734375,82.10261535644531,136.74745178222656,270.7120666503906,35.05372619628906,140.940673828125,137.59893798828125,49.87547302246094,386.8178405761719,239.84414672851562,314.210693359375,93.62348937988281,323.16241455078125,97.81365203857422,42.1174201965332,146.95404052734375,138.63735961914062,12.458248138427734,232.54681396484375,25.931894302368164,52.30202865600586,103.01228332519531
2023-10-19,173.26785278320312,132.5121612548828,555.739990234375,128.39999389648438,25.218034744262695,543.5867309570312,204.77725219726562,49.61750793457031,150.46295166015625,80.71614074707031,136.53927612304688,267.4754943847656,35.083229064941406,140.5623321533203,137.01426696777344,50.152313232421875,381.5647277832031,242.0456085205078,310.0868835449219,92.19146728515625,324.3469543457031,97.13497161865234,42.02260971069336,145.62081909179688,137.85719299316406,13.276039123535156,228.9627227783203,26.37453269958496,52.0527229309082,103.07612609863281
2023-10-20,170.72007751464844,133.15867614746094,540.9600219726562,125.16999816894531,24.61003303527832,531.3816528320312,200.2653045654297,49.25458526611328,148.44308471679688,80.1343994140625,134.4081573486328,267.1397705078125,34.34556198120117,141.18983459472656,134.80752563476562,50.355323791503906,378.1609802246094,241.79263305664062,305.9631042480469,94.24771881103516,319.79486083984375,96.77677917480469,41.3099365234375,145.1129150390625,137.6712188720703,13.380439758300781,228.5416259765625,26.366178512573242,51.40194320678711,101.30682373046875
2023-10-23,170.83860778808594,131.7927703857422,540.4099731445312,126.55999755859375,23.9178466796875,530.7666625976562,198.56472778320312,48.575279235839844,142.97088623046875,80.57069396972656,135.30027770996094,265.88995361328125,33.29317092895508,139.7041015625,132.9686279296875,49.90316390991211,377.4329833984375,238.6450653076172,311.2764892578125,94.87193298339844,322.3890686035156,96.90875244140625,42.89497375488281,145.18548583984375,137.76419067382812,13.006341934204102,226.72998046875,26.215848922729492,52.130428314208984,99.82022094726562
2023-10-24,171.27308654785156,133.23153686523438,539.5599975585938,128.55999755859375,23.82430648803711,530.334228515625,200.74696350097656,49.32902908325195,139.38507080078125,80.04712677001953,137.58995056152344,264.24835205078125,34.020999908447266,139.55645751953125,133.12890625,51.342681884765625,380.620361328125,241.00575256347656,309.8292236328125,94.57819366455078,323.5735778808594,99.1427230834961,43.58169937133789,147.0991668701172,139.3915252685547,13.510936737060547,229.78529357910156,28.64618682861328,52.85567855834961,98.8534927368164
2023-10-25,168.96234130859375,132.275390625,521.1400146484375,121.38999938964844,23.899137496948242,528.5562744140625,193.70872497558594,48.76139450073242,138.69102478027344,78.13710021972656,124.50597381591797,262.0284729003906,32.28995132446289,139.8702392578125,132.4027862548828,51.785606384277344,380.030029296875,241.71771240234375,296.9225769042969,95.12896728515625,333.500244140625,97.59684753417969,41.70119857788086,147.24427795410156,140.04241943359375,13.21513843536377,231.93968200683594,28.136737823486328,52.69702911376953,99.035888671875
2023-10-26,164.80491638183594,132.2207489013672,514.280029296875,119.56999969482422,24.432308197021484,526.25927734375,192.9125213623047,47.80290603637695,137.69447326660156,77.35175323486328,121.20523834228516,259.29559326171875,31.98504638671875,137.49859619140625,132.74229431152344,51.471858978271484,358.6631774902344,239.6568145751953,285.8398742675781,96.89146423339844,320.98919677734375,94.27890014648438,40.25090789794922,146.39173889160156,139.2985382080078,13.154240608215332,226.48513793945312,28.788164138793945,52.376487731933594,98.13300323486328
2023-10-27,166.11830139160156,126.51121520996094,508.1199951171875,127.73999786376953,23.543691635131836,521.8676147460938,193.22708129882812,47.9797248840332,128.440673828125,76.91545867919922,121.09622192382812,257.85919189453125,34.95537185668945,134.3610382080078,127.96105194091797,50.97357177734375,358.16143798828125,239.59121704101562,294.1469421386719,94.38541412353516,322.8687744140625,92.35599517822266,40.424583435058594,144.76828002929688,136.8436279296875,12.893243789672852,224.51681518554688,27.927942276000977,52.18222427368164,96.26336669921875
2023-10-30,168.16246032714844,129.2066192626953,526.9400024414062,132.7100067138672,24.030094146728516,533.2557373046875,195.8811492919922,47.9890251159668,129.98890686035156,78.22434997558594,123.3660888671875,262.5414733886719,35.10289764404297,135.68069458007812,129.59251403808594,51.813289642333984,366.3658752441406,243.70370483398438,300.0252990722656,94.25690460205078,330.2109069824219,95.95673370361328,41.084354400634766,147.1807861328125,138.79637145996094,13.276039123535156,228.2478485107422,28.913436889648438,52.78120803833008,96.56432342529297
2023-10-31,168.63645935058594,128.56008911132812,532.0599975585938,133.08999633789062,24.638093948364258,530.9107055664062,197.4146270751953,48.5101318359375,129.66859436035156,79.10664367675781,122.98943328857422,265.53546142578125,35.89957809448242,136.8895263671875,131.1390838623047,52.12702941894531,370.2319641113281,245.59600830078125,298.6473693847656,94.27525329589844,330.99407958984375,96.87102508544922,40.704063415527344,148.08775329589844,139.51239013671875,13.39783763885498,230.22596740722656,29.33937644958496,52.9074821472168,96.53695678710938
2023-11-01,171.79649353027344,129.7347869873047,544.5,137.0,24.6942195892334,535.1007080078125,200.4422607421875,48.565975189208984,128.11146545410156,78.60248565673828,125.3386001586914,267.3449401855469,36.67658233642578,137.21253967285156,131.02597045898438,52.08088684082031,371.67803955078125,245.40859985351562,309.1352844238281,94.41295623779297,338.78656005859375,95.08951568603516,42.246192932128906,149.52981567382812,139.12185668945312,13.554435729980469,233.63381958007812,29.564870834350586,53.38018798828125,96.3454360961914
2023-11-02,175.35150146484375,130.45416259765625,558.7100219726562,138.07000732421875,25.835390090942383,535.2838134765625,204.57083129882812,49.08708953857422,132.3646240234375,80.75492095947266,126.36945343017578,274.7134094238281,37.079837799072266,138.64285278320312,133.36468505859375,52.68068313598633,376.4689025878906,249.98016357421875,308.1638488769531,94.41295623779297,340.98919677734375,99.0484619140625,43.42498016357422,151.3074188232422,140.8235626220703,13.684932708740234,238.2069854736328,29.98244857788086,53.59063720703125,99.51013946533203
2023-11-03,174.44296264648438,128.77865600585938,563.6599731445312,138.60000610351562,26.58370018005371,540.0303955078125,203.94171142578125,49.32902908325195,131.34141540527344,82.48074340820312,127.9653091430664,275.7207336425781,37.51259994506836,139.657958984375,134.85470581054688,52.357723236083984,379.77423095703125,250.93565368652344,311.8613586425781,94.89948272705078,345.3749084472656,100.91480255126953,44.92119598388672,151.27113342285156,139.54959106445312,13.815433502197266,238.54974365234375,30.082670211791992,53.312191009521484,98.29716491699219
2023-11-06,176.99072265625,128.5783233642578,565.4500122070312,139.74000549316406,26.499513626098633,548.6184692382812,203.89254760742188,49.58959197998047,130.79861450195312,81.46269989013672,129.10519409179688,274.750732421875,37.448455810546875,139.9901885986328,135.87318420410156,52.56995391845703,379.882568359375,251.90989685058594,313.05084228515625,95.78070831298828,349.02642822265625,101.0938949584961,45.66581344604492,151.1895294189453,140.3585968017578,13.7023344039917,238.4420166015625,29.765304565429688,53.383426666259766,96.55520629882812
2023-11-07,179.5484161376953,129.4525146484375,585.2000122070312,142.7100067138672,26.340499877929688,550.0145874023438,208.2373809814453,49.44070053100586,128.4940948486328,82.01534271240234,129.81886291503906,274.93731689453125,38.25761795043945,139.25193786621094,135.80715942382812,52.76374053955078,382.5484313964844,251.68508911132812,316.04461669921875,95.46862030029297,352.94219970703125,103.08279418945312,45.86942672729492,151.6248779296875,140.0331268310547,13.780633926391602,239.69549560546875,30.015853881835938,53.63272476196289,95.04125213623047
2023-11-08,180.60504150390625,129.33407592773438,585.3099975585938,142.0800018310547,26.087942123413086,546.2692260742188,207.87368774414062,49.319725036621094,126.70561218261719,81.92808532714844,130.6811981201172,276.00994873046875,37.418853759765625,138.74440002441406,136.4767303466797,52.68068313598633,383.36492919921875,250.57965087890625,316.996337890625,95.8357925415039,355.5560302734375,103.1110610961914,46.487274169921875,151.8153076171875,139.49378967285156,13.615334510803223,239.36180114746094,29.87388038635254,53.19563674926758,93.87388610839844
2023-11-09,180.13101196289062,125.70075988769531,577.739990234375,140.60000610351562,25.75120735168457,542.3121337890625,206.43850708007812,48.38916015625,126.29631805419922,87.59032440185547,129.0952911376953,268.50152587890625,37.30044174194336,136.04055786132812,136.0712127685547,52.28390121459961,381.6532287597656,250.0363006591797,317.7595520019531,93.98150634765625,353.098876953125,100.8582534790039,46.86257553100586,150.69976806640625,139.8099822998047,13.597936630249023,237.13414001464844,29.748598098754883,53.07260513305664,93.90122985839844
2023-11-10,184.31369018554688,126.20160675048828,597.219970703125,143.55999755859375,25.891511917114258,555.6469116210938,209.9969482421875,48.93819046020508,127.19497680664062,85.58333587646484,131.42462158203125,271.97119140625,38.346435546875,135.88369750976562,138.08929443359375,52.33926773071289,387.9688720703125,250.8607177734375,325.90802001953125,93.07271575927734,361.8899230957031,100.01933288574219,48.2449951171875,151.3890380859375,140.79566955566406,13.606636047363281,240.67681884765625,29.823768615722656,53.807559967041016,94.62174224853516
2023-11-13,182.7316131591797,126.24713897705078,590.3400268554688,142.58999633789062,25.910219192504883,556.715576171875,211.618896484375,48.60319900512695,128.12925720214844,86.71773529052734,130.92901611328125,268.68804931640625,37.72475814819336,136.23435974121094,137.476318359375,52.533042907714844,387.9394226074219,252.1815948486328,326.3243713378906,94.06414031982422,358.9627685546875,98.21895599365234,48.52946090698242,152.1599578857422,141.77203369140625,13.554435729980469,240.10763549804688,29.915634155273438,54.28998565673828,95.61582946777344
2023-11-14,185.342041015625,125.71900177001953,604.3300170898438,145.8000030517578,27.332008361816406,568.8178100585938,217.41854858398438,49.477928161621094,129.0635528564453,88.29811096191406,132.44558715820312,283.2011413574219,38.889163970947266,136.26205444335938,139.9848175048828,52.689918518066406,391.1856994628906,254.32681274414062,333.38238525390625,93.78874206542969,362.4772033691406,99.67998504638672,49.56353759765625,152.4683380126953,141.4558868408203,13.597936630249023,242.33531188964844,29.965744018554688,54.2802734375,95.98397064208984
2023-11-15,185.90567016601562,125.30011749267578,595.3099975585938,143.1999969482422,27.70616340637207,574.5753784179688,215.6884765625,49.58028030395508,129.51736450195312,91.0710678100586,133.43678283691406,287.4543151855469,40.07330322265625,137.3140411376953,141.21078491210938,52.791419982910156,390.3790283203125,253.29640197753906,329.8136901855469,93.03600311279297,362.6244201660156,101.63118743896484,48.796966552734375,151.6883544921875,140.80494689941406,13.711034774780273,243.48350524902344,30.065969467163086,54.96990203857422,95.40415954589844
2023-11-16,187.58663940429688,125.91929626464844,602.0599975585938,142.8300018310547,27.63133430480957,557.052490234375,217.68397521972656,44.70414733886719,127.46736145019531,91.63341522216797,135.72650146484375,285.8220520019531,42.77709197998047,138.51368713378906,142.82339477539062,52.73605728149414,390.6446533203125,258.6640930175781,331.2807922363281,93.62348937988281,369.00048828125,101.43321990966797,49.38786697387695,152.10552978515625,142.11611938476562,13.815433502197266,243.93490600585938,30.216293334960938,50.52128601074219,94.29972076416016
2023-11-17,187.56686401367188,125.93754577636719,602.6599731445312,145.17999267578125,28.04290771484375,555.6757202148438,217.45785522460938,44.44358444213867,129.88597106933594,91.28437042236328,134.1207275390625,286.59619140625,43.231014251708984,138.22763061523438,144.11532592773438,52.83755874633789,393.7926025390625,258.3174743652344,332.1235046386719,93.40319061279297,362.8009338378906,99.8779525756836,49.20620346069336,151.24395751953125,140.47950744628906,13.832832336425781,244.9064483642578,30.258054733276367,50.297882080078125,96.60062408447266
2023-11-20,189.3071746826172,125.94664001464844,612.7000122070312,146.1300048828125,28.070966720581055,559.1898803710938,221.3013916015625,44.918174743652344,129.8140411376953,92.13758087158203,135.052490234375,287.4543151855469,44.14872360229492,139.44619750976562,144.55853271484375,52.96674346923828,397.8259582519531,261.39013671875,337.010498046875,94.25690460205078,370.2463073730469,100.21726989746094,50.31513977050781,151.02627563476562,139.735595703125,14.006831169128418,245.30882263183594,30.67563819885254,50.281700134277344,96.17724609375
2023-11-21,188.50621032714844,126.3290786743164,610.989990234375,143.89999389648438,27.74357795715332,562.5596923828125,220.505126953125,44.48080825805664,129.5083465576172,91.57523345947266,135.76614379882812,284.796142578125,43.063262939453125,140.57171630859375,144.25677490234375,53.54808807373047,402.30206298828125,262.73907470703125,334.0465393066406,93.82544708251953,365.9596252441406,100.43407440185547,49.85099792480469,152.1872100830078,139.12185668945312,14.085131645202637,247.5266876220703,31.10992431640625,50.46300506591797,96.14044189453125
2023-11-22,189.16873168945312,126.09233856201172,619.719970703125,146.7100067138672,27.715517044067383,567.1619262695312,220.03330993652344,44.741371154785156,129.7690887451172,92.17636108398438,137.2727813720703,288.39642333984375,43.09286117553711,140.2926788330078,144.59628295898438,53.9079704284668,403.65960693359375,264.1067810058594,338.5172424316406,93.33893585205078,370.64849853515625,101.72543334960938,48.625282287597656,153.4750518798828,140.43301391601562,14.067728996276855,248.98890686035156,31.193435668945312,50.07771301269531,95.72628021240234
2023-11-24,187.84371948242188,126.2744369506836,619.4299926757812,146.74000549316406,27.809057235717773,569.3570556640625,220.5641326904297,45.00192642211914,130.2815704345703,93.13623046875,135.4886016845703,289.7955017089844,43.3790283203125,141.8553924560547,144.79432678222656,54.04637908935547,405.7942810058594,264.6782531738281,335.28570556640625,93.51335906982422,370.2364501953125,101.46150970458984,47.687042236328125,153.61109924316406,140.76773071289062,14.102529525756836,249.55809020996094,31.243553161621094,50.52776336669922,96.2416763305664
2023-11-27,187.66574096679688,126.65691375732422,619.27001953125,147.72999572753906,27.650041580200195,572.7653198242188,220.96714782714844,44.601783752441406,129.79603576660156,92.27333068847656,135.21107482910156,290.00067138671875,43.4974479675293,140.72055053710938,144.46426391601562,53.94487380981445,402.3216857910156,264.0224609375,331.7864074707031,93.10943603515625,371.39398193359375,101.76315307617188,48.15216827392578,152.6588134765625,140.63758850097656,14.102529525756836,249.40106201171875,31.193435668945312,50.75763702392578,95.68025970458984
2023-11-28,188.26890563964844,125.7372055053711,623.3200073242188,147.02999877929688,27.621980667114258,571.8988037109375,221.09494018554688,44.52733612060547,130.83001708984375,89.68460083007812,135.9940948486328,292.2578125,43.64546203613281,141.046142578125,144.79432678222656,54.055606842041016,402.3610534667969,264.2567138671875,336.0390930175781,91.96198272705078,375.40606689453125,102.50779724121094,47.73194885253906,153.14854431152344,141.61395263671875,14.076431274414062,248.2234649658203,31.293663024902344,51.36308670043945,95.62503051757812
2023-11-29,187.25042724609375,126.11965942382812,617.3900146484375,146.32000732421875,28.35158348083496,565.9872436523438,226.4326171875,44.71344757080078,129.3914794921875,89.68460083007812,133.8035430908203,292.0418701171875,44.3460807800293,141.4926300048828,145.52992248535156,53.732643127441406,403.15789794921875,262.6548156738281,329.3081970214844,92.83404541015625,371.62939453125,104.0348129272461,48.050357818603516,151.60671997070312,140.53529357910156,14.180826187133789,249.4893798828125,31.53586196899414,50.53424072265625,94.18927001953125
2023-11-30,187.82394409179688,129.66192626953125,611.010009765625,146.08999633789062,28.747577667236328,570.6857299804688,247.6161346435547,45.020538330078125,129.1127471923828,89.86881256103516,131.36514282226562,294.36114501953125,44.1092529296875,143.8646240234375,147.1896514892578,54.35581588745117,407.1026916503906,265.6044616699219,324.30206298828125,94.07331848144531,371.68829345703125,103.94054412841797,46.68291091918945,153.79544067382812,142.75772094726562,14.415725708007812,251.89369201660156,32.011905670166016,50.407962799072266,94.55741882324219
2023-12-01,189.09951782226562,130.59075927734375,612.469970703125,147.02999877929688,29.190719604492188,574.0651245117188,255.578369140625,45.104286193847656,130.20065307617188,89.76216888427734,130.70106506347656,300.1170959472656,43.16194152832031,147.32498168945312,147.9063720703125,54.54184341430664,407.6240234375,269.4871520996094,321.9924621582031,94.97290802001953,367.37213134765625,107.32643127441406,46.67791748046875,154.16099548339844,141.95803833007812,14.581023216247559,251.66799926757812,32.22069549560547,49.97087478637695,94.78751373291016
2023-12-04,187.3097686767578,131.26461791992188,604.5599975585938,144.83999633789062,29.05872344970703,576.789794921875,246.39723205566406,44.71344757080078,130.25460815429688,89.20951080322266,128.13381958007812,304.2486267089844,41.79030990600586,147.7900848388672,148.99085998535156,54.47673034667969,401.59375,269.6473693847656,317.23419189453125,96.44165802001953,362.10455322265625,108.9058609008789,45.42525100708008,154.57225036621094,141.4000701904297,14.494024276733398,249.6954803466797,31.76970672607422,49.95792770385742,94.27210998535156
2023-12-05,191.255126953125,131.6470947265625,602.219970703125,146.8800048828125,28.83243751525879,582.8265380859375,246.75108337402344,44.601783752441406,128.4473876953125,88.02664947509766,129.83868408203125,303.7603759765625,41.365989685058594,147.4831085205078,148.9720001220703,54.56044387817383,402.0462951660156,270.0337219238281,315.519287109375,97.51569366455078,365.4200439453125,109.1517562866211,46.4833869934082,153.47561645507812,136.4716339111328,14.981216430664062,249.86228942871094,32.087066650390625,50.4209098815918,92.44060516357422
2023-12-06,190.1674041748047,133.29527282714844,595.7000122070312,144.52000427246094,28.785295486450195,584.8291015625,244.89321899414062,44.387752532958984,128.1506805419922,88.71501922607422,128.87721252441406,306.2110900878906,40.72458267211914,145.68780517578125,147.40655517578125,54.50463104248047,403.708740234375,270.33526611328125,314.68658447265625,96.96489715576172,361.7709045410156,109.81379699707031,45.42225646972656,153.08262634277344,136.3693389892578,14.73762035369873,249.54827880859375,32.15387725830078,49.873741149902344,91.21654510498047
2023-12-07,192.09561157226562,134.74314880371094,608.780029296875,146.8800048828125,28.90786361694336,588.21826171875,244.61801147460938,44.90886306762695,128.05177307128906,89.53915405273438,135.72650146484375,306.2674255371094,41.59295654296875,144.552978515625,147.8591766357422,54.634857177734375,406.43377685546875,270.2693786621094,323.7469787597656,95.35846710205078,363.8800048828125,108.58429718017578,46.51332092285156,153.0369415283203,136.22987365722656,14.868119239807129,251.0497283935547,32.2791633605957,49.54551315307617,90.58148193359375
2023-12-08,193.51947021484375,135.93603515625,610.010009765625,147.4199981689453,29.190719604492188,588.0543823242188,246.54466247558594,45.020538330078125,129.7510986328125,90.28815460205078,133.8035430908203,306.54913330078125,42.135684967041016,143.64137268066406,149.49066162109375,54.51393508911133,405.4598693847656,269.0819091796875,329.8533630371094,95.2391128540039,367.0975036621094,109.62464904785156,47.42171096801758,151.4102325439453,134.97450256347656,14.720222473144531,250.97122192382812,31.945091247558594,49.02555465698242,91.62149047851562
2023-12-11,191.01780700683594,137.72085571289062,625.2000122070312,145.88999938964844,29.08700942993164,600.6477661132812,247.81272888183594,45.96040344238281,129.78707885742188,89.68506622314453,132.1184539794922,311.112548828125,43.95136642456055,144.23670959472656,150.03761291503906,54.91389083862305,408.9521789550781,272.4933776855469,322.4483947753906,95.80826568603516,364.2232971191406,112.17823791503906,46.54426956176758,153.36595153808594,135.59754943847656,14.45922565460205,251.73663330078125,31.460691452026367,49.149051666259766,91.6859130859375
2023-12-12,192.53065490722656,139.5420684814453,633.6599731445312,147.47999572753906,28.983293533325195,606.078125,252.08876037597656,45.904571533203125,128.1237030029297,88.58588409423828,131.35523986816406,312.8684997558594,43.45797348022461,144.24603271484375,151.37673950195312,55.2673225402832,413.91015625,274.63262939453125,331.3105773925781,95.799072265625,367.24462890625,113.15238189697266,47.572444915771484,153.95994567871094,135.70909118652344,14.27652645111084,254.7200164794922,31.151681900024414,49.18804931640625,90.24095153808594
2023-12-13,195.7443084716797,140.50733947753906,624.260009765625,148.83999633789062,30.208999633789062,618.1128540039062,252.9439239501953,46.239566802978516,130.02084350585938,90.29788970947266,131.40480041503906,322.4460754394531,43.98097229003906,144.91574096679688,151.88600158691406,55.7416877746582,417.77630615234375,278.8827819824219,331.82598876953125,98.32349395751953,367.2347717285156,114.59941101074219,48.0026741027832,157.19505310058594,138.16404724121094,14.31132698059082,257.48736572265625,30.892780303955078,50.06222152709961,91.04166412353516
2023-12-14,195.8926239013672,141.03549194335938,584.6400146484375,147.4199981689453,32.00041961669922,607.3102416992188,252.83583068847656,46.00693130493164,134.8041229248047,91.37760925292969,130.7803497314453,330.3428955078125,44.582908630371094,145.9203643798828,154.6490936279297,54.91389083862305,411.7557678222656,273.3132629394531,330.269775390625,97.89816284179688,358.9556579589844,114.45755767822266,48.26421356201172,153.75889587402344,134.51885986328125,14.48532485961914,253.9054718017578,31.627727508544922,49.45126724243164,93.48979949951172
2023-12-15,195.35867309570312,140.2705535888672,584.6799926757812,149.97000122070312,31.679859161376953,634.3069458007812,257.151123046875,46.407073974609375,134.2826385498047,90.91069793701172,131.43453979492188,332.3992614746094,45.549957275390625,144.32972717285156,155.81846618652344,54.50463104248047,411.765625,270.7216796875,332.0045471191406,97.18621063232422,363.6642150878906,114.95880126953125,48.80324935913086,152.61654663085938,133.86793518066406,14.372227668762207,253.21853637695312,31.21013641357422,49.636512756347656,92.86397552490234
2023-12-18,193.69744873046875,139.7059783935547,599.1300048828125,154.07000732421875,31.519569396972656,655.892822265625,259.1072998046875,46.751380920410156,134.57931518554688,90.32706451416016,134.60641479492188,329.4039611816406,45.08616256713867,144.5902099609375,156.76150512695312,54.895286560058594,417.5303649902344,273.5111999511719,341.6200256347656,98.04610443115234,365.54754638671875,114.571044921875,49.98815155029297,154.362060546875,135.9230194091797,14.320024490356445,253.5522003173828,31.460691452026367,50.3612060546875,93.55423736572266
2023-12-19,194.7357177734375,139.86988830566406,604.6400146484375,153.7899932861328,31.594993591308594,652.52294921875,259.8445739746094,46.69554138183594,136.3415985107422,91.36787414550781,135.44895935058594,330.5870666503906,46.04335021972656,145.53900146484375,158.85504150390625,54.71855545043945,418.553466796875,273.9823913574219,347.31005859375,98.46216583251953,366.14593505859375,115.98970794677734,49.51598358154297,153.4847412109375,135.9230194091797,14.45052433013916,255.14195251464844,31.377172470092773,50.54318618774414,94.78751373291016
2023-12-20,192.64932250976562,138.130615234375,596.0599975585938,152.1199951171875,31.095279693603516,636.4059448242188,255.82412719726562,46.34192657470703,135.09182739257812,88.78044128417969,137.12408447265625,327.3851623535156,45.155242919921875,142.5716552734375,157.0632781982422,53.58382034301758,412.63134765625,272.34259033203125,346.2394104003906,97.41737365722656,363.5562744140625,114.8453140258789,48.025634765625,151.41940307617188,133.82142639160156,14.267827033996582,252.315673828125,31.151681900024414,49.95173263549805,93.20449829101562
2023-12-21,192.50099182128906,138.95016479492188,600.1400146484375,153.83999633789062,31.302709579467773,640.4110107421875,262.70513916015625,46.248870849609375,135.5054473876953,89.50997924804688,139.18580627441406,327.67620849609375,46.457801818847656,144.03207397460938,157.95916748046875,53.9372673034668,416.5564880371094,274.6043395996094,351.007568359375,98.36972045898438,366.4206237792969,115.88567352294922,48.903076171875,152.58917236328125,134.14688110351562,14.3461275100708,254.7003631591797,31.260255813598633,50.30595779418945,93.62786865234375
2023-12-22,191.43309020996094,141.09011840820312,598.75,153.4199981689453,31.519569396972656,646.6113891601562,261.8105163574219,46.611793518066406,135.81112670898438,88.5372543334961,140.2464141845703,327.31939697265625,47.365638732910156,144.6087646484375,157.8648681640625,54.244205474853516,417.20574951171875,274.8965148925781,350.3137512207031,99.5809555053711,367.4408264160156,102.1814193725586,48.74336242675781,153.23797607421875,135.09539794921875,14.398324966430664,253.61109924316406,31.310365676879883,50.907161712646484,93.79352569580078
2023-12-26,190.88926696777344,140.7987060546875,598.260009765625,153.41000366210938,31.92499542236328,649.5191650390625,261.6925964355469,46.78859329223633,137.033935546875,88.46916198730469,140.27613830566406,327.9954528808594,49.83259963989258,145.24131774902344,158.79847717285156,54.46743392944336,416.7827453613281,275.9896545410156,351.74114990234375,99.51624298095703,367.519287109375,102.1624755859375,49.19156265258789,154.3163604736328,135.70909118652344,14.415725708007812,254.32745361328125,31.302011489868164,50.82916259765625,94.0052261352539
2023-12-27,190.9881134033203,141.03549194335938,596.0800170898438,153.33999633789062,31.90614128112793,656.5890502929688,262.18408203125,46.9374885559082,136.58436584472656,87.91471099853516,139.13626098632812,327.2630615234375,50.08916091918945,145.43666076660156,159.7509307861328,54.60694122314453,417.46148681640625,277.582275390625,354.71502685546875,99.83985900878906,366.9405822753906,101.32077026367188,49.329322814941406,154.80984497070312,135.82070922851562,14.424424171447754,254.10169982910156,31.1600341796875,51.3068733215332,93.56343078613281
2023-12-28,191.41331481933594,140.91709899902344,595.52001953125,153.3800048828125,31.94385528564453,652.9457397460938,261.0635070800781,46.974708557128906,134.66026306152344,87.93415832519531,138.99746704101562,326.1644287109375,49.724056243896484,145.65060424804688,160.59967041015625,54.6441535949707,419.3896179199219,278.7979736328125,355.2007141113281,100.57030487060547,368.1274108886719,102.91911315917969,49.43412780761719,154.8007354736328,135.51382446289062,14.563623428344727,255.54432678222656,31.310365676879883,51.20613479614258,92.21050262451172
2023-12-29,190.3750762939453,141.11740112304688,596.5999755859375,151.94000244140625,31.745847702026367,649.9721069335938,258.66497802734375,47.011940002441406,134.11180114746094,87.8271713256836,138.4622039794922,325.4038391113281,49.58590316772461,145.7994384765625,160.41107177734375,54.81156921386719,419.5765686035156,279.4294128417969,350.8787536621094,100.80145263671875,368.8730163574219,102.68265533447266,49.43412780761719,155.21194458007812,136.2670440673828,14.598423957824707,255.49525451660156,31.485746383666992,51.23213577270508,92.01725006103516
