Date,AAPL,ABBV,ADBE,AMZN,BAC,COST,CRM,CSCO,CVX,DIS,GOOGL,HD,INTC,JPM,KO,MA,MCD,META,MRK,MSFT,NKE,NVDA,PEP,PG,T,TSLA,V,VZ,WMT,XOM
2022-01-03,177.93972778320312,114.0820083618164,564.3699951171875,170.4044952392578,41.265342712402344,537.924560546875,251.1156005859375,55.29070281982422,99.58718872070312,151.9886932373047,143.71713256835938,364.1552734375,49.35048294067383,143.54490661621094,51.932373046875,360.5939636230469,242.08303833007812,335.59295654296875,66.98716735839844,322.4624328613281,152.11880493164062,30.026147842407227,149.665771484375,144.1512451171875,14.572100639343262,399.9266662597656,213.9703826904297,38.681976318359375,45.584693908691406,54.39106369018555
2022-01-04,175.68136596679688,113.86299896240234,554.0,167.52200317382812,42.88270950317383,535.5704345703125,244.008544921875,53.93463897705078,101.39920806884766,150.9900665283203,143.13034057617188,367.8981628417969,49.285552978515625,148.98667907714844,52.799373626708984,364.90997314453125,242.0199737548828,333.6004638671875,67.10916137695312,316.93310546875,153.7076873779297,29.197763442993164,149.88209533691406,144.65565490722656,14.692435264587402,383.1966552734375,214.96572875976562,39.441749572753906,44.749576568603516,56.43693542480469
2022-01-05,171.00827026367188,114.46111297607422,514.4299926757812,164.35699462890625,42.15892028808594,521.9873657226562,223.7981719970703,53.08049011230469,102.05891418457031,150.4665069580078,136.5640411376953,362.90771484375,49.962608337402344,146.2628936767578,53.23725128173828,363.4616394042969,240.83018493652344,321.3480529785156,68.73875427246094,304.76666259765625,149.88327026367188,27.51706886291504,150.3925323486328,145.3104705810547,15.019060134887695,362.7066650390625,212.58859252929688,39.84745407104492,45.35463333129883,57.138858795166016
2022-01-06,168.1536102294922,113.92196655273438,514.1199951171875,163.25399780273438,43.00782012939453,521.873291015625,225.2530059814453,53.64405059814453,102.92733001708984,152.12445068359375,136.53680419921875,361.5888671875,50.09245681762695,147.81675720214844,52.95701217651367,360.1424560546875,243.08355712890625,329.56591796875,68.6951675415039,302.3584289550781,148.76547241210938,28.089262008666992,150.42718505859375,144.0893096923828,14.96175765991211,354.8999938964844,212.34701538085938,39.655662536621094,45.22857666015625,58.48280334472656
2022-01-07,168.31979370117188,113.6270980834961,510.70001220703125,162.5540008544922,43.94606399536133,508.9450988769531,224.4272918701172,53.8289680480957,104.40536499023438,153.02615356445312,135.81271362304688,350.7615051269531,49.56380844116211,149.28134155273438,52.83440399169922,359.80181884765625,240.71302795410156,328.9017333984375,69.97618865966797,302.5125732421875,145.00570678710938,27.161190032958984,150.61752319335938,144.00962829589844,15.472893714904785,342.32000732421875,209.65098571777344,40.49177932739258,45.66032409667969,58.96215057373047
2022-01-10,168.3393096923828,114.89916229248047,525.8300170898438,161.48599243164062,43.72267150878906,492.4478454589844,225.72486877441406,54.43656539916992,104.47216796875,151.8336181640625,137.45069885253906,345.2808532714844,51.205421447753906,149.4242401123047,52.92197799682617,354.2146911621094,238.324462890625,325.214111328125,71.78005981445312,302.73406982421875,138.97340393066406,27.31371307373047,150.6953582763672,142.04515075683594,15.572949409484863,352.7066650390625,204.82911682128906,40.21555709838867,45.57209014892578,58.611209869384766
2022-01-11,171.1646728515625,115.3877944946289,529.8900146484375,165.36199951171875,43.972877502441406,495.51385498046875,230.84625244140625,54.92087173461914,106.86039733886719,153.0843048095703,138.5078125,344.5769958496094,51.85464859008789,149.57608032226562,52.93949508666992,356.5313720703125,236.2603759765625,331.459228515625,71.1700668334961,303.41802978515625,138.84410095214844,27.729400634765625,150.62615966796875,140.3992462158203,15.502326011657715,354.79998779296875,207.1579132080078,40.006526947021484,45.442867279052734,61.07651901245117
2022-01-12,171.60462951660156,115.65735626220703,532.3699951171875,165.20700073242188,43.66012954711914,499.0924072265625,233.78538513183594,54.70073318481445,106.32595825195312,152.99705505371094,140.18740844726562,347.009765625,51.69697570800781,150.42449951171875,53.018314361572266,357.5241394042969,235.1787567138672,330.3589782714844,70.7604751586914,306.5872497558594,140.60850524902344,27.91082763671875,150.46176147460938,140.7089385986328,15.567062377929688,368.739990234375,208.4430694580078,39.90202713012695,45.203372955322266,60.896759033203125
2022-01-13,168.3393096923828,113.64860534667969,516.9000244140625,161.21400451660156,43.570770263671875,490.6255187988281,224.74188232421875,54.15476608276367,105.8833999633789,150.70892333984375,137.36892700195312,344.853271484375,50.95500946044922,150.23692321777344,53.333580017089844,359.67529296875,235.6204376220703,323.6379699707031,70.86504364013672,293.6117248535156,138.1881866455078,26.491313934326172,150.7040252685547,140.0718231201172,15.773056983947754,343.85333251953125,207.7570343017578,39.95427322387695,45.84310531616211,60.4601936340332
2022-01-14,169.19964599609375,115.64885711669922,520.5999755859375,162.13800048828125,42.81122970581055,477.4409484863281,227.29762268066406,54.031497955322266,107.68709564208984,147.31544494628906,138.25457763671875,331.50396728515625,51.65987014770508,141.00283813476562,53.7627067565918,362.2254333496094,232.28543090820312,329.0107727050781,70.91734313964844,298.81353759765625,136.88568115234375,26.857154846191406,151.96725463867188,141.41683959960938,15.996705055236816,349.8699951171875,207.43814086914062,39.77511215209961,45.71389389038086,61.52165222167969
2022-01-18,166.00279235839844,116.42341613769531,513.3400268554688,158.91749572753906,41.336822509765625,463.27886962890625,222.21556091308594,52.59617614746094,108.03781127929688,147.6353759765625,134.8026580810547,326.79876708984375,50.788063049316406,135.09088134765625,53.333580017089844,356.5409851074219,231.17684936523438,315.3804626464844,71.05677032470703,291.5406799316406,135.74942016601562,25.821426391601562,150.51368713378906,138.69137573242188,16.073213577270508,343.5033264160156,208.4430694580078,39.887088775634766,44.9134407043457,62.55742263793945
2022-01-19,162.5126190185547,115.08708190917969,516.5800170898438,156.2989959716797,41.4976692199707,465.2627258300781,222.42198181152344,51.86531066894531,107.64533233642578,145.54112243652344,133.92893981933594,320.5340270996094,49.73073959350586,133.0011444091797,53.421165466308594,351.1194763183594,230.04112243652344,316.80792236328125,70.83891296386719,292.1956787109375,134.04971313476562,24.988059997558594,151.59523010253906,143.35484313964844,16.055559158325195,331.8833312988281,207.4477996826172,39.93935012817383,45.36094284057617,62.58309555053711
2022-01-20,160.83106994628906,113.23150634765625,510.8500061035156,151.66749572753906,40.881103515625,458.29547119140625,219.14862060546875,51.143253326416016,107.26118469238281,143.1269073486328,132.13583374023438,311.52459716796875,48.26535415649414,131.8669891357422,53.20222473144531,354.30230712890625,228.15731811523438,313.8043518066406,70.3683090209961,290.52923583984375,131.85110473632812,24.073945999145508,150.49636840820312,144.12887573242188,15.90253734588623,332.0899963378906,207.12893676757812,39.86469650268555,44.50376892089844,62.720054626464844
2022-01-21,158.77804565429688,112.33778381347656,499.9100036621094,142.64300537109375,40.13943099975586,457.1469421386719,214.9119110107422,49.910457611083984,105.97525024414062,133.19859313964844,129.20579528808594,311.0968322753906,48.26535415649414,129.5629425048828,52.93949508666992,345.6199951171875,229.4732666015625,300.5309143066406,69.69732666015625,285.1636962890625,132.05429077148438,23.30039405822754,150.73866271972656,144.6804962158203,15.661231994628906,314.6333312988281,198.99256896972656,39.68552780151367,44.179176330566406,61.778446197509766
2022-01-24,158.00570678710938,112.49099731445312,519.6599731445312,144.54400634765625,39.808815002441406,464.066650390625,219.23709106445312,50.10417938232422,106.2007064819336,133.2761688232422,129.65432739257812,324.2054443359375,48.172603607177734,129.4468231201172,52.510372161865234,340.11077880859375,228.5899658203125,306.02264404296875,68.6951675415039,285.49114990234375,134.87184143066406,23.298398971557617,149.96861267089844,143.50604248046875,15.502326011657715,310.0,195.050048828125,39.53622817993164,44.182315826416016,62.309181213378906
2022-01-25,156.2068328857422,113.28260040283203,502.7200012207031,139.98599243164062,40.59516143798828,453.0748596191406,211.72702026367188,49.40853500366211,110.71829986572266,132.35507202148438,125.8193359375,319.9013366699219,47.300785064697266,130.8578643798828,52.387779235839844,329.7347717285156,225.94900512695312,297.53717041015625,69.24417877197266,277.90045166015625,134.3914337158203,22.253700256347656,148.24684143066406,141.9402313232422,15.584722518920898,306.1333312988281,195.1949920654297,39.491432189941406,43.22114944458008,64.14103698730469
2022-01-26,156.118896484375,114.25292205810547,500.80999755859375,138.87249755859375,41.015140533447266,458.9125671386719,207.41168212890625,48.7216911315918,110.80177307128906,129.53366088867188,128.0971221923828,318.3863830566406,47.94073486328125,132.09918212890625,52.19510269165039,335.4776306152344,225.20086669921875,292.0652160644531,68.96532440185547,285.8186950683594,133.01504516601562,22.700284957885742,146.68075561523438,140.7035675048828,14.272258758544922,312.4700012207031,198.93458557128906,38.087947845458984,42.77995300292969,63.4904670715332
2022-01-27,155.65939331054688,115.73397064208984,493.04998779296875,139.6374969482422,40.63090133666992,458.0107421875,209.12208557128906,48.09648895263672,113.0396957397461,131.29824829101562,127.87114715576172,317.6288757324219,44.564762115478516,129.76832580566406,52.238887786865234,341.1911315917969,224.20040893554688,292.0750732421875,70.22017669677734,288.83380126953125,133.61546325683594,21.874895095825195,146.54229736328125,141.57545471191406,14.19575309753418,276.3666687011719,199.20518493652344,38.214866638183594,42.808319091796875,64.30369567871094
2022-01-28,166.5209503173828,117.39374542236328,518.1599731445312,143.97799682617188,40.98833084106445,467.41741943359375,218.35238647460938,48.9682502746582,109.06491088867188,134.41055297851562,132.17892456054688,326.6383361816406,44.26797103881836,130.92929077148438,53.28103256225586,372.31927490234375,230.82528686523438,299.0835266113281,70.49903869628906,296.9447021484375,134.7886962890625,22.7680721282959,149.39756774902344,142.79432678222656,14.837267875671387,282.1166687011719,220.319091796875,39.491432189941406,43.33775329589844,64.44065856933594
2022-01-31,170.8714141845703,116.51702880859375,534.2999877929688,149.57350158691406,41.2296028137207,479.47235107421875,228.673828125,49.021080017089844,109.6661376953125,138.61843872070312,134.11428833007812,327.0304260253906,45.27891159057617,132.70643615722656,53.42991638183594,376.0860900878906,233.8538360595703,310.53302001953125,71.00447082519531,299.56488037109375,136.78407287597656,24.408889770507812,150.1329803466797,142.74984741210938,15.00794506072998,312.239990234375,218.5507354736328,39.73778533935547,44.05942153930664,65.02274322509766
2022-02-01,170.70521545410156,116.61070251464844,535.97998046875,151.19349670410156,41.9444580078125,482.585693359375,228.17251586914062,48.75690841674805,112.55538940429688,140.09217834472656,136.4342041015625,328.5632019042969,45.39947509765625,134.98373413085938,53.03583908081055,381.61480712890625,233.43919372558594,316.2230529785156,71.38790893554688,297.4263916015625,136.9226531982422,24.560407638549805,149.11203002929688,142.1181640625,14.37231731414795,310.4166564941406,224.53224182128906,39.71538543701172,44.40608215332031,69.19152069091797
2022-02-02,171.90769958496094,117.98959350585938,533.0900268554688,150.6125030517578,41.8997917175293,495.50439453125,221.1833953857422,49.461360931396484,113.0731201171875,138.2790985107422,146.6991729736328,333.0456848144531,45.918861389160156,133.90313720703125,53.57880401611328,386.1798400878906,236.4045867919922,320.18829345703125,71.46634674072266,301.953857421875,137.3752899169922,25.162511825561523,151.82015991210938,144.66270446777344,14.442937850952148,301.88665771484375,227.4891357421875,40.163307189941406,44.38716125488281,69.01176452636719
2022-02-03,169.033447265625,119.78556823730469,510.8299865722656,138.8455047607422,41.488731384277344,496.0177917480469,209.15158081054688,48.60721969604492,112.06270599365234,135.76792907714844,141.83233642578125,325.0967102050781,44.778079986572266,132.7957305908203,53.95536804199219,379.6777648925781,234.92642211914062,235.69029235839844,68.85204315185547,290.19207763671875,134.2344512939453,23.872581481933594,151.73361206054688,146.03277587890625,14.45470905303955,297.0466613769531,223.7398223876953,40.155845642089844,44.43128204345703,68.20709228515625
2022-02-04,168.74957275390625,119.71744537353516,513.5399780273438,157.63949584960938,43.141849517822266,494.1165466308594,215.50167846679688,48.56318283081055,113.46558380126953,137.69735717773438,142.0335693359375,320.5162048339844,44.86685562133789,136.242919921875,53.386131286621094,372.0174255371094,234.40357971191406,235.0260772705078,68.45990753173828,294.70989990234375,134.30831909179688,24.242416381835938,149.24180603027344,143.71070861816406,14.172208786010742,307.7733459472656,220.6959686279297,39.79751205444336,43.908145904541016,69.68801879882812
2022-02-07,168.03504943847656,121.31765747070312,507.1000061035156,157.9355010986328,43.347373962402344,490.4278564453125,213.28016662597656,48.5807991027832,115.69515228271484,138.1724395751953,137.97755432128906,318.44873046875,45.025726318359375,136.6983642578125,53.94660186767578,366.10906982421875,234.21434020996094,222.95216369628906,67.60588836669922,289.9031066894531,134.07740783691406,24.650121688842773,148.65347290039062,142.63418579101562,14.083928108215332,302.4466552734375,219.50741577148438,39.56608200073242,43.47641372680664,70.52690124511719
2022-02-08,171.1380615234375,122.15180206298828,511.30999755859375,161.4134979248047,44.12479019165039,495.42828369140625,213.73233032226562,48.730499267578125,113.93321228027344,138.14334106445312,138.1737518310547,322.093505859375,45.61448287963867,139.27035522460938,54.29692077636719,364.3960266113281,234.42164611816406,218.26332092285156,67.02201843261719,293.3804931640625,132.5901336669922,25.028926849365234,148.8351593017578,142.3138885498047,14.089814186096191,307.3333435058594,220.26116943359375,39.43171310424805,43.485862731933594,68.70359802246094
2022-02-09,172.5574188232422,121.88794708251953,521.75,161.1894989013672,44.03542709350586,502.729248046875,218.26390075683594,49.56703567504883,115.06050109863281,142.748779296875,140.34750366210938,324.7045593261719,46.64247131347656,139.850830078125,53.45619201660156,371.20953369140625,234.2233123779297,229.98040771484375,66.69087219238281,299.78643798828125,135.11199951171875,26.62089729309082,148.7659454345703,141.9936065673828,14.419400215148926,310.6666564941406,223.09242248535156,39.93935012817383,43.39133071899414,68.37469482421875
2022-02-10,168.4852752685547,121.47087097167969,495.0199890136719,159.0034942626953,43.82990646362305,492.89013671875,213.96826171875,48.3166389465332,113.59917449951172,147.5287322998047,137.40162658691406,316.43475341796875,45.661216735839844,139.27035522460938,53.75394821166992,364.41552734375,231.52833557128906,226.0846405029297,66.71701049804688,291.28057861328125,133.78179931640625,25.742673873901367,145.67710876464844,139.83168029785156,14.272258758544922,301.51666259765625,218.3449249267578,39.595943450927734,42.88395309448242,67.71693420410156
2022-02-11,165.0787811279297,120.87506103515625,473.9700012207031,153.2935028076172,42.820167541503906,484.5149230957031,204.36441040039062,47.462486267089844,115.91223907470703,144.92059326171875,133.1022491455078,312.1573486328125,44.51173782348633,137.45745849609375,52.799373626708984,359.9185485839844,229.98703002929688,217.6387939453125,66.78673553466797,284.2099914550781,129.49545288085938,23.873577117919922,145.85879516601562,139.04873657226562,14.201637268066406,286.6666564941406,217.47381591796875,39.80497741699219,42.647613525390625,69.42195892333984
2022-02-14,165.31369018554688,121.71772003173828,474.010009765625,155.16700744628906,42.373374938964844,481.55841064453125,202.88990783691406,46.82847213745117,114.12525939941406,146.25860595703125,134.33482360839844,313.2890319824219,44.46500778198242,136.180419921875,53.14091491699219,364.191650390625,228.39163208007812,215.8048858642578,66.63858032226562,284.1714782714844,130.79798889160156,24.19057846069336,144.23220825195312,139.4490966796875,14.154556274414062,291.9200134277344,218.10296630859375,39.767642974853516,42.212711334228516,68.35739135742188
2022-02-15,169.14111328125,123.2157974243164,479.5,156.510498046875,42.704002380371094,488.5552062988281,210.6063995361328,47.78828430175781,113.28987121582031,150.0108184814453,135.40782165527344,314.80401611328125,45.26870346069336,138.17193603515625,53.34233856201172,371.3749694824219,228.77020263671875,219.07618713378906,67.80634307861328,289.440673828125,134.48385620117188,26.41156005859375,143.59193420410156,139.52029418945312,14.325233459472656,307.4766540527344,220.50332641601562,39.8348274230957,42.34506607055664,67.50055694580078
2022-02-16,168.9062042236328,124.16059875488281,477.70001220703125,158.10049438476562,42.605712890625,487.1101989746094,208.1390838623047,47.77067565917969,113.32364654541016,151.59121704101562,136.52737426757812,311.9790344238281,45.07244873046875,138.4219207763672,53.333580017089844,372.72802734375,228.1212158203125,214.6549835205078,67.29215240478516,289.102783203125,135.32447814941406,26.427507400512695,143.88613891601562,140.57901000976562,14.089814186096191,307.7966613769531,221.47119140625,39.86469650268555,42.08034896850586,67.8121337890625
2022-02-17,165.31369018554688,123.39450073242188,457.7099914550781,154.65249633789062,41.167057037353516,489.5914001464844,196.62823486328125,49.109134674072266,112.74140930175781,148.294677734375,131.37405395507812,310.0630798339844,44.455665588378906,135.2337646484375,54.40200424194336,363.7438659667969,226.17434692382812,205.90187072753906,66.54273223876953,280.63726806640625,131.91571044921875,24.429821014404297,144.2754669189453,142.1893768310547,13.98387336730957,292.1166687011719,217.3964080810547,39.99907302856445,43.76633834838867,67.708251953125
2022-02-18,163.76707458496094,122.59441375732422,442.55999755859375,152.60150146484375,41.068756103515625,487.3668518066406,193.49249267578125,50.37714385986328,112.58108520507812,146.7530975341797,129.25685119628906,309.109619140625,42.09130096435547,135.86782836914062,54.76982879638672,360.0938720703125,225.8769073486328,204.3653564453125,66.55146026611328,277.9345397949219,132.05429077148438,23.56754493713379,145.10604858398438,142.26052856445312,14.048615455627441,285.6600036621094,215.53805541992188,40.18570327758789,43.485862731933594,66.95528411865234
2022-02-22,160.85000610351562,123.89669799804688,438.3999938964844,150.19749450683594,40.71131896972656,477.39459228515625,191.8115997314453,49.57583236694336,111.72039031982422,143.58261108398438,128.67254638671875,281.75164794921875,41.76420974731445,135.62669372558594,54.542137145996094,358.4780578613281,227.7696990966797,200.3208465576172,66.18545532226562,277.7318115234375,127.65714263916016,23.31633949279785,145.65980529785156,140.5078125,13.977987289428711,273.84332275390625,214.2121124267578,40.237972259521484,43.00054931640625,66.17633819580078
2022-02-23,156.6897430419922,124.91812896728516,429.45001220703125,144.82699584960938,40.01433563232422,470.8161926269531,187.2996063232422,47.937984466552734,114.37841033935547,141.43019104003906,126.46659088134766,274.8720397949219,41.72683334350586,132.7868194580078,53.93785095214844,351.6060791015625,223.34408569335938,196.7224578857422,66.08959197998047,270.5403747558594,126.40079498291016,22.316499710083008,144.2235565185547,138.75515747070312,13.836735725402832,254.67999267578125,209.0145263671875,39.872161865234375,42.55936813354492,66.44463348388672
2022-02-24,159.3033905029297,123.64988708496094,463.82000732421875,151.35800170898438,38.95991516113281,480.62677001953125,200.81578063964844,48.19335174560547,113.7877426147461,144.85272216796875,131.5247344970703,279.14056396484375,43.661312103271484,129.08961486816406,52.99203872680664,359.5389709472656,220.8563995361328,205.79283142089844,64.05912780761719,284.36328125,126.71487426757812,23.673213958740234,141.7144012451172,135.01846313476562,13.671945571899414,266.92333984375,210.32115173339844,39.26000213623047,42.39549255371094,65.60511779785156
2022-02-25,161.36880493164062,127.28436279296875,465.5400085449219,153.7884979248047,40.228797912597656,491.94903564453125,204.55116271972656,49.34689712524414,118.4540023803711,144.97877502441406,133.27767944335938,282.1793518066406,44.58648681640625,132.14382934570312,55.04130935668945,359.25677490234375,224.8403778076172,208.6477508544922,66.50786590576172,286.9888916015625,128.22064208984375,24.080928802490234,145.6857452392578,140.7836456298828,14.07215404510498,269.9566650390625,212.2279510498047,40.402198791503906,42.97848892211914,67.37071990966797
2022-02-28,161.63311767578125,125.77780151367188,467.67999267578125,153.56300354003906,39.496063232421875,493.62213134765625,206.9496612548828,49.109134674072266,121.50859069824219,143.9413604736328,133.8699493408203,281.44866943359375,44.57715606689453,126.6337661743164,54.50709533691406,351.2071228027344,221.84942626953125,209.19296264648438,66.73445129394531,288.4175109863281,126.1421127319336,24.308204650878906,141.67111206054688,138.69288635253906,13.942676544189453,290.1433410644531,209.17904663085938,40.06624984741211,42.594032287597656,67.8727035522461
2022-03-01,159.753662109375,125.709716796875,466.67999267578125,151.14199829101562,37.95018005371094,497.1203918457031,205.33753967285156,48.09648895263672,126.3351821899414,141.26535034179688,132.88319396972656,285.3874816894531,43.7547607421875,121.85597229003906,54.2706413269043,335.30242919921875,217.19065856933594,201.7185821533203,66.5252914428711,284.71075439453125,122.14214324951172,23.40306282043457,140.39926147460938,136.39749145507812,13.84850788116455,288.1233215332031,202.2587127685547,40.02146911621094,42.855594635009766,68.5218505859375
2022-03-02,163.04269409179688,127.30994415283203,471.17999267578125,152.05250549316406,38.566741943359375,501.9402160644531,206.8120574951172,49.443756103515625,130.0648193359375,142.85543823242188,133.3887176513672,291.73236083984375,45.67054748535156,124.38327026367188,54.67348861694336,334.9227600097656,218.37799072265625,206.2983856201172,66.8128662109375,289.7689514160156,125.33843231201172,24.147838592529297,142.34600830078125,136.82452392578125,14.019186973571777,293.2966613769531,201.78443908691406,40.41712188720703,42.9091682434082,69.69892883300781
2022-03-03,162.7196502685547,128.02493286132812,459.0799865722656,147.89849853515625,38.15369415283203,506.7408752441406,201.26795959472656,49.3733024597168,131.81993103027344,141.13931274414062,132.7226104736328,289.0500793457031,44.79209518432617,123.49916076660156,54.70851516723633,331.90533447265625,214.48971557617188,201.20310974121094,67.23117065429688,285.6470947265625,123.75877380371094,23.643346786499023,142.19358825683594,137.33163452148438,14.07215404510498,279.7633361816406,200.5745849609375,40.80533218383789,43.89554214477539,70.14031982421875
2022-03-04,159.72427368164062,128.152587890625,452.1300048828125,145.64100646972656,36.77084732055664,499.56365966796875,199.5575714111328,49.7607536315918,133.8704376220703,136.4369354248047,130.74710083007812,288.9609375,44.92293167114258,120.02519989013672,54.79609680175781,321.9479675292969,213.72837829589844,198.31846618652344,67.8237533569336,279.7974548339844,121.45793914794922,22.867666244506836,144.3534393310547,138.025634765625,14.048615455627441,279.42999267578125,193.8574676513672,41.141258239746094,45.00798034667969,72.78009796142578
2022-03-07,155.9359893798828,127.20777893066406,437.9700012207031,137.4530029296875,34.42721176147461,502.4346618652344,192.89285278320312,48.95063400268555,136.73092651367188,129.4366912841797,125.26773071289062,287.6331787109375,44.55846405029297,115.39033508300781,53.491233825683594,304.5832214355469,203.3234100341797,185.8380584716797,67.7365951538086,269.2276306152344,115.21745300292969,21.28838348388672,141.47943115234375,135.9793701171875,13.872047424316406,268.1933288574219,184.57546997070312,40.820255279541016,44.64558029174805,75.40259552001953
2022-03-08,154.11529541015625,125.25010681152344,431.5299987792969,136.01449584960938,34.651702880859375,497.52935791015625,188.81344604492188,47.90275955200195,143.89486694335938,127.73993682861328,125.98733520507812,282.2595520019531,44.3902473449707,114.57765197753906,51.37188720703125,305.9556579589844,201.92759704589844,188.63348388671875,67.05689239501953,266.27386474609375,112.22684478759766,21.449901580810547,137.49069213867188,130.5967559814453,13.536580085754395,274.79998779296875,185.5530548095703,39.752716064453125,43.722225189208984,75.97382354736328
2022-03-09,159.50894165039062,126.68855285644531,450.8699951171875,139.2790069580078,36.85166549682617,501.6074523925781,199.70501708984375,49.2412223815918,140.3002471923828,129.58212280273438,132.24734497070312,284.37542724609375,44.51173782348633,119.16791534423828,51.634613037109375,319.3880310058594,201.63758850097656,196.7720184326172,67.78887939453125,278.484619140625,117.54145050048828,22.9454345703125,137.08132934570312,132.35833740234375,13.689600944519043,286.3233337402344,193.34451293945312,39.62580871582031,43.94911193847656,71.65496063232422
2022-03-10,155.1724853515625,126.96946716308594,438.95001220703125,146.8175048828125,36.519432067871094,506.4272155761719,196.7461700439453,48.17573547363281,144.1395721435547,129.5724334716797,131.26553344726562,285.0387878417969,43.60523986816406,117.75688934326172,50.68880081176758,315.9422607421875,201.21157836914062,193.5106964111328,67.87604522705078,275.6756591796875,116.68961334228516,22.59049415588379,134.5644073486328,128.95082092285156,13.648402214050293,279.4333190917969,191.61199951171875,39.73778533935547,44.94810485839844,73.87930297851562
2022-03-11,151.46250915527344,126.8758316040039,416.3800048828125,145.52450561523438,36.21413040161133,501.3888244628906,194.53443908691406,48.15813064575195,144.20709228515625,127.73993682861328,128.72901916503906,284.0077819824219,42.8295783996582,115.10456085205078,50.72382354736328,316.1369934082031,205.6255645751953,185.97682189941406,68.1984634399414,270.34735107421875,113.54159545898438,22.03415870666504,133.8851318359375,127.42057037353516,13.648402214050293,265.1166687011719,190.3924560546875,39.595943450927734,44.77163314819336,73.49848175048828
2022-03-14,147.43930053710938,129.46337890625,411.5,141.85299682617188,36.99534606933594,499.9913024902344,189.8357391357422,47.8147087097168,140.67996215820312,125.10273742675781,124.8439712524414,285.41534423828125,41.49319076538086,116.24764251708984,51.65922927856445,319.835693359375,205.00015258789062,185.00537109375,68.38308715820312,266.8433837890625,108.85662841796875,21.266450881958008,135.7662811279297,129.04872131347656,13.471839904785156,255.4566650390625,193.89620971679688,39.19282150268555,45.395606994628906,70.86734771728516
2022-03-15,151.8148956298828,132.68084716796875,421.6600036621094,147.3665008544922,37.26472473144531,515.5535278320312,192.8043670654297,48.959442138671875,133.5581817626953,130.11537170410156,128.0624237060547,294.5419006347656,41.8763542175293,118.310546875,52.6122932434082,326.074951171875,210.7917938232422,190.3583526611328,69.13919830322266,277.1816101074219,110.55098724365234,22.90455436706543,138.47482299804688,133.69287109375,13.58954906463623,267.2966613769531,199.5195770263672,39.38691329956055,45.94078826904297,66.83409881591797
2022-03-16,156.21987915039062,132.8255157470703,442.3599853515625,153.10400390625,38.43204879760742,516.5707397460938,202.07403564453125,49.14436340332031,133.0772247314453,133.93545532226562,132.10906982421875,296.6666259765625,43.577205657958984,123.59740447998047,52.471099853515625,335.4970703125,215.84017944335938,201.85739135742188,68.68202209472656,284.17022705078125,115.91189575195312,24.423017501831055,139.08445739746094,133.2391357421875,13.648402214050293,280.07666015625,205.0655517578125,39.18535232543945,45.8052864074707,66.5831298828125
2022-03-17,157.22813415527344,134.9875030517578,444.3599853515625,157.23899841308594,38.63857650756836,525.5067138671875,206.8317108154297,49.461360931396484,135.38084411621094,135.22499084472656,132.6626739501953,301.55267333984375,44.05381393432617,125.16022491455078,53.02704620361328,337.210205078125,215.23292541503906,206.03073120117188,69.4029541015625,284.97137451171875,117.96734619140625,24.69221305847168,140.16441345214844,133.65725708007812,13.648402214050293,290.5333251953125,206.5948028564453,39.08829879760742,45.87488555908203,68.35739135742188
2022-03-18,160.51715087890625,135.5067138671875,453.3299865722656,161.25050354003906,38.5218505859375,533.6442260742188,215.0790252685547,49.28525924682617,136.46932983398438,136.0297088623047,134.92906188964844,305.4794006347656,44.34352111816406,125.1156005859375,53.035884857177734,340.762939453125,216.5471649169922,214.6053924560547,69.55241394042969,290.0005187988281,121.51350402832031,26.37418556213379,141.77557373046875,133.58609008789062,13.666060447692871,301.7966613769531,212.07308959960938,37.92372131347656,46.010921478271484,68.08909606933594
2022-03-21,161.88763427734375,136.23025512695312,453.5899963378906,161.4915008544922,38.46796798706055,528.1115112304688,210.08543395996094,49.311668395996094,138.92483520507812,134.40084838867188,134.9052734375,295.2859802246094,44.28744888305664,124.71371459960938,53.4594612121582,336.3730773925781,213.28424072265625,209.64898681640625,69.50845336914062,288.7746276855469,120.54131317138672,26.65435028076172,141.5752716064453,134.0931854248047,13.630744934082031,307.0533447265625,210.0695037841797,38.14767837524414,45.62812805175781,71.14431762695312
2022-03-22,165.25497436523438,136.1961669921875,466.45001220703125,164.88900756835938,39.671207427978516,531.809326171875,214.4990692138672,49.461360931396484,138.46075439453125,135.8455047607422,138.63865661621094,295.6086730957031,45.22197723388672,127.36604309082031,53.65359878540039,340.2178039550781,215.82203674316406,214.76402282714844,69.71944427490234,293.5044860839844,123.22636413574219,26.444978713989258,143.12550354003906,135.125244140625,13.660173416137695,331.32666015625,211.4535675048828,38.07302474975586,45.492095947265625,70.83271789550781
2022-03-23,166.61561584472656,134.84280395507812,422.8999938964844,163.4080047607422,38.69244384765625,526.6759033203125,207.51979064941406,47.973201751708984,139.95425415039062,133.45068359375,137.0601806640625,284.2408142089844,45.109832763671875,124.82984924316406,53.30061340332031,333.063720703125,214.00936889648438,211.601806640625,70.0975112915039,289.09320068359375,123.1430892944336,25.557628631591797,142.3765106201172,134.18218994140625,13.660173416137695,333.03668212890625,207.78530883789062,38.05063247680664,44.906822204589844,71.94923400878906
2022-03-24,170.39414978027344,136.42599487304688,432.1400146484375,163.64950561523438,38.674495697021484,530.564208984375,210.3409881591797,47.99081802368164,140.32553100585938,134.73049926757812,140.32769775390625,283.102294921875,48.24051284790039,125.64248657226562,53.812442779541016,340.0425720214844,217.76165771484375,217.65859985351562,70.69535064697266,293.5432434082031,122.29125213623047,28.066133499145508,143.2386932373047,134.4134521484375,13.730796813964844,337.97332763671875,210.33084106445312,38.07302474975586,45.18522262573242,72.16559600830078
2022-03-25,171.0303955078125,137.31971740722656,431.6199951171875,164.77349853515625,39.26713180541992,528.2825927734375,207.441162109375,48.40469741821289,142.86541748046875,134.90501403808594,140.4278106689453,278.5299987792969,48.436771392822266,126.74089813232422,54.29778289794922,339.7214050292969,218.9580841064453,219.88905334472656,71.51298522949219,293.1377258300781,123.79119110107422,27.609495162963867,143.90928649902344,135.97044372558594,14.03095817565918,336.8800048828125,211.4148712158203,38.28205108642578,45.38136672973633,73.7408218383789
2022-03-28,171.89178466796875,137.86447143554688,450.010009765625,168.99049377441406,39.105499267578125,537.3137817382812,211.61888122558594,48.554386138916016,140.3677215576172,134.49783325195312,140.21221923828125,281.7575378417969,48.13772201538086,125.80321502685547,54.64195251464844,341.1522521972656,220.19073486328125,221.6436004638672,71.39869689941406,299.9140319824219,124.81893157958984,28.134923934936523,144.33604431152344,136.90460205078125,14.048615455627441,363.9466552734375,213.67974853515625,38.19992446899414,46.18806838989258,71.6722640991211
2022-03-29,175.18084716796875,138.04322814941406,466.3299865722656,169.31500244140625,39.006736755371094,541.8482666015625,217.52667236328125,49.021080017089844,138.65480041503906,138.04641723632812,141.25296020507812,284.8326416015625,48.82926559448242,126.08009338378906,54.85374069213867,357.75775146484375,224.93101501464844,227.8590545654297,71.7152099609375,304.4605712890625,128.8280487060547,28.57062530517578,146.47848510742188,138.31031799316406,14.119240760803223,366.5233459472656,220.79367065429688,38.2596549987793,46.57719039916992,71.29145050048828
2022-03-30,174.0159912109375,139.3795623779297,460.05999755859375,166.30099487304688,38.61164093017578,548.0181274414062,211.28466796875,49.3557014465332,139.63363647460938,136.6696319580078,140.69094848632812,276.5397644042969,48.062950134277344,125.50851440429688,54.89786148071289,352.5892333984375,225.71047973632812,225.86654663085938,72.44493865966797,302.9643249511719,128.27247619628906,27.607500076293945,146.27818298339844,137.3583221435547,14.20752239227295,364.663330078125,216.75759887695312,38.52840805053711,47.412384033203125,72.51180267333984
2022-03-31,170.92271423339844,137.98362731933594,455.6199951171875,162.99749755859375,37.013301849365234,547.4285278320312,208.709228515625,49.10033416748047,137.39749145507812,132.98529052734375,137.84519958496094,268.35455322265625,46.31537628173828,121.73989868164062,54.71255111694336,347.8587341308594,224.1243438720703,220.42433166503906,72.1372299194336,297.6070251464844,124.58740997314453,27.2047061920166,145.77304077148438,135.94374084472656,13.90736198425293,359.20001220703125,214.6476287841797,38.02823257446289,47.11183547973633,71.48184967041016
2022-04-01,170.62904357910156,138.4687957763672,458.19000244140625,163.55999755859375,36.725955963134766,547.1625366210938,208.64041137695312,49.01227569580078,138.57040405273438,132.8301544189453,138.91868591308594,270.6496887207031,44.9603157043457,120.837890625,55.48029708862305,354.273193359375,225.9097900390625,222.89266967773438,73.42961120605469,298.6784973144531,123.62454223632812,26.632415771484375,147.84584045410156,137.98110961914062,14.11335563659668,361.5299987792969,219.09019470214844,38.90913391113281,47.77302551269531,71.9405746459961
2022-04-04,174.6718292236328,137.7963409423828,468.80999755859375,168.34649658203125,36.66310119628906,546.7442016601562,215.12820434570312,49.197200775146484,138.69699096679688,134.362060546875,141.71487426757812,273.95782470703125,45.97895431518555,121.37371063232422,55.189083099365234,357.1347351074219,223.71649169921875,231.8539276123047,73.40324401855469,304.0357666015625,124.38373565673828,27.278488159179688,147.46261596679688,137.08255004882812,14.231060981750488,381.8166809082031,220.42591857910156,39.16295623779297,47.78251647949219,71.97521209716797
2022-04-05,171.3632049560547,139.10716247558594,458.5799865722656,164.05499267578125,36.04351806640625,546.9247436523438,206.5662841796875,48.691837310791016,137.8447723388672,131.49215698242188,139.35533142089844,273.312255859375,44.979007720947266,119.96122741699219,55.1273078918457,353.6404113769531,225.23910522460938,229.82179260253906,73.60545349121094,300.08770751953125,122.49493408203125,25.853742599487305,147.61936950683594,137.56295776367188,14.060384750366211,363.7533264160156,218.82887268066406,39.4018440246582,47.91855239868164,71.60301971435547
2022-04-06,168.20143127441406,143.77162170410156,444.3299865722656,158.75599670410156,35.64841842651367,555.9274291992188,197.40480041503906,48.20420837402344,139.0682830810547,128.5349884033203,135.34783935546875,267.6463317871094,44.42762756347656,118.29688262939453,55.68324661254883,344.13067626953125,227.91290283203125,221.3561553955078,74.70443725585938,289.102783203125,118.8469467163086,24.334287643432617,150.1363067626953,139.5291748046875,14.142783164978027,348.586669921875,211.97622680664062,39.71538543701172,49.03211975097656,72.39928436279297
2022-04-07,168.50482177734375,147.4912567138672,452.7200012207031,157.7845001220703,35.37005615234375,578.0393676757812,196.7560272216797,48.43472671508789,141.0006103515625,127.85629272460938,134.69415283203125,271.420654296875,44.446319580078125,117.93699645996094,55.9832878112793,340.70953369140625,230.54135131835938,221.00918579101562,76.31336212158203,290.9079284667969,119.79135131835938,24.13587760925293,150.27561950683594,141.3352813720703,13.966217994689941,352.4200134277344,209.2080841064453,39.79851150512695,49.5224723815918,73.61100769042969
2022-04-08,166.4981689453125,148.92120361328125,445.3399963378906,154.4604949951172,35.62147521972656,570.4246215820312,193.81686401367188,48.12440872192383,143.38856506347656,127.85629272460938,132.1160125732422,278.91558837890625,43.94166946411133,120.09618377685547,56.32746124267578,343.36065673828125,227.91290283203125,220.3946075439453,77.0870361328125,286.6606750488281,118.65250396728516,23.05011749267578,150.7808074951172,142.43844604492188,14.20752239227295,341.8299865722656,210.0114288330078,40.448341369628906,49.797698974609375,75.16024780273438
2022-04-11,162.2498016357422,144.55471801757812,434.44000244140625,151.1219940185547,35.54964828491211,555.8132934570312,192.1261444091797,46.883174896240234,139.70114135742188,126.67340850830078,127.69125366210938,274.9798583984375,43.52113723754883,119.65536499023438,56.30980682373047,338.58465576171875,226.9974822998047,214.57569885253906,76.16388702392578,275.3572082519531,115.7174301147461,21.85169792175293,150.31919860839844,141.89572143554688,15.296403884887695,325.30999755859375,207.8530731201172,40.727928161621094,48.8106689453125,72.57238006591797
2022-04-12,164.11944580078125,142.4097442626953,426.7699890136719,150.78750610351562,35.17251205444336,552.6666870117188,191.4969940185547,45.943389892578125,142.61228942871094,126.85762786865234,126.59197998046875,274.5943603515625,43.455718994140625,118.34185791015625,56.97165298461914,337.0543212890625,225.83734130859375,212.27587890625,75.28468322753906,272.26824951171875,115.77299499511719,21.439931869506836,150.92884826660156,141.4686737060547,15.241859436035156,328.98333740234375,204.61065673828125,40.55413055419922,48.475337982177734,74.0870132446289
2022-04-13,166.80162048339844,136.44378662109375,431.6700134277344,155.54100036621094,34.85822677612305,561.9163818359375,192.39157104492188,46.2359733581543,144.85678100585938,128.32168579101562,128.7523193359375,278.29693603515625,43.93232727050781,114.52729034423828,57.121665954589844,346.1580810546875,227.79505920410156,213.11849975585938,75.72428131103516,277.6352233886719,118.04142761230469,22.13684844970703,150.66757202148438,141.8690643310547,15.350945472717285,340.7900085449219,206.42059326171875,40.90926742553711,49.73759841918945,75.13429260253906
2022-04-14,161.79946899414062,139.32801818847656,420.44000244140625,151.7064971923828,33.73579788208008,561.2509765625,186.18881225585938,45.36709976196289,144.789306640625,126.49891662597656,125.61614227294922,273.0075378417969,42.68004608154297,113.4656753540039,57.37757873535156,348.7703552246094,227.05184936523438,208.35037231445312,76.41006469726562,270.1156921386719,123.56897735595703,21.194665908813477,149.70957946777344,141.07725524902344,15.445799827575684,328.3333435058594,205.95602416992188,40.67502975463867,49.693302154541016,76.01710510253906
2022-04-18,161.58416748046875,136.79574584960938,425.4700012207031,152.78500366210938,34.88517379760742,553.3892211914062,183.8296661376953,45.313907623291016,146.7300567626953,123.8810806274414,126.5543212890625,269.1435546875,43.586551666259766,115.57091522216797,56.865753173828125,347.776123046875,227.55035400390625,208.93524169921875,75.67154693603516,270.78173828125,121.87460327148438,21.718101501464844,148.42062377929688,139.73382568359375,15.382556915283203,334.7633361816406,206.32379150390625,40.342552185058594,49.31367874145508,76.6402587890625
2022-04-19,163.86497497558594,134.21194458007812,436.3999938964844,158.11549377441406,35.53168869018555,564.968017578125,188.13519287109375,45.95225524902344,144.99180603027344,127.88538360595703,128.86631774902344,275.9480895996094,44.79209518432617,117.96399688720703,57.42169952392578,354.6673583984375,231.48394775390625,215.4182586669922,75.42537689208984,275.39581298828125,126.89290618896484,22.131864547729492,150.58047485351562,141.82460021972656,15.40627670288086,342.7166748046875,208.77255249023438,40.61457443237305,49.873626708984375,75.95650482177734
2022-04-20,163.69854736328125,134.5123748779297,428.1099853515625,153.9980010986328,35.61249923706055,573.7424926757812,183.06289672851562,47.00730514526367,145.58248901367188,120.77848815917969,126.91461944580078,282.5285339355469,44.9603157043457,118.37785339355469,58.20709991455078,356.0514221191406,231.89181518554688,198.67532348632812,76.014404296875,276.41900634765625,125.80034637451172,21.41799545288086,152.81871032714844,145.5968475341797,15.35884952545166,325.73333740234375,210.79541015625,41.11328887939453,50.5,76.12960815429688
2022-04-21,162.90565490722656,136.0746612548828,417.4800109863281,148.29600524902344,34.939048767089844,562.5343627929688,174.21595764160156,46.79452133178711,138.8741912841797,117.9570541381836,123.71746826171875,278.2431945800781,44.3902473449707,117.4601821899414,58.42770004272461,355.2229919433594,231.34800720214844,186.43283081054688,75.81222534179688,271.06170654296875,125.42074584960938,20.12286949157715,152.2700653076172,145.48324584960938,15.97541332244873,336.260009765625,209.49844360351562,41.56665802001953,50.57594299316406,75.32470703125
2022-04-22,158.3734130859375,133.04449462890625,408.6700134277344,144.35000610351562,33.7268180847168,543.4834594726562,168.5146026611328,45.535560607910156,135.81118774414062,114.67023468017578,118.583984375,269.0538330078125,43.49309539794922,114.08642578125,57.580535888671875,342.29833984375,226.74368286132812,182.50733947753906,74.37035369873047,264.5169982910156,119.50433349609375,19.45685386657715,149.92727661132812,144.26646423339844,15.429987907409668,335.01666259765625,201.48439025878906,39.22423553466797,49.623714447021484,73.68023681640625
2022-04-25,159.4403839111328,134.16900634765625,413.95001220703125,146.07400512695312,33.484378814697266,540.16552734375,171.60121154785156,46.04977798461914,132.8916015625,116.2990951538086,121.99226379394531,273.3840637207031,43.97904586791992,114.05044555664062,58.18944549560547,345.6318054199219,229.19993591308594,185.36224365234375,75.11763763427734,270.9748229980469,118.45807647705078,19.842702865600586,151.31202697753906,145.4295196533203,15.422086715698242,332.67333984375,203.20721435546875,37.99258041381836,49.64902114868164,71.19625091552734
2022-04-26,153.48878479003906,134.06600952148438,399.1199951171875,139.39100646972656,32.7301025390625,526.4288940429688,167.1875762939453,45.127723693847656,132.08157348632812,112.24633026123047,117.6071548461914,268.9194641113281,42.53987503051758,110.67671966552734,57.404056549072266,335.4070739746094,225.30258178710938,179.37481689453125,74.27364349365234,260.83929443359375,111.58798217773438,18.732023239135742,150.92884826660156,142.960205078125,15.256086349487305,292.1400146484375,194.64149475097656,37.33518981933594,49.13018798828125,71.22221374511719
2022-04-27,153.263671875,135.30209350585938,397.8999938964844,138.16700744628906,32.55051040649414,526.7330932617188,171.70933532714844,43.7180290222168,131.83685302734375,111.70337677001953,113.2899398803711,270.38970947265625,42.2595100402832,109.23725128173828,57.85410690307617,352.42547607421875,223.99740600585938,173.42701721191406,74.21210479736328,273.3880310058594,112.25463104248047,18.36013412475586,152.2787322998047,142.5755157470703,15.074277877807617,293.836669921875,207.23367309570312,36.617347717285156,48.79486083984375,73.25613403320312
2022-04-28,160.18438720703125,134.17759704589844,410.5299987792969,144.59649658203125,33.0533561706543,535.1314086914062,182.58128356933594,44.888343811035156,136.51995849609375,111.78093719482422,117.48076629638672,279.498291015625,43.77345657348633,110.96460723876953,58.41006851196289,369.2490234375,230.38729858398438,203.93910217285156,77.87831115722656,279.575439453125,117.63402557373047,19.723060607910156,154.586669921875,146.1989288330078,15.350945472717285,292.5033264160156,213.57325744628906,36.57200622558594,49.41807556152344,75.47181701660156
2022-04-29,154.32086181640625,126.08279418945312,395.95001220703125,124.28150177001953,32.03867721557617,506.29901123046875,172.9479217529297,43.42545700073242,132.19967651367188,108.23233032226562,113.1065444946289,269.31378173828125,40.736228942871094,107.38394165039062,57.015769958496094,354.1898193359375,225.82827758789062,198.72488403320312,77.9749984741211,267.8858947753906,115.45819091796875,18.491743087768555,149.5441131591797,143.64016723632812,14.908278465270996,290.2533264160156,206.2850799560547,34.98520278930664,48.399410247802734,73.78410339355469
2022-05-02,154.6243133544922,126.93262481689453,407.2900085449219,124.5,32.45172882080078,503.66143798828125,174.55020141601562,44.20566177368164,134.79859924316406,110.04541778564453,115.55831909179688,275.2039794921875,42.01653289794922,108.36457824707031,55.9832878112793,349.9595031738281,223.5442352294922,209.29209899902344,77.06066131591797,274.5946044921875,116.73593139648438,19.474802017211914,146.10397338867188,141.69873046875,15.113801956176758,300.9800109863281,204.73648071289062,34.932315826416016,48.07988739013672,74.78809356689453
2022-05-03,156.11219787597656,128.41770935058594,407.5799865722656,124.25350189208984,33.3406982421875,502.83306884765625,175.32676696777344,44.25886154174805,137.1106414794922,110.09390258789062,116.3027114868164,273.4019775390625,42.1099853515625,110.68570709228516,55.665618896484375,348.7410888671875,222.84634399414062,210.1842498779297,76.57711029052734,271.99798583984375,113.75455474853516,19.54360008239746,146.3043212890625,139.75726318359375,15.279802322387695,303.0833435058594,201.8618927001953,35.642601013183594,48.247554779052734,76.32868194580078
2022-05-04,162.5141143798828,130.1259002685547,423.3500061035156,125.92849731445312,34.67863845825195,518.4013061523438,182.32566833496094,45.7306022644043,141.41404724121094,112.6535415649414,121.1864013671875,282.6809387207031,43.49309539794922,114.34735107421875,57.386409759521484,359.1997375488281,230.5050811767578,221.4652099609375,77.82554626464844,279.9132995605469,116.71742248535156,20.273418426513672,151.41656494140625,140.78616333007812,15.769896507263184,317.5400085449219,207.6304931640625,36.549346923828125,48.915069580078125,79.3666000366211
2022-05-05,153.45944213867188,130.6323699951172,400.510009765625,116.40699768066406,33.708858489990234,492.5875244140625,169.36981201171875,43.984012603759766,140.29177856445312,109.18250274658203,115.48150634765625,268.1573486328125,42.00957489013672,111.48641204833984,56.92751693725586,344.4329528808594,225.6107635498047,206.46690368652344,77.37716674804688,267.72174072265625,109.83806610107422,18.78785514831543,148.3944854736328,138.1916046142578,15.769896507263184,291.09332275390625,198.64845275878906,36.14885330200195,48.49596405029297,78.16354370117188
2022-05-06,154.18487548828125,131.19033813476562,391.010009765625,114.77249908447266,33.62804412841797,479.29486083984375,166.81402587890625,43.73577117919922,144.0298614501953,106.93313598632812,114.72916412353516,263.8541259765625,41.72700119018555,111.30648040771484,57.130496978759766,338.34100341796875,227.29653930664062,201.9961700439453,77.71126556396484,265.1927795410156,106.0048828125,18.619359970092773,148.4119110107422,139.56939697265625,15.83313274383545,288.54998779296875,196.30621337890625,36.473777770996094,47.48629379272461,79.35791778564453
2022-05-09,149.06756591796875,129.5851593017578,376.9100036621094,108.78900146484375,32.658260345458984,474.98150634765625,160.81776428222656,43.4077262878418,134.37669372558594,103.723876953125,111.52210235595703,266.2926025390625,40.56843566894531,109.63311004638672,57.015769958496094,319.6947326660156,224.31466674804688,194.50198364257812,77.05184936523438,255.39512634277344,102.96795654296875,16.89950180053711,149.53538513183594,139.22048950195312,15.453703880310059,262.3699951171875,186.80160522460938,36.738243103027344,48.041927337646484,73.10035705566406
2022-05-10,151.46939086914062,130.55514526367188,393.0299987792969,108.85900115966797,32.11050796508789,477.48577880859375,164.307373046875,43.930816650390625,135.66773986816406,104.4025650024414,113.38954162597656,261.03009033203125,41.45384216308594,106.96109771728516,56.486297607421875,317.10205078125,222.67413330078125,195.92941284179688,77.20133209228516,260.1443176269531,101.37545776367188,17.542577743530273,149.35247802734375,138.48684692382812,15.303515434265137,266.67999267578125,187.36297607421875,36.36799621582031,47.365638732910156,73.58502960205078
2022-05-11,143.6170196533203,130.44351196289062,379.3299865722656,105.37200164794922,31.939905166625977,465.6975402832031,158.52740478515625,43.13288497924805,137.67599487304688,102.00773620605469,112.60399627685547,253.67857360839844,40.342376708984375,106.28636169433594,56.75103759765625,317.6283874511719,221.54122924804688,187.0970001220703,78.41460418701172,251.50494384765625,99.92180633544922,16.58045196533203,148.629638671875,136.5364532470703,15.35884952545166,244.6666717529297,190.4021453857422,36.17908477783203,46.87032699584961,75.11698150634766
2022-05-12,139.75453186035156,132.44363403320312,388.489990234375,106.93049621582031,31.490938186645508,462.93621826171875,157.69183349609375,42.81370162963867,138.98387145996094,101.13513946533203,111.8521728515625,259.712158203125,40.35179138183594,106.19638061523438,56.92751693725586,313.115478515625,221.3236846923828,189.57525634765625,79.8564682006836,246.48550415039062,99.90328979492188,16.126806259155273,148.40316772460938,135.9817657470703,15.588083267211914,242.6666717529297,188.0989990234375,36.31509780883789,46.82587432861328,75.45796966552734
2022-05-13,144.21499633789062,131.7654571533203,405.45001220703125,113.05500030517578,31.58072853088379,473.49609375,164.0714874267578,43.93968200683594,141.6503143310547,104.06322479248047,115.03050231933594,265.39605712890625,41.067657470703125,107.14102172851562,57.99531173706055,324.38311767578125,222.0940704345703,196.89097595214844,79.4872055053711,252.05517578125,104.63457489013672,17.653244018554688,151.2946319580078,137.44007873535156,15.682941436767578,256.5299987792969,193.1997833251953,36.4057731628418,47.00685119628906,77.69636535644531
2022-05-16,142.67588806152344,133.45651245117188,402.8599853515625,110.81050109863281,31.257478713989258,470.8870544433594,161.32888793945312,43.44317626953125,145.987548828125,101.97865295410156,113.4391098022461,265.36016845703125,40.57786560058594,106.3943099975586,58.20709991455078,321.3908386230469,221.18772888183594,198.2986297607422,81.16645812988281,252.4219970703125,104.25495147705078,17.212562561035156,152.81871032714844,138.78208923339844,16.030746459960938,241.4566650390625,191.8227996826172,37.055606842041016,47.05765914916992,79.52379608154297
2022-05-17,146.3031005859375,132.8642578125,409.6499938964844,115.36849975585938,32.31704330444336,467.0211486816406,160.94557189941406,44.86173629760742,146.8482208251953,105.33333587646484,115.44927978515625,269.80694580078125,41.821189880371094,109.92098999023438,58.048255920410156,330.2898254394531,219.00338745117188,200.85618591308594,81.76429748535156,257.55731201171875,107.31037902832031,18.12284278869629,151.93907165527344,138.388427734375,16.259984970092773,253.8699951171875,197.82542419433594,36.98004150390625,41.704498291015625,80.53804016113281
2022-05-18,138.04879760742188,130.8469696044922,397.8800048828125,107.11250305175781,31.320323944091797,408.870849609375,154.65438842773438,42.875770568847656,142.97726440429688,101.12544250488281,110.91597747802734,255.6688690185547,39.89025115966797,108.04068756103516,54.00658416748047,327.4047546386719,209.4141082763672,190.56654357910156,80.9730224609375,245.83084106445312,101.26434326171875,16.887537002563477,142.5245361328125,129.7637481689453,15.991222381591797,236.60333251953125,193.9368133544922,36.942264556884766,38.87233352661133,79.26146697998047
2022-05-19,134.6470947265625,130.237548828125,394.3800048828125,107.31900024414062,30.934213638305664,402.71014404296875,152.95379638671875,36.98876953125,141.9563751220703,100.0007553100586,109.41380310058594,257.9819030761719,39.57000732421875,106.43930053710938,52.9476318359375,323.8178405761719,207.5561065673828,189.6248016357422,80.96424102783203,244.9213409423828,98.5514907836914,17.072980880737305,140.39085388183594,126.77550506591797,15.97541332244873,236.47332763671875,191.39610290527344,37.100948333740234,37.80551528930664,79.68992614746094
2022-05-20,134.88235473632812,129.62802124023438,399.0899963378906,107.59100341796875,30.40442657470703,396.52093505859375,156.93495178222656,38.0704231262207,142.77308654785156,99.30265808105469,107.9507827758789,257.47088623046875,39.23091506958008,105.56661224365234,53.812442779541016,327.67767333984375,212.0063018798828,191.85520935058594,82.24785614013672,244.36016845703125,99.99588012695312,16.644264221191406,141.27044677734375,126.85603332519531,16.1256046295166,221.3000030517578,193.005859375,37.425865173339844,37.84678649902344,80.31947326660156
2022-05-23,140.29371643066406,127.06999969482422,406.760009765625,107.55699920654297,32.20928955078125,408.947021484375,157.5935821533203,38.43392562866211,146.09100341796875,102.60887908935547,110.50810241699219,256.43096923828125,39.56058120727539,112.09818267822266,55.471466064453125,339.61785888671875,215.7133331298828,194.52178955078125,82.49402618408203,252.18748474121094,100.57917785644531,16.847652435302734,144.2228240966797,129.772705078125,16.39436149597168,224.96665954589844,201.27769470214844,37.53164291381836,38.92631530761719,82.09443664550781
2022-05-24,137.59783935546875,127.9970703125,398.4100036621094,104.0999984741211,32.01174545288086,416.7834777832031,154.2611846923828,38.80629348754883,146.8737335205078,98.4979248046875,105.03860473632812,258.1252746582031,39.249752044677734,113.68159484863281,56.495113372802734,332.0735778808594,221.62278747558594,179.70193481445312,83.20616912841797,251.19097900390625,99.33849334716797,16.105871200561523,146.15625,132.08096313476562,16.726362228393555,209.3866729736328,196.49691772460938,38.29481887817383,39.4120979309082,82.54034423828125
2022-05-25,137.75469970703125,130.44351196289062,402.5,106.7750015258789,32.18235397338867,419.0688171386719,156.93495178222656,39.01021194458008,149.23031616210938,100.11709594726562,104.87504577636719,263.1907043457031,39.74897003173828,114.47329711914062,56.53924560546875,336.0406799316406,221.1605224609375,182.229736328125,82.4236831665039,253.996826171875,100.1810531616211,16.92442512512207,147.15777587890625,129.9158477783203,16.83702850341797,219.60000610351562,197.67025756835938,38.71796798706055,39.170799255371094,84.20166778564453
2022-05-26,140.95053100585938,129.25035095214844,408.6000061035156,111.07749938964844,32.927642822265625,442.7593078613281,159.69720458984375,39.88794708251953,150.23416137695312,102.39557647705078,106.84508514404297,271.4744567871094,40.95462417602539,116.45255279541016,56.74221420288086,341.0409240722656,224.85848999023438,189.9618377685547,81.15766143798828,257.2671203613281,104.56976318359375,17.79781723022461,148.15061950683594,131.05206298828125,16.85283660888672,235.91000366210938,202.23770141601562,38.52907180786133,40.00584411621094,84.49893951416016
2022-05-27,146.69522094726562,128.7610626220703,428.2200012207031,115.14649963378906,33.241920471191406,448.2534484863281,162.29226684570312,40.44648742675781,151.6719512939453,105.99264526367188,111.32933044433594,276.5397644042969,41.96247863769531,118.09895324707031,57.07755661010742,348.7313537597656,228.2845001220703,193.43136596679688,81.83464050292969,264.36871337890625,107.39370727539062,18.75495719909668,149.59634399414062,133.05616760253906,16.82912254333496,253.2100067138672,206.43666076660156,38.838871002197266,40.79325485229492,85.32958221435547
2022-05-31,145.91094970703125,126.50342559814453,416.4800109863281,120.20950317382812,33.403564453125,443.9305419921875,157.51492309570312,39.941131591796875,148.5922393798828,107.07856750488281,112.76211547851562,271.420654296875,41.84002685546875,118.96263885498047,55.93034744262695,348.8190612792969,228.59268188476562,191.95433044433594,80.9114990234375,263.0432434082031,110.041748046875,18.616374969482422,146.09527587890625,132.3046112060547,16.82912254333496,252.75332641601562,205.74813842773438,38.75575256347656,40.84087371826172,83.93933868408203
2022-06-01,145.78355407714844,125.34461975097656,418.1600036621094,121.68399810791016,32.927642822265625,435.1417541503906,173.07571411132812,40.10072326660156,150.00448608398438,105.86660766601562,112.89097595214844,268.1186218261719,41.54804229736328,116.87539672851562,55.65678405761719,348.0295715332031,225.9370574951172,186.99789428710938,80.12902069091797,263.5754089355469,109.88435363769531,18.26542091369629,144.99794006347656,130.3005828857422,16.77379035949707,246.7899932861328,203.57594299316406,38.838871002197266,39.83120346069336,85.54817199707031
2022-06-02,148.2342987060547,125.97123718261719,441.2799987792969,125.51100158691406,33.14439392089844,464.29791259765625,185.1959991455078,40.59722137451172,149.7322540283203,107.49546813964844,116.58868408203125,275.94970703125,42.235633850097656,118.75570678710938,56.239200592041016,353.89727783203125,226.93405151367188,197.12889099121094,79.12675476074219,265.66522216796875,114.2638168334961,19.53362464904785,146.17308044433594,131.70521545410156,16.750080108642578,258.3333435058594,208.5409698486328,38.75575256347656,40.48527145385742,85.39954376220703
2022-06-03,142.51905822753906,126.33175659179688,429.760009765625,122.3499984741211,32.68380355834961,453.4809265136719,181.765380859375,40.11845397949219,151.0934600830078,105.3624267578125,113.53426361083984,275.23687744140625,40.869850158691406,117.1003189086914,55.568538665771484,348.7703552246094,226.3507537841797,189.11924743652344,79.0476303100586,261.2533264160156,112.26356506347656,18.664228439331055,144.56820678710938,130.52423095703125,16.520841598510742,234.51666259765625,206.21363830566406,38.39305114746094,39.78993225097656,86.64114379882812
2022-06-06,143.2641143798828,125.7823715209961,429.4599914550781,124.79000091552734,32.64767837524414,449.88165283203125,179.76007080078125,40.18938446044922,150.43836975097656,104.54800415039062,115.79373931884766,274.163330078125,40.82275390625,116.71345520019531,55.48029708862305,351.0317077636719,226.08644104003906,192.5590362548828,78.986083984375,260.0245361328125,111.59528350830078,18.730030059814453,145.17332458496094,130.01426696777344,16.552457809448242,238.27999877929688,206.4948272705078,38.71796798706055,39.647056579589844,86.42253875732422
2022-06-07,145.78355407714844,128.02279663085938,433.4200134277344,123.0,32.82830810546875,449.2247314453125,183.96730041503906,40.40216827392578,153.30540466308594,104.50922393798828,116.11983489990234,272.25067138671875,41.00172424316406,117.01935577392578,55.815635681152344,354.81353759765625,226.8793487548828,193.9468231201172,79.54875183105469,263.6527404785156,112.93184661865234,18.869613647460938,146.06787109375,131.46365356445312,16.710552215576172,238.8866729736328,208.00759887695312,39.02778244018555,39.170799255371094,90.38343048095703
2022-06-08,145.04827880859375,128.1172637939453,428.8399963378906,121.18000030517578,32.412864685058594,445.6158752441406,185.9725799560547,39.82586669921875,154.09661865234375,104.07291412353516,116.16394805908203,268.42547607421875,38.835304260253906,115.15704345703125,55.49793243408203,353.166259765625,223.8444366455078,194.92823791503906,78.6695785522461,261.6307067871094,113.60943603515625,18.596372604370117,145.3399658203125,129.82638549804688,16.639408111572266,241.86666870117188,207.0378875732422,38.952213287353516,38.831058502197266,91.45015716552734
2022-06-09,139.83299255371094,124.83811950683594,426.4200134277344,116.1500015258789,31.166568756103516,449.48175048828125,183.92796325683594,39.24072265625,151.02537536621094,100.15587615966797,113.826171875,270.52752685546875,37.68616485595703,112.73695373535156,54.53606033325195,340.17340087890625,220.7001953125,182.39825439453125,77.36836242675781,256.19305419921875,110.08233642578125,17.99803352355957,142.7528839111328,127.48236083984375,16.50503158569336,239.7066650390625,199.87156677246094,38.49129104614258,38.424652099609375,89.47409057617188
2022-06-10,134.431396484375,122.92387390136719,393.8399963378906,109.6500015258789,29.956390380859375,441.1595764160156,175.4152374267578,38.55805206298828,149.22181701660156,96.37458801269531,110.18446350097656,260.9463195800781,36.90436553955078,107.55486297607422,54.1919059753418,326.2837829589844,216.34376525878906,174.0416717529297,76.64744567871094,244.7761993408203,106.49026489257812,16.9270076751709,142.52488708496094,126.99922180175781,16.35483741760254,232.22999572753906,193.47129821777344,38.400611877441406,38.64055633544922,87.83901977539062
2022-06-13,129.28472900390625,119.67913055419922,371.6499938964844,103.66999816894531,28.917808532714844,430.62841796875,163.20643615722656,38.33639907836914,142.35621643066406,92.79689025878906,105.45738983154297,255.46115112304688,35.576271057128906,104.35205841064453,54.130123138427734,311.6534118652344,217.3372039794922,162.83009338378906,74.73081970214844,234.3945770263672,102.50837707519531,15.603679656982422,140.0869140625,123.59941101074219,15.61970043182373,215.73666381835938,186.44078063964844,37.4712028503418,37.91346740722656,83.80818939208984
2022-06-14,130.1473846435547,118.13396453857422,370.82000732421875,102.30999755859375,28.41206169128418,433.0564880371094,161.65330505371094,38.0438232421875,142.5434112548828,91.35224151611328,105.77754974365234,251.41036987304688,35.72697448730469,102.61572265625,52.64577102661133,313.99273681640625,217.60145568847656,162.3046875,74.89922332763672,236.55218505859375,102.76827239990234,15.792158126831055,136.91232299804688,119.74336242675781,15.374659538269043,220.88999938964844,187.66265869140625,37.14628219604492,37.92933654785156,84.02677917480469
2022-06-15,132.76483154296875,118.53742980957031,376.9200134277344,107.66999816894531,28.944902420043945,436.8557434082031,165.68360900878906,38.832889556884766,139.74441528320312,92.96172332763672,108.79974365234375,252.3666534423828,36.4051628112793,103.83026885986328,53.03685760498047,317.1605224609375,217.72906494140625,167.8757781982422,75.01445007324219,243.5861053466797,105.29292297363281,16.481246948242188,138.37681579589844,118.55348205566406,15.366751670837402,233.0,190.22271728515625,37.138729095458984,37.90393829345703,82.96879577636719
2022-06-16,127.50054931640625,119.44732666015625,365.0799865722656,103.66000366210938,28.764272689819336,430.161865234375,157.13153076171875,38.40732192993164,132.2748260498047,91.4104232788086,105.1015396118164,246.7100067138672,35.17124938964844,102.04893493652344,52.50355529785156,300.97064208984375,214.3478546142578,159.46961975097656,75.24490356445312,237.01658630371094,99.42681884765625,15.557806968688965,137.71029663085938,119.27819061279297,14.987324714660645,213.10000610351562,183.32791137695312,36.904483795166016,38.29764938354492,79.90851593017578
2022-06-17,128.97100830078125,118.70052337646484,360.7900085449219,106.22000122070312,28.827499389648438,425.3341979980469,160.48355102539062,38.469383239746094,126.23448944091797,91.46858215332031,106.20178985595703,244.24703979492188,34.82273864746094,101.68904876708984,52.823543548583984,302.8323669433594,213.6096649169922,162.3146209716797,75.0055923461914,239.609619140625,99.6310043334961,15.836034774780273,137.7366485595703,118.41925811767578,15.31932544708252,216.75999450683594,184.2588348388672,37.04805374145508,37.55785369873047,75.30058288574219
2022-06-21,133.19622802734375,123.15565490722656,362.989990234375,108.68000030517578,29.66739273071289,440.96917724609375,163.99282836914062,39.13432693481445,131.5176544189453,90.4505615234375,110.56362915039062,242.86671447753906,35.53859329223633,104.20812225341797,53.95236587524414,309.37261962890625,218.35792541503906,155.68284606933594,78.02814483642578,245.50184631347656,100.8747787475586,16.5201358795166,140.9375762939453,122.00692749023438,15.777793884277344,237.0366668701172,188.5063018798828,38.27215576171875,38.78977966308594,79.98719024658203
2022-06-22,132.68643188476562,126.66655731201172,365.3299865722656,108.94999694824219,29.44161033630371,437.96978759765625,164.60231018066406,38.62896728515625,125.80062103271484,90.65415954589844,110.50760650634766,242.66824340820312,35.208919525146484,103.62334442138672,54.35234069824219,308.1542663574219,221.52040100097656,154.49330139160156,79.0297622680664,244.91168212890625,97.38481140136719,16.314712524414062,142.09518432617188,123.91259765625,16.062366485595703,236.086669921875,187.9535675048828,38.3779411315918,38.31986999511719,76.82199096679688
2022-06-23,135.54896545410156,128.28892517089844,376.6400146484375,112.44000244140625,28.971996307373047,452.290771484375,170.10707092285156,38.061561584472656,121.17254638671875,91.4298095703125,111.25546264648438,248.478271484375,35.23717498779297,102.48977661132812,55.001182556152344,308.7488708496094,221.9943389892578,157.3680419921875,81.54707336425781,250.4556121826172,100.24362182617188,16.180078506469727,143.9105224609375,127.31236267089844,16.291603088378906,235.07000732421875,190.688232421875,39.36024475097656,39.25017166137695,74.50491333007812
2022-06-24,138.8722381591797,130.76971435546875,387.7200012207031,116.45999908447266,29.179710388183594,461.2127685546875,182.7581787109375,39.0988655090332,123.16329193115234,94.80388641357422,116.93807220458984,255.31678771972656,36.36748123168945,105.54863739013672,56.0322380065918,322.1412353515625,225.93150329589844,168.67874145507812,82.5487060546875,259.0086364746094,104.80101013183594,17.078584671020508,145.69078063964844,129.1464080810547,16.591981887817383,245.7066650390625,199.2897186279297,38.50638961791992,39.281917572021484,75.98260498046875
2022-06-27,138.8722381591797,131.4564666748047,381.07000732421875,113.22000122070312,29.215835571289062,458.7179870605469,178.22659301757812,38.80629348754883,125.54540252685547,93.66950225830078,114.8154067993164,255.03717041015625,36.38631820678711,104.70294189453125,55.916683197021484,320.5135192871094,225.1385955810547,168.0145721435547,83.68328094482422,256.28985595703125,102.5640640258789,16.822298049926758,145.88368225097656,128.1622772216797,16.42598533630371,244.9199981689453,197.3987579345703,38.50638961791992,39.40891647338867,77.84500122070312
2022-06-28,134.73532104492188,130.89852905273438,365.6300048828125,107.4000015258789,29.13455581665039,446.2061767578125,168.54409790039062,38.17681884765625,127.56166076660156,93.0005111694336,111.02303314208984,243.7237091064453,35.58568572998047,104.19913482666016,55.356719970703125,310.2401123046875,221.31080627441406,159.28128051757812,81.44960021972656,248.15293884277344,95.39849090576172,15.937753677368164,143.8315887451172,126.07769012451172,16.291603088378906,232.663330078125,192.1234130859375,38.12858200073242,38.8532829284668,80.00469207763672
2022-06-29,136.4900665283203,132.31484985351562,368.5,108.91999816894531,28.77330780029297,447.3774108886719,167.70855712890625,38.01721954345703,125.04344940185547,92.73871612548828,110.71971893310547,247.07989501953125,35.124149322509766,103.7313232421875,55.75669479370117,314.4313659667969,225.78567504882812,162.51287841796875,81.99913024902344,251.81019592285156,95.83476257324219,15.498971939086914,146.21690368652344,127.22286987304688,16.56036376953125,228.49000549316406,193.46163940429688,38.49129104614258,38.71040725708008,77.04931640625
2022-06-30,134.0294952392578,131.47364807128906,366.05999755859375,106.20999908447266,28.114036560058594,456.3660888671875,162.23326110839844,37.804439544677734,123.17179107666016,91.52677154541016,108.00529479980469,247.44073486328125,35.23717498779297,101.31121826171875,55.916683197021484,307.50115966796875,225.00189208984375,159.84632873535156,80.81139373779297,248.4915313720703,94.86016082763672,15.11703109741211,146.15553283691406,128.6453857421875,16.568265914916992,224.47332763671875,190.93064880371094,38.34771728515625,38.60246276855469,74.88087463378906
2022-07-01,136.1959228515625,132.0229949951172,368.4800109863281,109.55999755859375,28.50237464904785,462.5362854003906,165.33953857421875,37.768978118896484,124.6435775756836,93.21379852294922,107.7817611694336,251.78024291992188,34.22932434082031,102.60673522949219,57.22327423095703,310.19134521484375,230.54312133789062,158.6369171142578,81.91935729980469,251.1522674560547,93.91342163085938,14.482791900634766,148.54965209960938,130.7210693359375,16.84493064880371,227.26333618164062,193.15130615234375,39.02022171020508,38.935829162597656,76.55094909667969
2022-07-05,138.77423095703125,132.1345977783203,376.489990234375,113.5,28.21337127685547,464.9168395996094,169.27151489257812,37.53638458251953,121.36819458007812,94.22215270996094,112.26749420166016,255.9754180908203,34.558998107910156,102.2164535522461,56.24555206298828,311.1856384277344,229.9324951171875,166.7258758544922,82.11437225341797,254.31602478027344,96.8279037475586,14.922572135925293,148.21641540527344,129.4595489501953,16.734264373779297,233.06666564941406,194.4701385498047,38.85397720336914,39.45020294189453,74.15515899658203
2022-07-06,140.1074676513672,130.9328155517578,382.8299865722656,114.33000183105469,27.978567123413086,469.0968933105469,169.79249572753906,38.189422607421875,119.76878356933594,93.15562438964844,113.56499481201172,255.840087890625,34.84157180786133,101.55387115478516,56.36109924316406,312.0725402832031,229.17604064941406,168.29214477539062,82.5487060546875,257.5669860839844,96.74436950683594,15.088109970092773,149.69850158691406,130.66738891601562,16.67102813720703,231.73333740234375,195.0325927734375,38.9219856262207,39.7296028137207,72.81737518310547
2022-07-07,143.469970703125,130.47787475585938,390.8900146484375,116.33000183105469,28.77330780029297,471.28692626953125,173.63600158691406,38.66355514526367,122.099853515625,94.46453857421875,117.73898315429688,258.64581298828125,35.924781799316406,104.12246704101562,55.916683197021484,316.3580322265625,230.52488708496094,170.69107055664062,82.44235229492188,259.6859130859375,100.3642807006836,15.814098358154297,149.40028381347656,130.62265014648438,16.718456268310547,244.5433349609375,196.66172790527344,38.79956817626953,39.78993225097656,75.14319610595703
2022-07-08,144.14637756347656,131.20751953125,389.44000244140625,115.54000091552734,28.71009063720703,477.56182861328125,172.5154266357422,38.815635681152344,121.4617919921875,92.94232940673828,118.30445861816406,258.4472961425781,35.78349304199219,103.79571533203125,56.12111282348633,315.37213134765625,230.7982940673828,169.39248657226562,82.23846435546875,258.969970703125,100.17864990234375,15.794150352478027,150.73333740234375,129.74588012695312,16.660785675048828,250.76333618164062,197.40843200683594,38.63124465942383,39.81532669067383,75.265625
2022-07-11,142.01904296875,131.53370666503906,384.1600036621094,111.75,28.41206169128418,475.048095703125,171.394775390625,38.690391540527344,120.38982391357422,90.78988647460938,114.6597900390625,258.3752746582031,35.039371490478516,102.43427276611328,55.94335174560547,316.4752502441406,230.83474731445312,161.46209716796875,83.58576965332031,255.92221069335938,97.56118774414062,15.110051155090332,149.49676513671875,130.65841674804688,16.54864501953125,234.3433380126953,198.8533172607422,38.63888931274414,39.83120346069336,74.88087463378906
2022-07-12,142.9896240234375,130.8727264404297,375.5400085449219,109.22000122070312,28.321748733520508,467.1163635253906,163.50135803222656,38.34150314331055,118.1863784790039,90.75110626220703,113.01834869384766,257.2293395996094,35.048797607421875,102.53409576416016,55.703365325927734,315.1769104003906,229.1942596435547,161.84872436523438,82.96530151367188,245.4341278076172,96.3081283569336,15.040245056152344,148.6461181640625,129.50430297851562,16.500585556030273,233.07000732421875,198.6206512451172,38.85313034057617,39.7105598449707,73.88411712646484
2022-07-13,142.6268768310547,130.60658264160156,371.94000244140625,110.4000015258789,27.852130889892578,468.68743896484375,160.70965576171875,38.19838333129883,117.39517974853516,90.1112060546875,110.37478637695312,259.0879211425781,35.048797607421875,101.5720443725586,55.44560241699219,315.6747741699219,230.27882385253906,162.06680297851562,83.11598205566406,244.5149383544922,97.56118774414062,15.122015953063965,149.17225646972656,130.35421752929688,16.380434036254883,237.0399932861328,197.9709014892578,38.646541595458984,39.80580139160156,74.18138885498047
2022-07-14,145.54823303222656,130.3466796875,372.9599914550781,110.62999725341797,27.210914611816406,487.4645690917969,158.30130004882812,37.86738586425781,115.65116119384766,89.044677734375,109.39745330810547,261.16290283203125,35.519752502441406,98.02322387695312,55.2678337097168,317.2952575683594,230.21502685546875,156.67416381835938,83.2134780883789,245.83084106445312,95.80690002441406,15.329440116882324,149.94406127929688,129.96951293945312,16.28431510925293,238.31333923339844,199.6776123046875,38.63124465942383,40.58369827270508,72.6949691772461
2022-07-15,147.2147674560547,133.1019744873047,379.8599853515625,113.55000305175781,29.12552261352539,497.9483947753906,164.5334930419922,38.529361724853516,117.1059341430664,92.30240631103516,110.79505157470703,263.8063659667969,36.37689208984375,102.5159683227539,55.552268981933594,324.65582275390625,232.41140747070312,163.26626586914062,84.1707763671875,248.38514709472656,97.18062591552734,15.718362808227539,150.0668182373047,129.7906036376953,16.47655487060547,240.06666564941406,203.68258666992188,39.03675842285156,40.98057174682617,73.91907501220703
2022-07-18,144.17581176757812,129.5928955078125,375.2300109863281,113.76000213623047,29.13455581665039,491.6162414550781,165.0347900390625,38.10891342163086,118.74788665771484,92.78720092773438,108.07170867919922,264.3836975097656,36.461669921875,101.463134765625,54.796756744384766,323.1329650878906,230.0509490966797,165.7742462158203,81.84847259521484,245.9952850341797,96.47520446777344,16.05642318725586,147.55865478515625,128.21597290039062,16.444517135620117,240.54666137695312,200.93829345703125,38.47056579589844,40.88532638549805,75.2831039428711
2022-07-19,148.02847290039062,129.7401885986328,387.8299865722656,118.20999908447266,30.118953704833984,495.35833740234375,170.85411071777344,39.38815689086914,123.02716827392578,96.57819366455078,112.80967712402344,270.5004577636719,37.88397216796875,103.97722625732422,55.57892990112305,332.2798767089844,233.76939392089844,174.24978637695312,81.8661880493164,251.10389709472656,101.34815216064453,16.944957733154297,149.1372528076172,128.8690948486328,16.660785675048828,245.52999877929688,207.1930389404297,38.60063552856445,41.13616180419922,77.18048095703125
2022-07-20,150.02830505371094,127.9639892578125,401.489990234375,122.7699966430664,30.12798500061035,499.1385498046875,179.34718322753906,39.47761154174805,124.65209197998047,100.20435333251953,112.8989028930664,272.72882080078125,38.204227447509766,103.9590835571289,54.66342544555664,333.14874267578125,232.0195770263672,181.49618530273438,79.46409606933594,253.7549285888672,103.1302719116211,17.757699966430664,147.55865478515625,126.64134216308594,16.404464721679688,247.5,206.9118194580078,37.54476547241211,41.47906494140625,78.02861022949219
2022-07-21,152.29287719726562,128.0159912109375,408.9100036621094,124.62999725341797,30.3898868560791,504.14715576171875,182.1978759765625,39.88018035888672,123.69925689697266,101.00910186767578,113.33503723144531,275.1647033691406,38.251319885253906,104.66702270507812,54.53899383544922,338.664306640625,231.00791931152344,181.57546997070312,79.89842987060547,256.2414855957031,103.6036376953125,18.000028610229492,147.7779083251953,126.7611083984375,15.154906272888184,271.7066650390625,209.646484375,36.46592712402344,42.08550262451172,76.7258071899414
2022-07-22,151.05764770507812,128.63983154296875,401.8999938964844,122.41999816894531,30.191200256347656,504.3946533203125,179.3668670654297,39.772830963134766,122.66985321044922,99.59353637695312,106.9516372680664,276.5992126464844,36.923213958740234,104.15874481201172,54.74342346191406,335.6966552734375,231.48182678222656,167.79647827148438,79.87181854248047,251.9069061279297,101.28318786621094,17.27104949951172,148.7425994873047,128.78721618652344,14.738385200500488,272.24334716796875,207.23184204101562,34.0098762512207,41.9775505065918,76.13997650146484
2022-07-25,149.94007873535156,130.1560821533203,391.9599914550781,121.13999938964844,30.46213722229004,503.84234619140625,174.27496337890625,39.66548156738281,126.31956481933594,99.56444549560547,106.5650634765625,276.20220947265625,36.885536193847656,104.5762710571289,55.27671813964844,336.018798828125,228.19175720214844,165.19927978515625,80.2441177368164,250.42660522460938,101.43169403076172,16.976865768432617,148.9530792236328,129.66064453125,14.842516899108887,268.4333190917969,207.7845916748047,34.247066497802734,41.917232513427734,78.6756591796875
2022-07-26,148.61663818359375,130.71925354003906,379.260009765625,114.80999755859375,29.848018646240234,487.4551696777344,167.5611114501953,39.2092399597168,125.3327407836914,96.74300384521484,104.09693908691406,269.0118713378906,36.697147369384766,102.94253540039062,56.18334197998047,333.1585693359375,234.3070831298828,157.76455688476562,80.91773986816406,243.72158813476562,97.64470672607422,16.487228393554688,150.689453125,129.91278076171875,14.658287048339844,258.8599853515625,206.05845642089844,34.36949157714844,38.72946548461914,78.36961364746094
2022-07-27,153.70448303222656,130.9618682861328,392.7799987792969,120.97000122070312,30.335697174072266,497.3388977050781,177.2337646484375,39.933841705322266,126.983154296875,100.34978485107422,112.06629180908203,269.67047119140625,37.84629440307617,104.59441375732422,56.00557327270508,335.10113525390625,235.94761657714844,168.10377502441406,80.86457061767578,260.0148010253906,100.11369323730469,17.74074935913086,150.47900390625,131.14646911621094,14.730374336242676,274.82000732421875,204.099609375,34.361839294433594,40.19316101074219,80.06587982177734
2022-07-28,154.25350952148438,129.7488250732422,403.5,122.27999877929688,30.091856002807617,511.4271240234375,178.20692443847656,40.81052780151367,127.94450378417969,101.7071762084961,113.21609497070312,270.32000732421875,37.403594970703125,104.20414733886719,56.938846588134766,344.062744140625,240.1126251220703,159.3209228515625,79.72113800048828,267.43585205078125,104.16983795166016,17.9342098236084,153.32916259765625,133.32562255859375,14.882566452026367,280.8999938964844,204.95297241210938,34.85151672363281,41.19647979736328,81.00145721435547
2022-07-29,159.3119354248047,124.34228515625,410.1199951171875,134.9499969482422,30.534385681152344,516.3106689453125,180.8905029296875,40.58689498901367,139.33604431152344,102.87065124511719,115.29763793945312,271.5018615722656,34.20106887817383,104.70333099365234,57.0366096496582,345.3708801269531,240.0305633544922,157.7150421142578,79.1893081665039,271.6252746582031,106.66663360595703,18.112716674804688,153.4343719482422,125.08619689941406,15.042767524719238,297.1499938964844,205.68997192382812,35.34119415283203,41.92675018310547,84.75251770019531
2022-08-01,158.3316192626953,121.49168395996094,411.0899963378906,135.38999938964844,30.444076538085938,521.5662841796875,179.8681640625,40.506378173828125,136.5541229248047,102.98699951171875,113.85045623779297,275.90447998046875,34.813316345214844,103.6595687866211,57.347713470458984,342.1982116699219,240.81436157226562,158.53775024414062,78.47135162353516,268.9838562011719,106.0911636352539,18.38994789123535,155.1795654296875,128.6791229248047,15.002716064453125,297.27667236328125,204.96266174316406,35.394752502441406,42.08232879638672,82.61030578613281
2022-08-02,156.8611297607422,121.6390151977539,409.9599914550781,134.16000366210938,29.8389835357666,518.3710327148438,180.66441345214844,40.184329986572266,135.38856506347656,101.52295684814453,114.11809539794922,271.2943420410156,33.91849136352539,102.04401397705078,56.5655403137207,340.70458984375,237.91619873046875,158.7955322265625,77.65587615966797,265.8974914550781,103.74285125732422,18.474708557128906,153.89920043945312,127.82367706298828,14.706348419189453,300.586669921875,200.01702880859375,34.69083786010742,42.126773834228516,82.2518081665039
2022-08-03,162.8607177734375,122.34083557128906,424.5400085449219,139.52000427246094,30.3808536529541,521.757080078125,186.4247283935547,40.89104461669922,132.17271423339844,105.70177459716797,117.04217529296875,276.4007263183594,34.39887237548828,103.114990234375,56.81440734863281,345.7027282714844,238.86402893066406,167.33058166503906,77.66473388671875,273.29913330078125,106.07259368896484,18.8406982421875,155.07432556152344,130.4620819091797,14.71435832977295,307.39666748046875,202.1698455810547,34.683189392089844,41.434608459472656,79.58499145507812
2022-08-04,162.54701232910156,120.3653564453125,430.5899963378906,142.57000732421875,30.164104461669922,518.19921875,188.0172119140625,40.59583282470703,128.5825653076172,104.82917022705078,117.15119934082031,277.12249755859375,33.92790603637695,101.98046875,56.59220886230469,347.5965576171875,237.54254150390625,169.08517456054688,76.95564270019531,274.4407958984375,106.25823211669922,19.161802291870117,154.23240661621094,130.25498962402344,14.634256362915039,308.6333312988281,207.00881958007812,33.99456787109375,39.86930465698242,76.23616790771484
2022-08-05,162.32122802734375,119.6028823852539,433.42999267578125,140.8000030517578,30.66985321044922,515.70947265625,186.9359130859375,40.26484680175781,130.70941162109375,103.38451385498047,116.4375228881836,279.39599609375,33.67102813720703,105.06637573242188,56.334442138671875,349.0023193359375,236.25747680664062,165.65528869628906,77.4786148071289,273.7247314453125,105.69204711914062,18.93642807006836,153.07479858398438,130.31797790527344,14.698335647583008,288.1700134277344,209.3361358642578,34.39244079589844,40.189979553222656,77.3378677368164
2022-08-08,161.8499755859375,121.59569549560547,434.3399963378906,139.41000366210938,30.245393753051758,516.8831176757812,186.52305603027344,40.2737922668457,130.51377868652344,105.78903198242188,116.26902770996094,281.45294189453125,33.66151428222656,103.78662109375,55.97002029418945,343.7796630859375,234.0428009033203,168.7679443359375,78.43587493896484,271.21893310546875,105.81270599365234,17.743738174438477,152.46095275878906,130.81326293945312,14.417987823486328,290.42333984375,206.8633270263672,34.0787353515625,40.51702117919922,77.7750473022461
2022-08-09,161.89910888671875,121.5177001953125,426.57000732421875,137.8300018310547,30.63373374938965,511.08367919921875,179.14077758789062,40.184329986572266,132.2152862548828,104.83885955810547,115.60489654541016,275.3541564941406,32.84328842163086,104.72147369384766,56.0411262512207,338.2933654785156,237.01388549804688,167.0629425048828,79.34886169433594,273.1346130371094,102.20207977294922,17.038698196411133,153.0309600830078,130.50711059570312,14.498089790344238,283.3333435058594,203.89596557617188,34.185855865478516,40.917083740234375,79.2090072631836
2022-08-10,166.1399688720703,122.11557006835938,438.3999938964844,142.69000244140625,31.672311782836914,514.8989868164062,185.40243530273438,41.168365478515625,132.5640869140625,109.00798797607422,118.64791107177734,281.10107421875,33.652000427246094,107.45343017578125,56.57442855834961,344.9705505371094,238.1986846923828,176.7875213623047,79.05635833740234,279.77191162109375,105.01448059082031,18.04689598083496,154.2937774658203,131.74075317382812,14.425997734069824,294.3566589355469,205.68028259277344,34.30826950073242,41.0028076171875,79.96094512939453
2022-08-11,165.40371704101562,123.10328674316406,434.8900146484375,140.63999938964844,32.43093490600586,507.6308288574219,183.5543975830078,41.0610237121582,135.79693603515625,114.10789489746094,117.79547119140625,280.2981262207031,33.86131286621094,109.04176330566406,56.192230224609375,342.23724365234375,236.30300903320312,175.94493103027344,78.82589721679688,277.7013244628906,105.905517578125,17.892322540283203,153.5045166015625,130.80429077148438,14.450028419494629,286.6300048828125,205.05369567871094,34.26236343383789,41.39822769165039,82.27409362792969
2022-08-12,168.94757080078125,123.55381774902344,445.6700134277344,143.5500030517578,32.78314971923828,512.4094848632812,186.66065979003906,41.6961669921875,135.9925994873047,117.86979675292969,120.61051940917969,284.08734130859375,34.356056213378906,110.84794616699219,56.61886215209961,345.83935546875,238.9459991455078,178.9287109375,80.6784439086914,282.4325866699219,107.7340316772461,18.657201766967773,155.51278686523438,132.07394409179688,14.634256362915039,300.0299987792969,205.2965545654297,34.54546356201172,42.1635627746582,82.98918914794922
2022-08-15,170.01759338378906,123.28522491455078,451.0199890136719,143.17999267578125,32.73799133300781,520.5552368164062,187.81077575683594,41.67827224731445,133.4063262939453,120.47791290283203,121.00701141357422,283.8346862792969,34.57488250732422,111.14745330810547,57.32994079589844,351.38427734375,241.91714477539062,179.31532287597656,80.30615234375,283.9419860839844,107.96611022949219,18.979307174682617,157.222900390625,133.77586364746094,14.730374336242676,309.32000732421875,210.2412109375,34.85917282104492,42.28474426269531,81.5059814453125
2022-08-16,169.8605499267578,123.51049041748047,447.55999755859375,144.77999877929688,33.09020233154297,527.4896240234375,186.36578369140625,41.839298248291016,133.0659942626953,121.15660858154297,120.6303482055664,295.3554992675781,34.43217086791992,112.20936584472656,57.80101776123047,350.70086669921875,242.6918487548828,177.90769958496094,80.29727935791016,283.2066650390625,109.58113098144531,18.826732635498047,158.13490295410156,135.00955200195312,14.874553680419922,306.5633239746094,210.94068908691406,35.04280090332031,44.44363021850586,80.74671173095703
2022-08-17,171.35269165039062,122.54876708984375,437.82000732421875,142.10000610351562,32.88249588012695,530.6373901367188,184.7635040283203,41.74089431762695,134.1635284423828,119.0720443725586,118.49925231933594,293.89398193359375,34.04207992553711,111.26544189453125,57.66769027709961,346.8741455078125,243.17486572265625,173.32789611816406,80.69615173339844,282.4600524902344,108.63438415527344,18.284238815307617,158.04718017578125,134.38821411132812,14.754406929016113,303.9966735839844,208.39547729492188,34.69083786010742,44.491458892822266,81.40003967285156
2022-08-18,170.9600372314453,122.41880798339844,439.0299987792969,142.3000030517578,32.76509094238281,535.0630493164062,184.73397827148438,44.16519546508789,136.51573181152344,118.9363021850586,119.1137924194336,293.39776611328125,34.441688537597656,110.40320587158203,57.96989822387695,348.8558349609375,242.9561004638672,173.13958740234375,81.01526641845703,281.344970703125,107.67835235595703,18.721025466918945,158.205078125,134.86546325683594,14.762415885925293,302.8699951171875,209.10462951660156,33.810943603515625,44.34794616699219,83.32467651367188
2022-08-19,168.37820434570312,122.9040298461914,425.05999755859375,138.22999572753906,32.04258728027344,528.929931640625,180.64476013183594,43.56582260131836,135.37396240234375,116.48332977294922,116.1798095703125,289.8882751464844,33.66151428222656,107.67125701904297,57.92545700073242,345.8492126464844,242.91964721679688,166.4978790283203,81.61799621582031,277.4472351074219,105.03304290771484,17.799583435058594,158.00340270996094,134.8294219970703,14.762415885925293,296.6666564941406,206.7440185546875,33.98692321777344,43.6942253112793,83.05982208251953
2022-08-22,164.5005645751953,121.59569549560547,411.3500061035156,133.22000122070312,31.35622787475586,520.2880859375,173.97023010253906,42.68019485473633,134.6957550048828,112.41116333007812,113.23591613769531,281.6694641113281,32.196311950683594,105.89231872558594,57.06328201293945,337.28790283203125,239.6478271484375,161.63064575195312,80.80252838134766,269.3027648925781,102.41555786132812,16.986841201782227,156.49497985839844,134.46920776367188,14.522116661071777,289.913330078125,202.65420532226562,33.79563903808594,42.91295623779297,82.99803161621094
2022-08-23,164.166748046875,120.45198059082031,410.4100036621094,133.6199951171875,31.076255798339844,517.045166015625,173.00689697265625,42.411827087402344,139.0654296875,111.36402130126953,112.8592529296875,276.87890625,32.30097198486328,104.84854888916016,57.1254997253418,332.7778625488281,237.45138549804688,159.70753479003906,79.95159149169922,268.0326232910156,102.73114776611328,17.13343620300293,156.42483520507812,131.8758544921875,14.466047286987305,296.4533386230469,200.89590454101562,33.26005935668945,42.73118591308594,86.52064514160156
2022-08-24,164.46127319335938,119.49024200439453,405.6499938964844,133.8000030517578,31.175596237182617,518.1420288085938,176.9486846923828,42.107666015625,140.09559631347656,112.8668441772461,112.69074249267578,277.9704895019531,32.21533966064453,105.1026840209961,57.20549774169922,331.6258850097656,237.7430419921875,161.83877563476562,79.78321075439453,267.4024353027344,103.40872192382812,17.174318313598633,157.2053680419922,131.30853271484375,14.425997734069824,297.0966796875,200.7695770263672,33.32125473022461,43.040504455566406,87.03271484375
2022-08-25,166.91546630859375,120.72057342529297,403.92999267578125,137.27999877929688,31.735530853271484,525.3433227539062,170.9524383544922,42.286582946777344,141.3232421875,113.88488006591797,115.62472534179688,279.4772033691406,33.1953125,107.59864807128906,57.48103713989258,336.4679260253906,239.29237365722656,167.31072998046875,80.01364135742188,270.36920166015625,105.08873748779297,17.8634090423584,157.21412658691406,131.20046997070312,14.49007797241211,296.07000732421875,203.8296356201172,33.466636657714844,43.3275032043457,87.48295593261719
2022-08-26,160.62286376953125,118.13859558105469,381.0199890136719,130.75,30.733068466186523,507.2682800292969,162.42002868652344,41.052066802978516,140.2845001220703,110.59807586669922,109.37019348144531,268.9396667480469,31.73963165283203,104.07706451416016,56.094459533691406,324.06036376953125,234.1795196533203,160.37168884277344,79.11840057373047,259.9365234375,100.50350952148438,16.214981079101562,153.5045166015625,128.1298370361328,14.329875946044922,288.0899963378906,197.0975341796875,33.09172821044922,41.96584701538086,86.40586853027344
2022-08-29,158.4239501953125,117.58409881591797,375.260009765625,129.7899932861328,30.61566925048828,506.5434875488281,157.48545837402344,40.89104461669922,141.33180236816406,110.07450866699219,108.4582748413086,267.33380126953125,31.340028762817383,103.82293701171875,55.75669479370117,321.5124206542969,233.00379943847656,157.78439331054688,77.63814544677734,257.1635437011719,100.1322250366211,15.757253646850586,153.02220153808594,127.58953857421875,14.241768836975098,284.82000732421875,196.55349731445312,33.15292739868164,42.3740348815918,88.39232635498047
2022-08-30,155.99917602539062,117.4454574584961,375.07000732421875,128.72999572753906,30.787261962890625,499.94293212890625,156.95462036132812,40.4705924987793,137.8893280029297,109.00798797607422,107.98249053955078,264.4288024902344,30.69305992126465,103.8410873413086,55.241172790527344,320.00909423828125,231.0261688232422,155.7919158935547,77.0088119506836,254.97222900390625,100.11369323730469,15.425174713134766,151.70672607421875,126.22982025146484,14.27380657196045,277.70001220703125,195.63058471679688,32.540828704833984,42.2464714050293,85.02861022949219
2022-08-31,154.34014892578125,116.50105285644531,373.44000244140625,126.7699966430664,30.353759765625,497.9970703125,153.4649658203125,40.00541305541992,135.6916046142578,108.66865539550781,107.26882934570312,261.9043884277344,30.369571685791016,103.22391510009766,54.85008239746094,316.6509704589844,231.18191528320312,161.5116729736328,75.6615219116211,253.51785278320312,98.804931640625,15.052210807800293,151.07534790039062,124.21273040771484,14.049528121948242,275.6099853515625,193.03683471679688,31.98994255065918,42.268798828125,84.39295196533203
2022-09-01,155.0665740966797,119.95812225341797,370.5299987792969,127.81999969482422,30.426488876342773,504.7406921386719,150.9190216064453,40.515323638916016,133.52821350097656,109.10494232177734,108.77546691894531,266.3992614746094,30.217344284057617,103.93185424804688,55.10784912109375,317.510009765625,235.02149963378906,163.92050170898438,77.24815368652344,252.4804229736328,98.8420639038086,13.898414611816406,152.60267639160156,125.74354553222656,14.017487525939941,277.1600036621094,194.41629028320312,31.98994255065918,42.884254455566406,82.87440490722656
2022-09-02,152.95596313476562,118.07795715332031,368.1400146484375,127.51000213623047,30.390127182006836,495.1450500488281,151.07632446289062,39.88912582397461,135.51132202148438,107.81542205810547,106.9020767211914,265.0644836425781,29.703571319580078,103.20575714111328,54.35234069824219,314.88397216796875,233.22540283203125,158.92442321777344,76.43269348144531,248.27239990234375,98.42782592773438,13.609216690063477,150.66921997070312,123.51034545898438,13.769176483154297,270.2099914550781,192.1139678955078,31.5997257232666,42.41229248046875,84.39295196533203
2022-09-06,151.6994171142578,119.21298217773438,368.29998779296875,126.11000061035156,30.053773880004883,494.94482421875,149.13983154296875,39.78176498413086,134.88462829589844,106.73919677734375,105.8712158203125,262.92138671875,28.885345458984375,103.23297882080078,54.378997802734375,316.367919921875,233.11544799804688,157.15988159179688,76.60106658935547,245.54786682128906,97.87864685058594,13.42772102355957,149.65391540527344,122.13261413574219,13.448777198791504,274.4200134277344,192.9688720703125,31.44669532775879,42.20183181762695,83.8279037475586
2022-09-07,153.10324096679688,120.18338775634766,379.7200012207031,129.47999572753906,30.51739501953125,505.1890563964844,150.6732635498047,40.2737922668457,133.15908813476562,109.26007080078125,108.48800659179688,270.12237548828125,29.1612606048584,105.19345092773438,55.383384704589844,320.7998046875,236.8084716796875,158.9937744140625,76.99995422363281,250.24069213867188,100.97836303710938,13.680096626281738,152.95579528808594,123.97859954833984,13.51285457611084,283.70001220703125,194.69802856445312,31.431400299072266,43.28605270385742,83.11280059814453
2022-09-08,151.63070678710938,121.75167083740234,383.6300048828125,129.82000732421875,31.499187469482422,504.6929931640625,154.23170471191406,40.58689498901367,133.88018798828125,108.9110336303711,107.42741394042969,272.3289489746094,29.256406784057617,107.64402770996094,55.214500427246094,322.2153625488281,238.32958984375,160.64923095703125,77.48747253417969,250.6575927734375,101.21107482910156,13.955411911010742,152.44375610351562,124.14068603515625,13.432758331298828,289.260009765625,194.97975158691406,31.615032196044922,43.506080627441406,83.7926025390625
2022-09-09,154.48739624023438,122.53144836425781,394.7799987792969,133.27000427246094,31.762807846069336,511.80859375,159.82496643066406,40.94471740722656,137.33128356933594,111.6742935180664,109.67745971679688,272.2109069824219,29.931915283203125,108.161376953125,55.39227294921875,327.85772705078125,237.81642150878906,167.6775360107422,77.41654205322266,256.4169921875,103.29615783691406,14.351433753967285,152.92933654785156,126.03173828125,13.641019821166992,299.67999267578125,199.34153747558594,32.31894302368164,43.6368293762207,85.19635009765625
2022-09-12,160.4364013671875,123.24191284179688,396.3599853515625,136.4499969482422,32.06281280517578,514.6129150390625,162.81324768066406,41.50830078125,139.5032501220703,112.84745788574219,109.8856201171875,270.1859436035156,30.02705955505371,109.44112396240234,55.552268981933594,330.36663818359375,238.5953369140625,167.48919677734375,78.14337921142578,258.54034423828125,104.60865783691406,14.46914005279541,153.52967834472656,127.05827331542969,13.921366691589355,304.4200134277344,200.730712890625,32.71681213378906,44.0290641784668,86.17633056640625
2022-09-13,151.02206420898438,120.02743530273438,368.3900146484375,126.81999969482422,30.908296585083008,486.74176025390625,155.41131591796875,39.459720611572266,136.8505401611328,108.3583755493164,103.4030990600586,252.3787384033203,27.867321014404297,105.63819122314453,53.74793243408203,317.6955261230469,233.0604705810547,151.79696655273438,76.47698974609375,244.3262176513672,98.40923309326172,13.098538398742676,147.79991149902344,124.42884826660156,13.480815887451172,292.1300048828125,193.96945190429688,31.944032669067383,43.12023162841797,84.16340637207031
2022-09-14,152.46510314941406,120.91119384765625,371.5199890136719,128.5500030517578,30.790109634399414,484.5480041503906,157.5542449951172,39.325538635253906,140.16429138183594,109.07585906982422,104.0771255493164,250.9348907470703,27.762664794921875,105.39311981201172,54.03235626220703,318.095703125,234.334228515625,150.15142822265625,77.69218444824219,244.54922485351562,99.6007080078125,13.095544815063477,148.921142578125,124.72602081298828,13.432758331298828,302.6099853515625,193.71688842773438,31.58442497253418,43.024559020996094,86.22930145263672
2022-09-15,149.57896423339844,123.4758529663086,309.1300048828125,126.27999877929688,31.371917724609375,480.2557373046875,152.1477813720703,38.72617721557617,137.8893280029297,107.39850616455078,102.00550079345703,246.5762481689453,27.439176559448242,106.9814682006836,53.298194885253906,309.41729736328125,232.27243041992188,148.24813842773438,77.51348114013672,237.917236328125,98.20442962646484,12.897035598754883,146.44912719726562,123.7624740600586,13.424748420715332,303.75,189.7921600341797,31.39314079284668,42.562171936035156,83.72198486328125
2022-09-16,147.93954467773438,124.81884002685547,299.5,123.52999877929688,31.017379760742188,480.8661804199219,148.93338012695312,38.73511505126953,134.3094482421875,104.95521545410156,101.8964614868164,250.59893798828125,27.819747924804688,106.26444244384766,53.307151794433594,307.6308288574219,233.59197998046875,145.01651000976562,78.38019561767578,237.29672241210938,96.91986083984375,13.165371894836426,147.4114532470703,124.51889038085938,13.408727645874023,303.3500061035156,187.78131103515625,31.56146812438965,42.47288131713867,82.2917251586914
2022-09-19,151.65028381347656,123.6058120727539,296.05999755859375,124.66000366210938,31.53554344177246,483.18402099609375,150.23095703125,38.73511505126953,134.6957550048828,105.84720611572266,102.16410064697266,254.63986206054688,28.010034561157227,107.24466705322266,53.71004104614258,306.5570068359375,235.516357421875,146.73147583007812,77.41519165039062,237.0833740234375,99.79617309570312,13.348917007446289,148.96527099609375,124.25775909423828,13.424748420715332,309.07000732421875,187.6161346435547,31.553823471069336,42.83642578125,82.28288269042969
2022-09-20,154.0260009765625,122.83470153808594,291.05999755859375,122.19000244140625,31.06283187866211,476.4595031738281,147.25245666503906,38.09103012084961,134.1635284423828,104.29591369628906,100.25104522705078,248.96444702148438,27.553346633911133,105.1299057006836,53.629451751708984,305.8150939941406,234.04100036621094,144.81826782226562,76.84333801269531,235.0763397216797,95.33743286132812,13.143424987792969,149.133056640625,123.81651306152344,13.264546394348145,308.7300109863281,186.58642578125,31.056488037109375,42.587677001953125,81.61192321777344
2022-09-21,150.90426635742188,121.5697021484375,286.29998779296875,118.54000091552734,30.135587692260742,470.3072204589844,145.11935424804688,37.20539855957031,133.07321166992188,101.30964660644531,98.40739440917969,246.60348510742188,27.08714485168457,102.09844970703125,53.18180847167969,297.2538146972656,230.08226013183594,140.88279724121094,75.52985382080078,231.68280029296875,92.88929748535156,13.228214263916016,148.70925903320312,122.2226333618164,13.01623821258545,300.79998779296875,181.68060302734375,30.20720100402832,42.97673416137695,80.29646301269531
2022-09-22,149.94219970703125,123.90906524658203,287.05999755859375,117.30999755859375,29.544694900512695,464.67962646484375,147.59652709960938,36.8117790222168,132.97018432617188,99.05058288574219,99.25984191894531,244.39686584472656,26.70657730102539,100.93668365478516,53.056461334228516,291.2598876953125,227.20486450195312,141.57676696777344,78.19256591796875,233.6510772705078,91.73505401611328,12.529945373535156,148.8505096435547,122.65489196777344,13.008228302001953,288.5899963378906,180.48568725585938,30.5515079498291,42.53666305541992,79.9609603881836
2022-09-23,147.6744842529297,123.9523696899414,284.55999755859375,113.77999877929688,28.844709396362305,444.8683776855469,144.50990295410156,36.373435974121094,124.28235626220703,96.47154235839844,97.87214660644531,246.0313720703125,26.183290481567383,99.05791473388672,52.46554946899414,286.5936584472656,225.3812713623047,139.1876983642578,77.54029083251953,230.68409729003906,90.31084442138672,12.48505687713623,148.7799072265625,122.08758544921875,12.82399845123291,275.3299865722656,178.7079620361328,30.237804412841797,41.474754333496094,75.70556640625
2022-09-26,148.00830078125,122.34951782226562,276.9599914550781,115.1500015258789,28.208364486694336,458.1267395019531,143.83163452148438,36.30187225341797,121.01160430908203,95.13353729248047,97.30715942382812,242.07223510742188,25.66000747680664,96.92501068115234,51.81196212768555,283.20623779296875,223.37445068359375,135.18289184570312,77.00415802001953,230.22840881347656,89.41724395751953,12.197768211364746,148.71807861328125,122.20465087890625,12.551657676696777,276.010009765625,175.4341583251953,29.786373138427734,41.87337875366211,74.14289855957031
2022-09-27,148.98016357421875,122.79137420654297,277.57000732421875,114.41000366210938,27.790191650390625,456.2191467285156,146.35792541503906,36.24819564819336,121.06307220458984,92.93263244628906,96.64305114746094,243.98818969726562,25.583892822265625,96.07183837890625,50.47793960571289,279.6626892089844,216.90484619140625,133.23004150390625,76.70037078857422,229.22003173828125,89.63133239746094,12.382312774658203,146.5638885498047,118.8458480834961,12.599717140197754,282.94000244140625,172.7918243408203,29.755767822265625,41.75857162475586,75.69674682617188
2022-09-28,147.0953369140625,125.28670501708984,281.3999938964844,118.01000213623047,28.24472427368164,465.7478942871094,147.61618041992188,36.981754302978516,125.14942932128906,96.37458801269531,99.17064666748047,256.24713134765625,25.812232971191406,98.01414489746094,51.01513671875,283.2745361328125,217.12478637695312,140.3772735595703,77.54029083251953,233.73829650878906,91.87467193603516,12.704514503479004,148.9123077392578,118.8458480834961,12.679819107055664,287.80999755859375,174.06442260742188,30.13833999633789,42.4473762512207,78.45127868652344
2022-09-29,139.8701629638672,123.65782928466797,278.25,114.80000305175781,27.872007369995117,456.86773681640625,144.31329345703125,36.292930603027344,124.28235626220703,94.48393249511719,96.56375122070312,252.7419891357422,25.098663330078125,96.35321807861328,50.6480598449707,279.9457092285156,214.79722595214844,135.22254943847656,77.41519165039062,230.27688598632812,88.73772430419922,12.189789772033691,147.0936279296875,115.89225006103516,12.439518928527832,268.2099914550781,174.9193115234375,29.564491271972656,42.173126220703125,78.29235076904297
2022-09-30,135.66856384277344,116.28443145751953,275.20001220703125,113.0,27.453834533691406,450.4674377441406,141.39382934570312,35.78302001953125,123.33806610107422,91.45890808105469,94.8093032836914,250.5717010498047,24.518295288085938,94.8465576171875,50.15563201904297,277.573486328125,211.44329833984375,134.49888610839844,76.95056915283203,225.81674194335938,77.3720703125,12.108987808227539,144.13601684570312,113.68606567382812,12.287328720092773,265.25,172.57810974121094,29.051855087280273,41.35995864868164,77.08283233642578
2022-10-03,139.84066772460938,119.84548950195312,285.239990234375,115.87999725341797,28.26290512084961,455.6754455566406,145.38478088378906,36.93701934814453,130.2574005126953,94.17366790771484,97.77303314208984,257.6183166503906,25.66000747680664,97.77818298339844,50.71968078613281,283.5674743652344,215.6586151123047,137.40335083007812,78.22830963134766,233.4183349609375,79.49439239501953,12.481066703796387,145.89291381835938,115.7211685180664,12.735888481140137,242.39999389648438,176.46388244628906,29.962356567382812,42.26242446899414,81.15283203125
2022-10-04,143.423828125,123.02531433105469,294.9700012207031,121.08999633789062,29.435609817504883,463.6875915527344,153.0816192626953,37.75864791870117,135.32244873046875,98.35248565673828,100.74665069580078,262.93951416015625,26.35454750061035,102.35257720947266,50.83607864379883,294.1005859375,218.55433654785156,139.058837890625,78.97887420654297,241.31076049804688,82.51033020019531,13.134448051452637,147.53506469726562,117.15294647216797,12.888080596923828,249.44000244140625,180.34967041015625,30.459688186645508,42.810909271240234,84.11042785644531
2022-10-05,143.7183380126953,124.18634796142578,297.3800048828125,120.94999694824219,29.017436981201172,458.1458740234375,153.57308959960938,37.91214370727539,136.09507751464844,97.73197174072266,100.53850555419922,263.202880859375,26.297466278076172,101.08885192871094,50.35261154174805,296.9609680175781,219.09500122070312,137.77017211914062,78.97887420654297,241.62107849121094,84.80021667480469,13.176342010498047,146.55506896972656,116.3425064086914,12.759918212890625,240.80999755859375,182.31204223632812,30.145994186401367,42.386783599853516,87.50946044921875
2022-10-06,142.76609802246094,121.55236053466797,298.4100036621094,120.30000305175781,28.59926414489746,460.21563720703125,152.8162078857422,37.48777770996094,138.5760955810547,96.9950942993164,100.52857971191406,263.6932373046875,25.85980796813965,99.02845001220703,49.269264221191406,292.58050537109375,215.1179656982422,137.85940551757812,78.1300048828125,239.28433227539062,83.93453216552734,13.097539901733398,143.72991943359375,113.8931884765625,12.489261627197266,238.1300048828125,180.2914276123047,29.440322875976562,41.991363525390625,90.10506439208984
2022-10-07,137.52392578125,120.22669982910156,288.7699890136719,114.55999755859375,27.953826904296875,446.5377197265625,147.73411560058594,36.35918045043945,137.38278198242188,94.2027587890625,97.81267547607422,258.1813049316406,24.470722198486328,97.0504379272461,48.803707122802734,288.4151611328125,213.6884002685547,132.2882843017578,78.27298736572266,227.11602783203125,81.1326904296875,12.046144485473633,142.6793212890625,111.90311431884766,12.179476737976074,223.07000732421875,178.58168029785156,28.67007827758789,40.996429443359375,89.19573211669922
2022-10-10,137.84786987304688,119.83683013916016,285.7200012207031,113.66999816894531,27.872007369995117,444.7825622558594,143.1632080078125,36.01607131958008,134.90179443359375,92.26363372802734,96.99988555908203,256.49224853515625,23.97597885131836,96.14385986328125,48.6962776184082,285.29608154296875,215.3012237548828,132.62535095214844,80.84632873535156,222.2777862548828,80.69520568847656,11.641149520874023,142.86473083496094,111.44386291503906,12.146866798400879,222.9600067138672,176.978759765625,28.49113655090332,41.23878860473633,87.26225280761719
2022-10-11,136.43423461914062,122.60940551757812,284.8299865722656,112.20999908447266,27.062936782836914,450.22906494140625,140.14541625976562,35.73618698120117,134.92755126953125,90.2663345336914,96.32586669921875,256.8827819824219,23.823749542236328,93.369140625,48.77684783935547,279.6933288574219,217.22560119628906,127.42103576660156,81.35564422607422,218.55458068847656,81.90528106689453,11.557354927062988,143.5445098876953,111.86710357666016,12.07349681854248,216.5,174.0255584716797,27.962080001831055,42.30705642700195,86.52064514160156
2022-10-12,135.80596923828125,121.28376007080078,286.1499938964844,112.9000015258789,27.144756317138672,444.849365234375,139.87014770507812,35.456295013427734,135.33102416992188,90.56689453125,96.7025146484375,254.73062133789062,24.09966278076172,94.880126953125,49.36775207519531,277.08270263671875,217.23477172851562,126.39009857177734,80.792724609375,218.8842315673828,82.38933563232422,11.47156810760498,149.5479736328125,112.04718780517578,11.926755905151367,217.24000549316406,173.15126037597656,27.759796142578125,41.8287239074707,86.90027618408203
2022-10-13,140.3708038330078,125.09113311767578,294.739990234375,112.52999877929688,28.808347702026367,446.38507080078125,142.96658325195312,36.66615295410156,141.88983154296875,93.69857788085938,98.18932342529297,256.8282775878906,25.136722564697266,100.1548080444336,50.021339416503906,287.4275817871094,226.11439514160156,129.15579223632812,82.64232635498047,227.11602783203125,83.3667221069336,11.930432319641113,154.15652465820312,113.74010467529297,12.326217651367188,221.72000122070312,179.38796997070312,28.319974899291992,42.18269348144531,89.93731689453125
2022-10-14,135.8452606201172,125.10862731933594,287.94000244140625,106.9000015258789,28.817440032958984,433.6608581542969,139.80136108398438,36.295963287353516,137.47723388671875,91.57522583007812,95.71131134033203,251.01663208007812,24.651493072509766,101.82145690917969,49.224510192871094,282.274658203125,222.8246307373047,125.65654754638672,82.3653335571289,221.6087646484375,81.49571990966797,11.19924259185791,150.2542724609375,112.63250732421875,12.220237731933594,204.99000549316406,177.40621948242188,28.304412841796875,41.592742919921875,87.57125091552734
2022-10-17,139.8014678955078,126.39524841308594,293.5,113.79000091552734,30.562849044799805,442.74139404296875,144.67701721191406,37.28914260864258,138.4816436767578,94.36759185791016,99.09133911132812,255.40261840820312,25.136722564697266,106.09798431396484,49.86018371582031,288.4836120605469,225.86695861816406,132.8731689453125,84.0987777709961,230.3059844970703,83.74838256835938,11.85860824584961,152.49671936035156,114.66761016845703,12.481112480163574,219.35000610351562,179.9611053466797,28.926828384399414,41.89250183105469,88.83375549316406
2022-10-18,141.11688232421875,126.56155395507812,292.9800109863281,116.36000061035156,31.708269119262695,451.4213562011719,150.9190216064453,37.7315559387207,139.69215393066406,95.48258972167969,99.88430786132812,258.85333251953125,24.613435745239258,108.82688903808594,50.53165817260742,293.7049865722656,228.35035705566406,131.64395141601562,84.53660583496094,231.24647521972656,83.47843170166016,11.937414169311523,154.55377197265625,115.5950927734375,12.717528343200684,220.19000244140625,181.8262939453125,28.84124183654785,42.77583312988281,88.99266815185547
2022-10-19,141.22483825683594,125.2749252319336,299.8299865722656,115.06999969482422,30.8355712890625,449.6662292480469,151.056640625,37.81282043457031,144.2248992919922,95.97705841064453,98.75432586669922,250.1630401611328,24.73712158203125,106.69320678710938,50.10190963745117,291.14312744140625,229.7798614501953,132.07020568847656,83.3303451538086,229.28790283203125,82.44518280029297,12.021208763122559,153.0529327392578,116.66667938232422,12.668611526489258,222.0399932861328,181.0880126953125,28.452239990234375,42.65465545654297,91.63243865966797
2022-10-20,140.7634735107422,125.09986877441406,302.3800048828125,115.25,30.63557243347168,443.170654296875,154.82150268554688,37.659332275390625,145.04905700683594,95.58924102783203,99.09133911132812,244.68748474121094,24.813236236572266,106.34521484375,49.314029693603516,289.696044921875,228.8818359375,130.38502502441406,83.0444107055664,228.9679412841797,80.82550811767578,12.16385269165039,151.37554931640625,115.16398620605469,13.646883010864258,207.27999877929688,181.87489318847656,28.786781311035156,42.759883880615234,91.75603485107422
2022-10-21,144.57240295410156,128.71466064453125,306.3699951171875,119.31999969482422,31.77191162109375,456.1046447753906,157.44610595703125,38.64347457885742,148.68038940429688,98.9342269897461,100.24113464355469,250.19943237304688,25.66000747680664,111.93125915527344,50.10190963745117,295.6507263183594,233.2620849609375,128.8782501220703,85.4837417602539,234.75637817382812,82.38001251220703,12.435179710388184,152.7880859375,116.60592651367188,13.940367698669434,214.44000244140625,184.93496704101562,27.5030460357666,43.62406539916992,93.4599380493164
2022-10-24,146.71246337890625,132.06686401367188,316.2200012207031,119.81999969482422,31.88099479675293,474.0272216796875,157.91793823242188,39.311614990234375,148.62889099121094,98.62397766113281,101.6189193725586,257.2187194824219,25.85980796813965,112.0686264038086,51.543373107910156,298.80889892578125,233.96766662597656,128.5907745361328,87.00273132324219,239.73036193847656,81.92389678955078,12.567851066589355,156.86688232421875,117.32233428955078,14.27460765838623,211.25,185.2652587890625,27.98542022705078,44.456382751464844,94.1132583618164
2022-10-25,149.5495147705078,131.13037109375,323.7900085449219,120.5999984741211,32.17189025878906,476.020751953125,162.45938110351562,40.051971435546875,150.17416381835938,101.18360900878906,103.56169891357422,263.5751953125,26.07863426208496,112.36165618896484,52.77891540527344,304.48980712890625,234.34336853027344,136.31295776367188,87.30653381347656,243.03663635253906,85.37735748291016,13.228214263916016,157.38778686523438,118.67361450195312,14.421347618103027,222.4199981689453,188.83047485351562,28.34330940246582,44.66683578491211,93.47761535644531
2022-10-26,146.61428833007812,133.48480224609375,320.4800109863281,115.66000366210938,32.453712463378906,476.3927307128906,157.19052124023438,40.070030212402344,152.0284881591797,101.44538879394531,94.09562683105469,263.47528076171875,25.888347625732422,113.65287780761719,53.172847747802734,312.40985107421875,235.14976501464844,128.68992614746094,87.93201446533203,224.2848663330078,86.00102996826172,12.864116668701172,158.09408569335938,119.50790405273438,14.788200378417969,224.63999938964844,197.52493286132812,28.34330940246582,45.008056640625,94.59002685546875
2022-10-27,142.1476593017578,134.35128784179688,318.6499938964844,110.95999908447266,32.60825729370117,474.4720153808594,157.0332489013672,40.10614776611328,152.72389221191406,101.26118469238281,91.40946197509766,264.3016662597656,24.99400520324707,114.10157775878906,53.298194885253906,312.2729187011719,242.93894958496094,97.0874252319336,89.12039947509766,219.8538055419922,84.27894592285156,13.143424987792969,157.9263153076172,119.59858703613281,14.698527336120605,225.08999633789062,198.45751953125,28.148805618286133,44.87731170654297,94.95198822021484
2022-10-28,152.88722229003906,129.196044921875,325.67999267578125,103.41000366210938,32.89006423950195,488.1651306152344,160.24761962890625,41.20766067504883,154.50950622558594,102.72521209716797,95.44367980957031,271.1938781738281,27.65800666809082,115.4568862915039,54.39943313598633,322.1484680175781,251.5619354248047,98.33645629882812,90.04072570800781,228.6964111328125,87.3414535522461,13.799799919128418,160.8839111328125,122.6275634765625,15.065377235412598,228.52000427246094,203.3633575439453,29.30805778503418,45.4449348449707,97.7330093383789
2022-10-31,150.5312042236328,128.1370086669922,318.5,102.44000244140625,32.76279067993164,479.2115783691406,159.82496643066406,41.0180549621582,155.29930114746094,103.29725646972656,93.67931365966797,268.9055480957031,27.04909324645996,115.27371978759766,53.584693908691406,320.8871154785156,249.85755920410156,92.34902954101562,90.42494201660156,225.0702362060547,86.2709732055664,13.463631629943848,160.31007385253906,122.1287841796875,14.861572265625,227.5399932861328,201.24562072753906,29.074649810791016,45.38753890991211,97.83013153076172
2022-11-01,147.89047241210938,128.58340454101562,316.0199890136719,96.79000091552734,32.908241271972656,477.739990234375,157.10203552246094,41.045143127441406,156.4324951171875,102.77369689941406,89.67483520507812,268.84197998046875,26.92540740966797,117.35246276855469,53.39667892456055,325.7857971191406,250.12330627441406,94.37126922607422,89.13825988769531,221.23062133789062,87.28559875488281,13.509516716003418,159.58612060546875,122.31922149658203,14.959397315979004,227.82000732421875,201.02215576171875,29.074649810791016,45.183448791503906,98.8012924194336
2022-11-02,142.37342834472656,126.49153137207031,301.2200012207031,92.12000274658203,32.80824661254883,462.0211181640625,147.4588623046875,40.2415771484375,153.23895263671875,98.72091674804688,86.20559692382812,262.1859436035156,26.08814811706543,116.27188110351562,52.65357208251953,312.71295166015625,247.75904846191406,89.75184631347656,88.81659698486328,213.40603637695312,84.05553436279297,13.18631649017334,157.36131286621094,120.55989074707031,15.024617195129395,214.97999572753906,195.21290588378906,29.33917999267578,44.883689880371094,96.77069091796875
2022-11-03,136.33609008789062,126.40397644042969,285.92999267578125,89.30000305175781,32.62642288208008,464.6775817871094,143.8414764404297,39.59150314331055,155.49673461914062,96.22914123535156,82.69671630859375,255.62054443359375,26.05960464477539,116.48251342773438,52.626708984375,302.2995910644531,250.12330627441406,88.13601684570312,88.23579406738281,207.73399353027344,84.14862060546875,13.387819290161133,156.95518493652344,119.7346420288086,14.812662124633789,215.30999755859375,189.1898956298828,28.90349006652832,44.874122619628906,98.08615112304688
2022-11-04,136.0706024169922,127.15673065185547,285.75,90.9800033569336,33.44459533691406,464.79229736328125,137.39303588867188,40.19643783569336,157.46267700195312,96.54910278320312,85.81902313232422,257.91796875,27.192636489868164,119.66926574707031,53.056461334228516,311.295166015625,251.65362548828125,89.99964904785156,88.63789367675781,214.65682983398438,89.16590118408203,14.121002197265625,157.83804321289062,121.92021179199219,14.934940338134766,207.47000122070312,191.35623168945312,28.973512649536133,44.9538459777832,99.1544189453125
2022-11-07,136.60154724121094,129.62493896484375,299.5400085449219,90.52999877929688,33.64459228515625,466.837158203125,142.1310577392578,40.22352600097656,159.34275817871094,97.37322998046875,87.71223449707031,263.584228515625,27.395132064819336,120.30113220214844,53.262386322021484,317.9048767089844,253.2938690185547,95.87803649902344,89.4152603149414,220.93971252441406,86.97840881347656,14.265643119812012,159.10052490234375,123.78836059570312,14.967551231384277,197.0800018310547,194.3871612548828,28.934600830078125,45.425804138183594,100.32865142822266
2022-11-08,137.1719207763672,130.0012664794922,302.1700134277344,89.9800033569336,33.73549270629883,470.8599853515625,144.59837341308594,40.2776985168457,159.11097717285156,96.85936737060547,88.11863708496094,264.3743591308594,27.462627410888672,120.3744125366211,53.360862731933594,318.51123046875,255.11752319335938,95.63023376464844,90.69300842285156,221.9093475341797,87.26698303222656,14.565901756286621,159.54196166992188,124.0694808959961,15.13874626159668,191.3000030517578,196.01919555664062,29.463661193847656,45.53422927856445,100.64646911621094
2022-11-09,132.61917114257812,129.20480346679688,298.8699951171875,86.13999938964844,33.19915008544922,468.19403076171875,139.6440887451172,39.645668029785156,152.74961853027344,84.1095962524414,86.55250549316406,260.3879089355469,26.536924362182617,118.80847930908203,52.61774444580078,308.62579345703125,254.5585479736328,100.58670806884766,90.77342224121094,217.6819305419922,85.73107147216797,13.741942405700684,157.63499450683594,123.77023315429688,14.98385238647461,177.58999633789062,188.81439208984375,29.26915740966797,44.47551727294922,96.14384460449219
2022-11-10,144.4188995361328,131.0428009033203,329.95001220703125,96.62999725341797,34.66274642944336,490.32470703125,153.64190673828125,41.2257194519043,155.6427001953125,87.7066879272461,93.11434936523438,283.0441589355469,28.6969051361084,123.69856262207031,54.50687789916992,329.775146484375,252.80825805664062,110.89616394042969,91.04148864746094,235.59024047851562,92.61003112792969,15.71106243133545,160.41600036621094,128.0325164794922,15.358858108520508,190.72000122070312,200.1473388671875,29.969371795654297,45.3971061706543,97.55644226074219
2022-11-11,147.20167541503906,131.42794799804688,341.1499938964844,100.79000091552734,34.917274475097656,492.5606689453125,155.04759216308594,40.440216064453125,160.07249450683594,92.11820220947266,95.56262969970703,285.98626708984375,29.342973709106445,123.90001678466797,54.90080261230469,331.7502746582031,248.6937713623047,112.03614044189453,87.52991485595703,239.59461975097656,98.75362396240234,16.286636352539062,157.19354248046875,127.84209442138672,15.530055046081543,195.97000122070312,199.5924072265625,29.79821014404297,45.46725845336914,100.6023178100586
2022-11-14,145.8053741455078,132.8108367919922,340.3699951171875,98.48999786376953,34.326385498046875,487.0280456542969,155.96177673339844,40.395076751708984,160.1497344970703,91.4104232788086,94.8588638305664,278.70361328125,29.26582908630371,122.62715148925781,54.37257385253906,331.8284912109375,249.5001678466797,113.2257080078125,89.66544342041016,234.2036895751953,97.17118072509766,16.254714965820312,156.02818298339844,127.85113525390625,15.538209915161133,190.9499969482422,201.40333557128906,29.805986404418945,44.131107330322266,100.8960189819336
2022-11-15,147.53599548339844,133.94866943359375,345.9599914550781,98.94000244140625,34.27183532714844,503.0718078613281,159.3137969970703,40.53952407836914,161.43746948242188,92.60298156738281,97.57479095458984,283.2529602050781,29.61297035217285,121.73887634277344,54.28304672241211,335.8764953613281,245.4406280517578,116.06082153320312,88.99530029296875,234.6109161376953,99.33074951171875,16.624801635742188,156.43431091308594,127.40678405761719,15.505600929260254,194.4199981689453,204.4507598876953,29.331398010253906,47.01705551147461,101.5723648071289
2022-11-16,146.3068389892578,132.92462158203125,338.4100036621094,97.12000274658203,33.96276092529297,500.816650390625,152.48196411132812,40.079063415527344,158.81051635742188,91.0904541015625,97.9811782836914,285.958984375,28.475122451782227,121.90369415283203,54.184566497802734,335.14312744140625,249.72010803222656,112.24431610107422,89.2901611328125,235.0387420654297,97.95310974121094,15.870665550231934,157.44073486328125,128.54039001464844,15.432229042053223,186.9199981689453,204.59678649902344,29.47144317626953,47.355079650878906,100.48664093017578
2022-11-17,148.20465087890625,133.17849731445312,337.8299865722656,94.8499984741211,33.790035247802734,498.1506652832031,147.14431762695312,42.06541442871094,159.26034545898438,88.66654205322266,97.49549865722656,282.80804443359375,28.822263717651367,121.37257385253906,54.354671478271484,333.68621826171875,250.4989776611328,110.47981262207031,91.41676330566406,234.99012756347656,98.07411193847656,15.6382417678833,158.94166564941406,127.75144958496094,15.448537826538086,183.1699981689453,205.42437744140625,29.689285278320312,47.19563293457031,100.62010955810547
2022-11-18,148.76512145996094,135.6466522216797,330.8599853515625,94.13999938964844,33.80821990966797,500.3962707519531,145.52239990234375,43.148868560791016,158.30874633789062,89.00589752197266,96.57365417480469,284.3880615234375,28.802976608276367,122.56302642822266,54.73965072631836,336.052490234375,250.5082244873047,111.07459259033203,93.13232421875,234.54287719726562,98.12995147705078,15.370905876159668,160.0893096923828,129.2930908203125,15.464838027954102,180.19000244140625,205.23941040039062,29.992719650268555,47.906768798828125,99.74795532226562
2022-11-21,145.5398712158203,137.5109405517578,321.489990234375,92.45999908447266,33.91730880737305,500.10955810546875,142.3866424560547,42.99538040161133,156.79476928710938,94.60997009277344,94.75975036621094,287.65716552734375,27.906198501586914,121.83960723876953,55.58125686645508,330.73333740234375,251.5619354248047,108.9036636352539,94.36540985107422,235.34988403320312,96.64990997314453,15.279132843017578,163.1705322265625,130.93450927734375,15.358858108520508,167.8699951171875,200.87757873535156,30.047176361083984,48.20013427734375,98.76009368896484
2022-11-22,147.6736297607422,139.8566131591797,330.8800048828125,93.19999694824219,34.080928802490234,508.3082580566406,146.71182250976562,43.68157196044922,160.81759643554688,93.28166198730469,96.19699096679688,295.012451171875,28.754764556884766,123.66194152832031,55.8229866027832,337.2942810058594,251.78192138671875,110.46990203857422,95.51805877685547,238.24740600585938,98.6419448852539,15.998350143432617,163.18817138671875,132.05905151367188,15.489294052124023,169.91000366210938,204.7818145751953,30.498430252075195,48.37234115600586,101.61690521240234
2022-11-23,148.54881286621094,139.5065460205078,335.7799987792969,94.12999725341797,34.190032958984375,510.73529052734375,149.65097045898438,43.85312271118164,159.39013671875,95.87040710449219,97.59461212158203,291.95233154296875,28.610124588012695,124.98057556152344,56.073665618896484,340.892578125,250.4165496826172,111.26293182373047,95.44656372070312,240.72682189941406,99.27490234375,16.478160858154297,163.40008544921875,132.81175231933594,15.562670707702637,183.1999969482422,206.14486694335938,30.280580520629883,48.605125427246094,101.10961151123047
2022-11-25,145.63821411132812,139.7078399658203,334.29998779296875,93.41000366210938,34.27183532714844,509.9421691894531,150.74208068847656,43.69963836669922,158.92294311523438,95.8607177734375,96.6033935546875,296.3746032714844,28.29191017150879,125.21870422363281,56.12739181518555,343.4835205078125,252.00181579589844,110.44017028808594,96.05416870117188,240.63934326171875,98.63262176513672,16.22977638244629,162.54371643066406,133.05661010742188,15.587125778198242,182.86000061035156,208.1505126953125,30.35838508605957,48.812408447265625,100.75360107421875
2022-11-28,141.81312561035156,138.66629028320312,328.9700012207031,93.94999694824219,33.50823211669922,507.3240661621094,151.07632446289062,43.41071319580078,154.30323791503906,92.77749633789062,95.20579528808594,289.6004333496094,27.70370101928711,123.03007507324219,56.136348724365234,336.9324951171875,250.05917358398438,107.83304595947266,96.90301513671875,235.06793212890625,97.70177459716797,15.787871360778809,162.34947204589844,132.9477996826172,15.342552185058594,182.9199981689453,205.68727111816406,29.75153350830078,48.952720642089844,97.72771453857422
2022-11-29,138.8140106201172,138.46499633789062,326.7799987792969,92.41999816894531,33.635498046875,505.4512023925781,149.10049438476562,43.59128189086914,156.6131134033203,91.80793762207031,94.35335540771484,286.9125061035156,27.86762809753418,125.0538330078125,55.93938064575195,335.5049743652344,248.71206665039062,108.50714111328125,97.25150299072266,233.677490234375,98.90257263183594,15.600337028503418,161.2017364501953,131.93209838867188,15.49744701385498,180.8300018310547,203.5452880859375,29.829336166381836,48.78052520751953,98.37738800048828
2022-11-30,145.5594940185547,141.07322692871094,344.92999267578125,96.54000091552734,34.408203125,515.2837524414062,157.52476501464844,44.891441345214844,158.5855712890625,94.89115905761719,100.10236358642578,295.9841003417969,28.995832443237305,126.53736114501953,57.35499572753906,348.4800109863281,251.384521484375,117.0719223022461,98.39520263671875,248.07754516601562,102.10469055175781,16.88548469543457,163.7797088623047,135.26939392089844,15.71755599975586,194.6999969482422,211.27581787109375,30.32726287841797,48.605125427246094,99.08935546875
2022-12-01,145.83482360839844,141.4671173095703,344.1099853515625,95.5,33.4206657409668,481.4666748046875,144.5000762939453,45.117164611816406,157.87615966796875,95.58924102783203,100.10236358642578,298.7978820800781,28.764408111572266,124.76082611083984,57.517295837402344,352.7822570800781,251.94667053222656,119.39154815673828,98.10929107666016,247.63998413085938,103.4264907836914,17.09701156616211,165.14781188964844,135.35101318359375,15.64418888092041,194.6999969482422,211.27581787109375,29.821552276611328,48.90807342529297,98.60879516601562
2022-12-02,145.3432159423828,143.24388122558594,341.5299987792969,94.12999725341797,32.99091339111328,472.5513916015625,142.10157775878906,44.87337875366211,156.6131134033203,96.40367126464844,99.55720520019531,299.63836669921875,28.359407424926758,123.77182006835938,58.0222282409668,352.0586853027344,251.94667053222656,122.41500091552734,98.32371520996094,247.96087646484375,104.76168060302734,16.838586807250977,164.9612579345703,136.5843505859375,15.505600929260254,194.86000061035156,211.91842651367188,29.704851150512695,48.86024856567383,97.772216796875
2022-12-05,144.18292236328125,143.48892211914062,334.0899963378906,91.01000213623047,31.51875877380371,466.9422607421875,131.65234375,44.539306640625,152.7460174560547,93.01020050048828,98.60564422607422,292.4121398925781,28.12798309326172,120.30113220214844,57.228763580322266,348.17694091796875,250.2786865234375,121.36422729492188,98.29692840576172,243.27430725097656,102.35274505615234,16.573179244995117,162.67816162109375,135.2058868408203,15.285489082336426,182.4499969482422,208.0434112548828,28.84124183654785,48.35958480834961,95.09339904785156
2022-12-06,140.52500915527344,143.29638671875,331.1499938964844,88.25,30.17461395263672,459.7756042480469,131.00357055664062,43.87118148803711,148.8096923828125,89.48098754882812,96.12760925292969,290.009521484375,27.578344345092773,120.50263214111328,57.201717376708984,339.80718994140625,250.444580078125,113.12657165527344,97.33191680908203,238.33489990234375,100.77476501464844,15.951556205749512,161.35446166992188,135.37818908691406,15.62788200378418,179.82000732421875,203.5647735595703,28.701202392578125,47.79833221435547,92.45018005371094
2022-12-07,138.58787536621094,144.76678466796875,326.67999267578125,88.45999908447266,29.936874389648438,460.5495910644531,128.26101684570312,43.50099182128906,149.25088500976562,89.34525299072266,94.10555267333984,292.47607421875,27.3179874420166,120.42020416259766,57.291873931884766,339.6995849609375,249.1267852783203,112.93822479248047,98.36839294433594,237.60565185546875,101.14826202392578,16.08426284790039,161.84304809570312,136.2488555908203,15.73386287689209,174.0399932861328,202.32826232910156,28.919044494628906,47.54960632324219,92.24549102783203
2022-12-08,140.26930236816406,145.28321838378906,332.5799865722656,90.3499984741211,29.66256332397461,460.0240173339844,127.91698455810547,44.23233413696289,150.13333129882812,89.73307037353516,92.88636016845703,296.07550048828125,27.424060821533203,121.6839370727539,57.53532791137695,343.36627197265625,251.93740844726562,114.32603454589844,99.04749298095703,240.55177307128906,103.97737884521484,17.130937576293945,163.26443481445312,137.22824096679688,15.587125778198242,173.44000244140625,203.58424377441406,28.86458969116211,47.62322998046875,92.93079376220703
2022-12-09,139.7875213623047,142.71871948242188,330.6400146484375,89.08999633789062,29.607698440551758,461.5528869628906,128.8802947998047,43.75380325317383,145.34054565429688,90.53780364990234,92.01408386230469,292.77752685546875,27.231204986572266,121.02460479736328,56.93121337890625,341.0782470703125,250.6934051513672,114.89108276367188,97.1978759765625,238.62660217285156,102.1659927368164,16.963308334350586,162.6603546142578,136.865478515625,15.562670707702637,179.0500030517578,203.19476318359375,29.097991943359375,46.512508392333984,92.14761352539062
2022-12-12,142.07859802246094,144.69679260253906,338.1700134277344,90.55000305175781,29.927730560302734,466.00579833984375,130.84629821777344,44.51222229003906,146.8545379638672,91.77886199951172,92.4898681640625,299.6292419433594,27.665132522583008,122.90188598632812,57.67959976196289,350.2107238769531,254.9140167236328,113.71141815185547,97.36766815185547,245.5203399658203,104.64031219482422,17.49612045288086,163.4332275390625,138.2711639404297,15.73386287689209,167.82000732421875,208.92941284179688,29.52590560913086,47.37995529174805,94.41703033447266
2022-12-13,143.04225158691406,144.23287963867188,342.4599914550781,92.48999786376953,29.94601821899414,466.5027160644531,133.3135986328125,44.8192024230957,150.1246795654297,91.81763458251953,94.78948211669922,304.1148681640625,27.70370101928711,122.7828140258789,57.6976318359375,349.2133483886719,252.7576141357422,119.10408020019531,99.1010971069336,249.80828857421875,105.36859893798828,18.031936645507812,163.34439086914062,138.0625762939453,15.587125778198242,160.9499969482422,207.4202880859375,29.45588493347168,47.21031188964844,95.44939422607422
2022-12-14,140.82000732421875,144.29417419433594,339.9200134277344,91.58000183105469,29.51625633239746,462.0306396484375,132.45838928222656,44.51222229003906,149.0865478515625,91.28437805175781,94.2343978881836,304.6081237792969,27.25048828125,122.1692886352539,57.6976318359375,349.56536865234375,252.9879913330078,120.53153228759766,100.33333587646484,250.09999084472656,104.0614013671875,17.63481330871582,162.891357421875,138.606689453125,15.407770156860352,156.8000030517578,207.6929168701172,29.13689613342285,46.94783020019531,94.7463150024414
2022-12-15,134.22198486328125,142.75372314453125,328.7099914550781,88.44999694824219,29.049922943115234,443.292236328125,128.22171020507812,43.47391128540039,147.9705047607422,87.73577117919922,90.06140899658203,299.2820739746094,26.180143356323242,119.13818359375,56.90415954589844,338.5555725097656,250.40773010253906,115.13890075683594,98.60639190673828,242.11721801757812,101.31632232666016,16.91441535949707,160.1284942626953,137.03778076171875,15.057223320007324,157.6699981689453,202.42562866210938,29.3858585357666,46.52851867675781,93.83855438232422
2022-12-16,132.2651824951172,140.46054077148438,338.5400085449219,87.86000061035156,28.985916137695312,440.94158935546875,126.08861541748047,43.166934967041016,145.9634246826172,87.33824920654297,89.46668243408203,295.3902893066406,25.958356857299805,118.39640808105469,56.57955551147461,338.1546936035156,245.23789978027344,118.39035034179688,98.21963500976562,237.91680908203125,98.92603302001953,16.53426170349121,160.20848083496094,136.43019104003906,15.073530197143555,150.22999572753906,201.4325408935547,28.88014793395996,45.69306945800781,93.1799545288086
2022-12-19,130.160888671875,141.3445587158203,328.760009765625,84.91999816894531,29.31509780883789,438.2469177246094,126.81600952148438,42.79674530029297,146.96697998046875,83.16913604736328,87.66268157958984,289.8997802734375,25.833003997802734,119.10153198242188,56.66070556640625,333.676513671875,244.97067260742188,113.48344421386719,98.43549346923828,233.794189453125,96.2182846069336,16.21796226501465,161.09683227539062,136.39390563964844,14.559938430786133,149.8699951171875,199.4171600341797,28.81012535095215,45.70907974243164,93.59825134277344
2022-12-20,130.09205627441406,140.548095703125,338.2200012207031,85.19000244140625,29.433963775634766,437.472900390625,126.2655258178711,42.769657135009766,149.38067626953125,84.37138366699219,88.2375717163086,287.6250915527344,25.495506286621094,119.67845916748047,56.61562728881836,335.32891845703125,246.27923583984375,116.07071685791016,98.67835235595703,235.1068115234375,96.36768341064453,16.049339294433594,160.9990997314453,136.44833374023438,14.731132507324219,137.8000030517578,199.94290161132812,28.779003143310547,46.10919189453125,94.95100402832031
2022-12-21,133.18946838378906,141.9747314453125,341.3800048828125,86.7699966430664,29.88201332092285,441.5244445800781,128.08407592773438,43.031494140625,151.13687133789062,84.27442932128906,88.79265594482422,291.7543029785156,25.871572494506836,121.02460479736328,57.52630615234375,338.0079650878906,247.11782836914062,118.71747589111328,99.93757629394531,237.66397094726562,108.1043472290039,16.46441650390625,162.12734985351562,137.69979858398438,14.79635238647461,137.57000732421875,201.3546142578125,29.393644332885742,46.47089767456055,96.1702651977539
2022-12-22,130.02320861816406,142.90249633789062,336.5199890136719,83.79000091552734,29.61684226989746,438.32330322265625,126.99295806884766,42.724510192871094,148.8702392578125,84.03203582763672,86.9886474609375,288.7944641113281,25.04229164123535,119.65099334716797,57.11153793334961,333.9306945800781,244.91539001464844,116.10045623779297,100.05450439453125,231.59674072265625,108.97270965576172,15.304991722106934,160.87474060058594,138.0172576904297,14.894180297851562,125.3499984741211,199.6508026123047,29.805986404418945,45.92674255371094,94.23014068603516
2022-12-23,129.65940856933594,142.75372314453125,338.45001220703125,85.25,29.68999481201172,442.08819580078125,127.23870086669922,42.86897659301758,153.47268676757812,85.33125305175781,88.44573211669922,291.1788330078125,25.15800666809082,120.21871948242188,57.544342041015625,335.9644470214844,246.57412719726562,117.012451171875,100.6121597290039,232.12179565429688,108.54317474365234,15.172286987304688,161.91412353515625,138.4071807861328,14.926790237426758,123.1500015258789,200.40049743652344,29.883792877197266,46.01956558227539,96.7220458984375
2022-12-27,127.85990142822266,142.657470703125,335.0899963378906,83.04000091552734,29.744853973388672,438.12255859375,128.43795776367188,42.914119720458984,155.4019012451172,83.74118041992188,86.62191009521484,291.9278869628906,25.01336669921875,120.63998413085938,57.895992279052734,338.4675598144531,245.9014129638672,115.862548828125,100.84602355957031,230.40077209472656,109.76634979248047,14.08969497680664,162.63372802734375,139.61331176757812,15.04907512664795,109.0999984741211,200.8483428955078,30.53732681274414,46.03237533569336,98.06591033935547
2022-12-28,123.9365463256836,141.99221801757812,328.3299865722656,81.81999969482422,29.964305877685547,432.8575439453125,126.28520202636719,42.4987907409668,153.10934448242188,81.6081314086914,85.2639389038086,288.4382019042969,24.627655029296875,121.29931640625,57.31892395019531,334.3512268066406,244.30715942382812,114.61351776123047,99.91059112548828,228.03805541992188,107.35739135742188,14.004880905151367,161.4610595703125,137.80865478515625,14.853418350219727,112.70999908447266,199.58265686035156,30.195005416870117,45.225738525390625,96.45506286621094
2022-12-29,127.44696044921875,142.28109741210938,337.5799865722656,84.18000030517578,30.30262565612793,436.2402038574219,130.2859649658203,42.88703155517578,154.2686004638672,84.52651977539062,87.67259216308594,292.7135925292969,25.273717880249023,121.99526977539062,57.66156005859375,340.4720764160156,245.06280517578125,119.213134765625,99.67674255371094,234.3386688232422,109.57027435302734,14.570624351501465,161.66537475585938,138.3799285888672,15.04092025756836,121.81999969482422,202.5716552734375,30.545108795166016,45.50102233886719,97.18482971191406
2022-12-30,127.76160430908203,141.44956970214844,336.5299987792969,84.0,30.284337997436523,436.2115173339844,130.3351287841797,43.01343536376953,155.2808074951172,84.23564147949219,87.45452880859375,288.5569152832031,25.48586082458496,122.80113220214844,57.35499572753906,340.002685546875,242.85118103027344,119.29241943359375,99.79367065429688,233.18162536621094,109.25281524658203,14.5816011428833,160.49273681640625,137.44589233398438,15.008310317993164,123.18000030517578,202.2795867919922,30.654041290283203,45.38579177856445,98.16381072998047
2023-01-03,122.98272705078125,142.12351989746094,336.9200134277344,85.81999969482422,30.640953063964844,433.1346435546875,132.48788452148438,43.284297943115234,150.52261352539062,86.26203918457031,88.33670043945312,288.60260009765625,25.775144577026367,123.73517608642578,56.759891510009766,339.0934143066406,243.5883331298828,123.65412902832031,99.96455383300781,232.94827270507812,110.8774642944336,14.283262252807617,159.38229370117188,137.45498657226562,15.277337074279785,108.0999984741211,201.91932678222656,31.214214324951172,45.965152740478516,94.79080963134766
2023-01-04,124.25119018554688,143.27012634277344,341.4100036621094,85.13999938964844,31.21700668334961,436.2688903808594,137.21607971191406,43.27519989013672,148.92214965820312,89.180419921875,87.30583190917969,292.0924072265625,26.691207885742188,124.8890151977539,56.732845306396484,347.2578125,243.6436767578125,126.26123809814453,100.8100357055664,222.7583770751953,113.17435455322266,14.716299057006836,158.99139404296875,138.05348205566406,15.603425025939941,113.63999938964844,207.0016632080078,32.00001525878906,46.01636505126953,95.06668853759766
2023-01-05,122.93354797363281,143.09507751464844,328.44000244140625,83.12000274658203,31.153005599975586,430.1820068359375,134.02139282226562,42.665435791015625,151.60406494140625,89.12224578857422,85.44236755371094,288.2006530761719,26.57549476623535,124.86134338378906,56.083641052246094,343.95294189453125,241.58863830566406,125.8349838256836,102.21318817138672,216.15628051757812,112.62348937988281,14.23337459564209,157.33016967773438,136.3395233154297,15.660491943359375,110.33999633789062,205.54124450683594,32.443485260009766,45.85952377319336,97.19374084472656
2023-01-06,127.4567642211914,145.77337646484375,332.75,86.08000183105469,31.463891983032227,461.4095764160156,138.12045288085938,43.97597885131836,152.7460174560547,91.06137084960938,86.57233428955078,290.08251953125,27.70370101928711,127.25064086914062,57.1656494140625,360.08306884765625,248.32501220703125,128.88816833496094,103.29252624511719,218.70376586914062,116.2742691040039,14.826057434082031,160.8836212158203,139.5861358642578,15.921364784240723,113.05999755859375,212.0060577392578,32.824710845947266,46.98303985595703,98.36849975585938
2023-01-09,127.9779281616211,141.4933319091797,341.9800109863281,87.36000061035156,30.9884090423584,457.4726867675781,144.59837341308594,44.21260452270508,151.5521240234375,91.885498046875,87.2463607788086,290.3383483886719,28.262977600097656,126.72480773925781,56.45332717895508,363.31500244140625,246.27923583984375,128.34295654296875,99.28096008300781,220.83314514160156,116.57305145263672,15.593350410461426,159.3112030029297,137.88119506835938,15.746040344238281,119.7699966430664,212.83364868164062,32.69274139404297,46.397274017333984,96.53515625
2023-01-10,128.5482635498047,139.725341796875,338.70001220703125,89.87000274658203,31.19871711730957,460.00482177734375,144.9326171875,44.421932220458984,152.2960968017578,92.65144348144531,87.64283752441406,292.9145812988281,28.38833999633789,127.85948181152344,56.02052307128906,363.35418701171875,247.80899047851562,131.83230590820312,99.6677474975586,222.51527404785156,117.49742126464844,15.873727798461914,157.9964141845703,137.74514770507812,16.101648330688477,118.8499984741211,215.25794982910156,33.15108871459961,46.36846923828125,97.97689819335938
2023-01-11,131.26220703125,137.56349182128906,342.92999267578125,95.08999633789062,31.436460494995117,462.78558349609375,142.43577575683594,44.785972595214844,151.56939697265625,93.39802551269531,90.7155990600586,300.5610656738281,28.783693313598633,128.8096923828125,55.91232681274414,370.0627746582031,247.71685791015625,131.73316955566406,99.90160369873047,229.24374389648438,119.45820617675781,15.965523719787598,158.17410278320312,136.6297149658203,16.052032470703125,123.22000122070312,216.24131774902344,32.54259490966797,46.77498245239258,99.1160888671875
2023-01-12,131.18353271484375,134.4975128173828,344.5400085449219,95.2699966430664,31.51875877380371,460.9891052246094,147.05587768554688,44.5948486328125,153.19586181640625,96.7720947265625,90.32901763916016,301.35589599609375,29.207971572875977,128.68051147460938,55.19099044799805,371.9725646972656,245.76319885253906,135.5199432373047,100.53121185302734,231.90786743164062,119.4115219116211,16.474393844604492,156.157470703125,135.85885620117188,16.052032470703125,123.55999755859375,217.72125244140625,33.04045104980469,46.352474212646484,100.76251983642578
2023-01-13,132.510986328125,135.71681213378906,344.3800048828125,98.12000274658203,32.213687896728516,463.6837158203125,146.96739196777344,44.485626220703125,153.6111297607422,96.37458801269531,91.3103256225586,302.580078125,29.034406661987305,131.92776489257812,55.38936233520508,367.7710876464844,247.79055786132812,135.7875518798828,100.96294403076172,232.6079559326172,120.3078842163086,16.861534118652344,155.67776489257812,136.82923889160156,16.167810440063477,122.4000015258789,217.17601013183594,33.079959869384766,46.506107330322266,100.70021057128906
2023-01-17,133.6713104248047,135.03648376464844,344.3800048828125,96.05000305175781,31.564468383789062,465.1361999511719,145.94508361816406,43.75756072998047,156.1459197998047,96.86905670166016,90.48764038085938,299.2181091308594,28.542621612548828,129.88902282714844,55.61478042602539,367.2618103027344,252.6009063720703,134.18167114257812,99.34393310546875,233.69691467285156,119.64493560791016,17.662752151489258,156.40625,136.43019104003906,15.985870361328125,131.49000549316406,217.1175537109375,32.281803131103516,46.224422454833984,100.50443267822266
2023-01-18,132.9534912109375,131.8291015625,341.30999755859375,95.45999908447266,30.832965850830078,458.1607666015625,142.9763946533203,42.68362808227539,153.3256378173828,96.0255355834961,90.31912231445312,295.71014404296875,27.780841827392578,125.98680114746094,53.92866134643555,361.3072509765625,245.16412353515625,131.86203002929688,97.8508529663086,229.28260803222656,118.04830169677734,17.338478088378906,152.46188354492188,132.77548217773438,15.72950267791748,128.77999877929688,213.6709442138672,31.58639144897461,45.081695556640625,98.43970489501953
2023-01-19,133.0124969482422,131.39614868164062,342.5299987792969,93.68000030517578,30.384918212890625,448.6242370605469,143.92013549804688,42.28318786621094,154.8568878173828,96.06432342529297,92.2321548461914,284.0073547363281,27.404775619506836,124.30786895751953,53.847511291503906,360.3474426269531,242.8972625732422,134.9647979736328,98.84923553466797,225.50999450683594,116.2742691040039,16.727828979492188,150.6940155029297,129.96751403808594,15.66334056854248,127.16999816894531,214.5959014892578,31.657508850097656,44.438316345214844,99.07156372070312
2023-01-20,135.569091796875,132.17367553710938,356.3800048828125,97.25,30.951833724975586,458.772216796875,148.6778106689453,42.57442855834961,156.5006103515625,100.33040618896484,97.1584701538086,287.771240234375,28.176197052001953,124.61227416992188,54.17211151123047,368.515380859375,247.50485229492188,138.15673828125,98.88522338867188,233.57052612304688,118.2257080078125,17.799448013305664,150.91610717773438,130.46942138671875,15.90317153930664,133.4199981689453,218.3929901123047,31.610095977783203,44.98567581176758,100.87821197509766
2023-01-23,138.7550506591797,131.2547607421875,364.9800109863281,97.5199966430664,31.381593704223633,470.7166748046875,153.21922302246094,43.229698181152344,156.29298400878906,102.47312927246094,98.91291809082031,288.2098083496094,29.188690185546875,126.63256072998047,54.307350158691406,370.75811767578125,248.15914916992188,142.0228271484375,98.83125305175781,235.86520385742188,119.78499603271484,19.150447845458984,150.240966796875,128.71728515625,15.795661926269531,143.75,218.26644897460938,31.317703247070312,45.657859802246094,100.35314178466797
2023-01-24,140.15133666992188,130.49488830566406,361.32000732421875,96.31999969482422,31.610191345214844,470.2388610839844,152.22640991210938,43.5118293762207,156.4400634765625,102.77369689941406,96.84127807617188,290.22869873046875,28.8511905670166,127.72110748291016,54.59589385986328,372.16845703125,248.407958984375,141.8939666748047,97.6080093383789,235.34014892578125,118.42179107666016,19.222288131713867,151.6356964111328,129.42001342773438,15.845280647277832,143.88999938964844,217.98411560058594,31.942001342773438,45.77949523925781,101.28759765625
2023-01-25,139.49249267578125,130.583251953125,358.1700134277344,97.18000030517578,31.88450813293457,469.0635986328125,153.51412963867188,43.66654968261719,154.9261016845703,104.82917022705078,94.3830795288086,289.8358459472656,28.63905143737793,128.3391876220703,54.93852996826172,374.499267578125,251.57803344726562,140.2682342529297,97.67096710205078,233.94972229003906,118.41244506835938,19.280162811279297,152.7372589111328,129.32872009277344,16.887298583984375,144.42999267578125,218.96742248535156,31.870878219604492,45.56183624267578,100.75360107421875
2023-01-26,141.5574951171875,130.2386474609375,365.82000732421875,99.22000122070312,32.314266204833984,476.1537170410156,162.28244018554688,43.994178771972656,162.46133422851562,106.36107635498047,96.6628646850586,286.6841125488281,29.015117645263672,129.13255310058594,54.83032989501953,369.45556640625,253.16305541992188,146.01773071289062,96.12391662597656,241.1351776123047,119.07537841796875,19.758098602294922,151.21820068359375,128.8085479736328,16.53995704650879,160.27000427246094,218.782470703125,31.823461532592773,45.52021789550781,104.80298614501953
2023-01-27,143.49456787109375,129.24905395507812,370.7099914550781,102.23999786376953,32.414852142333984,480.9219665527344,161.7221221923828,44.14889144897461,155.24620056152344,106.2059555053711,98.49661254882812,289.3151550292969,27.1540584564209,129.44622802734375,54.54180145263672,366.3117980957031,251.0803680419922,150.41909790039062,94.78373718261719,241.290771484375,119.07537841796875,20.31985092163086,150.6851348876953,128.27928161621094,16.498611450195312,177.89999389648438,225.33493041992188,32.1158561706543,45.86912536621094,102.88954162597656
2023-01-30,140.6134796142578,128.6923828125,363.4200134277344,100.55000305175781,32.27768325805664,480.9125061035156,161.94822692871094,43.88496780395508,150.7042999267578,104.31529998779297,96.08796691894531,287.0769348144531,26.951566696166992,128.34841918945312,54.67704391479492,363.4618225097656,249.63363647460938,145.77980041503906,95.42234802246094,235.99163818359375,117.99229431152344,19.11952018737793,150.560791015625,128.6807861328125,16.672279357910156,166.66000366210938,223.05667114257812,32.439857482910156,45.50102233886719,101.06510162353516
2023-01-31,141.88194274902344,130.5479278564453,370.3399963378906,103.12999725341797,32.44227981567383,488.42315673828125,165.1134490966797,44.29450988769531,150.548583984375,105.18789672851562,97.97127532958984,296.1485290527344,27.25048828125,129.11412048339844,55.29017639160156,362.95263671875,246.41744995117188,147.67320251464844,96.60963439941406,240.95045471191406,118.88864135742188,19.493684768676758,151.92886352539062,129.93101501464844,16.845947265625,173.22000122070312,224.1373748779297,32.85078811645508,46.05157470703125,103.24554443359375
2023-02-01,143.0029296875,129.5317840576172,383.9200134277344,105.1500015258789,32.8446044921875,494.8921813964844,168.89801025390625,44.20349884033203,148.24734497070312,106.06051635742188,99.54730224609375,299.72979736328125,28.031557083129883,128.77279663085938,55.2991943359375,366.3608093261719,245.37612915039062,151.7870635986328,96.22286224365234,245.75369262695312,120.91477966308594,20.89657211303711,152.40858459472656,130.67018127441406,16.688817977905273,181.41000366210938,224.8091583251953,32.94561767578125,46.307647705078125,102.11528015136719
2023-02-02,148.30299377441406,127.9766845703125,392.2300109863281,112.91000366210938,33.03662872314453,501.03765869140625,171.6700439453125,44.88607406616211,146.21432495117188,109.76423645019531,106.79302978515625,310.4183654785156,29.11154556274414,128.1731719970703,54.35244369506836,367.2030334472656,242.55624389648438,187.12673950195312,93.05680847167969,257.2756652832031,120.50395965576172,21.66086769104004,150.99609375,129.7393798828125,16.771516799926758,188.27000427246094,223.5045166015625,33.0562629699707,45.971553802490234,98.92028045654297
2023-02-03,151.92156982421875,128.29478454589844,379.3299865722656,103.38999938964844,33.310951232910156,492.77685546875,168.13124084472656,44.258113861083984,146.59494018554688,107.34033966064453,103.85905456542969,302.8450012207031,29.23690414428711,130.15652465820312,53.94670104980469,366.1943054199219,243.49620056152344,184.90621948242188,92.58909606933594,251.19871520996094,119.15007781982422,21.0532169342041,150.240966796875,130.1409149169922,16.399368286132812,189.97999572753906,224.0594940185547,32.803375244140625,45.36017608642578,99.60554504394531
2023-02-06,149.19778442382812,128.13577270507812,375.2300109863281,102.18000030517578,33.256080627441406,493.5330810546875,166.17507934570312,43.29340362548828,146.75933837890625,106.52591705322266,101.99557495117188,300.8077392578125,28.002227783203125,130.9221954345703,54.25325393676758,365.273681640625,246.896728515625,184.44033813476562,93.56949615478516,249.6623992919922,117.39472961425781,21.0422420501709,152.63954162597656,129.03672790527344,16.1926212310791,194.75999450683594,223.38771057128906,32.621620178222656,45.03049087524414,99.43646240234375
2023-02-07,152.06903076171875,128.2417755126953,383.82000732421875,102.11000061035156,33.62183380126953,494.4328308105469,168.36717224121094,43.539127349853516,150.60914611816406,108.23233032226562,106.69391632080078,297.0895690917969,28.353595733642578,132.51817321777344,54.16309356689453,367.3205261230469,246.3621368408203,189.95191955566406,95.0535888671875,260.15374755859375,117.02123260498047,22.123842239379883,152.40858459472656,127.77738189697266,15.919710159301758,196.80999755859375,225.21810913085938,32.04473876953125,45.12650680541992,102.27546691894531
2023-02-08,149.38462829589844,127.77352142333984,378.3599853515625,100.05000305175781,33.37495422363281,482.2569274902344,166.7452392578125,42.73824691772461,147.07077026367188,108.37776947021484,98.49661254882812,293.0607604980469,27.56301498413086,131.58645629882812,53.847511291503906,362.70770263671875,242.19688415527344,181.83323669433594,95.91705322265625,259.34674072265625,114.76166534423828,22.15576934814453,152.05323791503906,126.45416259765625,15.845280647277832,201.2899932861328,224.12759399414062,32.02103042602539,44.88324737548828,101.38550567626953
2023-02-09,148.35211181640625,131.38731384277344,375.80999755859375,98.23999786376953,32.661739349365234,479.2130126953125,170.70669555664062,42.52891540527344,145.72120666503906,107.00099182128906,94.17493438720703,288.2737121582031,27.06524085998535,129.53846740722656,53.75734329223633,362.77630615234375,240.2063751220703,176.3712158203125,95.989013671875,256.32281494140625,114.08004760742188,22.287477493286133,153.49241638183594,125.06707000732422,15.688151359558105,207.32000732421875,223.73745727539062,31.459943771362305,45.29936599731445,101.76818084716797
2023-02-10,148.71652221679688,134.3472900390625,370.989990234375,97.61000061035156,32.53371810913086,478.600341796875,164.18943786621094,43.011268615722656,148.7751007080078,104.77098846435547,93.73878479003906,289.1781311035156,27.133563995361328,130.1104278564453,53.75734329223633,359.2603759765625,241.82830810546875,172.6339874267578,97.65299224853516,255.81723022460938,114.12676239013672,21.217853546142578,156.5305938720703,126.17125701904297,15.770849227905273,196.88999938964844,221.64004516601562,31.617998123168945,46.00355911254883,106.05783081054688
2023-02-13,151.51339721679688,135.8316650390625,375.0,99.54000091552734,32.59772491455078,484.7840881347656,168.1705780029297,43.557334899902344,147.94454956054688,104.3831787109375,93.77845001220703,295.56390380859375,27.865581512451172,131.5218505859375,54.64097595214844,363.1778869628906,245.31161499023438,177.86802673339844,98.53443145751953,263.8097229003906,116.85315704345703,21.73969268798828,157.9253387451172,127.82301330566406,15.92798137664795,194.63999938964844,223.2789306640625,31.862972259521484,46.70456314086914,105.64532470703125
2023-02-14,150.87326049804688,134.8243865966797,377.8999938964844,99.69999694824219,32.57029342651367,481.6922302246094,167.0696258544922,43.411720275878906,149.077880859375,104.3831787109375,93.84783172607422,290.90472412109375,27.95342445373535,132.10301208496094,53.730289459228516,362.3257751464844,245.6894073486328,177.91757202148438,97.80589294433594,264.6361389160156,117.83354187011719,22.92007064819336,156.14862060546875,127.10208892822266,15.83700942993164,209.25,223.77642822265625,31.870878219604492,46.570125579833984,104.40769958496094
2023-02-15,152.9709014892578,133.47254943847656,375.94000244140625,101.16000366210938,32.51543426513672,489.4075012207031,168.1902313232422,44.09429168701172,147.50689697265625,105.91507720947266,96.08796691894531,292.9693603515625,28.15839195251465,132.65652465820312,53.730289459228516,362.0124206542969,245.6433563232422,175.61781311035156,96.85249328613281,262.52093505859375,119.02869415283203,22.71352767944336,156.36180114746094,126.81002807617188,15.919710159301758,214.24000549316406,223.3179168701172,31.910385131835938,46.91582489013672,104.09379577636719
2023-02-16,151.37550354003906,132.1206512451172,365.1600036621094,98.1500015258789,32.2593994140625,482.5345458984375,165.25106811523438,46.40594482421875,145.37734985351562,102.60887908935547,94.67053985595703,293.47186279296875,27.523975372314453,130.8299560546875,53.39667892456055,359.9654846191406,244.97067260742188,170.93890380859375,95.80012512207031,255.5319366455078,116.13421630859375,21.953222274780273,155.91763305664062,125.14917755126953,15.92798137664795,202.0399932861328,220.3035888671875,31.483657836914062,46.17961120605469,103.78888702392578
2023-02-17,150.23312377929688,133.69342041015625,356.8500061035156,97.19999694824219,32.32341384887695,485.7699279785156,162.36106872558594,46.205726623535156,142.13063049316406,102.0174560546875,93.5207290649414,290.46624755859375,26.948116302490234,131.2174530029297,54.20817565917969,353.6780090332031,248.80418395996094,171.3750762939453,98.5074462890625,251.54519653320312,116.563720703125,21.340585708618164,156.60169982910156,127.76823425292969,16.076839447021484,208.30999755859375,218.08909606933594,31.783950805664062,46.874210357666016,99.79804992675781
2023-02-21,146.2249298095703,134.3031005859375,346.70001220703125,94.58000183105469,31.564468383789062,480.2755126953125,158.87142944335938,45.222808837890625,140.51597595214844,98.98269653320312,90.98323822021484,269.956787109375,25.43527603149414,128.8096923828125,53.91964340209961,348.6146545410156,247.4772186279297,170.58201599121094,98.10270690917969,246.291259765625,113.0716552734375,20.609209060668945,156.5128173828125,127.67697143554688,15.886629104614258,197.3699951171875,215.22108459472656,30.977893829345703,47.159095764160156,99.69937896728516
2023-02-22,146.6483917236328,133.1279754638672,348.7200012207031,95.79000091552734,31.35416603088379,476.1116638183594,160.58187866210938,44.876983642578125,139.94871520996094,98.58518981933594,90.84446716308594,270.68768310546875,24.859418869018555,127.82262420654297,54.081939697265625,347.6451110839844,247.5602569580078,169.63038635253906,98.18365478515625,245.16055297851562,111.95121765136719,20.707983016967773,156.45953369140625,128.21543884277344,16.0272216796875,200.86000061035156,214.63575744628906,31.041105270385742,46.17001724243164,98.40797424316406
2023-02-23,147.13096618652344,134.36495971679688,347.0199890136719,95.81999969482422,31.326736450195312,472.0434875488281,161.32888793945312,44.785972595214844,141.32765197753906,98.63365936279297,90.09114074707031,273.4374694824219,24.996063232421875,128.8465576171875,54.18112564086914,348.1935729980469,245.8461456298828,170.5423583984375,99.46987915039062,248.3382568359375,112.00724029541016,23.611534118652344,156.62831115722656,127.80474853515625,16.002408981323242,202.07000732421875,215.7185821533203,30.44841957092285,45.4818115234375,99.31375122070312
2023-02-24,144.4818115234375,134.93043518066406,320.5400085449219,93.5,31.281009674072266,467.7071533203125,159.44155883789062,44.1215934753418,141.74659729003906,97.24718475341797,88.34660339355469,271.0165710449219,24.537330627441406,130.00894165039062,53.95571517944336,345.833251953125,242.98936462402344,168.90672302246094,98.84026336669922,242.92837524414062,110.21453094482422,23.234373092651367,156.3174285888672,127.08382415771484,15.911442756652832,196.8800048828125,214.17724609375,30.614377975463867,45.603450775146484,99.32273864746094
2023-02-27,145.67347717285156,136.317626953125,322.32000732421875,93.76000213623047,31.281009674072266,466.19482421875,160.36561584472656,44.34912109375,142.1044158935547,97.39260864257812,89.08010864257812,270.4227294921875,24.303081512451172,131.14364624023438,53.93767547607422,348.14459228515625,244.00303649902344,168.06414794921875,98.36354064941406,243.84461975097656,110.67203521728516,23.44889259338379,156.2729949951172,126.97430419921875,15.73776912689209,207.6300048828125,214.9576873779297,30.725013732910156,45.27375030517578,99.14337921142578
2023-02-28,145.17120361328125,135.98187255859375,323.95001220703125,94.2300033569336,31.363311767578125,463.4667053222656,160.8275909423828,44.06698226928711,140.3152618408203,96.57819366455078,89.2684326171875,270.9068908691406,24.33236312866211,132.24139404296875,53.65816116333008,347.9585266113281,244.6055450439453,173.4171600341797,95.55725860595703,243.12330627441406,110.9148178100586,23.164527893066406,154.15867614746094,125.53245544433594,15.638532638549805,205.7100067138672,214.55772399902344,30.66969871520996,45.494625091552734,98.56940460205078
2023-03-01,143.1030731201172,137.19239807128906,323.3800048828125,92.16999816894531,31.21700668334961,458.1925048828125,164.50399780273438,43.994178771972656,141.4324493408203,95.5407485961914,89.56581115722656,265.6539611816406,24.722774505615234,131.50343322753906,53.07207489013672,346.2054443359375,243.50254821777344,171.91036987304688,95.92604064941406,240.0528564453125,110.71873474121094,22.647676467895508,152.20425415039062,125.62372589111328,15.431784629821777,202.77000427246094,213.01637268066406,30.266664505004883,44.86083984375,99.44828796386719
2023-03-02,143.6939697265625,136.40602111816406,333.5,92.12999725341797,30.821273803710938,464.912109375,183.41677856445312,44.16709899902344,141.8775177001953,95.90918731689453,91.19137573242188,267.6911926269531,25.57192039489746,130.13812255859375,53.847511291503906,348.2327575683594,247.9977569580078,173.01068115234375,96.2498550415039,244.77064514160156,111.6524429321289,23.262313842773438,155.01260375976562,127.69523620605469,15.431784629821777,190.89999389648438,213.69924926757812,30.353593826293945,44.97286605834961,99.90567016601562
2023-03-03,148.73619079589844,137.890380859375,344.0400085449219,94.9000015258789,31.437883377075195,454.9283752441406,183.25950622558594,44.84967041015625,143.97219848632812,98.0616226196289,92.8268814086914,272.6518859863281,25.767126083374023,132.52740478515625,53.59503936767578,354.0403747558594,249.3881072998047,183.6373748779297,96.13291931152344,248.84512329101562,113.24425506591797,23.837032318115234,154.8605499267578,128.6260528564453,15.55583381652832,197.7899932861328,218.29396057128906,30.23505401611328,45.02728271484375,101.17015838623047
2023-03-06,151.4937286376953,137.2012176513672,347.0199890136719,93.75,31.373458862304688,462.41375732421875,180.67425537109375,44.97708511352539,145.0281982421875,97.59623718261719,94.29387664794922,272.4325866699219,25.366952896118164,131.75250244140625,54.42457962036133,359.3583068847656,250.84324645996094,183.29043579101562,99.9285888671875,250.38525390625,112.52323913574219,23.501781463623047,155.173583984375,128.0785369873047,15.522754669189453,193.80999755859375,221.2010498046875,30.148130416870117,45.02088165283203,102.06700897216797
2023-03-07,149.2975616455078,135.1248321533203,344.79998779296875,93.55000305175781,30.37032127380371,464.3951721191406,180.20240783691406,44.51293182373047,143.16050720214844,96.044921875,93.03504180908203,265.5717468261719,24.917980194091797,127.8779525756836,54.10898971557617,352.5125427246094,247.58998107910156,182.90382385253906,100.08148956298828,247.7339324951172,111.98014831542969,23.24031639099121,154.4044189453125,125.53245544433594,15.47313117980957,187.7100067138672,217.70867919921875,29.958471298217773,44.572750091552734,100.093994140625
2023-03-08,150.54830932617188,132.18251037597656,345.8399963378906,93.91999816894531,29.96538734436035,465.2471923828125,179.83868408203125,44.69495391845703,142.2528076171875,96.27761840820312,93.4216079711914,268.2218017578125,25.35719108581543,127.12151336669922,54.136043548583984,351.6213684082031,245.92164611816406,183.3598175048828,97.39214324951172,247.2952880859375,112.23297119140625,24.131484985351562,154.8247528076172,125.55071258544922,15.390430450439453,182.0,216.75262451171875,29.658170700073242,44.204647064208984,98.63218688964844
2023-03-09,148.3029022216797,130.1944580078125,338.3699951171875,92.25,28.106355667114258,459.00604248046875,175.68060302734375,44.421932220458984,140.0883331298828,93.21379852294922,91.50858306884766,265.01043701171875,25.80616569519043,120.23957824707031,53.61307907104492,347.1260681152344,242.49234008789062,180.10836791992188,96.78052520751953,245.9501190185547,110.3696060180664,23.38801383972168,153.6531219482422,124.62901306152344,15.150601387023926,172.9199981689453,214.6259765625,28.88372230529785,43.90696716308594,97.86988830566406
2023-03-10,146.24464416503906,132.27972412109375,329.29998779296875,90.7300033569336,27.85787010192871,450.9845886230469,170.23484802246094,44.19440841674805,139.355224609375,90.7220230102539,89.83341979980469,263.455322265625,26.56746482849121,123.29308319091797,53.387657165527344,339.9472961425781,242.863037109375,177.94735717773438,96.86146545410156,242.31427001953125,110.01378631591797,22.9179744720459,153.85885620117188,125.19481658935547,15.241572380065918,173.44000244140625,210.85069274902344,28.986454010009766,43.84294509887695,96.6591796875
2023-03-13,148.18475341796875,134.25892639160156,324.2699890136719,92.43000030517578,26.23811912536621,451.80780029296875,172.52523803710938,44.05788803100586,138.517333984375,89.78153991699219,90.3092041015625,263.6485290527344,26.303937911987305,121.07905578613281,53.92866134643555,337.5968017578125,243.83619689941406,179.3252410888672,95.09854888916016,247.50970458984375,109.42386627197266,22.918973922729492,155.36141967773438,126.06178283691406,15.134061813354492,174.47999572753906,209.2216033935547,28.87582015991211,43.970985412597656,95.547119140625
2023-03-14,150.2725067138672,135.9376983642578,333.3299865722656,94.87999725341797,26.46819496154785,461.3034362792969,179.77972412109375,44.64034652709961,140.30650329589844,90.51841735839844,93.1440658569336,262.7744140625,27.338525772094727,124.18791961669922,54.12702941894531,345.5394592285156,246.44993591308594,192.33102416992188,96.88278198242188,254.206298828125,111.4277114868164,24.013729095458984,155.20037841796875,127.62223815917969,15.249842643737793,183.25999450683594,213.3090362548828,29.144514083862305,44.204647064208984,95.9058609008789
2023-03-15,150.6664581298828,136.1232452392578,333.6099853515625,96.19999694824219,26.219711303710938,464.8834533691406,179.79937744140625,44.64945602416992,134.2320556640625,90.2663345336914,95.2652587890625,264.98284912109375,27.728939056396484,118.32075500488281,54.48769760131836,340.8972473144531,246.8577880859375,196.028564453125,97.48052978515625,258.7388916015625,110.65052032470703,24.178394317626953,157.97296142578125,129.42913818359375,15.142332077026367,180.4499969482422,211.0750732421875,29.286752700805664,44.69758605957031,91.13477325439453
2023-03-16,153.48301696777344,137.2188720703125,353.2900085449219,100.04000091552734,26.661460876464844,466.4150085449219,184.11471557617188,45.61415481567383,134.6597137451172,91.42011260986328,99.43826293945312,263.8418273925781,29.456506729125977,120.61783599853516,54.78752136230469,340.8189392089844,250.77838134765625,203.14602661132812,97.21788787841797,269.2272644042969,112.97270202636719,25.488706588745117,157.8656463623047,130.39642333984375,15.208489418029785,184.1300048828125,212.12863159179688,28.90743637084961,44.44368362426758,90.60564422607422
2023-03-17,152.6459197998047,136.26463317871094,358.1400146484375,98.94999694824219,25.603099822998047,466.2139892578125,181.70639038085938,45.67786407470703,132.95779418945312,90.36328887939453,100.7268295288086,265.3692932128906,29.09537696838379,116.06063079833984,54.53312301635742,342.4447021484375,247.65489196777344,193.9071807861328,94.2834243774414,272.37567138671875,112.72925567626953,25.672327041625977,156.6314239501953,130.43292236328125,14.993474006652832,180.1300048828125,212.07008361816406,29.073383331298828,44.80365753173828,89.53842163085938
2023-03-20,155.0094757080078,137.94338989257812,362.8800048828125,97.70999908447266,25.538681030273438,468.3581237792969,182.09959411621094,46.360443115234375,134.912841796875,91.35224151611328,100.33035278320312,266.1698913574219,28.46095848083496,117.28755950927734,55.060096740722656,342.1117858886719,250.93589782714844,196.08804321289062,95.86840057373047,265.3574523925781,113.48770141601562,25.84696388244629,158.83155822753906,132.4405975341797,15.291191101074219,183.25,212.81149291992188,29.579147338867188,45.28575897216797,91.8791275024414
2023-03-21,156.8609161376953,138.51771545410156,374.2200012207031,100.61000061035156,26.311742782592773,469.8514099121094,185.4712371826172,46.11471176147461,139.04100036621094,93.60162353515625,103.9978256225586,266.3263244628906,27.777742385864258,120.43331146240234,54.805694580078125,347.2534484863281,250.4447021484375,200.4001922607422,95.58763122558594,266.8682556152344,117.61709594726562,26.145357131958008,159.20721435546875,131.4823760986328,15.332542419433594,197.5800018310547,216.51849365234375,29.824125289916992,45.13148498535156,95.99555206298828
2023-03-22,155.43296813964844,135.77867126464844,361.7099914550781,98.69999694824219,25.437448501586914,466.663818359375,183.338134765625,45.01349639892578,136.21324157714844,92.01155090332031,102.46145629882812,260.05072021484375,27.455652236938477,117.32445526123047,54.56038284301758,343.7864074707031,248.27586364746094,198.07064819335938,94.55512237548828,265.41595458984375,111.89588165283203,26.413803100585938,157.8656463623047,131.4002685546875,15.208489418029785,191.14999389648438,214.65524291992188,29.484315872192383,44.842220306396484,93.79833984375
2023-03-23,156.51625061035156,137.2188720703125,369.0,98.70999908447266,24.82083511352539,466.8935546875,184.25234985351562,45.25921630859375,134.8604278564453,92.91323852539062,104.6718521118164,261.24700927734375,28.334075927734375,117.01081085205078,54.4422607421875,347.0575256347656,249.8978271484375,202.50172424316406,94.40115356445312,270.6504211425781,113.27234649658203,27.13532257080078,157.09646606445312,131.21771240234375,15.266383171081543,192.22000122070312,217.14283752441406,29.53173065185547,45.205406188964844,92.74006652832031
2023-03-24,157.81617736816406,139.6221923828125,374.9599914550781,98.12999725341797,24.977291107177734,474.0822448730469,186.82778930664062,45.96908950805664,136.20452880859375,91.21649932861328,104.51325988769531,260.427978515625,28.656166076660156,115.23038482666016,55.33267593383789,344.3740539550781,251.48268127441406,204.21664428710938,94.91742706298828,273.4869689941406,113.02889251708984,26.724166870117188,160.17311096191406,133.89154052734375,15.390430450439453,190.41000366210938,215.6307830810547,29.76090431213379,45.57501983642578,92.84769439697266
2023-03-27,155.87612915039062,139.19810485839844,373.1499938964844,98.04000091552734,26.219711303710938,472.1200256347656,188.0073699951172,45.996402740478516,137.59217834472656,92.70963287353516,101.55945587158203,258.8176574707031,28.48048210144043,118.532958984375,55.74154281616211,347.30230712890625,253.80918884277344,201.0742645263672,96.84654235839844,269.40264892578125,110.31341552734375,26.476673126220703,160.5308837890625,133.18887329101562,15.605451583862305,191.80999755859375,216.38194274902344,30.06910514831543,46.33674621582031,94.88347625732422
2023-03-28,155.25567626953125,139.825439453125,373.3999938964844,97.23999786376953,25.879194259643555,465.9459228515625,189.02969360351562,45.85987854003906,139.19813537597656,91.9339828491211,100.14201354980469,258.4035949707031,28.587844848632812,118.89273071289062,55.805137634277344,347.01824951171875,255.67214965820312,198.9330596923828,95.57857513427734,268.28173828125,110.3696060180664,26.355924606323242,160.47718811035156,133.5630340576172,15.481402397155762,189.19000244140625,214.9381561279297,30.02959442138672,46.15675354003906,96.0672836303711
2023-03-29,158.32830810546875,139.6045379638672,379.1600036621094,100.25,26.385364532470703,469.87054443359375,193.2958984375,46.56975173950195,140.393798828125,93.92159271240234,100.49884796142578,260.74078369140625,30.764385223388672,119.13258361816406,56.20491027832031,352.1109924316406,257.14581298828125,203.56239318847656,95.02607727050781,273.428466796875,112.82289123535156,26.928749084472656,161.5862274169922,133.9736785888672,15.712960243225098,193.8800048828125,217.83551025390625,30.40890884399414,46.35603713989258,97.71741485595703
2023-03-30,159.89414978027344,139.5338592529297,381.8999938964844,102.0,26.044851303100586,470.4544982910156,193.25656127929688,46.8063850402832,141.72914123535156,95.11414337158203,100.00323486328125,262.58111572265625,31.32071876525879,118.77279663085938,56.19582748413086,351.8466491699219,257.4702453613281,206.03073120117188,95.93180847167969,276.87908935546875,112.45769500732422,27.326932907104492,161.7293243408203,134.55770874023438,15.779119491577148,195.27999877929688,216.91848754882812,30.5511531829834,46.8188591003418,98.19274139404297
2023-03-31,162.3955841064453,140.8150177001953,385.3699951171875,103.29000091552734,26.320945739746094,475.61383056640625,196.3824920654297,47.5799674987793,142.4011993408203,97.08236694335938,102.81829071044922,271.5621032714844,31.886812210083008,120.2119140625,56.359371185302734,355.9109802246094,259.1571350097656,210.09503173828125,96.35747528076172,281.0216979980469,114.83606719970703,27.720125198364258,163.0440673828125,135.6892852783203,15.919710159301758,207.4600067138672,219.942626953125,30.732913970947266,47.390953063964844,98.34521484375
2023-04-03,163.64630126953125,141.74278259277344,380.0799865722656,102.41000366210938,26.311742782592773,475.76702880859375,193.14845275878906,47.60728073120117,148.32730102539062,96.72362518310547,103.4427490234375,273.9637451171875,32.10154342651367,120.07353973388672,56.6955451965332,358.9078674316406,261.50201416015625,211.2152099609375,98.6036148071289,279.978759765625,113.92781066894531,27.90773582458496,163.22293090820312,136.4376220703125,16.035490036010742,194.77000427246094,223.39599609375,30.99370002746582,47.789493560791016,104.14762115478516
2023-04-04,163.11448669433594,141.1772918701172,385.1499938964844,103.94999694824219,25.75035285949707,476.4371337890625,193.8463592529297,47.51558303833008,147.53305053710938,96.53941345214844,103.7995834350586,271.41485595703125,32.30650329589844,118.46837615966797,56.52291488647461,356.3908386230469,261.6318054199219,212.850830078125,98.5673828125,279.9300842285156,115.81927490234375,27.39678955078125,162.64157104492188,137.0946502685547,16.242233276367188,192.5800018310547,222.08877563476562,31.3335018157959,47.32023620605469,103.15213775634766
2023-04-05,161.27288818359375,142.07855224609375,382.0199890136719,101.0999984741211,25.437448501586914,475.86273193359375,191.9884796142578,47.51558303833008,148.2661895751953,96.86905670166016,103.55178833007812,265.626953125,32.04298400878906,118.64501190185547,57.058982849121094,356.84210205078125,261.3907775878906,209.63902282714844,101.35694885253906,277.1617431640625,113.20679473876953,26.825956344604492,164.2425079345703,138.0345916748047,16.44072151184082,185.52000427246094,222.5863037109375,31.697023391723633,48.104469299316406,104.91888427734375
2023-04-06,162.15921020507812,142.7412109375,380.6000061035156,102.05999755859375,25.621501922607422,465.18975830078125,189.2754364013672,47.011260986328125,146.31991577148438,96.92723083496094,107.46707153320312,265.57171630859375,32.02346420288086,118.51485443115234,57.09532165527344,354.56634521484375,262.1972351074219,214.21881103515625,101.7373275756836,284.2384338378906,112.570068359375,26.981643676757812,164.88645935058594,138.91065979003906,16.480979919433594,185.05999755859375,220.45968627929688,31.715503692626953,48.4676513671875,103.1790542602539
2023-04-10,159.56915283203125,142.50265502929688,376.25,102.16999816894531,25.713542938232422,472.703857421875,188.23345947265625,47.06627655029297,146.8784942626953,97.74166107177734,105.50447845458984,267.92742919921875,31.74040985107422,118.90535736083984,56.95903396606445,353.2618103027344,263.0220947265625,212.88058471679688,101.99093627929688,282.08428955078125,114.15252685546875,27.52252769470215,163.84898376464844,137.7608184814453,16.413883209228516,184.50999450683594,220.88890075683594,31.611066818237305,48.374446868896484,102.7216796875
2023-04-11,158.3578338623047,142.5909881591797,371.1099853515625,99.91999816894531,26.422178268432617,477.3177490234375,185.6776885986328,46.41524887084961,147.69017028808594,97.36354064941406,104.4240493774414,270.3198547363281,31.574485778808594,119.4910888671875,56.859092712402344,357.17559814453125,263.6708679199219,211.98843383789062,101.88224029541016,275.6898193359375,115.4540786743164,27.113370895385742,163.5985565185547,137.48707580566406,16.514528274536133,186.7899932861328,222.8594512939453,31.6914005279541,48.233028411865234,103.44810485839844
2023-04-12,157.66847229003906,143.45689392089844,369.8900146484375,97.83000183105469,26.210506439208984,468.41552734375,187.0833740234375,45.9476203918457,148.2138214111328,94.95903015136719,103.72028350830078,267.2556457519531,31.252399444580078,119.47250366210938,56.95903396606445,354.8704528808594,264.43084716796875,212.13710021972656,103.02342224121094,276.3331298828125,115.79117584228516,26.440750122070312,163.27659606933594,137.86123657226562,16.581626892089844,180.5399932861328,222.235107421875,31.49056625366211,47.9984016418457,103.34049224853516
2023-04-13,163.04551696777344,145.07089233398438,378.79998779296875,102.4000015258789,26.284133911132812,476.5903015136719,190.72044372558594,46.580299377441406,150.19500732421875,97.770751953125,106.48577880859375,268.8291931152344,31.35976219177246,119.9280776977539,57.37699508666992,362.5901794433594,267.9251403808594,218.43182373046875,104.68087005615234,282.5229187011719,118.3849105834961,26.408811569213867,164.90432739257812,138.50003051757812,16.740982055664062,185.89999389648438,226.9957275390625,31.586965560913086,48.04661560058594,103.82474517822266
2023-04-14,162.70083618164062,144.0900115966797,379.3800048828125,102.51000213623047,27.167634963989258,470.2821044921875,191.3397216796875,46.34190368652344,150.50047302246094,96.85936737060547,107.91310119628906,268.8659362792969,31.125513076782227,128.9838104248047,57.28612518310547,365.3170471191406,267.8417053222656,219.56190490722656,104.43630981445312,278.91632080078125,117.93545532226562,26.70321273803711,164.12625122070312,137.79734802246094,16.715822219848633,185.0,228.2931671142578,31.506635665893555,47.72199249267578,104.07588195800781
2023-04-17,162.72055053710938,143.7244110107422,377.9200134277344,102.73999786376953,27.94989776611328,472.8092346191406,193.7283935546875,46.10349655151367,149.17388916015625,97.24718475341797,105.03860473632812,271.8197326660156,31.369522094726562,130.00656127929688,57.658653259277344,365.64080810546875,268.1475830078125,216.9547882080078,104.16459655761719,281.5091552734375,118.1601791381836,26.946712493896484,164.96694946289062,137.8429718017578,16.59840202331543,187.0399932861328,227.76637268066406,31.69943618774414,48.05625915527344,102.86516571044922
2023-04-18,163.94171142578125,142.3065948486328,377.54998779296875,102.30000305175781,28.124757766723633,475.6425476074219,195.12423706054688,46.13100814819336,148.8247528076172,97.8580093383789,103.5815200805664,275.0863952636719,31.066951751708984,131.4662628173828,57.7495002746582,365.20916748046875,269.6305236816406,215.9932403564453,104.00157928466797,281.0899353027344,118.17891693115234,27.610347747802734,165.3068084716797,137.98898315429688,16.623558044433594,184.30999755859375,227.88345336914062,31.28170394897461,48.16231918334961,104.8740463256836
2023-04-19,165.08412170410156,143.7511749267578,380.1099853515625,104.30000305175781,27.664600372314453,474.809814453125,195.53709411621094,44.04956817626953,148.96441650390625,95.74436950683594,103.26432800292969,273.209228515625,30.40325164794922,131.2989044189453,57.85853576660156,365.6800231933594,269.96417236328125,213.82228088378906,103.36759185791016,281.16802978515625,117.67327117919922,27.873807907104492,165.2084503173828,138.016357421875,16.522918701171875,180.58999633789062,226.878662109375,31.008563995361328,48.2137451171875,104.54222106933594
2023-04-20,164.11900329589844,144.22378540039062,380.260009765625,103.80999755859375,27.51735496520996,483.9512023925781,194.15110778808594,42.71084213256836,148.24000549316406,95.08506774902344,104.36457824707031,274.7366943359375,30.120206832885742,130.91766357421875,58.11293411254883,367.8379211425781,269.7138671875,211.2152099609375,103.4038314819336,278.8870849609375,116.53089904785156,27.048503875732422,165.75399780273438,138.52230834960938,14.803523063659668,162.99000549316406,228.85894775390625,29.87586784362793,48.52229690551758,103.70817565917969
2023-04-21,162.5137481689453,144.82119750976562,377.6700134277344,106.95999908447266,27.489742279052734,484.6882629394531,195.64523315429688,43.12345886230469,147.60289001464844,96.53941345214844,104.48353576660156,276.0893249511719,29.573631286621094,130.66664123535156,58.19470977783203,368.0733642578125,270.6963806152344,211.03675842285156,104.49066925048828,278.5459289550781,117.54217529296875,27.0634708404541,165.82554626464844,143.31576538085938,15.281598091125488,165.0800018310547,228.32240295410156,29.980295181274414,48.76655960083008,104.04000091552734
2023-04-24,162.81903076171875,146.310302734375,377.3399963378906,106.20999908447266,27.388507843017578,489.54144287109375,191.60513305664062,43.453556060791016,149.66262817382812,96.64605712890625,105.03860473632812,277.5616455078125,28.948974609375,130.84327697753906,58.10385513305664,367.57305908203125,271.7530517578125,210.93765258789062,105.00691986083984,274.6565856933594,119.0029296875,26.98662757873535,165.90603637695312,143.5728302001953,14.702880859375,162.5500030517578,227.06398010253906,29.803577423095703,49.097591400146484,106.0040283203125
2023-04-25,161.28274536132812,147.04156494140625,369.5899963378906,102.56999969482422,26.541824340820312,481.64434814453125,187.42739868164062,43.17847442626953,147.48944091796875,95.02689361572266,102.93722534179688,272.6754150390625,28.187671661376953,127.99828338623047,58.012996673583984,361.49151611328125,270.1866760253906,205.7432403564453,105.54127502441406,268.46697998046875,116.72753143310547,26.187265396118164,169.6713409423828,143.60958862304688,14.686102867126465,160.6699981689453,223.97152709960938,29.964235305786133,48.71512985229492,104.49736785888672
2023-04-26,161.27288818359375,144.2772674560547,363.05999755859375,104.9800033569336,26.173696517944336,473.4984436035156,188.26295471191406,42.67416763305664,144.8623809814453,93.66950225830078,102.7984619140625,265.0747985839844,28.353595733642578,125.72970581054688,57.740413665771484,359.7553405761719,268.56463623046875,207.5771484375,102.73360443115234,287.9132385253906,115.95970916748047,26.900800704956055,168.62490844726562,141.94749450683594,14.426098823547363,153.75,222.56678771972656,29.658971786499023,48.50300979614258,103.53778076171875
2023-04-27,165.8522491455078,132.74758911132812,371.4200134277344,109.81999969482422,26.58783531188965,479.82562255859375,192.60777282714844,42.6925048828125,145.70899963378906,96.88844299316406,106.64436340332031,270.46710205078125,29.144180297851562,127.4218521118164,57.85853576660156,366.5334167480469,273.1617736816406,236.48329162597656,104.30046844482422,297.13446044921875,117.70136260986328,27.170246124267578,169.65345764160156,143.6830291748047,14.769977569580078,160.19000244140625,223.4057159423828,31.161205291748047,48.65406036376953,104.775390625
2023-04-28,167.10292053222656,134.75389099121094,377.55999755859375,105.44999694824219,26.946758270263672,481.6922302246094,194.99647521972656,43.3251838684082,147.13160705566406,99.3802261352539,106.39654541015625,276.5494384765625,30.315410614013672,128.52825927734375,58.28556442260742,372.77191162109375,274.1164855957031,238.2279815673828,104.58123016357422,299.5031433105469,118.65645599365234,27.692182540893555,170.72669982910156,143.6004180908203,14.820300102233887,164.30999755859375,227.03469848632812,31.19333839416504,48.52229690551758,106.12959289550781
2023-05-01,167.0143280029297,137.06341552734375,374.1499938964844,102.05000305175781,26.725881576538086,472.47418212890625,194.42633056640625,43.407711029052734,145.9620819091797,99.09906005859375,106.25777435302734,273.93621826171875,29.573631286621094,131.28025817871094,58.421852111816406,372.60516357421875,275.8126220703125,241.0630645751953,105.36920166015625,297.8460388183594,119.78009033203125,28.85080337524414,171.4332275390625,143.77491760253906,14.677714347839355,161.8300018310547,226.82009887695312,31.096927642822266,48.721561431884766,102.8382568359375
2023-05-02,165.9802703857422,135.19973754882812,368.6600036621094,103.62999725341797,25.916006088256836,473.6419677734375,190.54351806640625,42.50911331176758,139.6781463623047,97.53805541992188,104.3943099975586,270.78912353515625,29.056337356567383,129.1604766845703,58.15836715698242,368.8482971191406,276.2667541503906,237.1573944091797,106.77302551269531,297.6998291015625,119.1620864868164,28.152236938476562,171.94305419921875,143.6462860107422,14.31706428527832,160.30999755859375,221.42544555664062,30.261470794677734,48.58979034423828,98.73979949951172
2023-05-03,164.90682983398438,133.08644104003906,345.25,103.6500015258789,25.639911651611328,469.09515380859375,189.3343963623047,42.142333984375,136.87655639648438,97.7901382446289,104.48353576660156,269.68487548828125,29.915241241455078,126.42700958251953,57.83127975463867,367.7398681640625,273.6252746582031,234.96664428710938,107.07191467285156,296.71533203125,118.6751937866211,27.745075225830078,171.8804473876953,143.46267700195312,14.33383846282959,160.61000061035156,220.44992065429688,30.510501861572266,48.4098014831543,96.79371643066406
2023-05-04,163.27206420898438,131.40109252929688,335.8299865722656,104.0,24.839242935180664,470.3421936035156,189.10833740234375,41.9039306640625,136.34414672851562,94.48393249511719,103.76985931396484,262.9400634765625,30.61595916748047,124.69766998291016,57.89488220214844,368.9366149902344,273.56964111328125,231.48719787597656,106.30207061767578,297.6998291015625,115.80052947998047,27.505563735961914,172.95370483398438,142.80149841308594,14.182867050170898,161.1999969482422,220.0792236328125,30.004405975341797,48.5452995300293,95.09870910644531
2023-05-05,170.93389892578125,131.99853515625,348.3999938964844,105.66000366210938,25.501869201660156,478.7065734863281,194.229736328125,42.40824508666992,139.8264923095703,97.46047973632812,104.6421127319336,266.5011291503906,30.37095069885254,127.13361358642578,58.16745376586914,377.3134765625,274.904296875,230.7536163330078,106.58283233642578,302.8075256347656,118.53472900390625,28.62127685546875,173.74969482421875,143.27899169921875,14.367384910583496,170.05999755859375,226.1079559326172,30.39000701904297,48.96471405029297,97.46632385253906
2023-05-08,170.86492919921875,131.48135375976562,344.05999755859375,105.83000183105469,25.483463287353516,478.7065734863281,194.53443908691406,42.490779876708984,139.2766571044922,99.83592224121094,106.8227767944336,264.9460144042969,30.15534782409668,127.4404296875,58.07659912109375,378.1472473144531,274.9877014160156,231.23934936523438,107.21680450439453,300.8580017089844,118.80626678466797,29.091310501098633,172.92686462402344,142.60867309570312,14.358999252319336,171.7899932861328,226.54698181152344,30.39000701904297,49.27120590209961,97.8519515991211
2023-05-09,169.16122436523438,130.9285125732422,342.6499938964844,106.62000274658203,25.455852508544922,480.36602783203125,197.75865173339844,42.609981536865234,138.87515258789062,99.0699691772461,106.40647888183594,267.38446044921875,29.498729705810547,126.8268051147461,57.59504318237305,375.6263427734375,274.9599304199219,231.33848571777344,106.35640716552734,299.249755859375,117.13954162597656,28.512500762939453,173.63339233398438,141.1486053466797,14.275127410888672,169.14999389648438,227.55172729492188,30.181135177612305,49.3550910949707,97.87884521484375
2023-05-10,170.9240264892578,130.56288146972656,344.0199890136719,110.19000244140625,25.1429443359375,479.28216552734375,201.36627197265625,42.83003616333008,137.1034698486328,98.0616226196289,110.76780700683594,265.95819091796875,29.371326446533203,126.89186096191406,57.69499588012695,375.2339782714844,274.8764953613281,231.05099487304688,106.7821044921875,304.4256591796875,115.65070343017578,28.825855255126953,173.74969482421875,141.44244384765625,14.291901588439941,168.5399932861328,225.61045837402344,30.22933578491211,49.21636199951172,96.62330627441406
2023-05-11,171.1111602783203,130.7144775390625,341.5799865722656,112.18000030517578,25.207366943359375,481.4211120605469,200.00973510742188,42.51828384399414,136.34414672851562,89.5003890991211,115.5454330444336,264.7252197265625,28.28350257873535,126.49211120605469,58.0220832824707,376.0677795410156,273.2267150878906,233.73744201660156,106.465087890625,302.2811584472656,114.44279479980469,28.519481658935547,174.70664978027344,141.77301025390625,14.224804878234863,172.0800018310547,225.79617309570312,30.205238342285156,49.40025329589844,94.87451934814453
2023-05-12,170.1841278076172,131.21385192871094,335.45001220703125,110.26000213623047,24.931270599365234,483.5122375488281,198.3779754638672,42.83003616333008,136.6932830810547,89.19010925292969,116.47718048095703,267.2832946777344,28.3717041015625,124.67908477783203,58.249229431152344,374.6258850097656,274.47796630859375,231.77464294433594,106.09375,301.1699523925781,112.5606918334961,28.281970977783203,175.40426635742188,143.2147216796875,14.283515930175781,167.97999572753906,226.15782165527344,30.19719886779785,49.38412857055664,94.86553192138672
2023-05-15,169.6910858154297,130.7144775390625,345.6700134277344,111.19999694824219,25.446643829345703,481.5650329589844,199.8721160888672,43.187644958496094,137.199462890625,90.03363037109375,115.48595428466797,265.5073547363281,29.204721450805664,125.72970581054688,58.09476852416992,376.0873718261719,274.2554931640625,236.78070068359375,105.39635467529297,301.6475830078125,112.20489501953125,28.893714904785156,173.74969482421875,143.26063537597656,14.21641731262207,166.35000610351562,227.5555419921875,29.538476943969727,49.00020217895508,95.04645538330078
2023-05-16,169.6910858154297,127.77188873291016,345.1099853515625,113.4000015258789,25.179759979248047,475.9151916503906,201.08116149902344,43.0225944519043,133.9789581298828,88.21086883544922,118.4595947265625,259.79302978515625,28.636310577392578,124.88365173339844,57.440582275390625,372.9778747558594,272.633544921875,236.7410430908203,105.13370513916016,303.87005615234375,109.06805419921875,29.153182983398438,172.9984130859375,143.0126953125,13.864151954650879,166.52000427246094,225.26832580566406,28.9600772857666,48.322689056396484,92.73973083496094
2023-05-17,170.3025360107422,127.82539367675781,356.6300048828125,115.5,26.2933349609375,474.8121337890625,205.81922912597656,43.67361831665039,135.8990478515625,89.94638061523438,119.77790069580078,269.04998779296875,28.29330062866211,128.72349548339844,57.37699508666992,379.6087341308594,271.9940490722656,240.3791046142578,103.93820190429688,306.74200439453125,109.5362319946289,30.1162052154541,171.77313232421875,142.40664672851562,13.973183631896973,173.86000061035156,227.39913940429688,29.06450653076172,48.242034912109375,94.82030487060547
2023-05-18,172.62989807128906,127.9056625366211,360.42999267578125,118.1500015258789,26.201303482055664,477.78570556640625,209.69223022460938,44.19627380371094,135.73159790039062,90.90625,121.75040435791016,271.5989074707031,29.087120056152344,129.69973754882812,57.058982849121094,384.5328674316406,272.5408630371094,244.70114135742188,103.2498550415039,311.1575927734375,111.30599212646484,31.613136291503906,171.32594299316406,140.06500244140625,13.880925178527832,176.88999938964844,228.3277130126953,29.02433967590332,48.86792755126953,95.67967987060547
2023-05-19,172.7383575439453,129.39479064941406,371.25,116.25,25.869991302490234,476.2701721191406,206.7825927734375,45.04902267456055,136.80679321289062,88.56959533691406,121.6810302734375,267.66058349609375,29.33212661743164,129.40219116210938,57.086246490478516,378.2060546875,273.9310302734375,243.50167846679688,104.59933471679688,310.9817810058594,107.45750427246094,31.199987411499023,171.5763702392578,140.65272521972656,13.679630279541016,180.13999938964844,228.04425048828125,28.9600772857666,48.36463165283203,96.12293243408203
2023-05-22,171.79159545898438,129.20750427246094,372.04998779296875,115.01000213623047,26.081666946411133,471.8097839355469,206.68426513671875,44.764774322509766,134.34791564941406,89.02528381347656,123.95089721679688,267.4580993652344,29.675134658813477,128.33297729492188,55.88691711425781,377.18597412109375,268.1846923828125,246.15835571289062,103.69364929199219,313.756103515625,103.16893768310547,31.112163543701172,166.92559814453125,136.97044372558594,13.738340377807617,188.8699951171875,226.06008911132812,28.887775421142578,47.93877029418945,94.95600128173828
2023-05-23,169.18809509277344,127.08527374267578,370.4200134277344,114.98999786376953,26.302539825439453,465.0953369140625,203.1258087158203,44.847293853759766,138.23452758789062,87.08616638183594,121.48278045654297,271.3964538574219,28.92051887512207,126.99414825439453,55.78696823120117,366.61181640625,265.422607421875,244.59210205078125,102.58869934082031,307.9729919433594,101.8580093383789,30.625164031982422,166.41583251953125,135.49200439453125,13.503499984741211,185.77000427246094,219.51132202148438,29.11271095275879,47.84843063354492,96.24959564208984
2023-05-24,169.46424865722656,125.86361694335938,365.760009765625,116.75,25.860788345336914,463.0712890625,205.50466918945312,44.38882827758789,138.6046600341797,86.35900115966797,119.8373794555664,267.8630065917969,28.420703887939453,125.83197021484375,55.31450271606445,361.46209716796875,265.0054931640625,247.0406036376953,102.8875732421875,306.5954895019531,101.39920806884766,30.475467681884766,165.3604736328125,134.37167358398438,13.377689361572266,182.89999389648438,217.23387145996094,28.815473556518555,47.62904357910156,97.32605743408203
2023-05-25,170.59837341308594,123.60763549804688,392.05999755859375,115.0,25.92521095275879,466.70672607421875,206.34019470214844,44.95732498168945,136.21630859375,85.4572982788086,122.39470672607422,263.8602294921875,26.852664947509766,126.13878631591797,54.88746643066406,362.97271728515625,264.6347351074219,250.4903106689453,101.71015930175781,318.3865661621094,100.6407470703125,37.90222930908203,164.38560485839844,133.5084991455078,12.706708908081055,184.47000122070312,218.33837890625,27.971975326538086,47.1547966003418,95.5801773071289
2023-05-26,173.004638671875,122.66240692138672,415.3900146484375,120.11000061035156,26.05405616760254,486.5721130371094,211.77615356445312,45.718379974365234,135.79330444335938,85.60272979736328,123.51476287841797,269.45489501953125,28.420703887939453,127.31954956054688,54.75117874145508,367.2200012207031,265.1167297363281,259.7589111328125,100.59615325927734,325.1954650878906,100.66885375976562,38.86625289916992,164.1888427734375,133.51766967773438,13.000263214111328,193.1699981689453,219.93154907226562,28.116579055786133,47.23866653442383,94.95600128173828
2023-05-30,174.84877014160156,121.66373443603516,417.2099914550781,121.66000366210938,26.008041381835938,487.31072998046875,215.14785766601562,46.00263595581055,134.9471893310547,85.14702606201172,122.58303833007812,269.0591735839844,29.390928268432617,127.80301666259766,54.3150634765625,360.4811706542969,264.0787353515625,260.2347106933594,98.87531280517578,323.5542297363281,99.74182891845703,40.02887725830078,162.42691040039062,131.47911071777344,13.117683410644531,201.16000366210938,216.63766479492188,28.03624725341797,47.122528076171875,94.11473083496094
2023-05-31,174.79945373535156,123.01912689208984,417.7900085449219,120.58000183105469,25.575490951538086,490.69671630859375,219.58114624023438,45.54416275024414,132.74392700195312,85.28278350830078,121.79008483886719,262.70135498046875,30.81196403503418,126.17597198486328,54.20603561401367,358.0486145019531,264.2547912597656,262.41552734375,99.9983901977539,320.7994689941406,98.56201934814453,37.756534576416016,163.0887908935547,130.8546905517578,13.193168640136719,203.92999267578125,216.04141235351562,28.622676849365234,47.38385772705078,92.43215942382812
2023-06-01,177.60018920898438,118.9886245727539,426.75,122.7699966430664,25.77029800415039,491.6943054199219,209.27935791015625,45.60835647583008,134.1011505126953,85.89360046386719,122.6325912475586,267.2797546386719,30.508153915405273,127.91458892822266,54.51496124267578,363.796630859375,266.8128662109375,270.2369079589844,100.4693603515625,324.892578125,97.03573608398438,39.688568115234375,164.08396911621094,132.1953887939453,13.260269165039062,207.52000427246094,221.38795471191406,28.694976806640625,47.558074951171875,93.49959564208984
2023-06-02,178.44825744628906,122.04714965820312,436.3699951171875,124.25,26.633018493652344,491.6847839355469,209.40713500976562,45.86509323120117,137.7145233154297,88.00724029541016,123.57423400878906,274.277099609375,30.684560775756836,130.60157775878906,55.568904876708984,366.59222412109375,270.1300048828125,270.2369079589844,101.90941619873047,327.64739990234375,101.25385284423828,39.24647521972656,165.76808166503906,134.54615783691406,12.757031440734863,213.97000122070312,223.62625122070312,27.779184341430664,48.01297378540039,95.6706314086914
2023-06-05,177.09722900390625,122.0382308959961,434.17999267578125,125.30000305175781,26.475318908691406,497.1138610839844,206.29104614257812,46.039310455322266,137.05355834960938,88.2302474975586,124.90245819091797,271.6449279785156,29.263526916503906,129.3185577392578,55.196388244628906,363.44354248046875,268.7509765625,269.0274963378906,102.44377899169922,328.1749267578125,98.83006286621094,39.090789794921875,165.8851776123047,134.01358032226562,12.908002853393555,217.61000061035156,221.65184020996094,27.682777404785156,48.32914733886719,95.24546813964844
2023-06-06,176.7323760986328,120.76307678222656,432.8900146484375,126.61000061035156,27.115402221679688,495.2051086425781,209.23023986816406,45.67253494262695,137.30032348632812,89.35494995117188,126.1910400390625,274.33270263671875,30.341550827026367,129.5509490966797,54.79661178588867,372.70318603515625,265.1263732910156,268.7599182128906,99.63612365722656,325.9671630859375,99.76012420654297,38.574851989746094,163.5165557861328,132.6820831298828,13.14284610748291,221.30999755859375,223.0691375732422,27.87558364868164,48.322689056396484,96.02342987060547
2023-06-07,175.36155700683594,121.71723175048828,418.32000732421875,121.2300033569336,27.347318649291992,490.3802490234375,202.23129272460938,45.64502716064453,140.86085510253906,89.7039794921875,121.4233169555664,279.615478515625,30.655160903930664,130.80612182617188,54.71484375,364.296875,262.66650390625,261.3053283691406,98.36812591552734,315.9052734375,100.60562896728516,37.40213394165039,162.21066284179688,132.96673583984375,13.503499984741211,224.57000732421875,220.1857147216797,28.325443267822266,48.393672943115234,98.17637634277344
2023-06-08,178.0735321044922,122.7337646484375,439.0299987792969,124.25,27.115402221679688,498.8788757324219,205.96669006347656,45.553340911865234,140.34088134765625,89.71368408203125,121.06647491455078,279.0500793457031,31.184371948242188,130.84327697753906,54.85112380981445,360.56951904296875,266.2818298339844,262.2767639160156,99.91688537597656,317.7417907714844,99.76953125,38.435123443603516,164.00289916992188,134.47271728515625,13.478338241577148,234.86000061035156,218.01580810546875,28.46201515197754,49.09375762939453,97.86881256103516
2023-06-09,178.4581756591797,123.21527862548828,454.0,123.43000030517578,27.152509689331055,496.1835021972656,211.64837646484375,45.53499984741211,140.0059814453125,89.1319351196289,121.15568542480469,275.5838317871094,30.713960647583008,131.10365295410156,54.94198989868164,362.1683654785156,267.2228698730469,262.6435546875,100.27009582519531,319.2364501953125,99.45011901855469,38.69462203979492,164.2280731201172,134.58291625976562,13.377689361572266,244.39999389648438,218.5142822265625,28.49414825439453,49.39057540893555,97.14512634277344
2023-06-12,181.2490234375,122.81400299072266,474.6300048828125,126.56999969482422,27.022634506225586,499.72296142578125,210.05593872070312,46.286888122558594,138.65756225585938,90.30511474609375,122.55328369140625,278.8369140625,32.409400939941406,131.0943603515625,54.705753326416016,368.1420593261719,268.88140869140625,268.6905212402344,99.50025939941406,324.17950439453125,100.36139678955078,39.40523910522461,163.82278442382812,133.5269012451172,13.360915184020996,249.8300018310547,221.06539916992188,28.60661506652832,49.7164306640625,96.26766204833984
2023-06-13,180.7756805419922,123.3311996459961,478.989990234375,126.66000366210938,27.273103713989258,500.730224609375,205.426025390625,46.580299377441406,139.69749450683594,90.9935073852539,122.74163055419922,278.114013671875,33.23262405395508,132.0426788330078,54.9238166809082,364.28717041015625,268.8628234863281,268.9581604003906,99.61798858642578,326.5631408691406,100.31441497802734,40.94224166870117,163.49855041503906,133.20547485351562,13.268654823303223,258.7099914550781,218.35789489746094,28.50217628479004,50.103580474853516,96.28575134277344
2023-06-14,181.40682983398438,121.47647094726562,479.5299987792969,126.41999816894531,27.013357162475586,505.69891357421875,205.83888244628906,46.72701644897461,138.446044921875,89.6361083984375,122.58303833007812,277.7712097167969,34.869266510009766,131.54994201660156,55.296329498291016,367.6026306152344,268.76025390625,270.97039794921875,99.0709457397461,329.5425720214844,106.0262451171875,42.91340637207031,164.96656799316406,134.454345703125,13.285429954528809,256.7900085449219,218.39703369140625,28.70301055908203,50.6100959777832,95.12786865234375
2023-06-15,183.4383544921875,121.17330169677734,490.9100036621094,127.11000061035156,27.24527359008789,507.5980224609375,208.31600952148438,47.61644744873047,139.4947967529297,90.1112060546875,123.99054718017578,279.9120178222656,35.104469299316406,133.03750610351562,56.05620193481445,371.8008117675781,272.645751953125,279.3766174316406,99.74564361572266,340.0538330078125,105.603515625,42.570068359375,167.25413513183594,136.31846618652344,13.44478988647461,255.89999389648438,221.06539916992188,29.27337646484375,50.88756561279297,95.78823852539062
2023-06-16,182.36341857910156,123.62547302246094,495.17999267578125,125.48999786376953,27.07829475402832,502.2936706542969,208.15872192382812,47.74480438232422,138.5958709716797,88.5405044555664,122.44425964355469,278.39208984375,35.64347839355469,133.19554138183594,56.459022521972656,369.3387145996094,273.66143798828125,278.55389404296875,99.6727066040039,334.41717529296875,106.71206665039062,42.60898971557617,167.55133056640625,137.31935119628906,13.469948768615723,260.5400085449219,223.7435760498047,29.28944206237793,50.17778015136719,95.10072326660156
2023-06-20,182.45217895507812,122.8942642211914,485.8599853515625,125.77999877929688,26.78144645690918,498.50482177734375,213.28016662597656,47.26800537109375,135.44076538085938,87.01830291748047,122.0180435180664,279.3467102050781,34.30085372924805,132.51686096191406,56.08366394042969,367.4652099609375,273.04644775390625,281.85491943359375,100.50239562988281,330.2361755371094,102.90730285644531,43.72282028198242,166.89390563964844,136.05213928222656,13.235106468200684,274.45001220703125,221.358642578125,28.767276763916016,49.735782623291016,92.92064666748047
2023-06-21,181.4167022705078,122.0382308959961,477.4800109863281,124.83000183105469,26.50314712524414,498.427978515625,206.025634765625,46.62614822387695,136.4983367919922,85.94208526611328,119.49044799804688,278.688720703125,32.242801666259766,132.3216094970703,56.23930740356445,368.9562072753906,274.42547607421875,279.1883239746094,101.35032653808594,325.8499755859375,103.3206558227539,42.9613151550293,167.001953125,137.2275390625,13.092523574829102,259.4599914550781,222.1210479736328,28.783340454101562,49.832576751708984,93.96094512939453
2023-06-22,184.4146270751953,122.52867889404297,477.5799865722656,130.14999389648438,25.93727684020996,502.8212585449219,209.6627197265625,46.873722076416016,134.524169921875,85.79664611816406,122.06761169433594,279.1335144042969,32.05659484863281,129.7740936279297,56.623809814453125,370.5845031738281,273.2886657714844,282.40008544921875,103.68440246582031,331.85772705078125,103.7715835571289,42.94134521484375,168.7311553955078,137.6958770751953,13.067361831665039,264.6099853515625,223.2353057861328,28.799406051635742,50.24876022338867,93.44532012939453
2023-06-23,184.09909057617188,121.20001220703125,484.7200012207031,129.3300018310547,25.742469787597656,503.0513610839844,206.5171661376953,46.149349212646484,133.3872833251953,85.41851806640625,121.26470947265625,278.7905578613281,32.34080505371094,129.0953826904297,56.02873229980469,372.5560607910156,270.1300048828125,286.216552734375,104.48674774169922,327.2762451171875,102.88850402832031,42.12693786621094,167.57838439941406,136.32766723632812,12.958325386047363,256.6000061035156,224.36912536621094,28.526277542114258,50.15520095825195,92.63117980957031
2023-06-26,182.70858764648438,120.3350830078125,479.510009765625,127.33000183105469,26.05787467956543,502.07305908203125,203.8336181640625,46.039310455322266,135.73159790039062,86.00025177001953,117.29985809326172,285.35235595703125,32.67401123046875,129.4114990234375,56.04704284667969,370.2117614746094,269.365966796875,276.0458679199219,103.10089874267578,321.0046081542969,104.97407531738281,40.553001403808594,166.515625,136.46536254882812,13.109296798706055,241.0500030517578,221.19247436523438,29.008277893066406,50.02292251586914,94.34085845947266
2023-06-27,185.45999145507812,118.2396240234375,489.2699890136719,129.17999267578125,26.197021484375,508.70123291015625,205.26876831054688,46.63531494140625,135.30856323242188,86.34929656982422,117.28996276855469,290.77410888671875,33.418827056884766,129.42079162597656,55.92803192138672,374.49822998046875,271.42510986328125,284.5511779785156,103.31971740722656,326.8366394042969,106.73085021972656,41.79458236694336,167.71347045898438,137.76014709472656,13.285429954528809,250.2100067138672,222.208984375,29.361740112304688,49.842254638671875,94.57606506347656
2023-06-28,186.633544921875,118.15933990478516,482.42999267578125,129.0399932861328,26.03931999206543,511.07049560546875,208.56179809570312,46.644493103027344,136.53359985351562,86.12629699707031,119.12370300292969,284.0733947753906,32.8994140625,128.85365295410156,55.40618896484375,372.96807861328125,271.83514404296875,282.80657958984375,102.51736450195312,328.0870056152344,106.18597412109375,41.037052154541016,165.44387817382812,137.7325897216797,13.235106468200684,256.239990234375,222.8150177001953,29.57863998413086,50.11326217651367,95.34497833251953
2023-06-29,186.96885681152344,118.80134582519531,483.7699890136719,127.9000015258789,26.586639404296875,510.0058288574219,206.85134887695312,46.95624542236328,137.69692993164062,86.24263763427734,118.05318450927734,285.2874755859375,32.252601623535156,133.35360717773438,54.94844055175781,380.2659912109375,274.37884521484375,279.0792541503906,103.52029418945312,327.3055114746094,106.50538635253906,40.74262619018555,165.60601806640625,137.1724853515625,13.402851104736328,257.5,229.03143310546875,29.715206146240234,49.774505615234375,96.52095794677734
2023-06-30,191.2882843017578,120.13890838623047,488.989990234375,130.36000061035156,26.61446762084961,516.4229736328125,207.667236328125,47.442222595214844,138.67520141601562,86.56259155273438,118.64791107177734,287.9010009765625,32.772010803222656,135.222412109375,55.13154602050781,385.7884216308594,278.050048828125,284.4818115234375,105.20703887939453,332.6686096191406,103.68704223632812,42.219757080078125,166.81283569335938,139.339599609375,13.377689361572266,261.7699890136719,232.12010192871094,29.87586784362793,50.710121154785156,97.01847839355469
2023-07-03,189.79917907714844,120.38859558105469,485.2099914550781,130.22000122070312,27.08757209777832,518.9744262695312,208.05064392089844,47.51558303833008,138.55181884765625,87.74546813964844,118.8461685180664,287.326416015625,32.94841384887695,136.3102264404297,55.461124420166016,386.4359130859375,274.7236633300781,283.5301818847656,104.2405776977539,330.17755126953125,102.50332641601562,42.33052444458008,167.1550750732422,140.03750610351562,13.520275115966797,279.82000732421875,232.59909057617188,29.94817543029785,51.03919219970703,97.20845031738281
2023-07-05,188.68482971191406,122.71592712402344,487.260009765625,130.3800048828125,26.976253509521484,519.060791015625,210.18373107910156,47.5894889831543,137.7586212158203,87.05707550048828,120.6799087524414,288.0493469238281,31.8605899810791,135.40216064453125,55.87310028076172,387.191162109375,276.64300537109375,291.8074035644531,103.6661605834961,330.3338623046875,100.61504364013672,42.23472213745117,168.03768920898438,139.79873657226562,13.478338241577148,282.4800109863281,234.04568481445312,30.108837127685547,51.01015090942383,96.71092987060547
2023-07-06,189.15814208984375,122.38601684570312,481.2900085449219,128.36000061035156,26.234128952026367,515.4541015625,206.5662841796875,47.21992874145508,134.73570251464844,86.03903198242188,119.05430603027344,279.9120178222656,31.331375122070312,134.06350708007812,55.44281768798828,386.1891784667969,274.7982177734375,289.44818115234375,101.88825988769531,333.3817138671875,98.73612976074219,42.02114486694336,168.05567932128906,139.5691680908203,13.310592651367188,276.5400085449219,233.488525390625,29.827672958374023,50.68751907348633,93.10157012939453
2023-07-07,188.0437469482422,120.82552337646484,485.2699890136719,129.77999877929688,26.466041564941406,503.6366882324219,206.025634765625,47.10906982421875,135.91668701171875,85.94208526611328,118.42985534667969,280.64422607421875,31.213775634765625,135.121337890625,54.71040725708008,381.80804443359375,272.17059326171875,288.0008850097656,99.38093566894531,329.4253845214844,98.13489532470703,42.42035675048828,164.885498046875,136.6398468017578,13.325958251953125,274.42999267578125,231.11337280273438,29.355850219726562,49.519630432128906,93.31867218017578
2023-07-10,186.00238037109375,119.92491149902344,496.3500061035156,127.12999725341797,26.586639404296875,505.5167541503906,209.19088745117188,47.48786544799805,136.82444763183594,85.41851806640625,115.42647552490234,287.5673828125,32.08599853515625,135.87957763671875,54.298431396484375,385.2264709472656,274.3974914550781,291.5398254394531,100.2562255859375,324.159912109375,99.37496185302734,42.09798812866211,165.98426818847656,136.6949462890625,13.035706520080566,269.6099853515625,232.7847900390625,28.734384536743164,49.96807861328125,94.70272064208984
2023-07-11,185.47975158691406,120.88795471191406,504.739990234375,128.77999877929688,26.92059326171875,508.03936767578125,217.40872192382812,48.15306091308594,139.35379028320312,86.76620483398438,116.11042785644531,290.6999816894531,32.63480758666992,138.00462341308594,54.49068832397461,390.7668151855469,274.6304931640625,295.6933288574219,99.10742950439453,324.7851257324219,100.8874740600586,42.322540283203125,165.69606018066406,135.9787139892578,13.001558303833008,269.7900085449219,235.120849609375,28.611738204956055,49.89386749267578,95.86060333251953
2023-07-12,187.14637756347656,120.36184692382812,507.3599853515625,130.8000030517578,27.23599624633789,516.058349609375,223.41482543945312,46.87809753417969,140.69337463378906,87.4061279296875,117.88469696044922,294.2774353027344,33.30122756958008,138.68800354003906,54.783653259277344,393.605712890625,275.4410705566406,306.6470642089844,97.98595428466797,329.40582275390625,101.23507690429688,43.81663513183594,164.96656799316406,136.6857452392578,12.907654762268066,271.989990234375,236.74339294433594,28.50542640686035,50.01969528198242,96.33098602294922
2023-07-13,187.90570068359375,120.44298553466797,517.280029296875,134.3000030517578,27.523571014404297,516.4901733398438,226.4522705078125,47.60796356201172,138.81619262695312,87.71637725830078,123.44538116455078,291.5711669921875,33.193424224853516,139.3619842529297,55.250553131103516,393.47802734375,275.07769775390625,310.6817626953125,96.93743896484375,334.7395935058594,101.31021881103516,45.88760757446289,168.8932647705078,136.777587890625,12.907654762268066,277.8999938964844,237.8185272216797,28.325538635253906,49.72610855102539,94.56702423095703
2023-07-14,188.05360412597656,122.62482452392578,514.8300170898438,134.67999267578125,27.00408172607422,524.403564453125,225.429931640625,46.545494079589844,135.3526153564453,85.92269134521484,124.31763458251953,293.3321228027344,32.48780822753906,140.20452880859375,55.754085540771484,395.3935241699219,274.8167724609375,306.18121337890625,97.86743927001953,337.25994873046875,101.41355895996094,45.3806037902832,169.50567626953125,137.78770446777344,12.37837028503418,281.3800048828125,237.67196655273438,27.81037712097168,49.8970947265625,91.31046295166016
2023-07-17,191.30801391601562,121.56096649169922,522.0,133.55999755859375,27.273103713989258,530.4083251953125,224.12254333496094,46.94277572631836,135.22923278808594,82.9558334350586,123.5544204711914,292.9150085449219,33.683433532714844,143.583984375,55.671688079833984,395.0889892578125,274.5745544433594,307.9159851074219,96.25363159179688,337.7386779785156,102.12754821777344,46.370662689208984,167.1820526123047,136.81430053710938,11.550301551818848,290.3800048828125,238.48318481445312,25.72521209716797,49.958404541015625,91.70848846435547
2023-07-18,191.05162048339844,123.13871765136719,532.22998046875,132.8300018310547,28.479055404663086,531.0126342773438,223.7588653564453,47.34003448486328,135.50244140625,83.33395385742188,122.67222595214844,293.5730285644531,33.81083679199219,143.84609985351562,55.45196533203125,391.12042236328125,273.773193359375,309.3335876464844,96.60009765625,351.1805725097656,103.07640075683594,47.40165328979492,166.11932373046875,137.07144165039062,11.48200798034668,293.3399963378906,235.3358917236328,26.387557983398438,49.868064880371094,91.2923583984375
2023-07-19,192.40267944335938,124.13047790527344,527.1699829101562,135.36000061035156,29.249011993408203,531.5113525390625,230.38424682617188,48.43946075439453,136.33087158203125,84.39078521728516,120.95743560791016,296.09393310546875,33.771629333496094,144.3983917236328,56.43155288696289,391.2284851074219,274.0621337890625,313.2591552734375,96.60009765625,346.8724670410156,103.22669982910156,46.985469818115234,167.7494659423828,138.00807189941406,12.45520305633545,291.260009765625,235.97122192382812,27.77766990661621,49.88419723510742,91.92558288574219
2023-07-20,190.45993041992188,128.19664001464844,516.8800048828125,129.9600067138672,29.397436141967773,534.2451782226562,224.27984619140625,48.384029388427734,137.83795166015625,83.5860366821289,118.15229797363281,295.73248291015625,32.703407287597656,146.17703247070312,57.11818313598633,391.0221862792969,276.8573913574219,299.88653564453125,98.88859558105469,338.8522644042969,101.01899719238281,45.431488037109375,170.48736572265625,139.1271209716797,12.514959335327148,262.8999938964844,234.21182250976562,27.50782012939453,50.8068962097168,93.54480743408203
2023-07-21,189.28634643554688,129.5940704345703,520.22998046875,130.0,29.66645622253418,535.1083984375,224.18154907226562,48.624244689941406,139.8561553955078,84.52651977539062,118.96510314941406,297.0115051269531,33.340431213378906,145.05368041992188,57.16395950317383,390.4622802734375,275.4410705566406,291.6984558105469,100.64828491210938,335.8239440917969,102.45635986328125,44.222843170166016,171.2618865966797,141.31715393066406,12.600329399108887,260.0199890136719,233.85018920898438,27.704076766967773,51.094032287597656,93.97901916503906
2023-07-24,190.0851287841797,129.08921813964844,523.8599853515625,128.8000030517578,30.287988662719727,540.9309692382812,221.82237243652344,49.067710876464844,142.61468505859375,83.96417236328125,120.46183776855469,301.31182861328125,32.95821762084961,147.9088897705078,57.18227005004883,397.6332092285156,275.1615905761719,289.07147216796875,99.18946838378906,337.1329650878906,102.18390655517578,44.5252571105957,171.94638061523438,141.76995849609375,12.762528419494629,269.05999755859375,235.30657958984375,27.785844802856445,51.394073486328125,95.45352935791016
2023-07-25,190.94313049316406,127.69173431396484,525.3400268554688,129.1300048828125,29.82415771484375,542.139404296875,222.18606567382812,49.52041244506836,143.26683044433594,83.02368927001953,121.13585662841797,301.33038330078125,33.418827056884766,146.80426025390625,56.99000930786133,394.185302734375,272.412841796875,291.9066162109375,98.0406723022461,342.86724853515625,101.74237823486328,45.590187072753906,172.3426513671875,142.1026153564453,12.634477615356445,265.2799987792969,233.3028106689453,27.998449325561523,51.352134704589844,95.59825897216797
2023-07-26,191.8109588623047,127.93516540527344,514.5499877929688,128.14999389648438,30.065349578857422,543.0796508789062,221.7437286376953,49.16933822631836,142.19163513183594,83.24668884277344,128.13380432128906,305.4638366699219,33.67363357543945,147.6842041015625,57.722412109375,395.2952880859375,271.844482421875,295.97088623046875,97.68508911132812,329.96270751953125,102.68182373046875,45.363624572753906,172.55877685546875,142.25047302246094,12.711308479309082,264.3500061035156,231.74871826171875,28.08022117614746,51.536033630371094,95.06453704833984
2023-07-27,190.5486602783203,134.20118713378906,513.969970703125,128.25,29.638628005981445,538.9166259765625,221.32102966308594,48.966087341308594,140.71102905273438,82.76191711425781,128.26266479492188,305.5750427246094,33.85983657836914,146.05535888671875,57.16395950317383,387.525146484375,275.0497131347656,308.99652099609375,95.98009490966797,323.0755615234375,101.15052795410156,45.81075668334961,169.79388427734375,140.5594024658203,12.386908531188965,255.7100067138672,229.1487274169922,27.434232711791992,51.34890365600586,95.36306762695312
2023-07-28,193.12258911132812,136.00437927246094,528.8699951171875,132.2100067138672,29.592241287231445,540.3458862304688,221.76339721679688,48.12534713745117,140.01478576660156,83.50847625732422,131.4147186279297,307.11358642578125,36.09429931640625,146.88851928710938,57.2005729675293,386.0123596191406,273.96893310546875,322.6466369628906,96.95565795898438,330.5487976074219,102.04300689697266,46.65910720825195,171.39698791503906,144.5329132080078,12.335685729980469,266.44000244140625,230.42916870117188,27.82672882080078,51.590877532958984,94.2232666015625
2023-07-31,193.73399353027344,134.85935974121094,546.1699829101562,133.67999267578125,29.685012817382812,537.8038330078125,221.1833953857422,48.07914733886719,144.2362823486328,86.1844711303711,131.55349731445312,309.4028015136719,35.05546569824219,147.87142944335938,56.69704818725586,387.30902099609375,273.1955261230469,315.82659912109375,97.23831939697266,328.1554260253906,103.7058334350586,46.63813781738281,168.83023071289062,144.4312744140625,12.395444869995117,267.42999267578125,232.36448669433594,27.867616653442383,51.57474136352539,97.00945281982422
2023-08-01,192.90560913085938,133.92169189453125,549.0999755859375,131.69000244140625,29.332502365112305,532.8159790039062,220.45599365234375,48.651954650878906,143.0377197265625,86.32020568847656,130.3937530517578,307.76239013671875,35.08486557006836,147.1412811279297,56.550567626953125,390.0496520996094,271.21087646484375,319.9007568359375,95.9892349243164,328.565673828125,102.77577209472656,46.41657257080078,168.2538299560547,144.38507080078125,12.207633972167969,261.07000732421875,234.36822509765625,27.336101531982422,51.33277893066406,96.44859313964844
2023-08-02,189.91748046875,134.67904663085938,530.2999877929688,128.2100067138672,28.93360710144043,529.8231811523438,216.75009155273438,48.57805252075195,140.77273559570312,83.67330932617188,127.25164031982422,304.45367431640625,33.70303726196289,145.47491455078125,56.724525451660156,383.12432861328125,269.85980224609375,311.5738830566406,96.37216186523438,319.9300537109375,101.00021362304688,44.18292999267578,169.5957489013672,144.6992645263672,12.250319480895996,254.11000061035156,232.19833374023438,27.24615478515625,51.36826705932617,95.24546813964844
2023-08-03,188.52700805664062,134.38153076171875,523.760009765625,128.91000366210938,29.137691497802734,534.9454345703125,211.8941192626953,49.104671478271484,140.71986389160156,82.88795471191406,127.32101440429688,305.704833984375,34.17344284057617,146.36431884765625,56.43155288696289,386.0614929199219,271.16424560546875,310.46368408203125,96.3995132446289,319.10943603515625,102.06179809570312,44.42844772338867,168.52401733398438,145.078125,12.028363227844238,259.32000732421875,233.37123107910156,27.033554077148438,51.38117218017578,96.90088653564453
2023-08-04,179.4739227294922,133.19143676757812,526.8800048828125,139.57000732421875,29.0356502532959,529.52587890625,210.94064331054688,48.624244689941406,140.402587890625,83.67330932617188,126.98399353027344,302.53515625,34.561946868896484,146.05535888671875,55.580135345458984,384.4308166503906,267.43719482421875,308.0250549316406,95.73394012451172,320.20355224609375,102.22148895263672,44.5931282043457,166.2544403076172,143.4886932373047,11.951532363891602,253.86000061035156,233.5960693359375,26.67375373840332,51.0843505859375,97.17227172851562
2023-08-07,176.37734985351562,135.53553771972656,529.72998046875,142.22000122070312,29.57369041442871,535.6361083984375,212.3856201171875,48.97532272338867,140.91372680664062,84.18717193603516,130.37393188476562,305.0745849609375,34.65047073364258,146.74807739257812,56.01957702636719,389.853271484375,271.5183410644531,313.8043518066406,96.72774505615234,322.4796447753906,103.79036712646484,45.32870101928711,168.3168487548828,145.004150390625,11.960070610046387,251.4499969482422,236.05917358398438,26.600162506103516,51.77800750732422,96.97325134277344
2023-08-08,177.31417846679688,134.8954315185547,520.5999755859375,139.94000244140625,29.0078182220459,533.4393920898438,207.98182678222656,49.021522521972656,140.7021942138672,85.44760131835938,130.24505615234375,303.814208984375,34.44392395019531,145.92431640625,55.77239990234375,386.23828125,269.822509765625,309.91839599609375,97.0195083618164,318.51348876953125,103.04820251464844,44.5771598815918,166.11038208007812,145.1612548828125,12.105195999145508,249.6999969482422,233.88926696777344,26.632869720458984,51.82962417602539,97.45270538330078
2023-08-09,175.7264862060547,135.93226623535156,513.780029296875,137.85000610351562,28.627485275268555,536.8734741210938,202.35906982421875,48.956844329833984,140.88726806640625,84.82707214355469,128.5203857421875,304.1849060058594,33.716094970703125,143.9677734375,55.90056228637695,386.7098693847656,268.5646667480469,302.5531311035156,96.73685455322266,314.7818298339844,103.04820251464844,42.47126388549805,165.69606018066406,144.9764404296875,12.182025909423828,242.19000244140625,234.3486785888672,26.747352600097656,51.91350173950195,99.10811614990234
2023-08-10,175.5094757080078,136.53628540039062,515.8300170898438,138.55999755859375,28.70169448852539,538.5903930664062,204.70843505859375,49.307918548583984,141.7421875,88.96712493896484,128.55014038085938,305.28778076171875,34.10951614379883,143.75245666503906,55.77239990234375,390.11846923828125,267.97760009765625,303.0785217285156,96.25363159179688,315.46563720703125,102.42816162109375,42.30559158325195,165.4889373779297,144.2556915283203,12.096657752990723,245.33999633789062,235.18109130859375,27.000844955444336,51.887603759765625,99.61470794677734
2023-08-11,175.56874084472656,137.20346069335938,508.45001220703125,138.41000366210938,29.026376724243164,540.0005493164062,205.15078735351562,49.695960998535156,144.6681365966797,86.31051635742188,128.42124938964844,306.8725891113281,34.31605911254883,144.58560180664062,56.00127029418945,387.9966735839844,268.9280090332031,299.0141906738281,97.95862579345703,313.59002685546875,101.54509735107422,40.775569915771484,165.75009155273438,145.0965576171875,12.267393112182617,242.64999389648438,235.0635528564453,27.278867721557617,52.19194412231445,101.16156005859375
2023-08-14,177.21786499023438,137.28463745117188,522.25,140.57000732421875,28.692419052124023,538.5712280273438,208.45362854003906,49.77910232543945,144.5623779296875,86.10690307617188,130.17568969726562,305.79754638671875,35.09306335449219,144.8851776123047,55.73577117919922,391.5329895019531,269.10504150390625,303.5245361328125,99.29889678955078,316.54998779296875,101.1223373413086,43.66792678833008,165.371826171875,143.9599609375,12.17348861694336,239.75999450683594,237.86424255371094,27.442407608032227,51.80341720581055,101.24297332763672
2023-08-15,175.2329864501953,137.14935302734375,518.7000122070312,137.6699981689453,27.774038314819336,535.7320556640625,205.22943115234375,49.2894401550293,140.34088134765625,84.4101791381836,128.6393280029297,307.8272705078125,34.198036193847656,141.1968231201172,55.36042404174805,387.4759826660156,268.6298522949219,299.32147216796875,99.0709457397461,314.42034912109375,100.09834289550781,43.85456466674805,163.32742309570312,143.03591918945312,12.071046829223633,232.9600067138672,234.85784912109375,27.19709014892578,51.53792953491211,98.64373016357422
2023-08-16,174.3639678955078,136.63546752929688,514.489990234375,135.07000732421875,27.171066284179688,536.2499389648438,203.46986389160156,48.92913055419922,139.80328369140625,83.7217788696289,127.5688247680664,308.65203857421875,32.978431701660156,140.59767150878906,55.36957550048828,387.3974609375,265.9277038574219,291.72821044921875,99.13477325439453,313.65673828125,100.07953643798828,43.40144729614258,163.2013702392578,141.57589721679688,12.036901473999023,225.60000610351562,234.32908630371094,27.205272674560547,51.5638313293457,96.98384857177734
2023-08-17,171.82611083984375,135.2560577392578,511.6700134277344,133.97999572753906,27.161785125732422,524.796875,200.37342834472656,50.56441116333008,142.14341735839844,83.30486297607422,128.77809143066406,303.3229675292969,32.0440673828125,139.13734436035156,55.488590240478516,385.67840576171875,262.62921142578125,282.60833740234375,99.30799865722656,310.2108459472656,98.68916320800781,43.25972366333008,160.7156219482422,140.5594024658203,11.960070610046387,219.22000122070312,232.44888305664062,27.033554077148438,50.4079704284668,98.86261749267578
2023-08-18,172.3099822998047,135.3642120361328,508.1300048828125,133.22000122070312,27.00408172607422,522.71533203125,201.3466033935547,50.85081100463867,143.16665649414062,83.3436508178711,126.33971405029297,303.4064025878906,32.211265563964844,139.45562744140625,55.79985427856445,385.2363586425781,262.5174560546875,280.7843017578125,99.56329345703125,309.81927490234375,98.46368408203125,43.214813232421875,160.47247314453125,140.95675659179688,11.994216918945312,215.49000549316406,233.23231506347656,27.131677627563477,51.13320541381836,100.35832977294922
2023-08-21,173.64312744140625,135.3822784423828,520.469970703125,134.67999267578125,27.041189193725586,521.055908203125,205.4751739501953,51.22037124633789,142.68617248535156,83.26608276367188,127.24171447753906,300.33868408203125,32.594852447509766,139.9330596923828,55.323795318603516,386.2481689453125,260.9333801269531,287.3763732910156,99.96446990966797,315.1056823730469,96.63175964355469,46.87569046020508,159.45477294921875,140.2452392578125,12.036901473999023,231.27999877929688,234.49557495117188,26.9844913482666,50.99723434448242,99.14533233642578
2023-08-22,175.01573181152344,133.65122985839844,519.47998046875,134.25,26.382553100585938,516.4134521484375,203.24375915527344,51.23884582519531,141.5116424560547,83.17882537841797,127.94547271728516,300.7279357910156,32.348960876464844,137.03103637695312,54.98506546020508,390.8061218261719,261.1849365234375,285.0964660644531,97.76714324951172,315.6734619140625,95.31654357910156,45.579200744628906,158.23892211914062,140.30067443847656,12.17348861694336,233.19000244140625,235.58255004882812,27.14803123474121,50.83534622192383,98.58900451660156
2023-08-23,178.85714721679688,132.60537719726562,530.7100219726562,135.52000427246094,26.391828536987305,518.8018188476562,205.573486328125,51.719268798828125,141.6985321044922,83.21760559082031,131.20655822753906,302.2200622558594,33.4210319519043,137.95779418945312,55.17731857299805,393.96917724609375,262.63848876953125,291.6785583496094,101.47796630859375,320.117919921875,92.77063751220703,47.02439880371094,160.41842651367188,141.6128387451172,12.088120460510254,236.86000061035156,237.27670288085938,27.139850616455078,51.188255310058594,97.72258758544922
2023-08-24,174.17637634277344,132.19969177246094,512.4299926757812,131.83999633789062,26.54953384399414,510.9886169433594,202.01502990722656,51.03559112548828,140.5329132080078,79.95987701416016,128.6393280029297,298.9762878417969,32.05389404296875,137.82675170898438,55.03084182739258,390.6390686035156,263.0857849121094,284.2537536621094,99.79122924804688,313.2358703613281,91.71844482421875,47.0713005065918,159.57183837890625,140.95675659179688,12.079583168029785,230.0399932861328,234.50534057617188,27.29522132873535,50.79648971557617,96.99296569824219
2023-08-25,176.37850952148438,132.25379943847656,525.0599975585938,133.25999450683594,26.43821144104004,513.1990356445312,205.90769958496094,51.4605827331543,141.58282470703125,80.82278442382812,128.73843383789062,299.2265319824219,32.70303726196289,137.65826416015625,55.28717041015625,395.766845703125,265.1636657714844,283.0146789550781,100.48414611816406,316.1825256347656,92.85517120361328,45.92852783203125,161.5892333984375,141.8808135986328,12.045435905456543,238.58999633789062,237.5410919189453,27.27068519592285,51.09759521484375,98.7258071899414
2023-08-28,177.93875122070312,132.9209442138672,529.9199829101562,133.13999938964844,26.679401397705078,515.2940673828125,208.1194305419922,51.92253112792969,142.55270385742188,81.59844207763672,129.85848999023438,302.05328369140625,33.066951751708984,138.13568115234375,55.44281768798828,400.2363586425781,264.3250732421875,287.7332458496094,99.31712341308594,316.88739013671875,93.59735107421875,46.74394226074219,162.33673095703125,142.1026153564453,12.130805015563965,238.82000732421875,238.7749786376953,27.434232711791992,51.38899230957031,99.55574035644531
2023-08-29,181.81968688964844,133.065185546875,540.5700073242188,134.91000366210938,27.05974006652832,521.6176147460938,208.3553466796875,52.255130767822266,142.3302764892578,81.83113098144531,133.38723754882812,305.2692565917969,33.745601654052734,139.259033203125,55.387882232666016,404.3719177246094,264.2411804199219,295.3959655761719,100.2835693359375,321.49822998046875,95.60777282714844,48.689151763916016,162.9491424560547,142.18577575683594,12.608864784240723,257.17999267578125,240.25367736816406,28.366418838500977,51.81960678100586,100.14855194091797
2023-08-30,185.30555725097656,133.7233428955078,545.3599853515625,135.07000732421875,26.939146041870117,521.1275024414062,211.38296508789062,52.48609924316406,142.52601623535156,81.71479034423828,134.68569946289062,308.38458251953125,33.96198272705078,138.69735717773438,55.36042404174805,406.5919494628906,264.84686279296875,292.5310974121094,100.48414611816406,321.8702697753906,95.91778564453125,49.168212890625,163.08425903320312,142.34286499023438,12.574718475341797,256.8999938964844,241.12521362304688,28.325538635253906,52.19194412231445,101.1244125366211
2023-08-31,185.52281188964844,132.49720764160156,559.3400268554688,138.00999450683594,26.81754493713379,527.8739624023438,217.69381713867188,52.98499298095703,143.34461975097656,81.13304138183594,134.9731903076172,308.0767822265625,34.561946868896484,136.9842529296875,54.77450180053711,405.34442138671875,263.3761291503906,293.31427001953125,99.36270141601562,320.86187744140625,95.55139923095703,49.259037017822266,161.36558532714844,142.62010192871094,12.62593936920166,258.0799865722656,240.58660888671875,28.60355567932129,52.648460388183594,101.40714263916016
2023-09-01,187.0929412841797,133.61517333984375,563.2100219726562,138.1199951171875,27.10751724243164,523.0399169921875,217.76260375976562,53.43770217895508,146.19195556640625,79.15513610839844,134.4676513671875,310.6697082519531,36.00776672363281,137.4429473876953,54.298431396484375,408.2225646972656,263.1794128417969,293.8000183105469,100.14682006835938,321.7429504394531,96.48458862304688,48.4146842956543,159.00750732421875,142.7771759033203,12.506422996520996,245.00999450683594,242.96621704101562,28.50542640686035,52.31174087524414,103.53213500976562
2023-09-05,187.32994079589844,131.72181701660156,564.8800048828125,137.27000427246094,26.798837661743164,523.5012817382812,214.9709014892578,52.9018440246582,148.11387634277344,78.71883392333984,134.57669067382812,305.7262878417969,36.10612106323242,135.92640686035156,53.84983825683594,404.2245788574219,261.51190185546875,297.53717041015625,98.0224380493164,326.53009033203125,94.56167602539062,48.45360565185547,157.9554443359375,140.8643798828125,12.361299514770508,256.489990234375,240.25367736816406,28.047510147094727,51.890838623046875,103.54125213623047
2023-09-06,180.62477111816406,131.28005981445312,561.9400024414062,135.36000061035156,26.555639266967773,525.3849487304688,217.85107421875,52.80945587158203,148.26515197753906,78.51522827148438,133.27818298339844,304.06610107421875,36.37167739868164,135.70175170898438,53.81321334838867,405.8749084472656,258.0270690917969,296.565673828125,97.09243774414062,325.8741455078125,94.4297103881836,46.97336196899414,158.47239685058594,140.587158203125,12.472275733947754,251.9199981689453,241.05667114257812,27.949392318725586,52.279361724853516,104.43504333496094
2023-09-07,175.34161376953125,134.2552947998047,560.4600219726562,137.85000610351562,26.312435150146484,527.2396240234375,218.74560546875,52.46762466430664,148.27403259277344,78.1176986694336,134.07115173339844,306.3232116699219,37.55194091796875,134.5409393310547,53.401248931884766,407.2893981933594,260.734375,296.0700378417969,98.41448211669922,322.9666748046875,92.30885314941406,46.15489196777344,159.9869842529297,141.9270477294922,12.472275733947754,251.49000549316406,242.016357421875,27.646835327148438,52.92690658569336,103.9242935180664
2023-09-08,175.95387268066406,134.35447692871094,560.3599853515625,138.22999572753906,26.527576446533203,529.70947265625,220.93763732910156,52.35675048828125,148.78121948242188,79.09696197509766,135.18133544921875,306.59375,37.38473129272461,134.6439208984375,53.401248931884766,407.5055236816406,261.568115234375,295.29681396484375,99.42652893066406,327.2348937988281,92.06378936767578,45.48713684082031,159.8690948486328,141.31715393066406,12.293004035949707,248.5,242.1632080078125,27.352460861206055,53.0240364074707,105.4382553100586
2023-09-11,177.119140625,134.3724822998047,564.5,143.10000610351562,26.639822006225586,537.0037231445312,221.47830200195312,52.51380920410156,145.71145629882812,80.00834655761719,135.716552734375,306.2766418457031,37.955196380615234,135.23367309570312,53.9047737121582,409.32281494140625,262.073974609375,304.8826599121094,99.01624298095703,330.8276672363281,91.23429107666016,45.093875885009766,162.28158569335938,142.99893188476562,12.395444869995117,273.5799865722656,242.09469604492188,27.753137588500977,53.20859146118164,104.11582946777344
2023-09-12,174.0973663330078,134.57984924316406,542.2100219726562,141.22999572753906,27.098163604736328,537.0133666992188,217.89039611816406,52.09806442260742,148.42529296875,81.13304138183594,134.1504669189453,304.3272399902344,38.22075653076172,136.9936065673828,53.373775482177734,408.91021728515625,262.9639587402344,299.03399658203125,99.399169921875,324.7874755859375,90.77242279052734,44.78644943237305,161.6830291748047,140.4855194091797,12.34422492980957,267.4800109863281,242.17303466796875,27.83490562438965,53.266868591308594,107.15283203125
2023-09-13,172.0334930419922,136.28387451171875,553.5599975585938,144.85000610351562,27.013978958129883,537.945556640625,215.0790252685547,51.99643325805664,147.88253784179688,80.93914031982422,135.50843811035156,303.95416259765625,38.073219299316406,137.0591278076172,53.50194549560547,408.9397277832031,263.95697021484375,302.4044189453125,98.29595947265625,328.98724365234375,90.61217498779297,45.400306701660156,162.96180725097656,141.4650115966797,12.480813980102539,271.29998779296875,242.69204711914062,27.68771743774414,53.27981185913086,106.19522857666016
2023-09-14,173.54437255859375,138.51979064941406,552.1599731445312,144.72000122070312,27.313302993774414,542.7603149414062,215.05938720703125,52.079586029052734,148.7989959716797,81.90869903564453,136.88623046875,307.4518127441406,38.033878326416016,139.7177276611328,53.94487380981445,406.03204345703125,266.7579040527344,309.0064392089844,99.36078643798828,331.5716247558594,91.6113510131836,45.49612808227539,164.3675994873047,143.01742553710938,12.85643196105957,276.0400085449219,236.49327087402344,27.83490562438965,53.503211975097656,108.09222412109375
2023-09-15,172.82347106933594,137.14935302734375,528.8900146484375,140.38999938964844,26.976564407348633,534.6780395507812,210.96029663085938,51.77470779418945,148.14947509765625,82.97521209716797,136.1923370361328,299.7755432128906,37.25687789916992,139.3058319091797,53.46503829956055,406.9848937988281,260.6407165527344,297.69573974609375,98.69985961914062,323.27008056640625,90.73471069335938,43.81825256347656,163.10691833496094,141.81614685058594,13.001558303833008,274.3900146484375,236.07217407226562,27.63047981262207,53.30572509765625,106.4323501586914
2023-09-18,175.7465057373047,138.790283203125,532.4199829101562,139.97999572753906,26.9017333984375,540.7901000976562,211.34365844726562,51.83937454223633,148.7901153564453,82.43226623535156,136.99522399902344,295.9141540527344,37.36506652832031,139.59605407714844,53.797237396240234,409.7550048828125,260.1629638671875,299.9162292480469,98.9752426147461,322.134521484375,90.02776336669922,43.884124755859375,162.68971252441406,142.35211181640625,12.882043838500977,265.2799987792969,239.5877685546875,27.41787338256836,52.910709381103516,107.2896499633789
2023-09-19,176.83277893066406,138.3845672607422,541.6900024414062,137.6300048828125,26.798837661743164,542.3566284179688,212.03175354003906,51.589935302734375,148.77232360839844,79.44601440429688,136.8267059326172,293.4424133300781,35.74220657348633,139.41818237304688,53.686500549316406,406.21868896484375,260.5470275878906,302.41436767578125,98.552978515625,321.7331848144531,89.1888656616211,43.43896484375,161.72836303710938,141.93626403808594,12.984485626220703,266.5,238.5105743408203,27.311569213867188,52.897769927978516,107.00691986083984
2023-09-20,173.2974853515625,138.4927520751953,535.780029296875,135.2899932861328,26.70530128479004,541.85693359375,209.40713500976562,51.27580642700195,148.31854248046875,80.0471420288086,132.5644989013672,289.9446716308594,34.119346618652344,138.8284149169922,53.92642593383789,403.26190185546875,259.67578125,297.06134033203125,98.50708770751953,314.0190124511719,88.64215087890625,42.16034698486328,161.7827911376953,141.81614685058594,13.274737358093262,262.5899963378906,236.84580993652344,27.47511100769043,53.06937026977539,106.15874481201172
2023-09-21,171.7569580078125,138.33047485351562,513.8800048828125,129.3300018310547,26.237606048583984,533.4478759765625,205.0623321533203,49.280208587646484,146.98385620117188,80.21196746826172,129.29351806640625,286.12054443359375,34.08000946044922,137.7425079345703,53.09593200683594,396.2284851074219,254.07386779785156,293.1556091308594,97.97466278076172,312.8050842285156,86.33277893066406,40.94062042236328,159.06192016601562,140.587158203125,13.069853782653809,255.6999969482422,231.70462036132812,27.221622467041016,52.42505645751953,104.66304779052734
2023-09-22,172.60621643066406,137.70840454101562,512.9000244140625,129.1199951171875,25.854101181030273,536.8211059570312,202.9193878173828,49.49269485473633,147.9537353515625,78.7770004272461,129.10519409179688,285.159912109375,33.61774444580078,136.42254638671875,53.151302337646484,395.108642578125,255.0106658935547,296.4764709472656,97.61664581298828,310.3381652832031,85.63525390625,41.53251647949219,158.96212768554688,140.06967163085938,12.907654762268066,244.8800048828125,230.20639038085938,27.21344566345215,52.56428527832031,104.82720184326172
2023-09-25,173.88009643554688,139.43038940429688,511.6000061035156,131.27000427246094,25.816682815551758,536.849853515625,202.83094787597656,49.409549713134766,150.11587524414062,78.5443115234375,129.95762634277344,285.86871337890625,33.72593307495117,137.09657287597656,52.59763717651367,395.3739013671875,252.72488403320312,298.2112121582031,97.15767669677734,310.85699462890625,85.39958953857422,42.14338302612305,158.10963439941406,139.2195281982422,12.85643196105957,246.99000549316406,228.52203369140625,27.11532211303711,52.79739761352539,106.00370788574219
2023-09-26,169.81158447265625,138.76324462890625,506.29998779296875,125.9800033569336,25.414464950561523,531.4105224609375,199.04638671875,48.69815444946289,149.3061981201172,77.613525390625,127.4399642944336,282.18450927734375,33.27349853515625,135.6736602783203,52.163936614990234,388.3895568847656,250.79513549804688,296.3575134277344,96.74459838867188,305.5706787109375,84.99427032470703,41.832950592041016,156.46803283691406,137.98129272460938,12.822287559509277,244.1199951171875,224.88893127441406,26.9763126373291,52.612850189208984,106.1678695678711
2023-09-27,168.30068969726562,138.0600128173828,502.6000061035156,125.9800033569336,25.50800895690918,541.5685424804688,199.28231811523438,49.15085983276367,152.18907165527344,77.46809387207031,129.39263916015625,281.512939453125,34.040672302246094,136.46934509277344,51.62873840332031,388.48779296875,246.9730987548828,295.1481018066406,95.41353607177734,306.2069396972656,84.28733825683594,42.388916015625,153.79249572753906,136.15164184570312,12.694234848022461,240.5,224.74203491210938,26.493860244750977,52.36030197143555,109.62439727783203
2023-09-28,168.55747985839844,137.26657104492188,504.6700134277344,125.9800033569336,25.779266357421875,546.4698486328125,199.7443084716797,49.77910232543945,151.7886962890625,77.69109344482422,131.14707946777344,283.070556640625,34.601295471191406,138.16372680664062,51.499549865722656,392.3777770996094,248.7998046875,301.3139953613281,95.74401092529297,307.03912353515625,84.48526763916016,43.00876998901367,153.72903442382812,135.22755432128906,12.813748359680176,246.3800048828125,226.85726928710938,26.616519927978516,52.625797271728516,108.9586410522461
2023-09-29,169.07098388671875,134.3905487060547,509.8999938964844,127.12000274658203,25.61089515686035,542.9429931640625,199.33145141601562,49.66823196411133,150.0358123779297,78.58309173583984,129.70985412597656,281.830078125,34.96520233154297,135.75791931152344,51.65642166137695,388.91021728515625,246.7857208251953,297.59661865234375,94.50475311279297,309.1047058105469,90.13143920898438,43.417999267578125,153.6746063232422,134.78402709960938,12.822287559509277,250.22000122070312,225.24148559570312,26.50204086303711,51.78076171875,107.23492431640625
2023-10-02,171.57923889160156,133.6602325439453,521.1300048828125,129.4600067138672,24.974834442138672,549.04541015625,200.2456512451172,50.25028991699219,148.18507385253906,79.1842269897461,132.99073791503906,279.6568298339844,34.87668228149414,134.58773803710938,51.19503402709961,388.8512878417969,241.45542907714844,304.14910888671875,94.1375732421875,315.02734375,89.13229370117188,44.698612213134766,153.4297332763672,134.16490173339844,12.52349853515625,251.60000610351562,226.47535705566406,25.97052574157715,51.83580017089844,105.45648956298828
2023-10-03,170.24607849121094,132.9209442138672,507.0299987792969,124.72000122070312,24.23587989807129,543.0197143554688,196.431640625,49.924591064453125,148.53208923339844,77.11905670166016,131.26602172851562,272.29766845703125,35.10289764404297,133.59544372558594,50.641380310058594,384.1459655761719,238.40150451660156,298.3202819824219,93.42153930664062,306.7943420410156,89.63187408447266,43.43596267700195,152.09649658203125,134.4420928955078,12.617402076721191,246.52999877929688,224.0663604736328,26.150419235229492,51.5087890625,105.63890075683594
2023-10-04,171.49034118652344,133.15536499023438,518.4199829101562,127.0,24.263938903808594,549.5162963867188,198.4369354248047,49.73847579956055,145.07077026367188,76.90576171875,134.0513458251953,272.7174377441406,35.33895492553711,134.19454956054688,50.789024353027344,386.7982482910156,239.63804626464844,302.91986083984375,93.78872680664062,312.2470703125,90.38595581054688,43.9589958190918,153.19390869140625,134.88565063476562,12.506422996520996,261.1600036621094,226.42640686035156,25.790632247924805,52.127193450927734,101.68986511230469
2023-10-05,172.72474670410156,132.93898010253906,516.4400024414062,125.95999908447266,24.376188278198242,547.3251953125,198.5745391845703,49.384864807128906,145.8360137939453,78.35040283203125,133.88282775878906,272.0738830566406,35.29961013793945,134.76039123535156,48.3344612121582,387.79180908203125,236.28439331054688,302.13677978515625,95.10143280029297,312.63861083984375,90.29169464111328,44.60478210449219,145.20364379882812,132.8804473876953,12.660085678100586,260.04998779296875,228.6395263671875,26.01959228515625,51.505550384521484,99.40070343017578
2023-10-06,175.27249145507812,133.65122985839844,526.6799926757812,127.95999908447266,24.385540008544922,535.8024291992188,203.8336181640625,49.73847579956055,144.3500518798828,80.41557312011719,136.37078857421875,273.1185302734375,35.59467697143555,136.83509826660156,49.03575897216797,391.50048828125,232.52786254882812,312.6841125488281,95.35845947265625,320.3723449707031,91.53592681884766,45.676780700683594,145.37594604492188,133.14846801757812,12.571346282958984,260.5299987792969,230.16722106933594,25.76486587524414,50.64107894897461,97.74082946777344
2023-10-09,176.75376892089844,134.43560791015625,529.2899780273438,128.25999450683594,24.610034942626953,537.186279296875,203.6959686279297,50.175838470458984,148.34523010253906,82.12199401855469,137.203369140625,275.4875793457031,35.46681594848633,136.5238494873047,48.79584503173828,388.322998046875,234.12042236328125,315.588623046875,95.92760467529297,322.8785400390625,91.31912994384766,45.18869400024414,146.34637451171875,132.473876953125,12.814945220947266,259.6700134277344,229.5796356201172,26.265962600708008,50.45652770996094,101.160888671875
2023-10-10,176.1612548828125,134.23727416992188,532.719970703125,129.47999572753906,25.264802932739258,540.1846923828125,203.3617401123047,50.12931442260742,148.18507385253906,82.4031753540039,136.8465576171875,279.0878601074219,35.830726623535156,137.35374450683594,49.857032775878906,393.8614501953125,235.61929321289062,319.038330078125,95.110595703125,321.47869873046875,92.01666259765625,45.71271896362305,149.10353088378906,133.7860107421875,13.015042304992676,263.6199951171875,231.69485473632812,26.524866104125977,51.026363372802734,100.73224639892578
2023-10-11,177.5536346435547,134.64295959472656,549.9099731445312,131.8300018310547,25.274158477783203,543.4810180664062,203.33226013183594,49.93389129638672,143.34461975097656,82.2674331665039,139.31466674804688,277.9966125488281,36.2733268737793,137.8252410888672,49.561737060546875,393.3105773925781,235.05718994140625,324.9663391113281,94.97291564941406,325.423828125,92.98754119873047,46.718841552734375,147.48916625976562,132.14120483398438,12.849742889404297,262.989990234375,230.79393005371094,26.274314880371094,51.230342864990234,97.12065887451172
2023-10-12,178.4522705078125,135.0436248779297,559.6300048828125,132.3300018310547,25.161911010742188,541.808837890625,202.18212890625,50.11069869995117,143.4602813720703,81.78266143798828,137.74855041503906,273.3050231933594,36.233985900878906,137.504638671875,48.73125457763672,393.39910888671875,230.62623596191406,321.338134765625,95.09224700927734,324.19036865234375,93.55308532714844,46.85758590698242,143.37156677246094,132.43692016601562,12.571346282958984,258.8699951171875,231.87109375,25.814971923828125,51.463462829589844,97.10242462158203
2023-10-13,176.6155242919922,134.7340545654297,548.760009765625,129.7899932861328,25.030961990356445,544.7495727539062,201.11065673828125,50.03626251220703,145.9783935546875,81.78266143798828,136.15269470214844,272.279052734375,35.378299713134766,139.5698699951172,48.805076599121094,391.5595397949219,232.61219787597656,311.95062255859375,95.47779846191406,320.8325500488281,94.17521667480469,45.37635040283203,145.1129608154297,133.70285034179688,12.493047714233398,251.1199951171875,232.74269104003906,25.614532470703125,51.748382568359375,100.20327758789062
2023-10-16,176.4871368408203,134.06927490234375,550.739990234375,132.5500030517578,25.246097564697266,549.939208984375,204.9836883544922,50.3991813659668,147.1707000732422,83.10125732421875,137.87744140625,277.32501220703125,35.95859146118164,139.4284210205078,49.30336380004883,394.6386413574219,234.13916015625,318.35430908203125,95.59713745117188,325.63922119140625,96.18295288085938,46.0091667175293,146.09243774414062,134.9780731201172,12.53654956817627,253.9199981689453,235.09292602539062,26.09893226623535,52.195186614990234,100.27622985839844
2023-10-17,174.93675231933594,135.844970703125,560.0900268554688,131.47000122070312,25.835390090942383,551.957275390625,206.27137756347656,50.19445037841797,149.11932373046875,83.57634735107422,138.4919891357422,276.028564453125,35.46681594848633,139.1266326904297,49.89393997192383,395.23870849609375,235.26332092285156,321.1795349121094,95.62467193603516,325.0714111328125,97.09728240966797,43.85618209838867,145.448486328125,135.15365600585938,12.68444538116455,254.85000610351562,236.19947814941406,26.316076278686523,52.26317596435547,101.58953857421875
2023-10-18,173.64312744140625,135.93603515625,557.8699951171875,128.1300048828125,25.54541778564453,552.24560546875,201.3466033935547,50.03626251220703,150.302734375,82.10261535644531,136.7474365234375,270.71209716796875,35.0537223815918,137.59893798828125,49.8754768371582,386.81787109375,239.8441619873047,314.2107238769531,93.62350463867188,323.1624450683594,97.81364440917969,42.1174201965332,146.9540557861328,138.63734436035156,12.458248138427734,242.67999267578125,232.5467987060547,25.931894302368164,52.302032470703125,103.01228332519531
2023-10-19,173.2678680419922,132.51214599609375,555.739990234375,128.39999389648438,25.218034744262695,543.5867919921875,204.77725219726562,49.61750793457031,150.46292114257812,80.71613311767578,136.5392608642578,267.4755554199219,35.08323287963867,137.01426696777344,50.152313232421875,381.56475830078125,242.0455780029297,310.0869445800781,92.19147491455078,324.34698486328125,97.13496398925781,42.02260971069336,145.62081909179688,137.85719299316406,13.276040077209473,220.11000061035156,228.96270751953125,26.374530792236328,52.0527229309082,103.07613372802734
2023-10-20,170.72010803222656,133.15866088867188,540.9600219726562,125.16999816894531,24.610034942626953,531.3816528320312,200.2653045654297,49.25458908081055,148.44308471679688,80.13439178466797,134.40817260742188,267.13970947265625,34.34556198120117,134.8075408935547,50.35531997680664,378.1609802246094,241.79263305664062,305.9631652832031,94.24771881103516,319.7948303222656,96.77678680419922,41.3099365234375,145.1129608154297,137.67120361328125,13.380438804626465,211.99000549316406,228.54164123535156,26.36618423461914,51.40194320678711,101.30681610107422
2023-10-23,170.83863830566406,131.7927703857422,540.4099731445312,126.55999755859375,23.917848587036133,530.7666015625,198.5647430419922,48.57527542114258,142.9709014892578,80.57068634033203,135.30027770996094,265.88995361328125,33.29316711425781,132.9686279296875,49.903167724609375,377.4329833984375,238.6450653076172,311.2765197753906,94.87194061279297,322.3890686035156,96.90875244140625,42.89497756958008,145.1855010986328,137.7642059326172,13.006341934204102,212.0800018310547,226.72999572753906,26.215850830078125,52.13043212890625,99.82022094726562
2023-10-24,171.27308654785156,133.2315216064453,539.5599975585938,128.55999755859375,23.824308395385742,530.3341674804688,200.74700927734375,49.32903289794922,139.3850555419922,80.0471420288086,137.58993530273438,264.248291015625,34.02099609375,133.12890625,51.34267807006836,380.62030029296875,241.00576782226562,309.8291931152344,94.57817840576172,323.5736083984375,99.14271545410156,43.58169174194336,147.0991668701172,139.39151000976562,13.510936737060547,216.52000427246094,229.78526306152344,28.646183013916016,52.85567855834961,98.8534927368164
2023-10-25,168.96234130859375,132.27537536621094,521.1400146484375,121.38999938964844,23.899137496948242,528.5562744140625,193.70872497558594,48.76137924194336,138.6910400390625,78.13709259033203,124.5059814453125,262.0284423828125,32.28995132446289,132.40277099609375,51.785606384277344,380.0300598144531,241.71771240234375,296.9225158691406,95.12896728515625,333.500244140625,97.59684753417969,41.70119857788086,147.2442626953125,140.04244995117188,13.215140342712402,212.4199981689453,231.93966674804688,28.13673210144043,52.6970329284668,99.03589630126953
2023-10-26,164.80494689941406,132.2207489013672,514.280029296875,119.56999969482422,24.432308197021484,526.2593994140625,192.91253662109375,47.80290603637695,137.69448852539062,77.35175323486328,121.20524597167969,259.29559326171875,31.98504638671875,132.74229431152344,51.471866607666016,358.66314697265625,239.6568145751953,285.8398742675781,96.89144897460938,320.98919677734375,94.27888488769531,40.250911712646484,146.39173889160156,139.29855346679688,13.154241561889648,205.75999450683594,226.4851531982422,28.788164138793945,52.376495361328125,98.13299560546875
2023-10-27,166.1182861328125,126.51121520996094,508.1199951171875,127.73999786376953,23.543691635131836,521.8675537109375,193.2270965576172,47.97971725463867,128.44070434570312,76.91545104980469,121.0962142944336,257.8592529296875,34.95537185668945,127.96106719970703,50.97356414794922,358.1614074707031,239.59121704101562,294.14691162109375,94.38540649414062,322.8687744140625,92.35599517822266,40.424583435058594,144.7682647705078,136.84359741210938,12.893244743347168,207.3000030517578,224.51681518554688,27.92793846130371,52.18223190307617,96.26336669921875
2023-10-30,168.1624298095703,129.2066192626953,526.9400024414062,132.7100067138672,24.030094146728516,533.2557373046875,195.8811798095703,47.98902893066406,129.98890686035156,78.22435760498047,123.3660888671875,262.54150390625,35.10289764404297,129.592529296875,51.81328582763672,366.3658447265625,243.7036590576172,300.0252685546875,94.25689697265625,330.21087646484375,95.95671844482422,41.0843505859375,147.1808319091797,138.79637145996094,13.276040077209473,197.36000061035156,228.2478485107422,28.913434982299805,52.781211853027344,96.56434631347656
2023-10-31,168.63644409179688,128.5601043701172,532.0599975585938,133.08999633789062,24.638092041015625,530.9107055664062,197.41461181640625,48.51013946533203,129.66860961914062,79.1066665649414,122.98944091796875,265.53546142578125,35.899574279785156,131.13909912109375,52.12702941894531,370.2319641113281,245.59596252441406,298.64739990234375,94.2752456665039,330.9941101074219,96.87104034423828,40.70405960083008,148.08775329589844,139.51239013671875,13.397836685180664,200.83999633789062,230.22596740722656,29.33936882019043,52.90748596191406,96.5369644165039
2023-11-01,171.7964630126953,129.7347869873047,544.5,137.0,24.694217681884766,535.100830078125,200.44224548339844,48.56596755981445,128.11148071289062,78.60249328613281,125.33858489990234,267.3450012207031,36.676578521728516,131.0259552001953,52.08089065551758,371.6781005859375,245.4086456298828,309.1352844238281,94.41294860839844,338.78662109375,95.08952331542969,42.246185302734375,149.52980041503906,139.12185668945312,13.554436683654785,205.66000366210938,233.63381958007812,29.56486701965332,53.38018798828125,96.34544372558594
2023-11-02,175.35150146484375,130.45416259765625,558.7100219726562,138.07000732421875,25.835390090942383,535.2837524414062,204.57083129882812,49.08708572387695,132.36465454101562,80.75491333007812,126.36944580078125,274.7134094238281,37.079837799072266,133.36468505859375,52.680686950683594,376.4689025878906,249.9801483154297,308.16387939453125,94.41294860839844,340.9892272949219,99.0484619140625,43.424991607666016,151.30743408203125,140.8235321044922,13.684934616088867,218.50999450683594,238.20697021484375,29.982444763183594,53.59062957763672,99.51014709472656
2023-11-03,174.4429931640625,128.7786865234375,563.6599731445312,138.60000610351562,26.583696365356445,540.0303955078125,203.9416961669922,49.32903289794922,131.34141540527344,82.48074340820312,127.96532440185547,275.7207336425781,37.51259994506836,134.85470581054688,52.357723236083984,379.7742919921875,250.93565368652344,311.8613586425781,94.89948272705078,345.3748779296875,100.91480255126953,44.92119598388672,151.27114868164062,139.5496063232422,13.815433502197266,219.9600067138672,238.5497589111328,30.082672119140625,53.31219482421875,98.29715728759766
2023-11-06,176.99075317382812,128.57830810546875,565.4500122070312,139.74000549316406,26.499515533447266,548.6185302734375,203.89256286621094,49.58959197998047,130.79864501953125,81.46269989013672,129.10519409179688,274.750732421875,37.44845962524414,135.87315368652344,52.56996154785156,379.8825378417969,251.9098663330078,313.0509033203125,95.78071594238281,349.0263671875,101.09388732910156,45.66580581665039,151.1895294189453,140.35861206054688,13.702333450317383,219.27000427246094,238.44203186035156,29.765304565429688,53.383419036865234,96.5551986694336
2023-11-07,179.5483856201172,129.45248413085938,585.2000122070312,142.7100067138672,26.34050178527832,550.0144653320312,208.2373809814453,49.44070053100586,128.4940643310547,82.01533508300781,129.81886291503906,274.9372253417969,38.25762176513672,135.8071746826172,52.76374816894531,382.5483703613281,251.68507385253906,316.044677734375,95.46862030029297,352.9422607421875,103.08277893066406,45.86943435668945,151.62486267089844,140.03314208984375,13.780632972717285,222.17999267578125,239.69549560546875,30.015857696533203,53.63273239135742,95.041259765625
2023-11-08,180.60504150390625,129.33412170410156,585.3099975585938,142.0800018310547,26.08794593811035,546.269287109375,207.87368774414062,49.319732666015625,126.7055892944336,81.92809295654297,130.68121337890625,276.0099182128906,37.418853759765625,136.4766845703125,52.680686950683594,383.3649597167969,250.57965087890625,316.99627685546875,95.83580780029297,355.5559997558594,103.11106872558594,46.48727798461914,151.81532287597656,139.4937744140625,13.615334510803223,222.11000061035156,239.36183166503906,29.873876571655273,53.19563293457031,93.8738784790039
2023-11-09,180.13101196289062,125.70077514648438,577.739990234375,140.60000610351562,25.751203536987305,542.3121948242188,206.43850708007812,48.389163970947266,126.29632568359375,87.59033203125,129.09527587890625,268.50146484375,37.30044174194336,136.0712127685547,52.283897399902344,381.65325927734375,250.0363311767578,317.75958251953125,93.98150634765625,353.0988464355469,100.85823822021484,46.862579345703125,150.6997833251953,139.80996704101562,13.597933769226074,209.97999572753906,237.13414001464844,29.74860382080078,53.072601318359375,93.90123748779297
2023-11-10,184.31369018554688,126.20159912109375,597.219970703125,143.55999755859375,25.89151382446289,555.6467895507812,209.99696350097656,48.93819808959961,127.19498443603516,85.58333587646484,131.42462158203125,271.97119140625,38.346431732177734,138.08932495117188,52.33926773071289,387.96893310546875,250.86070251464844,325.9079895019531,93.07272338867188,361.8899230957031,100.01933288574219,48.2449951171875,151.38905334472656,140.79566955566406,13.606635093688965,214.64999389648438,240.6768341064453,29.82377052307129,53.80756759643555,94.62174224853516
2023-11-13,182.73159790039062,126.24714660644531,590.3400268554688,142.58999633789062,25.91022491455078,556.715576171875,211.61888122558594,48.60319519042969,128.12928771972656,86.71773529052734,130.92901611328125,268.6880187988281,37.72475814819336,137.476318359375,52.53304672241211,387.93939208984375,252.1815948486328,326.3243713378906,94.06413269042969,358.9627685546875,98.21895599365234,48.52946090698242,152.16000366210938,141.77206420898438,13.554436683654785,223.7100067138672,240.10765075683594,29.91563606262207,54.28998565673828,95.61581420898438
2023-11-14,185.34202575683594,125.71897888183594,604.3300170898438,145.8000030517578,27.33201026916504,568.8177490234375,217.4185333251953,49.4779167175293,129.06353759765625,88.29811096191406,132.44557189941406,283.201171875,38.889163970947266,139.98484802246094,52.68991470336914,391.1856689453125,254.3267822265625,333.3823547363281,93.78872680664062,362.4771728515625,99.67999267578125,49.563533782958984,152.46835327148438,141.45587158203125,13.597933769226074,237.41000366210938,242.33531188964844,29.965749740600586,54.28026580810547,95.98396301269531
2023-11-15,185.90565490722656,125.30010223388672,595.3099975585938,143.1999969482422,27.706161499023438,574.575439453125,215.68846130371094,49.580284118652344,129.51730346679688,91.07105255126953,133.43678283691406,287.454345703125,40.07330322265625,141.2107696533203,52.79142761230469,390.3790283203125,253.29637145996094,329.8136901855469,93.03600311279297,362.62445068359375,101.63116455078125,48.796966552734375,151.68833923339844,140.804931640625,13.71103572845459,242.83999633789062,243.4834747314453,30.06597137451172,54.96990203857422,95.40414428710938
2023-11-16,187.5866241455078,125.9193115234375,602.0599975585938,142.8300018310547,27.631332397460938,557.052490234375,217.68397521972656,44.70415115356445,127.46734619140625,91.63341522216797,135.72647094726562,285.8221435546875,42.77709197998047,142.82339477539062,52.73604965209961,390.6446838378906,258.66412353515625,331.28082275390625,93.62350463867188,369.00048828125,101.43323516845703,49.38787078857422,152.10556030273438,142.11610412597656,13.815433502197266,233.58999633789062,243.9349365234375,30.216297149658203,50.52128219604492,94.29972076416016
2023-11-17,187.5668487548828,125.93751525878906,602.6599731445312,145.17999267578125,28.04290199279785,555.6758422851562,217.4578857421875,44.44358444213867,129.88595581054688,91.28437805175781,134.12069702148438,286.59625244140625,43.23101806640625,144.11532592773438,52.83755874633789,393.7926330566406,258.3174133300781,332.1234436035156,93.4031982421875,362.8009948730469,99.8779296875,49.206207275390625,151.2439422607422,140.4794921875,13.832832336425781,234.3000030517578,244.906494140625,30.258054733276367,50.29788589477539,96.60061645507812
2023-11-20,189.30714416503906,125.9466323852539,612.7000122070312,146.1300048828125,28.070966720581055,559.1900634765625,221.30137634277344,44.918174743652344,129.8140411376953,92.13758087158203,135.05247497558594,287.454345703125,44.14872360229492,144.55856323242188,52.96674346923828,397.8259582519531,261.3901672363281,337.0105895996094,94.25689697265625,370.2462463378906,100.21727752685547,50.31513595581055,151.02627563476562,139.73558044433594,14.006832122802734,235.60000610351562,245.308837890625,30.675634384155273,50.28169631958008,96.17726135253906
2023-11-21,188.50621032714844,126.32906341552734,610.989990234375,143.89999389648438,27.743581771850586,562.5597534179688,220.50515747070312,44.480804443359375,129.5083465576172,91.57522583007812,135.76614379882812,284.796142578125,43.063262939453125,144.25677490234375,53.5480842590332,402.302001953125,262.7390441894531,334.04656982421875,93.82544708251953,365.9595947265625,100.43407440185547,49.85099411010742,152.1872100830078,139.12185668945312,14.085131645202637,241.1999969482422,247.5266876220703,31.10991668701172,50.4630012512207,96.14044189453125
2023-11-22,189.16873168945312,126.09233093261719,619.719970703125,146.7100067138672,27.715517044067383,567.161865234375,220.0333251953125,44.74137496948242,129.76910400390625,92.1763687133789,137.2727508544922,288.39642333984375,43.09286117553711,144.59628295898438,53.90796661376953,403.6595764160156,264.1068115234375,338.51727294921875,93.33892822265625,370.6484680175781,101.72542572021484,48.62528610229492,153.47508239746094,140.43299865722656,14.067729949951172,234.2100067138672,248.9888916015625,31.19344139099121,50.077720642089844,95.72628784179688
2023-11-24,187.84371948242188,126.27444458007812,619.4299926757812,146.74000549316406,27.809059143066406,569.3571166992188,220.56414794921875,45.001922607421875,130.28160095214844,93.13623046875,135.48858642578125,289.7955017089844,43.3790283203125,144.79434204101562,54.046382904052734,405.7943115234375,264.67822265625,335.28564453125,93.51334381103516,370.23651123046875,101.46150970458984,47.687042236328125,153.61109924316406,140.7677764892578,14.102527618408203,235.4499969482422,249.55807495117188,31.243549346923828,50.527767181396484,96.2416763305664
2023-11-27,187.6656951904297,126.65691375732422,619.27001953125,147.72999572753906,27.650039672851562,572.7653198242188,220.96713256835938,44.60178756713867,129.79603576660156,92.27332305908203,135.2110595703125,290.00067138671875,43.4974479675293,144.46426391601562,53.94487380981445,402.3216552734375,264.0224914550781,331.786376953125,93.10942840576172,371.39398193359375,101.76313018798828,48.15217208862305,152.6588134765625,140.63760375976562,14.102527618408203,236.0800018310547,249.40106201171875,31.19344139099121,50.75764083862305,95.68025970458984
2023-11-28,188.2689208984375,125.7372055053711,623.3200073242188,147.02999877929688,27.621978759765625,571.8987426757812,221.09494018554688,44.52733612060547,130.8300323486328,89.6845932006836,135.99411010742188,292.2578430175781,43.64546203613281,144.79434204101562,54.05561065673828,402.361083984375,264.2567138671875,336.0390625,91.96197509765625,375.4060363769531,102.50780487060547,47.73195266723633,153.1485595703125,141.6139678955078,14.076430320739746,246.72000122070312,248.22341918945312,31.293659210205078,51.363094329833984,95.62503814697266
2023-11-29,187.25042724609375,126.11964416503906,617.3900146484375,146.32000732421875,28.351581573486328,565.9871215820312,226.43260192871094,44.713443756103516,129.39144897460938,89.6845932006836,133.80355834960938,292.0418701171875,44.34607696533203,145.5299072265625,53.732643127441406,403.1578674316406,262.65484619140625,329.30816650390625,92.83405303955078,371.6294250488281,104.0348129272461,48.050357818603516,151.6067657470703,140.53529357910156,14.180827140808105,244.13999938964844,249.4893798828125,31.53585433959961,50.534236907958984,94.18927001953125
2023-11-30,187.82394409179688,129.66195678710938,611.010009765625,146.08999633789062,28.74757957458496,570.685791015625,247.61610412597656,45.020538330078125,129.1127471923828,89.86881256103516,131.36517333984375,294.36114501953125,44.1092529296875,147.1896514892578,54.35581970214844,407.1026916503906,265.6044921875,324.3021240234375,94.07331848144531,371.68829345703125,103.94055938720703,46.68290710449219,153.79544067382812,142.7577362060547,14.415726661682129,240.0800018310547,251.8937225341797,32.011898040771484,50.4079704284668,94.55743408203125
2023-12-01,189.09950256347656,130.5907440185547,612.469970703125,147.02999877929688,29.190717697143555,574.0650634765625,255.57830810546875,45.104286193847656,130.20066833496094,89.76216125488281,130.7010498046875,300.11712646484375,43.16194152832031,147.9063262939453,54.541839599609375,407.62408447265625,269.4871826171875,321.9924621582031,94.97291564941406,367.3721923828125,107.32642364501953,46.677921295166016,154.16099548339844,141.95802307128906,14.581023216247559,238.8300018310547,251.66799926757812,32.22069549560547,49.97087097167969,94.78751373291016
2023-12-04,187.30975341796875,131.26458740234375,604.5599975585938,144.83999633789062,29.058717727661133,576.789794921875,246.39720153808594,44.713443756103516,130.25460815429688,89.20951080322266,128.13380432128906,304.2486267089844,41.79030990600586,148.9908447265625,54.47673416137695,401.59375,269.6473693847656,317.23419189453125,96.441650390625,362.1044921875,108.9058609008789,45.425254821777344,154.572265625,141.40013122558594,14.494022369384766,235.5800018310547,249.69546508789062,31.76970863342285,49.957923889160156,94.27210998535156
2023-12-05,191.25511169433594,131.64707946777344,602.219970703125,146.8800048828125,28.832433700561523,582.826416015625,246.75111389160156,44.60178756713867,128.4473876953125,88.02664947509766,129.8386993408203,303.7603454589844,41.365989685058594,148.97198486328125,54.56044006347656,402.0462646484375,270.0337219238281,315.519287109375,97.51568603515625,365.4200439453125,109.1517562866211,46.48337936401367,153.47560119628906,136.47166442871094,14.981216430664062,238.72000122070312,249.86231994628906,32.08706283569336,50.42091751098633,92.44059753417969
2023-12-06,190.1674346923828,133.29527282714844,595.7000122070312,144.52000427246094,28.785293579101562,584.8291015625,244.89324951171875,44.387752532958984,128.1506805419922,88.71504211425781,128.87721252441406,306.2110595703125,40.72458267211914,147.40655517578125,54.504634857177734,403.7087707519531,270.3353271484375,314.6865539550781,96.96490478515625,361.77093505859375,109.81380462646484,45.42225646972656,153.0825958251953,136.3693389892578,14.737622261047363,239.3699951171875,249.54827880859375,32.15388488769531,49.87374496459961,91.21653747558594
2023-12-07,192.09561157226562,134.74314880371094,608.780029296875,146.8800048828125,28.907861709594727,588.2181396484375,244.61798095703125,44.90886688232422,128.0517578125,89.53916931152344,135.72647094726562,306.26751708984375,41.59295654296875,147.85922241210938,54.63485336303711,406.4337158203125,270.26934814453125,323.7469787597656,95.35845947265625,363.8800048828125,108.58430480957031,46.51332092285156,153.03695678710938,136.2298583984375,14.868120193481445,242.63999938964844,251.04974365234375,32.279151916503906,49.54551696777344,90.58148956298828
2023-12-08,193.51950073242188,135.93603515625,610.010009765625,147.4199981689453,29.190717697143555,588.0545043945312,246.54464721679688,45.020538330078125,129.75111389160156,90.28815460205078,133.80355834960938,306.5491027832031,42.13568878173828,149.49066162109375,54.51394271850586,405.4598388671875,269.0819091796875,329.8533020019531,95.23912048339844,367.0975036621094,109.6246566772461,47.42171096801758,151.41024780273438,134.97451782226562,14.720224380493164,243.83999633789062,250.9712371826172,31.945087432861328,49.02555465698242,91.62149810791016
2023-12-11,191.01779174804688,137.72085571289062,625.2000122070312,145.88999938964844,29.08700942993164,600.647705078125,247.81272888183594,45.96040725708008,129.78707885742188,89.68506622314453,132.11846923828125,311.1125793457031,43.95136260986328,150.0376434326172,54.91387939453125,408.9520568847656,272.49334716796875,322.4483947753906,95.80827331542969,364.2232666015625,112.17823791503906,46.54427719116211,153.36593627929688,135.59754943847656,14.45922565460205,239.74000549316406,251.73663330078125,31.460697174072266,49.1490592956543,91.68592071533203
2023-12-12,192.53067016601562,139.54205322265625,633.6599731445312,147.47999572753906,28.983291625976562,606.0779418945312,252.08877563476562,45.90456771850586,128.1237030029297,88.58588409423828,131.35523986816406,312.8684997558594,43.45797348022461,151.37673950195312,55.2673225402832,413.91021728515625,274.63262939453125,331.3105773925781,95.79908752441406,367.24462890625,113.1523666381836,47.57244110107422,153.95994567871094,135.7091064453125,14.276527404785156,237.00999450683594,254.719970703125,31.151676177978516,49.18804931640625,90.24095916748047
2023-12-13,195.7443084716797,140.50732421875,624.260009765625,148.83999633789062,30.209003448486328,618.11279296875,252.9439697265625,46.23957061767578,130.02081298828125,90.29789733886719,131.4048309326172,322.4460754394531,43.98097229003906,151.885986328125,55.7416877746582,417.7763671875,278.8828430175781,331.8260192871094,98.32350158691406,367.23480224609375,114.59941101074219,48.00267791748047,157.19503784179688,138.1640625,14.311327934265137,239.2899932861328,257.4873962402344,30.892786026000977,50.062225341796875,91.04167175292969
2023-12-14,195.89259338378906,141.0354766845703,584.6400146484375,147.4199981689453,32.000423431396484,607.3103637695312,252.83580017089844,46.00693130493164,134.80410766601562,91.37760925292969,130.7803497314453,330.3429260253906,44.582908630371094,154.6490936279297,54.91387939453125,411.75579833984375,273.3132629394531,330.2697448730469,97.89816284179688,358.9556579589844,114.45755767822266,48.26420593261719,153.75889587402344,134.51885986328125,14.485322952270508,251.0500030517578,253.90550231933594,31.627723693847656,49.45127487182617,93.48980712890625
2023-12-15,195.35865783691406,140.2705535888672,584.6799926757812,149.97000122070312,31.679855346679688,634.3071899414062,257.1511535644531,46.40707015991211,134.28265380859375,90.91069793701172,131.4345245361328,332.3993225097656,45.54995346069336,155.81846618652344,54.504634857177734,411.7656555175781,270.7216491699219,332.0044860839844,97.18622589111328,363.6641845703125,114.95882415771484,48.803253173828125,152.61656188964844,133.86793518066406,14.372228622436523,253.5,253.21852111816406,31.210140228271484,49.63651657104492,92.86396789550781
2023-12-18,193.6974639892578,139.70599365234375,599.1300048828125,154.07000732421875,31.519569396972656,655.8927612304688,259.1073303222656,46.75138473510742,134.57933044433594,90.32706451416016,134.6063995361328,329.4039001464844,45.08616638183594,156.76148986816406,54.895286560058594,417.5303649902344,273.5111999511719,341.6200256347656,98.04609680175781,365.5475769042969,114.571044921875,49.9881477355957,154.362060546875,135.92298889160156,14.320028305053711,252.0800018310547,253.55215454101562,31.460697174072266,50.36119842529297,93.55422973632812
2023-12-19,194.7357177734375,139.8699188232422,604.6400146484375,153.7899932861328,31.594993591308594,652.52294921875,259.8446044921875,46.69554901123047,136.3415985107422,91.36786651611328,135.4489288330078,330.5870666503906,46.0433464050293,158.8550567626953,54.718563079833984,418.5534973144531,273.98236083984375,347.3100891113281,98.46216583251953,366.1459655761719,115.98970794677734,49.515987396240234,153.4847412109375,135.92298889160156,14.450525283813477,257.2200012207031,255.14199829101562,31.377178192138672,50.543190002441406,94.78751373291016
2023-12-20,192.64930725097656,138.130615234375,596.0599975585938,152.1199951171875,31.095277786254883,636.4058837890625,255.8240966796875,46.34192657470703,135.0918426513672,88.78044128417969,137.12408447265625,327.3851013183594,45.155242919921875,157.0632781982422,53.583824157714844,412.63134765625,272.34259033203125,346.2394714355469,97.41736602783203,363.5562744140625,114.84532928466797,48.025634765625,151.41937255859375,133.8214569091797,14.267827033996582,247.13999938964844,252.31565856933594,31.151676177978516,49.95173263549805,93.20449829101562
2023-12-21,192.50100708007812,138.9501495361328,600.1400146484375,153.83999633789062,31.302709579467773,640.4111328125,262.7050476074219,46.24887466430664,135.50543212890625,89.50997924804688,139.18580627441406,327.6762390136719,46.45779800415039,157.95913696289062,53.9372673034668,416.5564880371094,274.60430908203125,351.007568359375,98.36972045898438,366.4206237792969,115.88568878173828,48.90308380126953,152.5891571044922,134.14691162109375,14.346128463745117,254.5,254.70037841796875,31.260251998901367,50.30595397949219,93.62786865234375
2023-12-22,191.43310546875,141.09010314941406,598.75,153.4199981689453,31.519569396972656,646.6115112304688,261.8105163574219,46.611793518066406,135.81112670898438,88.5372543334961,140.2464141845703,327.3194580078125,47.365638732910156,157.86485290527344,54.24420166015625,417.205810546875,274.8964538574219,350.3136901855469,99.5809555053711,367.44073486328125,102.18140411376953,48.74335861206055,153.2379913330078,135.0954132080078,14.398324966430664,252.5399932861328,253.611083984375,31.310367584228516,50.907161712646484,93.79352569580078
2023-12-26,190.88925170898438,140.79872131347656,598.260009765625,153.41000366210938,31.92500114440918,649.5191040039062,261.6925964355469,46.78860092163086,137.03392028808594,88.46916198730469,140.27613830566406,327.9954833984375,49.83259963989258,158.7984619140625,54.46743392944336,416.7828063964844,275.9896545410156,351.7411804199219,99.51624298095703,367.5193176269531,102.1624984741211,49.19156265258789,154.31634521484375,135.7091064453125,14.415726661682129,256.6099853515625,254.32745361328125,31.3020076751709,50.82916259765625,94.00520324707031
2023-12-27,190.9881134033203,141.0354766845703,596.0800170898438,153.33999633789062,31.90613555908203,656.5891723632812,262.1841125488281,46.9374885559082,136.58438110351562,87.91470336914062,139.13623046875,327.2630920410156,50.08916091918945,159.7509307861328,54.6069450378418,417.46148681640625,277.5822448730469,354.71502685546875,99.83985900878906,366.94049072265625,101.32074737548828,49.32931900024414,154.809814453125,135.82070922851562,14.424426078796387,261.44000244140625,254.10174560546875,31.160030364990234,51.3068733215332,93.56343841552734
2023-12-28,191.41331481933594,140.9170684814453,595.52001953125,153.3800048828125,31.9438533782959,652.9458618164062,261.0634460449219,46.97471237182617,134.6602325439453,87.93416595458984,138.99746704101562,326.1644592285156,49.724056243896484,160.5996856689453,54.6441535949707,419.3896484375,278.7979431152344,355.20074462890625,100.5703125,368.12744140625,102.91911315917969,49.43412780761719,154.80072021484375,135.51382446289062,14.56362533569336,253.17999267578125,255.5443572998047,31.310367584228516,51.206138610839844,92.21051788330078
2023-12-29,190.3750762939453,141.117431640625,596.5999755859375,151.94000244140625,31.745847702026367,649.9720458984375,258.66497802734375,47.01193618774414,134.11181640625,87.82715606689453,138.46221923828125,325.4038391113281,49.58590316772461,160.41107177734375,54.81157302856445,419.5765686035156,279.4294128417969,350.87872314453125,100.80145263671875,368.87298583984375,102.68267822265625,49.43412780761719,155.21194458007812,136.2670440673828,14.598426818847656,248.47999572753906,255.49526977539062,31.485742568969727,51.23212814331055,92.0172348022461
