Date,AAPL,ABBV,ADBE,AMZN,BAC,COST,CRM,CSCO,CVX,DIS,GOOGL,HD,INTC,JPM,KO,MA,MCD,META,MRK,MSFT,NKE,NVDA,PEP,PG,T,TSLA,V,VZ,WMT,XOM
2019-01-02,37.469207763671875,64.33153533935547,224.57000732421875,76.95649719238281,20.83681297302246,184.56834411621094,133.24478149414062,34.34370040893555,79.8726806640625,104.37767791748047,52.2705078125,143.13021850585938,40.5180549621582,80.47398376464844,37.34159851074219,181.54811096191406,147.79541015625,134.49888610839844,57.226688385009766,94.19314575195312,66.55860900878906,3.3730521202087402,86.69365692138672,74.7899398803711,12.99636459350586,20.674667358398438,126.06809997558594,36.33647918701172,27.913774490356445,49.66474151611328
2019-01-03,33.736995697021484,62.21190643310547,215.6999969482422,75.01399993896484,20.50289535522461,180.6562957763672,128.182373046875,33.094696044921875,78.3429183959961,101.84893798828125,50.82284164428711,139.9755401611328,38.28904342651367,79.3302993774414,37.1108512878418,173.35772705078125,146.82162475585938,130.5931854248047,56.0532341003418,90.72796630859375,65.38128662109375,3.169262409210205,85.88448333740234,74.26556396484375,13.013965606689453,20.02400016784668,121.52501678466797,36.46619415283203,27.770227432250977,48.9022102355957
2019-01-04,35.17720413208008,64.21617889404297,226.19000244140625,78.76950073242188,21.354402542114258,185.9024200439453,135.61383056640625,34.585445404052734,79.96646881103516,104.9906997680664,53.42972183227539,144.13465881347656,40.6385383605957,82.2548599243164,37.85083770751953,181.5672607421875,149.6589813232422,136.74913024902344,57.74148178100586,94.9476547241211,67.0888442993164,3.372309684753418,87.6456527709961,75.78136444091797,13.3483304977417,21.179332733154297,126.76045989990234,36.5570068359375,27.943681716918945,50.70521926879883
2019-01-07,35.098899841308594,65.1534194946289,229.25999450683594,81.47550201416016,21.337703704833984,186.58741760253906,139.80136108398438,34.81914138793945,81.00556945800781,105.90066528320312,53.32317352294922,146.973876953125,40.8278694152832,82.31204223632812,37.357505798339844,182.96421813964844,151.28753662109375,136.84828186035156,57.105567932128906,95.0687484741211,68.05047607421875,3.550842046737671,86.89198303222656,75.47821044921875,13.59030818939209,22.33066749572754,129.04624938964844,36.790523529052734,28.272642135620117,50.96888732910156
2019-01-08,35.768001556396484,65.45621490478516,232.67999267578125,82.8290023803711,21.29595947265625,187.98458862304688,143.24183654785156,35.10117721557617,80.65199279785156,106.72444152832031,53.79151916503906,147.67955017089844,41.086055755615234,82.15684509277344,37.77922439575195,184.29653930664062,151.60647583007812,141.28924560546875,57.52952575683594,95.75804901123047,68.95818328857422,3.462441921234131,87.72498321533203,75.75676727294922,13.761889457702637,22.356666564941406,129.74810791015625,37.86725616455078,28.470020294189453,51.339481353759766
2019-01-09,36.375404357910156,63.3077507019043,235.42999267578125,82.97100067138672,21.504663467407227,189.2014617919922,143.50723266601562,34.907779693603516,81.73439025878906,107.9217529296875,53.60715866088867,149.20704650878906,41.318416595458984,82.01793670654297,37.05515670776367,187.64158630371094,151.34629821777344,142.9744415283203,57.090415954589844,97.12734985351562,68.83236694335938,3.5305373668670654,85.27362823486328,74.51956176757812,13.534918785095215,22.568666458129883,131.27508544921875,37.39076232910156,28.37731170654297,51.61028289794922
2019-01-10,36.49165725708008,63.58892822265625,237.77000427246094,82.81099700927734,21.47962188720703,189.8685302734375,144.5393829345703,34.84330749511719,81.8642807006836,108.0462646484375,53.46739196777344,148.65084838867188,41.79177474975586,82.0097885131836,37.452999114990234,188.77256774902344,152.404052734375,142.94471740722656,56.386348724365234,96.50326538085938,68.6795883178711,3.596155881881714,85.7972183227539,74.69982147216797,13.669817924499512,22.99799919128418,131.52169799804688,37.75125503540039,28.398244857788086,51.34661102294922
2019-01-11,36.133392333984375,63.66824722290039,237.5500030517578,82.02799987792969,21.730058670043945,189.7512969970703,145.04071044921875,35.04477310180664,81.20761108398438,107.90259552001953,52.755699157714844,148.94139099121094,42.11020278930664,81.61766815185547,37.66782760620117,187.7661895751953,153.09237670898438,142.5482177734375,56.70431137084961,95.75804901123047,68.33805847167969,3.6852986812591553,85.80516052246094,75.1914291381836,13.881158828735352,23.150667190551758,130.94313049316406,38.02651596069336,28.362356185913086,51.1114387512207
2019-01-14,35.59005355834961,61.85832214355469,234.55999755859375,80.8604965209961,22.013900756835938,188.3902130126953,143.5662384033203,34.81914138793945,80.61593627929688,107.68228912353516,52.113399505615234,148.4433135986328,41.61103439331055,82.4590835571289,37.51665496826172,187.31570434570312,152.12698364257812,144.12437438964844,55.545997619628906,95.0594253540039,68.38299560546875,3.7251641750335693,85.13878631591797,74.68343353271484,13.768744468688965,22.293333053588867,130.03262329101562,38.03306579589844,28.39525032043457,51.04729080200195
2019-01-15,36.31846237182617,62.398372650146484,242.36000061035156,83.72799682617188,22.164159774780273,190.2200469970703,146.65280151367188,35.47185134887695,80.90454864501953,107.05010223388672,53.848018646240234,146.50070190429688,41.82619094848633,83.0635757446289,37.85083770751953,188.36044311523438,151.95907592773438,147.65338134765625,56.4014778137207,97.8166732788086,69.99168395996094,3.7110512256622314,86.46360778808594,75.38807678222656,13.759750366210938,22.961999893188477,130.2602996826172,38.07894515991211,28.784029006958008,51.07579040527344
2019-01-16,36.76215362548828,62.43488311767578,241.9499969482422,84.18900299072266,23.75029945373535,189.453857421875,146.01390075683594,35.42350769042969,80.38501739501953,106.23592376708984,53.996700286865234,146.973876953125,41.421695709228516,83.73345184326172,37.3336296081543,189.5585479736328,150.5572052001953,146.25563049316406,56.48476791381836,98.16132354736328,69.81193542480469,3.685546875,85.94795989990234,74.86368560791016,13.741765975952148,23.06999969482422,130.2602996826172,37.41044235229492,28.813926696777344,51.054412841796875
2019-01-17,36.98044204711914,63.63905715942383,244.39999389648438,84.66100311279297,24.201095581054688,190.60763549804688,147.27210998535156,35.62495803833008,80.7890853881836,106.33169555664062,54.47298049926758,145.17242431640625,41.71430206298828,84.07654571533203,37.445045471191406,191.03457641601562,152.03465270996094,147.009033203125,57.23426818847656,98.85062408447266,71.1150894165039,3.7568604946136475,86.64608764648438,74.85295104980469,13.777737617492676,23.15399932861328,130.2033233642578,37.24658203125,28.930564880371094,51.40361022949219
2019-01-18,37.208213806152344,65.31761169433594,247.50999450683594,84.80999755859375,24.459880828857422,192.527587890625,149.91636657714844,36.28572463989258,82.52812194824219,106.36044311523438,54.878379821777344,149.08253479003906,42.33395767211914,85.4408187866211,37.882667541503906,193.61294555664062,153.26025390625,148.73388671875,57.438663482666016,100.33170318603516,72.30137634277344,3.885868787765503,87.32038879394531,75.4970932006836,13.921631813049316,20.150667190551758,131.36045837402344,37.41698455810547,29.226633071899414,52.01649856567383
2019-01-22,36.37303924560547,64.7045669555664,243.85000610351562,81.6084976196289,24.284576416015625,191.45489501953125,146.41690063476562,36.08426284790039,81.06330108642578,105.93898010253906,53.45747756958008,147.03204345703125,41.54218292236328,84.0928955078125,37.97019958496094,191.17837524414062,154.93919372558594,146.28541564941406,57.40838623046875,98.44075775146484,72.57099151611328,3.683811902999878,87.19346618652344,74.68778991699219,13.75075912475586,19.92799949645996,130.93365478515625,37.35145568847656,29.154855728149414,51.23257064819336
2019-01-23,36.52015686035156,64.55131530761719,245.13999938964844,82.0009994506836,24.14266014099121,191.17547607421875,147.2032928466797,36.63221740722656,80.37777709960938,106.43708038330078,53.74393844604492,146.849365234375,41.258182525634766,83.8804931640625,38.40781784057617,190.1144561767578,156.21517944335938,143.04385375976562,57.11312484741211,99.40023040771484,72.3463363647461,3.6966891288757324,87.84397888183594,78.3214111328125,13.890153884887695,19.172666549682617,129.947265625,37.85611343383789,29.519699096679688,50.81211853027344
2019-01-24,36.23067092895508,62.67572021484375,242.55999755859375,82.74649810791016,24.276229858398438,189.57106018066406,144.37229919433594,36.75309371948242,81.9075698852539,105.8910903930664,53.72361755371094,147.1814422607422,42.82451629638672,83.92951202392578,37.946319580078125,191.49465942382812,157.28970336914062,144.5605010986328,55.39458465576172,98.9251480102539,72.29239654541016,3.908402442932129,86.86821746826172,77.87548828125,13.759750366210938,19.43400001525879,130.6016845703125,37.40388107299805,29.415037155151367,50.88338088989258
2019-01-25,37.43124008178711,58.778560638427734,244.9499969482422,83.52850341796875,24.693632125854492,188.45330810546875,147.19346618652344,37.17211151123047,81.69829559326172,106.40833282470703,54.5914306640625,149.7632598876953,40.48362350463867,84.46051788330078,37.69169998168945,194.51382446289062,154.46070861816406,147.7128448486328,55.22801971435547,99.8287124633789,72.4451675415039,3.9656026363372803,86.74918365478516,77.29741668701172,13.786727905273438,19.80266761779785,131.52169799804688,36.96475601196289,28.990371704101562,51.1114387512207
2019-01-28,37.084835052490234,56.29722213745117,241.85000610351562,81.89450073242188,24.73537254333496,189.98570251464844,144.82447814941406,36.86589813232422,80.94063568115234,106.14012908935547,53.51844024658203,149.2900390625,40.199607849121094,84.86078643798828,37.53255844116211,191.84930419921875,154.1249237060547,146.18626403808594,55.205318450927734,97.8818588256836,72.18453979492188,3.417375326156616,86.3287353515625,77.23133087158203,13.79122543334961,19.7586669921875,128.9798126220703,36.093082427978516,29.02625846862793,50.76934814453125
2019-01-29,36.70045852661133,56.538047790527344,238.27000427246094,79.69400024414062,24.535022735595703,189.57106018066406,142.71104431152344,37.035133361816406,80.69530487060547,106.2263412475586,53.03274917602539,149.1738739013672,40.053314208984375,85.09768676757812,37.715572357177734,190.96751403808594,152.92453002929688,142.93479919433594,55.44000244140625,95.8884506225586,72.09467315673828,3.258653163909912,86.47151947021484,77.24784088134766,13.804717063903809,19.83066749572754,128.0408935546875,34.919898986816406,28.921592712402344,50.961769104003906
2019-01-30,39.2083740234375,57.69844055175781,242.6699981689453,83.52149963378906,24.267879486083984,190.5084991455078,146.62332153320312,37.63948440551758,81.54678344726562,105.48880004882812,54.41697311401367,151.24099731445312,40.913936614990234,85.29376983642578,38.08159255981445,195.54908752441406,152.58871459960938,149.11058044433594,55.545997619628906,99.09280395507812,73.04730224609375,3.4020233154296875,87.91536712646484,78.0571517944336,13.20666217803955,20.584667205810547,130.50686645507812,35.39179992675781,28.350391387939453,51.517635345458984
2019-01-31,39.490718841552734,58.59608459472656,247.82000732421875,85.9365005493164,23.766998291015625,193.46505737304688,149.3855438232422,38.10685348510742,82.73017883300781,106.82022094726562,55.799705505371094,152.36172485351562,40.552467346191406,84.55036163330078,38.29642868041992,202.3638153076172,150.07872009277344,165.2389373779297,56.34848403930664,97.27639770507812,73.5865249633789,3.5595085620880127,89.38301849365234,79.66751098632812,13.51693058013916,20.468000411987305,128.05030822753906,36.08652877807617,28.658428192138672,52.2231559753418
2019-02-01,39.50970458984375,58.74936294555664,247.3800048828125,81.3115005493164,23.691865921020508,189.53497314453125,153.21920776367188,38.14714431762695,85.41448974609375,106.60948181152344,55.43940734863281,153.05905151367188,41.938072204589844,84.86078643798828,38.749961853027344,204.89419555664062,148.34942626953125,164.26747131347656,57.87776184082031,95.73942565917969,73.25402069091797,3.5837745666503906,89.00222778320312,80.49336242675781,13.489952087402344,20.81399917602539,132.92539978027344,35.75225830078125,28.069290161132812,54.10457229614258
2019-02-04,40.63197708129883,57.31163024902344,254.74000549316406,81.66549682617188,24.109268188476562,190.355224609375,155.03778076171875,38.15520095825195,86.40304565429688,107.08842468261719,56.56938552856445,154.76925659179688,42.35976791381836,85.16304779052734,39.18759536743164,205.98690795898438,149.04620361328125,167.77664184570312,58.19574737548828,98.49665069580078,73.68540954589844,3.693965196609497,89.71621704101562,80.95580291748047,13.314579963684082,20.859333038330078,134.20574951171875,35.41800308227539,28.341419219970703,53.320655822753906
2019-02-05,41.32716369628906,58.158206939697266,254.82000732421875,82.94049835205078,24.02578353881836,190.74285888671875,156.28619384765625,38.08268356323242,86.21544647216797,107.91217803955078,57.0872917175293,154.7360382080078,43.0396728515625,84.78727722167969,39.195556640625,206.89743041992188,149.0629425048828,169.67002868652344,58.40769577026367,99.8752670288086,74.4672622680664,3.7130320072174072,89.56548309326172,80.46858215332031,13.32357120513916,21.42333221435547,135.18272399902344,35.48353958129883,28.589637756347656,53.869384765625
2019-02-06,41.34139633178711,57.7130241394043,254.35000610351562,82.01300048828125,23.98404884338379,190.7338409423828,155.44081115722656,38.25995635986328,85.7824935913086,106.71485137939453,55.65102767944336,153.34963989257812,43.21721649169922,84.74644470214844,39.195556640625,206.3606719970703,147.89610290527344,169.00587463378906,58.58940887451172,98.76679229736328,74.33247375488281,3.7885544300079346,89.68447875976562,80.8649673461914,13.29210090637207,21.148000717163086,134.19635009765625,35.25415802001953,28.60160255432129,53.634212493896484
2019-02-07,40.55843734741211,57.77872848510742,253.74000549316406,80.71849822998047,23.574989318847656,188.9442596435547,152.2952117919922,37.63142013549805,85.31343841552734,106.27423858642578,54.80949401855469,152.8100128173828,42.63692855834961,83.63544464111328,39.32286071777344,205.0858917236328,147.14064025878906,164.931640625,58.157894134521484,98.05885314941406,74.04489135742188,3.650383710861206,89.71621704101562,80.2208251953125,13.242636680603027,20.500667572021484,132.94435119628906,35.10997009277344,28.927570343017578,53.22087478637695
2019-02-08,40.60608673095703,58.143619537353516,257.0,79.41100311279297,23.61673355102539,187.76931762695312,154.00563049316406,38.02627182006836,84.84442138671875,106.81063842773438,54.634544372558594,153.20018005371094,42.29917526245117,82.80219268798828,39.386505126953125,207.58750915527344,146.69566345214844,165.8733673095703,58.68783187866211,98.43144226074219,74.01792907714844,3.6689565181732178,89.66065979003906,80.69153594970703,13.287602424621582,20.386667251586914,133.14356994628906,35.35902404785156,28.58365821838379,53.30735778808594
2019-02-11,40.37255859375,58.21657943725586,258.3900146484375,79.55000305175781,23.716907501220703,188.64602661132812,157.19052124023438,38.340545654296875,84.38982391357422,104.82787322998047,54.62165832519531,151.85533142089844,42.23854064941406,82.41004180908203,39.47405242919922,208.08599853515625,146.28433227539062,164.34677124023438,58.074607849121094,98.04021453857422,75.20423889160156,3.626365900039673,89.62100219726562,81.15400695800781,13.359551429748535,20.856000900268555,133.54190063476562,35.42456817626953,28.769071578979492,53.393821716308594
2019-02-12,40.720458984375,58.3333625793457,261.3699951171875,81.90049743652344,23.95065689086914,191.5201416015625,160.0215301513672,38.590335845947266,85.66703796386719,104.59796905517578,55.88347244262695,154.0137939453125,43.31248092651367,83.81513977050781,39.51383590698242,209.82081604003906,146.04090881347656,163.6033172607422,59.44490051269531,99.56790924072266,76.12989044189453,3.7432408332824707,90.27154541015625,81.97157287597656,13.40451431274414,20.78733253479004,134.67056274414062,35.66706466674805,28.999343872070312,54.33054733276367
2019-02-13,40.551273345947266,58.96099853515625,260.2300109863281,82.0,23.959001541137695,192.33364868164062,157.6721954345703,38.27608108520508,86.2804183959961,105.55584716796875,55.93550109863281,156.4129638671875,43.71087646484375,84.21544647216797,39.617271423339844,211.3831024169922,146.19200134277344,162.64175415039062,59.82342529296875,99.49336242675781,76.75000762939453,3.7855844497680664,90.5333251953125,81.95508575439453,13.418006896972656,20.544666290283203,136.09324645996094,35.70638656616211,29.2894344329834,54.94302749633789
2019-02-14,40.69900131225586,58.76395034790039,260.1400146484375,81.13249969482422,23.700210571289062,193.27354431152344,156.7580108642578,39.001304626464844,86.12004852294922,105.9964599609375,55.963768005371094,155.83184814453125,44.00534439086914,83.6681137084961,36.2753791809082,210.6834259033203,147.6358642578125,162.5227813720703,59.76286315917969,99.57718658447266,76.10292053222656,3.8264412879943848,89.31954193115234,81.31092071533203,13.395523071289062,20.251333236694336,136.01724243164062,35.41144943237305,29.4628849029541,54.95744323730469
2019-02-15,40.60844802856445,59.004783630371094,259.45001220703125,80.39749908447266,24.3012752532959,195.65066528320312,156.3451385498047,39.8312873840332,86.98735046386719,107.84512329101562,55.48945999145508,159.717041015625,44.74149703979492,86.22504425048828,35.996883392333984,212.88796997070312,151.07766723632812,161.08541870117188,60.421504974365234,100.80677795410156,76.73200988769531,3.8960213661193848,91.953369140625,81.32743835449219,13.70129108428955,20.525333404541016,137.67990112304688,36.15205764770508,29.902488708496094,55.99506759643555
2019-02-19,40.7299919128418,58.76395034790039,257.80999755859375,81.37899780273438,24.31797218322754,197.14195251464844,157.87860107421875,40.00857162475586,86.95821380615234,108.72634887695312,55.8304443359375,159.66725158691406,44.51633071899414,85.92278289794922,35.670650482177734,211.43104553222656,150.4733123779297,160.8772430419922,59.98997116088867,100.76020050048828,76.00411224365234,3.8786895275115967,91.96923828125,82.57441711425781,13.773238182067871,20.375999450683594,137.2333526611328,36.335567474365234,30.563404083251953,56.36975860595703
2019-02-20,40.992103576660156,58.37716293334961,258.1000061035156,81.1050033569336,24.55171775817871,196.22906494140625,155.84384155273438,39.992454528808594,87.66517639160156,108.88919067382812,55.53704071044922,159.26876831054688,44.50766372680664,86.33940124511719,35.8854866027832,211.929443359375,151.51422119140625,161.14488220214844,60.13383102416992,100.23634338378906,76.2467269897461,3.925982713699341,91.88990783691406,81.98807525634766,13.872166633605957,20.17066764831543,137.50888061523438,36.54530334472656,29.869596481323242,56.585906982421875
2019-02-21,40.76095962524414,57.472206115722656,257.760009765625,80.97200012207031,24.451541900634766,194.5299072265625,156.915283203125,39.815189361572266,86.83431243896484,109.4734878540039,54.72523880004883,159.243896484375,44.524986267089844,86.15970611572266,36.49021911621094,210.20419311523438,153.4617462158203,158.64683532714844,60.4366569519043,102.35052490234375,75.44684600830078,3.8571457862854004,92.10409545898438,82.4010009765625,13.863174438476562,19.415332794189453,136.81529235839844,36.80091857910156,29.72305679321289,56.074302673339844
2019-02-22,41.21608352661133,58.39905548095703,258.8999938964844,81.5780029296875,24.276229858398438,195.4879608154297,158.56668090820312,40.37924575805664,87.01651763916016,110.39302062988281,55.33731460571289,159.717041015625,45.46036148071289,85.77574157714844,36.028717041015625,214.04769897460938,153.76393127441406,160.48072814941406,61.14829635620117,103.80986785888672,76.1748275756836,3.9418301582336426,92.62769317626953,82.7891616821289,14.00706672668457,19.6473331451416,138.59201049804688,37.30555725097656,29.770904541015625,56.50665283203125
2019-02-25,41.516319274902344,58.59608459472656,258.6199951171875,81.6500015258789,24.43484115600586,196.17483520507812,158.61585998535156,40.92719268798828,87.18415069580078,108.80297088623047,55.3754768371582,157.71633911132812,45.988651275634766,86.6743392944336,35.75818634033203,214.04769897460938,153.2938690185547,163.18695068359375,60.85304260253906,104.38986206054688,76.54329681396484,3.9294493198394775,92.07237243652344,82.22758483886719,13.998074531555176,19.917999267578125,138.77252197265625,37.21381378173828,29.642316818237305,56.56429672241211
2019-02-26,41.540157318115234,58.756649017333984,261.2200012207031,81.81999969482422,24.451541900634766,196.68101501464844,160.2279815673828,41.241455078125,87.41737365722656,108.71675872802734,55.60741424560547,156.32167053222656,46.10124588012695,86.01264190673828,35.55926513671875,214.6994171142578,153.79751586914062,162.7012481689453,61.1256103515625,105.11016082763672,77.1094970703125,3.89007830619812,92.00096893310547,82.44230651855469,14.038543701171875,19.857332229614258,139.70359802246094,37.1220588684082,29.513723373413086,56.67959976196289
2019-02-27,41.66883087158203,57.95387268066406,262.8999938964844,82.05449676513672,24.65188980102539,197.0786895751953,160.34591674804688,41.57184982299805,87.51942443847656,108.02711486816406,55.65102767944336,152.4779510498047,46.10990524291992,85.90644073486328,35.75818634033203,215.24578857421875,153.9234161376953,161.39271545410156,61.03474426269531,104.93242645263672,77.4419937133789,3.848231315612793,91.52495574951172,81.68255615234375,13.966597557067871,20.982667922973633,139.87466430664062,37.17449188232422,29.340269088745117,57.263248443603516
2019-02-28,41.25897979736328,57.82979965209961,262.5,81.99150085449219,24.400171279907227,197.70230102539062,160.86691284179688,41.716896057128906,87.15499114990234,108.08458709716797,55.83241653442383,153.6983184814453,45.86740493774414,85.25292205810547,36.07645034790039,215.43751525878906,155.30892944335938,160.04457092285156,61.541969299316406,104.80148315429688,77.04658508300781,3.8236920833587646,92.48309326171875,81.38524627685547,13.99358081817627,21.325332641601562,140.72976684570312,37.30555725097656,29.60343360900879,56.946205139160156
2019-03-01,41.69265365600586,58.457427978515625,264.010009765625,83.58650207519531,24.593158721923828,198.33502197265625,161.73194885253906,41.42679977416992,88.94063568115234,109.20528411865234,56.92127227783203,153.72323608398438,46.1618766784668,85.31009674072266,36.1082878112793,217.8144989013672,156.33116149902344,160.86732482910156,61.81450653076172,105.26921844482422,78.53327178955078,3.8779757022857666,92.91495513916016,81.29438781738281,13.85867977142334,19.652666091918945,142.01235961914062,37.331783294677734,29.28643798828125,57.64514923095703
2019-03-04,41.90233612060547,57.9903564453125,258.1600036621094,84.80850219726562,24.358217239379883,197.404052734375,155.8044891357422,41.2253532409668,89.00625610351562,109.51179504394531,57.16411590576172,152.59414672851562,46.71615982055664,85.1140365600586,36.3231201171875,216.89442443847656,152.5633087158203,165.9130096435547,61.602516174316406,105.01663208007812,77.16372680664062,3.8861560821533203,92.90693664550781,81.64949035644531,13.480958938598633,19.02400016784668,140.57772827148438,36.85989761352539,29.26251792907715,57.86851119995117
2019-03-05,41.82609558105469,57.588958740234375,257.3800048828125,84.62149810791016,24.400171279907227,198.678466796875,154.30052185058594,41.33816146850586,89.85901641845703,109.1957015991211,57.9456787109375,152.7519073486328,46.49097442626953,85.04869079589844,36.28334045410156,216.82728576660156,153.20538330078125,169.76913452148438,61.85237121582031,104.49273681640625,76.9835205078125,3.8797109127044678,92.79499053955078,81.8311767578125,13.467469215393066,18.43600082397461,140.56820678710938,36.755035400390625,29.4090518951416,57.78205490112305
2019-03-06,41.58543014526367,56.99053192138672,256.3999938964844,83.44750213623047,24.198793411254883,198.14520263671875,154.1235809326172,41.63631057739258,90.03392028808594,110.00988006591797,57.73504638671875,153.12548828125,45.8587532043457,84.7301025390625,36.163978576660156,215.14993286132812,153.77984619140625,171.00828552246094,61.14071273803711,104.53951263427734,76.70421600341797,3.7689120769500732,93.29881286621094,81.69905090332031,13.40451431274414,18.416000366210938,140.43524169921875,36.49286651611328,29.385128021240234,57.1263427734375
2019-03-07,41.104095458984375,57.09998321533203,255.4600067138672,81.29750061035156,23.955453872680664,195.9398651123047,152.95384216308594,41.33009719848633,88.87506103515625,109.20528411865234,57.0367431640625,151.5149383544922,45.55561447143555,84.11741638183594,36.028717041015625,213.17550659179688,152.5041961669922,167.65769958496094,60.90605545043945,103.26729583740234,76.82130432128906,3.6997551918029785,92.8509521484375,81.38524627685547,13.453974723815918,18.439332962036133,139.5041046142578,36.89923095703125,29.14289093017578,57.760433197021484
2019-03-08,41.2017822265625,56.61832809448242,254.74000549316406,81.04000091552734,24.039369583129883,205.90902709960938,152.42303466796875,41.1528205871582,88.64183807373047,109.01370239257812,56.993125915527344,150.4523162841797,45.45169448852539,84.15007781982422,35.67860794067383,212.6578826904297,151.6425018310547,168.1236114501953,60.413936614990234,103.37953186035156,76.40686798095703,3.733961582183838,92.15516662597656,81.26963806152344,13.471964836120605,18.94266700744629,139.9981689453125,37.049957275390625,29.184757232666016,56.93177795410156
2019-03-11,42.62910461425781,56.98319625854492,260.9599914550781,83.53099822998047,24.28270149230957,207.59912109375,154.96896362304688,41.83776092529297,90.0995101928711,109.91409301757812,58.444759368896484,151.4568328857422,46.205177307128906,85.24474334716797,36.744842529296875,216.27137756347656,152.97723388671875,170.57208251953125,61.2239990234375,105.54983520507812,77.32589721679688,3.9942286014556885,93.24282836914062,82.23585510253906,13.588879585266113,19.39466667175293,143.1525115966797,37.738136291503906,29.4509220123291,57.48662567138672
2019-03-12,43.10806655883789,57.464908599853516,263.510009765625,83.65499877929688,24.28270149230957,210.55470275878906,155.58824157714844,42.023101806640625,90.30360412597656,109.89494323730469,59.33634567260742,152.7519073486328,46.39570999145508,84.99150085449219,36.64139175415039,217.5174102783203,153.61083984375,170.42343139648438,61.49654769897461,106.28886413574219,76.97449493408203,4.028434753417969,93.22685241699219,82.6240005493164,13.773238182067871,18.890666961669922,144.15965270996094,37.63982391357422,29.41802406311035,57.64514923095703
2019-03-13,43.2986946105957,57.603546142578125,264.3800048828125,84.54049682617188,24.576379776000977,213.64578247070312,157.09219360351562,42.37765121459961,90.86479187011719,109.28189086914062,59.426055908203125,151.49737548828125,47.08857727050781,85.2774429321289,36.77666091918945,219.01263427734375,153.80519104003906,171.8607635498047,61.77666091918945,107.11207580566406,77.42501831054688,4.179637432098389,93.23483276367188,83.55716705322266,13.615857124328613,19.263999938964844,144.86270141601562,37.790565490722656,29.61540412902832,58.1567497253418
2019-03-14,43.78002166748047,58.34796905517578,267.69000244140625,84.31099700927734,24.719018936157227,211.35003662109375,157.93759155273438,42.49852752685547,90.81378936767578,109.65547180175781,59.1024284362793,151.89048767089844,46.28313064575195,86.05348205566406,36.68034362792969,219.98069763183594,154.37965393066406,168.6886444091797,62.11201858520508,107.19628143310547,78.27197265625,4.103787422180176,92.37110137939453,83.67279052734375,13.615857124328613,19.33066749572754,146.50640869140625,37.98064041137695,29.531221389770508,57.962181091308594
2019-03-15,44.34953308105469,59.362396240234375,257.0899963378906,85.61799621582031,24.584760665893555,211.13311767578125,158.7633056640625,42.869205474853516,91.33126068115234,110.11522674560547,58.99190902709961,152.40902709960938,47.05392837524414,87.04193878173828,36.35928726196289,221.57177734375,156.5677032470703,164.53514099121094,62.17302322387695,108.43111419677734,78.20889282226562,4.209134101867676,92.49908447265625,84.59769439697266,13.79122543334961,18.36199951171875,147.7035369873047,38.269012451171875,29.59134292602539,57.753231048583984
2019-03-18,44.80226135253906,58.85884094238281,257.760009765625,87.10749816894531,25.02107810974121,213.8355712890625,159.19583129882812,43.11899948120117,91.7467041015625,108.35279083251953,58.905174255371094,153.4042510986328,46.854736328125,87.56478881835938,36.44757843017578,220.82415771484375,155.40187072753906,159.07308959960938,62.00531005859375,109.9840087890625,79.12794494628906,4.187817573547363,93.78666687011719,83.82969665527344,13.849682807922363,17.965999603271484,147.2284698486328,38.05928039550781,29.964170455932617,58.423343658447266
2019-03-19,44.44721984863281,58.98289108276367,260.4200134277344,88.09249877929688,24.878442764282227,214.25131225585938,161.14215087890625,42.95784378051758,91.30939483642578,105.36426544189453,59.59455871582031,153.99806213378906,46.91535568237305,87.24618530273438,36.56798553466797,221.41844177246094,154.69224548339844,160.16354370117188,62.43214797973633,110.05882263183594,79.01081085205078,4.355381011962891,94.44245147705078,84.15177917480469,13.795722961425781,17.83133316040039,146.876953125,37.685707092285156,30.021291732788086,58.272037506103516
2019-03-20,44.83562088012695,58.698272705078125,259.739990234375,89.8635025024414,24.03097915649414,214.18804931640625,160.7292938232422,42.91754913330078,90.87938690185547,105.35469055175781,60.782527923583984,155.6457061767578,46.61223220825195,85.38362121582031,36.54389953613281,220.34487915039062,156.26356506347656,163.9998321533203,62.561737060546875,109.937255859375,78.10978698730469,4.322908878326416,94.62639617919922,84.00312805175781,13.719282150268555,18.239999771118164,146.07884216308594,37.79712677001953,29.65749740600586,58.59629440307617
2019-03-21,46.48694610595703,59.28941345214844,264.17999267578125,90.96299743652344,23.645002365112305,216.5017852783203,164.11080932617188,43.46550369262695,91.73212432861328,104.08074951171875,61.26326370239258,158.88238525390625,47.322410583496094,84.03569793701172,36.5278434753418,226.07667541503906,157.4462890625,164.63424682617188,63.22486114501953,112.46302795410156,79.29914093017578,4.559379577636719,95.52213287353516,84.6390151977539,13.966597557067871,18.26799964904785,148.02658081054688,38.20347595214844,29.78377342224121,58.934967041015625
2019-03-22,45.524269104003906,58.20930862426758,259.69000244140625,88.2385025024414,22.663299560546875,214.71229553222656,158.75347900390625,42.49852752685547,89.71324920654297,103.66888427734375,59.851783752441406,157.86204528808594,46.12723159790039,81.49510955810547,36.86494445800781,221.1787872314453,157.81796264648438,162.909423828125,62.72180938720703,109.49752044677734,74.05518341064453,4.399750709533691,96.5457992553711,83.95355987548828,13.971091270446777,17.635332107543945,145.43275451660156,39.16691970825195,29.549253463745117,57.99101638793945
2019-03-25,44.97383499145508,58.02683639526367,262.2699890136719,88.71299743652344,22.520648956298828,214.1790008544922,158.14404296875,42.490478515625,89.56745147705078,103.24740600585938,59.34279251098633,158.6398162841797,45.71151351928711,80.81707763671875,36.94520950317383,220.85289001464844,156.8971710205078,164.84239196777344,62.76752853393555,110.06820678710938,74.18132781982422,4.307541370391846,96.6497802734375,84.20130920410156,13.836195945739746,17.3613338470459,145.3947296142578,39.376651763916016,29.516183853149414,57.587501525878906
2019-03-26,44.509178161621094,58.93911361694336,265.5899963378906,89.18800354003906,22.83111000061035,216.07705688476562,156.689208984375,42.89337921142578,90.47122192382812,105.49836730957031,58.969112396240234,158.35549926757812,46.28313064575195,81.62581634521484,37.43482208251953,223.6037139892578,158.384033203125,166.22030639648438,63.20199966430664,110.30204772949219,75.12739562988281,4.384133338928223,97.5854721069336,85.07669067382812,14.114988327026367,17.851333618164062,147.551513671875,39.73711395263672,29.561281204223633,58.336883544921875
2019-03-27,44.909488677978516,58.3041877746582,262.3399963378906,88.28500366210938,22.680076599121094,216.3843536376953,152.4820098876953,42.820838928222656,89.49459075927734,105.6324691772461,58.38280487060547,158.2802276611328,46.04062271118164,81.34807586669922,37.41074752807617,222.86570739746094,158.40933227539062,164.4260711669922,62.72180938720703,109.23562622070312,74.86609649658203,4.374961853027344,97.48149871826172,84.97759246826172,14.119483947753906,18.32200050354004,146.5254364013672,39.900970458984375,29.2275390625,57.890132904052734
2019-03-28,44.96907043457031,58.35526657104492,263.5299987792969,88.6709976196289,22.931798934936523,218.0203094482422,152.54095458984375,42.99812316894531,89.66220092773438,106.04434204101562,58.09832763671875,158.9576416015625,45.997314453125,82.27120208740234,37.38666915893555,225.10853576660156,159.99758911132812,164.10887145996094,62.98094940185547,109.38528442382812,75.7220687866211,4.393552303314209,97.4415054321289,85.51438903808594,13.944113731384277,18.57466697692871,146.9529266357422,38.72124481201172,29.20348358154297,58.17835998535156
2019-03-29,45.26215744018555,58.81502914428711,266.489990234375,89.0374984741211,23.14995765686035,218.85179138183594,155.6767120361328,43.505794525146484,89.77882385253906,106.35087585449219,58.32730484008789,160.48818969726562,46.50830841064453,82.69596862792969,37.61140441894531,225.67404174804688,160.428466796875,165.2389373779297,63.392520904541016,110.33013916015625,75.87525177001953,4.450811386108398,98.00934600830078,85.92729949951172,14.1014986038208,18.657333374023438,148.3970947265625,38.75400924682617,29.323755264282227,58.221595764160156
2019-04-01,45.56954574584961,58.95369338989258,272.1700134277344,90.70950317382812,23.947072982788086,220.7046356201172,158.4389190673828,44.30354309082031,91.06159210205078,107.76850128173828,59.42208480834961,163.62452697753906,47.2098274230957,85.48164367675781,37.499027252197266,229.12457275390625,159.15280151367188,167.23141479492188,63.49161911010742,111.3404541015625,76.79429626464844,4.518232822418213,97.56946563720703,85.58871459960938,14.366798400878906,19.278667449951172,149.41371154785156,38.7277946472168,29.41094207763672,58.89171600341797
2019-04-02,46.23197555541992,60.62495422363281,271.3500061035156,90.6989974975586,24.223968505859375,217.36953735351562,157.78028869628906,44.5533561706543,91.05431365966797,107.24166870117188,59.74720764160156,162.51217651367188,47.079917907714844,85.89012145996094,37.378639221191406,229.3258819580078,159.11900329589844,172.6835479736328,63.423030853271484,111.49947357177734,76.01940155029297,4.536077976226807,97.31354522705078,85.6795425415039,14.222907066345215,19.058666229248047,149.90780639648438,38.36076736450195,29.146360397338867,58.63951873779297
2019-04-03,46.548892974853516,60.63225173950195,271.5,91.03500366210938,24.198793411254883,219.15908813476562,159.85443115234375,44.827327728271484,90.29631042480469,107.77808380126953,60.008392333984375,166.1085205078125,48.049922943115234,86.06165313720703,37.06561279296875,229.00958251953125,159.11900329589844,172.02928161621094,63.400184631347656,112.22914123535156,76.10950469970703,4.6753830909729,97.21758270263672,85.62999725341797,14.330824851989746,19.45400047302246,150.5538330078125,38.58360290527344,29.221529006958008,58.29365921020508
2019-04-04,46.629905700683594,60.43520736694336,267.8900146484375,90.94300079345703,24.458908081054688,220.89447021484375,155.8241729736328,44.713802337646484,90.95954132080078,109.91409301757812,60.43659210205078,167.6474151611328,48.430992126464844,86.89303588867188,37.306392669677734,226.25877380371094,160.40313720703125,174.4877471923828,62.386409759521484,111.65850067138672,76.8393325805664,4.666460037231445,97.1456298828125,85.415283203125,14.380288124084473,17.851999282836914,149.7747802734375,38.66225051879883,29.49814224243164,59.122291564941406
2019-04-05,46.94206237792969,60.90229415893555,267.45001220703125,91.86399841308594,24.400171279907227,222.2230224609375,155.86349487304688,44.77055740356445,92.14026641845703,110.15354919433594,60.04010772705078,168.9939422607422,48.15383529663086,86.68724822998047,37.29837417602539,226.8050994873047,161.11273193359375,174.19036865234375,61.85287857055664,112.154296875,76.94747161865234,4.733138084411621,97.26555633544922,85.5969467163086,14.546663284301758,18.33066749572754,149.7842559814453,38.7277946472168,29.714622497558594,59.439334869384766
2019-04-08,47.680747985839844,61.28908157348633,268.80999755859375,92.49299621582031,24.475690841674805,222.810546875,155.77500915527344,44.997623443603516,92.32978820800781,110.11522674560547,59.88300704956055,170.24012756347656,48.223140716552734,86.96713256835938,37.362579345703125,226.77626037597656,160.38619995117188,173.40719604492188,61.700443267822266,112.19172668457031,76.34375762939453,4.753958702087402,97.56946563720703,86.68704986572266,14.56464958190918,18.213333129882812,149.8792266845703,38.75400924682617,29.834884643554688,59.80685043334961
2019-04-09,47.537776947021484,60.347633361816406,268.989990234375,91.79199981689453,24.240747451782227,221.35537719726562,154.30052185058594,44.74623489379883,91.49890899658203,111.93517303466797,59.60595703125,168.02374267578125,47.91135025024414,86.32505798339844,37.458892822265625,226.4307403564453,160.58053588867188,176.03416442871094,61.58612823486328,111.58367156982422,75.93830871582031,4.691247463226318,97.7054443359375,86.4310302734375,14.580836296081543,18.15399932861328,149.63223266601562,38.6699104309082,29.67252540588379,59.03584289550781
2019-04-10,47.80466079711914,60.53738021850586,271.5799865722656,92.36650085449219,24.39177703857422,221.988037109375,157.51492309570312,45.26521682739258,91.46244812011719,112.22252655029297,59.79231262207031,166.79432678222656,48.28376007080078,86.71195983886719,37.43482208251953,227.53451538085938,159.8539581298828,176.27206420898438,61.601375579833984,112.43492126464844,76.47895050048828,4.761643409729004,97.60147094726562,86.42276763916016,14.640532493591309,18.40399932861328,150.64883422851562,38.8089714050293,29.94611930847168,58.76921463012695
2019-04-11,47.406715393066406,59.67621994018555,271.8999938964844,92.20349884033203,24.39177703857422,218.038330078125,157.99658203125,45.08681106567383,91.8268814086914,111.6861343383789,59.94792938232422,168.5088653564453,48.327056884765625,87.44457244873047,37.49100112915039,226.5555419921875,159.56671142578125,175.96475219726562,60.85440444946289,112.56591796875,76.58704376220703,4.747762203216553,97.30557250976562,86.50537109375,14.787490844726562,17.89466667175293,149.98379516601562,38.77585983276367,30.306922912597656,59.05022430419922
2019-04-12,47.38766098022461,59.73535919189453,271.8599853515625,92.15299987792969,25.314762115478516,218.68002319335938,157.9769287109375,45.6463623046875,87.28619384765625,124.57887268066406,60.599159240722656,170.4910125732422,48.86403274536133,91.5439224243164,37.51508331298828,229.23342895507812,161.86460876464844,177.54090881347656,60.54188919067383,113.1458969116211,77.70433044433594,4.7098388671875,97.75341796875,86.76136016845703,14.787490844726562,17.84666633605957,151.67494201660156,38.895057678222656,30.535423278808594,58.30806350708008
2019-04-15,47.47343444824219,59.92024612426758,272.2200012207031,92.24349975585938,25.03786849975586,222.6388397216797,157.36746215820312,45.86529541015625,87.5631332397461,126.47543334960938,60.7874870300293,171.3357391357422,48.74277114868164,90.49850463867188,37.72377395629883,229.5405731201172,162.0758056640625,178.0861358642578,59.85590362548828,113.23944854736328,78.23593139648438,4.578217506408691,98.89707946777344,87.3146743774414,14.704832077026367,17.7586669921875,152.43502807617188,38.875186920166016,30.79700469970703,58.11351013183594
2019-04-16,47.47819519042969,59.31385040283203,271.42999267578125,93.1520004272461,25.071430206298828,221.74400329589844,155.99127197265625,46.181549072265625,88.3138656616211,124.42562103271484,61.054115295410156,171.009521484375,49.11519241333008,91.45337677001953,37.683631896972656,230.44276428222656,161.9490966796875,177.31289672851562,59.116573333740234,112.97752380371094,79.10993957519531,4.665221214294434,97.89738464355469,87.8844985961914,14.810454368591309,18.224000930786133,152.2355194091797,38.92815017700195,30.947341918945312,58.50981903076172
2019-04-17,48.40275573730469,57.66481399536133,269.45001220703125,93.24099731445312,25.19728660583496,221.94284057617188,152.6982421875,45.662574768066406,87.65789794921875,126.19764709472656,61.46200942993164,172.74916076660156,50.71743392944336,94.08747863769531,37.94850540161133,231.31619262695312,161.87303161621094,177.2236785888672,56.34215545654297,113.91300964355469,79.9478759765625,4.642416954040527,101.57622528076172,88.03086853027344,14.672680854797363,18.082000732421875,152.43502807617188,38.25938034057617,31.016494750976562,58.675559997558594
2019-04-18,48.576698303222656,57.36164855957031,270.57000732421875,93.08450317382812,25.19728660583496,222.1687774658203,153.3372039794922,45.73556137084961,87.35906982421875,126.8681411743164,61.52791976928711,172.0048065185547,50.65680694580078,93.39604949951172,38.109031677246094,231.2106170654297,164.66091918945312,176.72805786132812,55.785736083984375,115.40975189208984,80.3713607788086,4.617878437042236,101.64021301269531,88.19721984863281,14.709426879882812,18.21733283996582,152.16905212402344,38.43154525756836,31.02251434326172,58.45937728881836
2019-04-22,48.736351013183594,57.7905387878418,272.2099914550781,94.3655014038086,25.214067459106445,220.0086669921875,156.06007385253906,45.686893463134766,88.84589385986328,126.13060760498047,62.13701248168945,171.26885986328125,50.94261169433594,93.51127624511719,38.04481887817383,233.28387451171875,163.82456970214844,179.86053466796875,55.99154281616211,115.77461242675781,78.71346282958984,4.671665668487549,101.120361328125,88.16394805908203,14.732382774353027,17.516666412353516,152.3970489501953,38.650062561035156,30.778968811035156,59.734779357910156
2019-04-23,49.43930435180664,58.167659759521484,278.489990234375,96.1884994506836,25.230846405029297,221.9609375,158.48806762695312,45.97071838378906,88.9333724975586,127.73980712890625,62.971126556396484,172.33099365234375,50.9079704284668,93.62653350830078,38.694950103759766,233.70619201660156,164.9565887451172,182.18017578125,56.86044692993164,117.34619903564453,78.77655029296875,4.726196765899658,101.64021301269531,85.7937240600586,14.741570472717285,17.593332290649414,153.5941619873047,37.842227935791016,30.989439010620117,60.080665588378906
2019-04-24,49.363040924072266,58.175045013427734,275.45001220703125,95.0875015258789,25.18889617919922,224.11204528808594,156.84645080566406,46.12478256225586,86.20750427246094,129.406494140625,62.44874954223633,172.89134216308594,50.85600662231445,93.47010803222656,38.51034927368164,235.43382263183594,166.95883178710938,180.9906005859375,56.95952606201172,116.94393920898438,79.64152526855469,4.738592624664307,101.50424194335938,86.2344970703125,14.139968872070312,17.243999481201172,153.43272399902344,37.795875549316406,31.127737045288086,58.91335678100586
2019-04-25,48.915061950683594,58.67050552368164,277.6600036621094,95.11250305175781,25.239240646362305,221.9790496826172,160.31643676757812,45.67878723144531,85.9305419921875,131.45628356933594,62.810054779052734,172.7073211669922,49.89466094970703,93.51949310302734,38.397979736328125,235.740966796875,167.21218872070312,191.57766723632812,58.18668746948242,120.81680297851562,78.89366912841797,4.632997989654541,100.87247467041016,85.8935317993164,13.933305740356445,16.5086669921875,152.98609924316406,36.981422424316406,31.12473487854004,59.24480056762695
2019-04-26,48.68153762817383,58.93672180175781,281.9599914550781,97.53150177001953,25.465791702270508,220.37020874023438,163.13766479492188,45.31387710571289,85.34745025634766,134.0233612060547,63.30961227416992,170.29026794433594,45.408382415771484,94.22744750976562,38.73508834838867,236.7679443359375,166.78134155273438,189.8230743408203,58.407718658447266,121.50907897949219,79.56945037841797,4.414373874664307,101.08837890625,88.03919219970703,14.089447975158691,15.675999641418457,154.80081176757812,37.46479797363281,30.526418685913086,57.99821472167969
2019-04-29,48.75541305541992,59.380409240722656,286.1400146484375,96.92150115966797,25.81820297241211,220.78594970703125,162.54783630371094,45.51660919189453,85.79933166503906,133.4294891357422,64.24034881591797,169.0775604248047,44.265167236328125,95.5856704711914,38.86350631713867,237.19984436035156,166.52792358398438,193.08441162109375,58.52204513549805,121.39681243896484,79.52437591552734,4.445108890533447,101.3203125,87.1409683227539,14.181302070617676,16.097999572753906,155.9599609375,37.6369514465332,30.535423278808594,57.62353515625
2019-04-30,47.816558837890625,58.707481384277344,289.25,96.32599639892578,25.658775329589844,221.915771484375,162.53802490234375,45.370628356933594,87.50484466552734,131.19764709472656,59.42110061645508,170.36553955078125,44.20454025268555,95.52804565429688,39.37718963623047,244.02418518066406,166.9081268310547,191.7164306640625,59.993099212646484,122.17326354980469,79.13694763183594,4.486504554748535,102.407958984375,88.5548324584961,14.218033790588379,15.912667274475098,156.22592163085938,37.86870193481445,30.920278549194336,57.846900939941406
2019-05-01,50.16366958618164,58.33774948120117,283.3500061035156,95.57599639892578,25.390270233154297,218.3546905517578,159.39242553710938,45.07061004638672,85.86494445800781,130.63253784179688,58.150367736816406,166.26742553710938,43.9620361328125,94.79541015625,38.99995422363281,238.75477600097656,164.0357666015625,191.34962463378906,60.000736236572266,119.62875366210938,77.39794921875,4.473367691040039,101.76016998291016,87.26573181152344,14.139968872070312,15.600666999816895,154.66778564453125,37.4250602722168,30.475309371948242,56.686798095703125
2019-05-02,49.83721923828125,58.027164459228516,279.6400146484375,95.04100036621094,25.591650009155273,219.34890747070312,159.077880859375,44.55161666870117,84.82269287109375,128.48695373535156,57.8128662109375,168.11575317382812,43.78016662597656,95.0011978149414,38.83943176269531,237.25747680664062,164.40745544433594,190.85400390625,60.61050033569336,118.06651306152344,76.83030700683594,4.540789604187012,101.43228912353516,87.78970336914062,14.061894416809082,16.273332595825195,153.0811309814453,37.73628234863281,30.412168502807617,55.69240188598633
2019-05-03,50.45676803588867,58.204647064208984,285.5799865722656,98.12300109863281,25.767854690551758,221.09329223632812,160.5622100830078,44.55161666870117,85.47135925292969,128.6689453125,58.954734802246094,167.73941040039062,44.819454193115234,95.5856704711914,39.10430145263672,237.98692321777344,166.86585998535156,193.76841735839844,60.97636413574219,120.58294677734375,77.2177734375,4.536327362060547,102.10405731201172,88.22216033935547,14.098637580871582,17.00200080871582,153.9551544189453,37.901817321777344,30.69178009033203,55.82211685180664
2019-05-06,49.677574157714844,58.611358642578125,283.6600036621094,97.52749633789062,25.566478729248047,220.7407684326172,159.73648071289062,44.26779556274414,86.29496002197266,129.31069946289062,59.148521423339844,166.96157836914062,44.632110595703125,94.73780822753906,38.90363693237305,238.64923095703125,168.0316925048828,192.19224548339844,60.579986572265625,119.88135528564453,75.29859924316406,4.458000659942627,101.78416442871094,87.88948059082031,14.048123359680176,17.022666931152344,154.18321228027344,37.68329620361328,30.80601692199707,55.57712936401367
2019-05-07,48.33841323852539,57.64262008666992,277.07000732421875,96.05000305175781,25.104991912841797,217.08029174804688,154.23170471191406,43.34334945678711,86.2002182006836,127.81645202636719,58.42493438720703,162.89691162109375,43.98728942871094,93.19024658203125,38.526397705078125,235.21307373046875,167.30514526367188,188.11802673339844,59.37572479248047,117.4210433959961,74.37054443359375,4.290933609008789,100.75249481201172,87.07447052001953,14.020561218261719,16.470666885375977,152.216552734375,37.497901916503906,30.45726776123047,55.28169631958008
2019-05-08,48.347938537597656,57.67220687866211,276.7699890136719,95.88849639892578,25.00429916381836,218.1287384033203,154.19239807128906,43.35957336425781,85.63900756835938,129.30111694335938,58.02449035644531,163.23141479492188,42.90677261352539,92.69635009765625,38.40601348876953,235.4722137451172,167.29673767089844,187.89002990722656,59.589134216308594,117.41168212890625,74.5777587890625,4.311009407043457,100.78447723388672,87.38218688964844,13.914938926696777,16.32266616821289,152.73904418945312,37.33236312866211,30.15660285949707,55.3681640625
2019-05-09,47.828487396240234,57.613059997558594,275.7900085449219,94.99349975585938,24.928783416748047,220.64810180664062,153.6517333984375,42.9135627746582,88.32844543457031,127.9601058959961,57.88521957397461,162.7379913330078,40.62375259399414,92.62226867675781,38.04481887817383,235.4530029296875,167.0432586669922,187.00778198242188,59.70347213745117,117.40234375,74.76699829101562,4.2185540199279785,100.8084716796875,86.6919174194336,13.951678276062012,16.131999969482422,151.83645629882812,37.39857482910156,30.087074279785156,55.31770706176758
2019-05-10,47.165889739990234,57.27288818359375,278.4800109863281,94.4990005493164,24.819704055786133,223.86538696289062,157.2200164794922,43.270362854003906,88.91150665283203,128.39114379882812,57.86886215209961,162.7379913330078,40.257774353027344,92.6140365600586,38.67890930175781,237.48785400390625,168.95248413085938,186.70046997070312,59.59675979614258,118.92716217041016,75.64097595214844,4.184593200683594,102.37596893310547,88.16394805908203,14.061894416809082,15.968000411987305,152.6915740966797,37.68329620361328,30.803434371948242,55.798736572265625
2019-05-13,44.42464065551758,56.843997955322266,267.70001220703125,91.13400268554688,23.7037410736084,219.2434539794922,150.5454864501953,41.59988784790039,87.78179931640625,125.80494689941406,56.33000946044922,159.1918487548828,39.00298309326172,90.09515380859375,38.56653594970703,231.6809844970703,168.14151000976562,179.95965576171875,58.81931686401367,115.39104461669922,74.36154174804688,3.927550792694092,101.69618225097656,88.24711608886719,13.993010520935059,15.133999824523926,149.48020935058594,37.57735824584961,30.192859649658203,55.179256439208984
2019-05-14,45.12790298461914,58.004981994628906,271.8599853515625,92.00599670410156,24.014204025268555,219.9774932861328,155.3818359375,42.18375015258789,88.65638732910156,127.58655548095703,55.74866485595703,160.2624053955078,39.36024856567383,90.81130981445312,39.08022689819336,236.05764770507812,167.27980041503906,179.15670776367188,59.00986862182617,116.68202209472656,75.38868713378906,4.016537666320801,101.89611053466797,87.82295989990234,14.277738571166992,15.487333297729492,152.216552734375,37.44493103027344,30.313772201538086,55.25213623046875
2019-05-15,45.668479919433594,58.25639724731445,276.82000732421875,93.55750274658203,23.737308502197266,221.7356414794922,152.42303466796875,42.52432632446289,89.02083587646484,129.0041961669922,58.025474548339844,160.3794403076172,39.75236892700195,90.465576171875,39.4735107421875,239.1387176513672,168.17527770996094,184.64849853515625,59.10894775390625,118.32516479492188,75.6950454711914,3.9555602073669434,103.4476547241211,88.73779296875,14.351217269897461,15.463333129882812,154.66778564453125,37.61708450317383,30.18984031677246,55.66026306152344
2019-05-16,45.467559814453125,58.78884506225586,283.54998779296875,95.37850189208984,23.98902130126953,224.2460174560547,155.7848358154297,45.35442352294922,88.91043090820312,129.78964233398438,58.70445251464844,160.8979949951172,39.673954010009766,91.62625122070312,39.794559478759766,243.23715209960938,168.95248413085938,185.36221313476562,60.313232421875,121.05748748779297,75.93830871582031,3.9706807136535645,104.18341064453125,89.91040802001953,14.521132469177246,15.222000122070312,156.8849639892578,37.99452209472656,30.622074127197266,55.652984619140625
2019-05-17,45.209228515625,58.759246826171875,279.8500061035156,93.44999694824219,23.829607009887695,225.07070922851562,151.94134521484375,45.69499206542969,88.704345703125,129.34898376464844,57.92536544799805,161.06532287597656,39.11626434326172,91.18172454833984,39.489559173583984,242.40213012695312,168.30197143554688,183.6869354248047,60.000736236572266,120.24999237060547,76.19960021972656,3.8799593448638916,104.3753433227539,89.36152648925781,14.603799819946289,14.0686674118042,156.1427459716797,38.464656829833984,30.486059188842773,55.325016021728516
2019-05-20,43.7955436706543,59.02545166015625,275.45001220703125,92.94850158691406,23.829607009887695,225.5691375732422,153.3273468017578,45.419288635253906,88.93988037109375,128.2666473388672,56.72997283935547,159.70201110839844,37.95734405517578,91.6591796875,39.20863723754883,243.30435180664062,168.10772705078125,181.12937927246094,60.12266540527344,118.51295471191406,74.64984893798828,3.7614762783050537,103.95948028564453,89.26172637939453,14.782898902893066,13.690667152404785,155.55276489257812,39.07382583618164,30.68556022644043,55.31770706176758
2019-05-21,44.635135650634766,59.8093147277832,278.07000732421875,92.8759994506836,24.072933197021484,226.50259399414062,153.13076782226562,45.83285903930664,89.30786895751953,128.43905639648438,57.21466064453125,160.1201629638672,38.7415771484375,91.97196960449219,39.00796890258789,245.0991973876953,168.82582092285156,183.21112060546875,60.59524917602539,119.15143585205078,75.36166381835938,3.8435215950012207,103.20772552490234,88.46332550048828,14.883934020996094,13.67199993133545,155.92384338378906,39.39828872680664,30.56464385986328,55.572811126708984
2019-05-22,43.72138977050781,60.33433151245117,281.82000732421875,92.98400115966797,23.905115127563477,226.1219940185547,154.95912170410156,45.15979766845703,88.74114227294922,128.20913696289062,57.2845458984375,157.99581909179688,38.340736389160156,91.22288513183594,39.850746154785156,246.5773468017578,168.9272003173828,183.70677185058594,61.723297119140625,119.8744125366211,74.9652099609375,3.772630214691162,104.0234603881836,88.75442504882812,14.824231147766113,12.84866714477539,156.28549194335938,39.232749938964844,30.900161743164062,55.069923400878906
2019-05-23,42.975059509277344,60.00897216796875,274.25,90.77400207519531,23.292591094970703,225.2338409423828,151.09597778320312,43.94343185424805,86.75392150878906,127.1363754272461,56.76365661621094,160.58018493652344,38.802574157714844,89.42841339111328,40.011268615722656,239.69541931152344,168.09080505371094,179.2954864501953,61.75377655029297,118.47537231445312,74.46066284179688,3.651668071746826,103.9434814453125,88.78768157958984,14.75993824005127,13.03266716003418,153.68768310546875,38.981143951416016,30.78831672668457,53.779911041259766
2019-05-24,42.81002426147461,59.202945709228516,274.7699890136719,91.16400146484375,23.645002365112305,224.1191864013672,151.88233947753906,44.089393615722656,87.37215423583984,127.19381713867188,56.43011474609375,161.91000366210938,38.83742904663086,90.3091812133789,39.81865310668945,241.37510681152344,167.07705688476562,179.48382568359375,61.868141174316406,118.53173828125,74.02815246582031,3.597879409790039,103.56761169433594,88.72948455810547,14.819642066955566,12.708666801452637,154.7629852294922,39.27910614013672,31.03314208984375,54.00584411621094
2019-05-28,42.63301467895508,57.70177459716797,278.25,91.82150268554688,23.410072326660156,223.22190856933594,152.5508270263672,43.732601165771484,87.07776641845703,127.031005859375,56.47720718383789,160.20384216308594,37.9660530090332,89.32959747314453,39.40928268432617,243.2467498779297,166.1478271484375,182.70553588867188,61.174537658691406,118.45661926269531,73.16315460205078,3.5527658462524414,102.07205963134766,86.87486267089844,14.663498878479004,12.579999923706055,155.7811737060547,38.8884391784668,30.957595825195312,52.919898986816406
2019-05-29,42.429691314697266,57.72397994995117,273.3800048828125,90.95950317382812,23.284204483032227,218.1287384033203,150.2899169921875,43.12440490722656,85.9443130493164,126.0252685546875,55.504825592041016,158.89913940429688,38.54114532470703,89.08268737792969,39.0160026550293,243.37152099609375,165.5986328125,180.60400390625,60.48853302001953,117.31110382080078,71.06378173828125,3.478652238845825,102.50393676757812,86.65032958984375,14.654313087463379,12.657333374023438,154.84857177734375,38.52425003051758,30.866905212402344,52.59192657470703
2019-05-30,42.6497688293457,57.39120864868164,274.510009765625,90.81600189208984,22.789154052734375,218.89907836914062,153.01280212402344,43.440673828125,84.92121887207031,126.6286849975586,55.57767105102539,159.810791015625,38.97684860229492,88.12779235839844,39.529693603515625,243.97622680664062,168.3189239501953,181.41688537597656,60.73244857788086,118.05287170410156,71.41520690917969,3.452099084854126,102.8558349609375,87.59841918945312,14.631352424621582,12.54800033569336,154.87718200683594,37.63032913208008,30.88807487487793,52.45343780517578
2019-05-31,41.877132415771484,56.725677490234375,270.8999938964844,88.75350189208984,22.319272994995117,217.12278747558594,148.83506774902344,42.19185256958008,83.79512786865234,126.47543334960938,54.83873748779297,158.78204345703125,38.37559509277344,87.22230529785156,39.43338394165039,241.38467407226562,168.48037719726562,175.9251251220703,60.37422180175781,116.12802124023438,69.69847869873047,3.361522674560547,102.36795806884766,85.5857925415039,14.043524742126465,12.343999862670898,153.5164337158203,35.98818588256836,30.661359786987305,51.5788459777832
2019-06-03,41.4537467956543,55.97880172729492,259.0299987792969,84.6344985961914,22.386404037475586,218.4730987548828,142.63238525390625,41.9891242980957,85.37018585205078,126.8873291015625,51.480506896972656,158.54786682128906,37.870201110839844,87.63390350341797,40.1156120300293,232.5255889892578,168.91378784179688,162.72105407714844,61.174537658691406,112.52251434326172,70.43934631347656,3.3198323249816895,103.15171813964844,86.32598876953125,14.277738571166992,11.9313325881958,150.91867065429688,37.33236312866211,30.81855010986328,52.38785171508789
2019-06-04,42.97028732299805,56.75526809692383,268.7099914550781,86.47799682617188,23.426851272583008,222.5875244140625,148.24530029296875,43.164955139160156,86.33438873291016,129.13829040527344,52.26109313964844,163.2982940673828,39.02912521362305,90.33386993408203,40.131675720214844,239.1675262451172,169.63604736328125,166.04188537597656,61.79953384399414,115.63980865478516,73.74629974365234,3.5486321449279785,103.22371673583984,87.05783081054688,14.456842422485352,12.90666675567627,154.4679718017578,37.226417541503906,30.999908447265625,53.6341438293457
2019-06-05,43.66398620605469,56.984500885009766,272.8599853515625,86.92500305175781,23.418460845947266,224.71726989746094,155.74551391601562,44.397544860839844,86.59200286865234,130.21107482910156,51.77291488647461,165.6565704345703,38.81999206542969,90.65491485595703,40.75772476196289,245.9630889892578,170.06092834472656,166.70603942871094,62.264469146728516,118.14677429199219,74.74016571044922,3.5059494972229004,105.07913970947266,88.76273345947266,14.548686981201172,13.105999946594238,157.3797607421875,37.76276397705078,31.562103271484375,53.18955993652344
2019-06-06,44.30503463745117,56.99190139770508,274.79998779296875,87.71800231933594,23.51969337463379,227.6626434326172,156.60072326660156,44.68136215209961,88.82212829589844,131.4275665283203,51.927547454833984,166.06082153320312,39.299251556396484,90.85247802734375,41.25535583496094,247.46994018554688,172.54217529296875,166.86468505859375,62.07392883300781,120.0152587890625,74.49622344970703,3.567988395690918,106.32376861572266,89.30329895019531,14.741570472717285,13.729999542236328,158.8356475830078,38.1004638671875,31.77066421508789,54.15888595581055
2019-06-07,45.48430252075195,57.258113861083984,278.1600036621094,90.20149993896484,23.22442626953125,232.0126953125,158.5274200439453,45.35442352294922,89.4109115600586,132.2225799560547,52.9489860534668,166.1703338623047,40.109642028808594,89.85643768310547,41.32758712768555,255.11968994140625,174.60707092285156,171.84095764160156,62.85136032104492,123.37662506103516,75.36361694335938,3.610671281814575,107.5241470336914,90.45932006835938,14.920675277709961,13.633333206176758,161.81405639648438,37.901817321777344,32.05781173706055,54.355682373046875
2019-06-10,46.06557083129883,56.90315246582031,280.3399963378906,93.03150177001953,23.67997169494629,232.77398681640625,150.19158935546875,45.751766204833984,90.00708770751953,131.29345703125,53.66215896606445,166.80197143554688,40.78059768676758,90.8277816772461,41.23930740356445,255.40760803222656,171.0550994873047,173.2981719970703,62.866634368896484,124.50337982177734,74.61368560791016,3.6833813190460205,107.62081146240234,90.4177474975586,14.663498878479004,14.192000389099121,162.54681396484375,37.18006896972656,32.499114990234375,54.596187591552734
2019-06-11,46.59898376464844,57.80532455444336,275.989990234375,93.18499755859375,23.823389053344727,233.00958251953125,147.5965118408203,46.3112907409668,89.18276977539062,129.38734436035156,53.57691955566406,166.76832580566406,40.82416915893555,91.10767364501953,41.19917297363281,253.06568908691406,172.72064208984375,176.5496063232422,63.24773025512695,124.03390502929688,75.22808074951172,3.7409534454345703,107.3066177368164,90.96662902832031,14.746158599853516,14.473333358764648,162.06150817871094,37.63032913208008,32.626075744628906,54.54518508911133
2019-06-12,46.4506721496582,58.10111999511719,276.8399963378906,92.76599884033203,23.57874298095703,233.1183319091797,148.70729064941406,45.29765319824219,88.46146392822266,130.00035095214844,53.480777740478516,167.5515899658203,40.36235046386719,89.94696807861328,41.4479866027832,253.24815368652344,174.1397247314453,173.51626586914062,63.804100036621094,123.46114349365234,74.65884399414062,3.628041982650757,107.25831604003906,91.21611022949219,14.778310775756836,13.950667381286621,163.2794647216797,37.981285095214844,32.892051696777344,53.95482635498047
2019-06-13,46.44110107421875,58.38212203979492,276.29998779296875,93.51499938964844,23.570310592651367,235.36582946777344,148.76626586914062,45.54902267456055,88.99139404296875,135.7666473388672,54.071041107177734,170.42355346679688,40.69347381591797,90.16923522949219,41.35901641845703,250.70455932617188,173.76583862304688,175.9251251220703,63.186744689941406,124.24048614501953,75.54431915283203,3.6791625022888184,107.0971908569336,92.23904418945312,14.82882308959961,14.260666847229004,161.14796447753906,38.1534423828125,32.84067916870117,54.42855453491211
2019-06-14,46.10383605957031,58.189857482910156,274.2799987792969,93.4834976196289,23.6546688079834,235.76461791992188,147.45887756347656,44.397544860839844,88.91777801513672,135.68040466308594,53.837608337402344,173.30397033691406,40.249053955078125,90.39972686767578,41.50461196899414,249.64866638183594,174.4456024169922,179.7515106201172,63.51667022705078,124.3625259399414,75.39071655273438,3.589329481124878,106.92797088623047,92.48023986816406,14.856378555297852,14.32800006866455,161.44297790527344,38.5904655456543,32.967620849609375,54.18804931640625
2019-06-17,46.37892150878906,58.160274505615234,275.6000061035156,94.30149841308594,23.56186866760254,236.9246368408203,147.73411560058594,44.92464065551758,89.34468078613281,135.0290985107422,54.213775634765625,174.32302856445312,40.19678497314453,89.90584564208984,41.148685455322266,248.78492736816406,173.18797302246094,187.36463928222656,63.91565704345703,124.73812103271484,74.18903350830078,3.599008321762085,106.7588119506836,92.30558776855469,14.833413124084473,15.001999855041504,161.34779357910156,38.16006088256836,32.99483108520508,54.72736740112305
2019-06-18,47.46968460083008,57.86445999145508,276.7799987792969,95.06849670410156,24.143964767456055,238.11180114746094,148.02902221679688,45.45172882080078,90.47813415527344,133.3720245361328,54.77628707885742,174.74415588378906,41.27729034423828,91.13233184814453,40.962650299072266,248.4105987548828,173.78282165527344,186.82936096191406,64.82876586914062,126.90702819824219,76.1677474975586,3.793811082839966,106.38825225830078,91.14958953857422,14.897709846496582,14.982666969299316,161.08135986328125,37.961421966552734,33.142940521240234,55.20110321044922
2019-06-19,47.330936431884766,57.39120864868164,291.2099914550781,95.43949890136719,23.890878677368164,238.9456329345703,151.51864624023438,45.51660919189453,90.44869995117188,134.98121643066406,54.7401123046875,175.13157653808594,41.01587677001953,90.47380828857422,41.35091781616211,249.4279327392578,173.8168182373047,185.8479461669922,65.49630737304688,127.40470886230469,75.49010467529297,3.7997665405273438,107.02468872070312,91.83153533935547,14.883934020996094,15.095333099365234,162.42311096191406,38.16006088256836,33.133853912353516,54.89501190185547
2019-06-20,47.711273193359375,57.9310302734375,302.1099853515625,95.90950012207031,23.848697662353516,242.28973388671875,154.526611328125,46.55458068847656,91.47174835205078,136.03485107421875,55.17079162597656,177.91929626464844,41.12044143676758,90.7043228149414,41.7877197265625,256.0699157714844,174.30123901367188,187.88009643554688,64.91314697265625,128.58773803710938,77.01708221435547,3.8240857124328613,108.08002471923828,92.9293212890625,14.943634986877441,14.641332626342773,165.32537841796875,37.968040466308594,33.34545135498047,55.83518981933594
2019-06-21,47.548614501953125,58.25639724731445,299.3299865722656,95.56500244140625,23.722158432006836,241.18406677246094,154.17269897460938,46.246437072753906,91.95014953613281,134.3202667236328,55.77394485473633,176.35276794433594,41.35570526123047,90.08692169189453,41.6987419128418,253.84310913085938,173.57040405273438,189.47610473632812,64.89012908935547,128.6065673828125,77.4778823852539,3.766017436981201,107.91891479492188,92.48023986816406,14.902302742004395,14.790666580200195,165.0399169921875,38.25275802612305,33.59027862548828,56.62230682373047
2019-06-24,47.500770568847656,58.01237869262695,299.8699951171875,95.69499969482422,23.604053497314453,241.7640838623047,149.96551513671875,46.36806106567383,91.93544006347656,133.35284423828125,55.34424591064453,173.07656860351562,41.50384521484375,89.44485473632812,41.9980354309082,254.63975524902344,173.281494140625,190.92340087890625,65.61137390136719,129.36708068847656,76.34844207763672,3.788351058959961,108.06388854980469,93.4200210571289,14.962007522583008,14.909333229064941,165.4300079345703,38.583839416503906,33.623531341552734,56.08297348022461
2019-06-25,46.7807731628418,48.58396530151367,287.9700012207031,93.91349792480469,23.418453216552734,241.39247131347656,146.80027770996094,45.47605895996094,91.0007095336914,134.04249572753906,53.90105056762695,172.43641662597656,40.82416915893555,88.70399475097656,41.86861038208008,249.2936553955078,174.8025360107422,187.19610595703125,65.40422821044922,125.28268432617188,74.64981842041016,3.759068489074707,107.79802703857422,92.91271209716797,14.948226928710938,14.650667190551758,162.98451232910156,38.405052185058594,33.466346740722656,55.5873908996582
2019-06-26,47.792606353759766,50.2847900390625,288.7200012207031,94.8915023803711,23.545001983642578,239.6253204345703,146.50537109375,45.89773941040039,91.21415710449219,134.48312377929688,53.54124450683594,173.85140991210938,41.9918212890625,89.29669952392578,41.35091781616211,250.8004913330078,173.8168182373047,186.02642822265625,64.0998306274414,125.75220489501953,74.58657836914062,3.952134132385254,106.59770965576172,91.25770568847656,14.939041137695312,14.618000030517578,162.77517700195312,37.73628234863281,33.29707717895508,55.82789611816406
2019-06-27,47.77824783325195,51.76374435424805,293.2300109863281,95.21399688720703,23.79808235168457,240.68563842773438,148.12733459472656,45.192237854003906,90.61064147949219,133.4294891357422,53.35836410522461,174.3567352294922,41.35570526123047,89.5930404663086,41.318565368652344,250.60850524902344,175.27835083007812,187.85037231445312,64.32234954833984,125.95870208740234,75.58950805664062,4.050652027130127,106.09017181396484,91.29927062988281,15.14570426940918,14.855999946594238,162.9368896484375,37.9084358215332,33.2789421081543,55.2594108581543
2019-06-28,47.342899322509766,53.775142669677734,294.6499938964844,94.68150329589844,24.46453094482422,239.4893798828125,149.14962768554688,44.381324768066406,91.58952331542969,133.75514221191406,53.66414260864258,175.15684509277344,41.71298599243164,92.02958679199219,41.18913650512695,253.90072631835938,176.45956420898438,191.31991577148438,64.3376693725586,125.78034973144531,75.85152435302734,4.07546854019165,105.63904571533203,91.19114685058594,15.389100074768066,14.897333145141602,165.14456176757812,37.8289794921875,33.39683151245117,55.849754333496094
2019-07-01,48.21120071411133,54.27799606323242,300.9700012207031,96.1094970703125,24.818845748901367,238.84591674804688,151.4399871826172,44.389427185058594,91.88392639160156,135.68040466308594,54.51658630371094,177.1023712158203,41.86982345581055,93.57713317871094,41.73918914794922,256.0508117675781,175.30386352539062,191.31991577148438,65.02824401855469,127.39531707763672,77.17069244384766,4.123610973358154,106.23516845703125,91.88977813720703,15.3523588180542,15.14466667175293,165.51568603515625,37.51776885986328,33.436134338378906,55.798736572265625
2019-07-02,48.49346923828125,54.89178466796875,301.3900146484375,96.71549987792969,24.59107208251953,240.58590698242188,151.4989776611328,45.25711441040039,90.47813415527344,136.52334594726562,55.14105224609375,176.98446655273438,41.930824279785156,93.6759262084961,42.046573638916016,259.69805908203125,178.09109497070312,193.302490234375,65.61137390136719,128.2404022216797,76.76408386230469,4.02583646774292,106.68632507324219,92.71308898925781,15.540647506713867,14.970000267028809,166.79080200195312,38.49113082885742,33.73235321044922,55.1865348815918
2019-07-03,48.89533615112305,55.43157196044922,305.70001220703125,96.94999694824219,24.506710052490234,243.9119873046875,152.94400024414062,46.0894660949707,90.78724670410156,136.95440673828125,55.6559944152832,178.6352081298828,42.27937698364258,93.52667999267578,42.14363479614258,262.1071472167969,180.8357696533203,195.48333740234375,66.67794036865234,129.066650390625,77.88447570800781,4.038741111755371,107.94306945800781,94.87541198730469,15.60494327545166,15.65999984741211,168.3037109375,38.49113082885742,33.9499626159668,55.71127700805664
2019-07-05,48.852264404296875,53.97480392456055,303.9800109863281,97.14550018310547,24.683866500854492,243.1053924560547,151.951171875,46.1873893737793,90.92710876464844,137.29171752929688,56.13572692871094,178.09617614746094,41.89596939086914,94.08212280273438,42.151729583740234,261.2049560546875,179.5016632080078,194.69032287597656,65.68045043945312,128.69110107421875,78.44464874267578,3.976205348968506,107.1616439819336,94.10196685791016,15.7518949508667,15.539999961853027,168.10394287109375,38.61031723022461,33.847206115722656,55.48536682128906
2019-07-08,47.84523391723633,52.66592025756836,302.9200134277344,97.61599731445312,24.63324737548828,244.1475372314453,150.21127319335938,45.852813720703125,90.97126007080078,135.91351318359375,55.348716735839844,179.31741333007812,41.669410705566406,93.56814575195312,42.0627555847168,260.6476135253906,180.28343200683594,194.05587768554688,64.48347473144531,128.5971221923828,79.94451904296875,3.9012622833251953,106.79104614257812,94.85045623779297,15.728934288024902,15.355999946594238,167.65670776367188,38.33221435546875,34.070865631103516,55.74043273925781
2019-07-09,48.137054443359375,52.68070602416992,304.20001220703125,99.41500091552734,24.759794235229492,244.66416931152344,151.33184814453125,45.9752197265625,90.78724670410156,136.48214721679688,55.72041702270508,178.55096435546875,41.60841751098633,93.96607971191406,41.73109817504883,262.67523193359375,180.2239227294922,197.4758758544922,65.11265563964844,128.12770080566406,79.54696655273438,3.9037437438964844,106.13043975830078,93.90235900878906,15.71264934539795,15.337332725524902,169.1220703125,37.745399475097656,34.119239807128906,55.704010009765625
2019-07-10,48.613059997558594,52.98388671875,306.9800109863281,100.87049865722656,24.481401443481445,245.9781951904297,153.61241149902344,46.61988830566406,92.3255386352539,138.34225463867188,56.54411315917969,177.4982452392578,42.00924301147461,93.69249725341797,41.91714859008789,264.6357116699219,180.9972381591797,200.96519470214844,65.08194732666016,129.43283081054688,79.00486755371094,3.9719865322113037,108.28143310546875,94.60095977783203,15.815713882446289,15.928000450134277,170.6255645751953,38.14017868041992,34.14945983886719,56.49113845825195
2019-07-11,48.25904846191406,52.68070602416992,307.6000061035156,100.05349731445312,24.768232345581055,250.61834716796875,156.19772338867188,46.758609771728516,92.31816864013672,138.3615264892578,56.701210021972656,180.2690887451172,42.34908676147461,94.58780670166016,42.0951042175293,267.4609375,180.73382568359375,199.47825622558594,62.150901794433594,129.94924926757812,79.7728271484375,4.126340389251709,108.23307800292969,95.12490844726562,15.675171852111816,15.90666675567627,171.98631286621094,38.08665084838867,34.4335823059082,56.53486251831055
2019-07-12,48.62980651855469,52.7632942199707,309.4200134277344,100.55000305175781,24.84415054321289,253.2464141845703,155.39166259765625,47.289031982421875,92.72299194335938,139.63375854492188,56.76365661621094,183.7980194091797,43.49930953979492,95.58258819580078,42.159812927246094,268.6333312988281,180.98870849609375,203.08657836914062,61.17640686035156,130.41871643066406,80.52276611328125,4.159345626831055,107.37107849121094,95.63220977783203,15.764178276062012,16.338666915893555,171.59617614746094,38.26731491088867,34.639122009277344,56.57857894897461
2019-07-15,49.08669662475586,52.75579071044922,308.760009765625,101.04949951171875,24.650117874145508,254.2795867919922,156.93492126464844,47.370635986328125,92.5316162109375,139.80722045898438,57.019893646240234,184.1938934326172,43.673587799072266,94.42203521728516,42.167911529541016,268.4700012207031,182.0254364013672,202.13491821289062,62.120216369628906,130.41871643066406,80.8480453491211,4.150908946990967,108.07194519042969,96.03972625732422,15.792288780212402,16.899999618530273,171.82455444335938,38.52827453613281,34.75398635864258,56.177734375
2019-07-16,48.91685485839844,51.92245101928711,305.70001220703125,100.49500274658203,24.45608901977539,254.34304809570312,154.4578094482422,47.01974105834961,91.82502746582031,139.07473754882812,57.16609191894531,182.98109436035156,42.84577178955078,95.4333724975586,42.17599868774414,265.82733154296875,181.60910034179688,202.06553649902344,62.60359573364258,128.7098388671875,80.05294799804688,4.146191596984863,107.78999328613281,96.3807144165039,15.731388092041016,16.825332641601562,170.6255645751953,38.41451644897461,34.68748474121094,55.33959197998047
2019-07-17,48.64176940917969,51.291805267333984,309.3900146484375,99.60150146484375,24.624813079833984,255.16773986816406,155.54896545410156,46.68516540527344,91.36871337890625,137.4073944091797,56.83304977416992,181.5914306640625,43.03748321533203,94.49662017822266,42.208351135253906,264.5395202636719,181.6005401611328,200.04330444335938,62.8568115234375,127.94933319091797,79.05906677246094,4.211457252502441,106.96826934814453,96.42230224609375,15.5814790725708,16.99066734313965,170.47335815429688,38.287384033203125,34.639122009277344,55.01161575317383
2019-07-18,49.1943359375,51.239253997802734,310.0799865722656,98.8949966430664,24.869455337524414,256.39117431640625,155.2933349609375,47.11766815185547,91.76615905761719,136.5014190673828,56.857826232910156,180.60598754882812,43.51673126220703,95.060302734375,42.087013244628906,265.98101806640625,183.4700164794922,199.0321807861328,63.447608947753906,128.0901641845703,79.00486755371094,4.223121643066406,107.0488510131836,96.6281967163086,15.50183391571045,16.902666091918945,171.7865447998047,38.28070068359375,34.675392150878906,54.54518508911133
2019-07-19,48.45998001098633,51.45697784423828,306.8699951171875,98.22599792480469,24.80196762084961,255.12242126464844,154.08428955078125,46.80757141113281,92.03112030029297,134.78587341308594,56.080223083496094,179.42686462402344,43.80429458618164,94.12357330322266,41.56932067871094,264.84710693359375,181.73654174804688,196.63328552246094,62.45014572143555,128.27793884277344,78.2007064819336,4.179941654205322,104.80118560791016,96.26828002929688,15.361295700073242,17.211999893188477,170.5590057373047,37.8658332824707,34.42753982543945,54.654483795166016
2019-07-22,49.56748580932617,51.05156707763672,308.54998779296875,99.28150177001953,24.945384979248047,253.90809631347656,155.01809692382812,47.1094970703125,92.22985076904297,135.74002075195312,56.4598503112793,177.93617248535156,44.74538040161133,94.7287368774414,41.43180847167969,267.7396240234375,182.69676208496094,200.55877685546875,62.31203079223633,129.9773712158203,77.67665100097656,4.251409530639648,104.95427703857422,96.51103210449219,15.052098274230957,17.045333862304688,171.82455444335938,37.13649368286133,34.10108947753906,54.712806701660156
2019-07-23,49.95499801635742,50.84885787963867,307.8800048828125,99.72450256347656,25.5190372467041,253.84463500976562,153.59275817871094,47.093177795410156,92.60521697998047,136.1448211669922,56.89797592163086,179.46055603027344,45.09393310546875,96.4613037109375,43.947486877441406,268.0855712890625,182.1103515625,200.5984344482422,62.941219329833984,130.7848663330078,78.33621978759766,4.359109878540039,105.32484436035156,95.29732513427734,15.033361434936523,17.344667434692383,172.1385955810547,37.12311935424805,33.88044357299805,54.931461334228516
2019-07-24,49.9143180847168,50.64616012573242,310.2699890136719,100.04049682617188,25.87334632873535,254.50613403320312,157.03323364257812,46.70148849487305,93.13514709472656,136.17372131347656,56.48563003540039,180.83340454101562,46.11345672607422,96.8509521484375,43.50258255004883,269.3156433105469,180.81028747558594,202.87840270996094,62.72634506225586,132.1276092529297,78.33621978759766,4.43355655670166,104.0922622680664,94.25100708007812,15.572113037109375,17.658666610717773,174.45089721679688,37.45098114013672,33.85324478149414,54.924156188964844
2019-07-25,49.51963806152344,50.04555130004883,308.7300109863281,98.69100189208984,25.59495735168457,253.57272338867188,156.6400604248047,46.20371627807617,92.4653549194336,138.02420043945312,56.29779052734375,181.54087829589844,45.45119857788086,95.92247009277344,42.92827224731445,268.45074462890625,182.22085571289062,198.9628143310547,62.72634506225586,131.62994384765625,78.86029052734375,4.302530288696289,103.91502380371094,94.39328002929688,15.839137077331543,15.254667282104492,172.79513549804688,37.71193313598633,33.91975021362305,54.61075973510742
2019-07-26,49.69187545776367,50.87138366699219,311.2699890136719,97.15249633789062,25.957706451416016,254.9955291748047,157.24951171875,46.13026428222656,91.05957794189453,139.41204833984375,61.713768005371094,182.68630981445312,44.95451736450195,96.34525299072266,43.818058013916016,271.06463623046875,183.18959045410156,198.0111541748047,62.480831146240234,132.709716796875,79.09520721435547,4.3444695472717285,105.71153259277344,96.03390502929688,15.998419761657715,15.202667236328125,174.79344177246094,38.1937141418457,34.16155242919922,54.52329635620117
2019-07-29,50.15591812133789,50.435943603515625,307.2200012207031,95.62249755859375,25.746809005737305,253.87176513671875,153.55345153808594,46.45667266845703,91.43495178222656,141.08905029296875,61.5462532043457,183.63796997070312,45.75618362426758,96.03852844238281,43.67245864868164,270.459228515625,182.67970275878906,194.2343292236328,63.294158935546875,132.41864013671875,79.16748046875,4.3382649421691895,105.9612808227539,97.09696197509766,16.087430953979492,15.718000411987305,174.33673095703125,38.38776397705078,33.93486785888672,54.909568786621094
2019-07-30,49.940643310546875,50.435943603515625,303.6400146484375,94.92649841308594,26.05893898010254,253.3008270263672,154.2906951904297,46.08130645751953,91.51593780517578,139.6819305419922,60.86034393310547,183.0653076171875,45.05037307739258,95.8229751586914,43.45405578613281,267.30712890625,180.43637084960938,195.32472229003906,63.89265060424805,131.78016662597656,78.7879867553711,4.3538994789123535,105.1153793334961,100.78832244873047,16.012474060058594,16.150667190551758,172.73806762695312,37.89259719848633,33.87138366699219,54.9168586730957
2019-07-31,50.959632873535156,50.0155143737793,298.8599853515625,93.33899688720703,25.88178253173828,249.79359436035156,151.87252807617188,45.20815658569336,90.61064147949219,137.83143615722656,60.3746452331543,179.9743194580078,44.048282623291016,96.16289520263672,42.572357177734375,261.64697265625,179.059814453125,192.5391845703125,63.677799224853516,127.94933319091797,77.73088073730469,4.186890125274658,102.96441650390625,98.80450439453125,15.951571464538574,16.107332229614258,169.3789825439453,36.98259735107422,33.36358642578125,54.19533157348633
2019-08-01,49.85691452026367,49.399898529052734,298.44000244140625,92.76599884033203,24.877891540527344,248.83291625976562,148.24530029296875,45.199989318847656,88.86628723144531,136.7134552001953,60.05646514892578,179.25003051757812,43.13333511352539,93.62618255615234,42.087013244628906,263.4632873535156,179.5101776123047,191.05227661132812,64.21492767333984,129.62998962402344,75.10157775878906,4.092588901519775,102.4246597290039,97.70799255371094,15.98436164855957,15.59000015258789,170.49237060546875,36.97589111328125,33.06132507324219,52.81056594848633
2019-08-02,48.802040100097656,49.06206130981445,293.7099914550781,91.16200256347656,24.78510093688965,246.95700073242188,143.22218322753906,43.45367431640625,88.85891723632812,136.57852172851562,59.29025650024414,178.67735290527344,42.41879653930664,93.61787414550781,42.329681396484375,258.93707275390625,182.25486755371094,187.37457275390625,64.81340789794922,128.54078674316406,73.3125991821289,4.000028610229492,103.05302429199219,97.46525573730469,16.00779151916504,15.62266731262207,168.8271484375,37.19670867919922,33.067359924316406,52.293087005615234
2019-08-05,46.24736022949219,48.971961975097656,280.3599853515625,88.25650024414062,23.68841552734375,240.2506561279297,140.3911590576172,41.91954803466797,87.39423370361328,133.29200744628906,57.23003005981445,172.60488891601562,40.92873001098633,90.83247375488281,41.779640197753906,246.81903076171875,178.83038330078125,180.1480255126953,63.777557373046875,124.13721466064453,71.3519287109375,3.7419464588165283,100.21730041503906,94.65279388427734,15.689224243164062,15.221332550048828,160.6817169189453,36.94914245605469,31.985280990600586,51.221736907958984
2019-08-06,47.12282943725586,48.62660217285156,286.2099914550781,89.3915023803711,23.975238800048828,244.0660400390625,140.3715057373047,42.92325973510742,87.86529541015625,136.73272705078125,58.03935241699219,175.85594177246094,41.19629669189453,91.54541015625,42.28115463256836,254.3531494140625,181.91494750976562,182.90380859375,64.72132110595703,126.46578216552734,73.45716094970703,3.780658006668091,101.86878967285156,95.65724182128906,15.909407615661621,15.383333206176758,164.12635803222656,36.835384368896484,32.42355728149414,51.71733474731445
2019-08-07,47.610809326171875,48.393882751464844,289.0199890136719,89.66999816894531,23.528125762939453,248.58828735351562,139.23121643066406,42.711090087890625,87.6592025756836,129.9765625,58.27873992919922,175.10629272460938,40.994537353515625,89.55583190917969,43.017250061035156,258.80255126953125,184.25172424316406,183.53823852539062,64.64460754394531,127.01974487304688,73.4390869140625,3.8188741207122803,102.94025421142578,96.69515228271484,15.956256866455078,15.561332702636719,166.82884216308594,36.86214065551758,32.704647064208984,51.382083892822266
2019-08-08,48.660911560058594,49.137123107910156,297.7799987792969,91.64450073242188,23.941490173339844,249.0413055419922,141.37416076660156,43.38023376464844,90.69894409179688,132.89683532714844,59.77942657470703,178.18882751464844,41.38053512573242,91.07288360595703,43.429786682128906,267.19189453125,185.25445556640625,188.504638671875,65.0129165649414,130.40933227539062,74.99317169189453,3.927319049835205,104.3017349243164,98.30227661132812,16.181116104125977,15.886667251586914,171.1869659423828,37.350608825683594,32.96284866333008,52.75225830078125
2019-08-09,48.259918212890625,49.2347297668457,294.8299865722656,90.37899780273438,23.89931297302246,248.26202392578125,140.93182373046875,42.784542083740234,90.1027603149414,133.50404357910156,58.922523498535156,176.88339233398438,40.33658981323242,90.9734115600586,43.211387634277344,264.2223815917969,187.9226837158203,186.2147674560547,65.61905670166016,129.30137634277344,74.07157135009766,3.826071262359619,103.60086059570312,97.74983978271484,16.181116104125977,15.667332649230957,170.37814331054688,37.3238410949707,32.58619689941406,51.629878997802734
2019-08-12,48.13746643066406,48.44643020629883,288.6499938964844,89.24600219726562,23.317228317260742,245.87855529785156,138.32688903808594,42.05826950073242,89.46244049072266,130.83433532714844,58.20884704589844,174.3482666015625,40.00322723388672,89.26568603515625,43.03343200683594,259.465576171875,184.53221130371094,183.75633239746094,65.23540496826172,127.49856567382812,73.77339935302734,3.758324146270752,103.39945983886719,97.1220474243164,16.15301513671875,15.267333030700684,167.79940795898438,37.26362609863281,31.96047019958496,51.37898635864258
2019-08-13,50.17601013183594,48.80679702758789,293.1700134277344,91.21700286865234,23.384714126586914,250.36460876464844,141.43312072753906,43.02117919921875,90.08068084716797,132.04872131347656,59.31058120727539,175.4600372314453,41.09103012084961,90.64180755615234,43.27609634399414,263.81884765625,186.71603393554688,186.80950927734375,66.04875183105469,130.13702392578125,75.28228759765625,3.872476100921631,104.67230987548828,98.14324951171875,16.331029891967773,15.666666984558105,169.9595184326172,37.718631744384766,32.62567138671875,52.013580322265625
2019-08-14,48.682518005371094,47.67314910888672,283.6600036621094,88.14800262451172,22.288026809692383,243.01478576660156,137.34388732910156,41.299354553222656,86.65821075439453,128.0393524169922,57.70085525512695,169.783447265625,40.240089416503906,86.8781967163086,42.863555908203125,256.726806640625,183.95436096191406,178.14559936523438,63.992393493652344,126.21805572509766,73.21322631835938,3.72407865524292,104.019775390625,96.92115783691406,15.970309257507324,14.641332626342773,165.1064910888672,37.28370666503906,32.258140563964844,49.9179801940918
2019-08-15,48.44001770019531,47.282752990722656,282.7099914550781,88.80599975585938,22.144620895385742,246.0688018798828,139.71290588378906,37.74147033691406,86.0767593383789,128.57907104492188,57.952125549316406,169.95188903808594,40.09096145629883,87.20978546142578,43.57538604736328,261.2817687988281,185.47543334960938,181.00054931640625,64.03842163085938,125.93537139892578,71.83983612060547,3.6918182373046875,105.3087387084961,98.26043701171875,16.087430953979492,14.37600040435791,167.97483825683594,37.671791076660156,34.22947311401367,49.622825622558594
2019-08-16,49.58293914794922,48.371360778808594,287.45001220703125,89.62850189208984,22.80262565612793,248.40699768066406,141.4429473876953,38.32085418701172,86.11396789550781,130.30426025390625,58.44227600097656,171.51840209960938,40.79275894165039,89.2988510131836,44.01219940185547,263.6553955078125,185.6453399658203,182.10086059570312,65.2660903930664,128.2434539794922,72.53556060791016,3.9595792293548584,106.14656829833984,99.75872802734375,16.382568359375,14.662667274475098,169.8426055908203,37.90599060058594,34.32059097290039,50.397605895996094
2019-08-19,50.50735855102539,49.9704704284668,287.9700012207031,90.80599975585938,23.005094528198242,249.77545166015625,141.22669982910156,39.57753372192383,87.22931671142578,130.3909912109375,59.494449615478516,175.13999938964844,41.43316650390625,90.10296630859375,44.23868942260742,267.22076416015625,185.9087677001953,184.54937744140625,66.1331558227539,130.39141845703125,73.30353546142578,4.238008975982666,106.79910278320312,100.6460189819336,16.574642181396484,15.121999740600586,171.2815704345703,38.14017868041992,34.56967544555664,51.24617004394531
2019-08-20,50.509761810302734,49.857852935791016,285.7099914550781,90.06900024414062,22.541109085083008,247.3829345703125,143.06491088867188,39.112396240234375,86.3519058227539,130.23680114746094,58.656375885009766,182.837890625,40.8804931640625,88.95895385742188,43.58348846435547,266.2308654785156,185.6453399658203,182.20989990234375,65.71881866455078,129.30799865722656,72.7614517211914,4.165796756744385,106.38825225830078,99.52437591552734,16.387252807617188,15.057332992553711,170.8050994873047,37.65171813964844,34.03507614135742,50.936256408691406
2019-08-21,51.057220458984375,50.70621109008789,291.5299987792969,91.177001953125,22.7182674407959,249.83885192871094,144.87362670898438,39.7978630065918,87.65316772460938,130.84396362304688,59.05533981323242,185.62564086914062,41.36297607421875,89.20765686035156,43.76142883300781,271.00701904296875,187.54881286621094,181.95216369628906,66.68560791015625,130.7493438720703,74.75826263427734,4.249176502227783,106.61380767822266,99.77548217773438,16.471576690673828,14.722000122070312,172.42507934570312,37.8658332824707,34.02596664428711,51.445404052734375
2019-08-22,51.01400375366211,50.691200256347656,287.69000244140625,90.23300170898438,22.937604904174805,253.68148803710938,145.718994140625,39.316402435302734,87.54164123535156,131.15237426757812,59.0523681640625,186.14781188964844,41.03839874267578,90.12784576416016,44.07691192626953,269.81524658203125,186.51210021972656,180.45530700683594,66.53981018066406,129.79786682128906,75.27324676513672,4.255382061004639,106.8716049194336,99.95963287353516,16.579320907592773,14.8100004196167,171.6150665283203,37.99296569824219,33.992549896240234,51.33470916748047
2019-08-23,48.65610122680664,49.527530670166016,282.44000244140625,87.48100280761719,22.330211639404297,248.3255157470703,148.99237060546875,38.03523635864258,85.64551544189453,126.90209197998047,57.17204284667969,183.15794372558594,39.44178009033203,87.88956451416016,43.47023391723633,261.2817687988281,182.40780639648438,176.20266723632812,65.17404174804688,125.6622085571289,72.6801528930664,4.031047821044922,104.94619750976562,98.20184326171875,16.312297821044922,14.09333324432373,166.9837646484375,37.41752243041992,33.66450119018555,49.79991149902344
2019-08-26,49.580528259277344,49.895408630371094,288.739990234375,88.44349670410156,22.59172821044922,252.3583221435547,152.50164794921875,38.43508529663086,86.0618896484375,129.7356414794922,58.0443115234375,184.15174865722656,39.96813201904297,88.59420013427734,44.11735153198242,265.6446533203125,184.31973266601562,178.78993225097656,65.89530181884766,127.60285949707031,74.31553649902344,4.105743885040283,107.74165344238281,99.87593078613281,16.36383056640625,14.333333015441895,169.23269653320312,37.946136474609375,34.01685333251953,50.0655517578125
2019-08-27,49.02106857299805,49.30229949951172,289.45001220703125,88.09149932861328,22.330211639404297,264.97357177734375,150.95835876464844,38.18212127685547,86.12883758544922,129.61996459960938,58.026458740234375,183.7811737060547,40.1699104309082,87.6574478149414,44.26295852661133,265.8465270996094,183.5889434814453,179.72177124023438,65.61905670166016,127.87610626220703,74.11672973632812,4.015166282653809,108.56336212158203,100.90548706054688,16.265451431274414,14.272000312805176,169.98556518554688,38.260623931884766,34.1474723815918,49.57855224609375
2019-08-28,49.35002517700195,49.602596282958984,282.1300048828125,88.2125015258789,22.65077781677246,266.88568115234375,149.24795532226562,38.247406005859375,86.8724136352539,131.60537719726562,58.17167663574219,186.9311065673828,40.1699104309082,88.53617858886719,44.578433990478516,267.3840637207031,185.3054656982422,180.17776489257812,66.35564422607422,127.70643615722656,75.42686462402344,4.004733085632324,108.90978240966797,101.6169662475586,16.37788200378418,14.37266731262207,170.2618865966797,38.775848388671875,34.238590240478516,49.94012451171875
2019-08-29,50.18560791015625,49.715206146240234,286.6300048828125,89.31999969482422,23.055709838867188,269.36541748046875,153.2781982421875,38.573814392089844,87.38548278808594,132.84864807128906,59.187171936035156,191.45382690429688,41.117340087890625,90.54232788085938,44.5298957824707,270.401611328125,187.4043426513672,183.95460510253906,66.53981018066406,130.11817932128906,77.1435775756836,4.148309707641602,109.57846069335938,101.43282318115234,16.466894149780273,14.780667304992676,172.64425659179688,38.7691535949707,34.65168762207031,50.49352264404297
2019-08-30,50.12077713012695,49.35485076904297,284.510009765625,88.81449890136719,23.207557678222656,267.7212829589844,153.41583251953125,38.19844055175781,87.53418731689453,132.28965759277344,59.0033073425293,191.9507293701172,41.5910758972168,91.07288360595703,44.52179718017578,270.3919372558594,186.1998748779297,184.05372619628906,66.3479995727539,129.87322998046875,76.54568481445312,4.160976886749268,110.15040588378906,100.63764953613281,16.51842498779297,15.040666580200195,172.31069946289062,38.91636657714844,34.70636749267578,50.53042984008789
2019-09-03,49.39085006713867,49.09958267211914,282.45001220703125,89.49199676513672,22.819496154785156,265.2599182128906,150.1326141357422,37.945472717285156,86.45600891113281,131.3740692138672,57.96352005004883,188.71658325195312,41.21384811401367,89.99519348144531,44.73210906982422,269.1810607910156,185.4823455810547,180.80226135253906,66.4861068725586,128.1586456298828,76.69969940185547,4.0780110359191895,110.73851776123047,101.5835189819336,16.574642181396484,15.000666618347168,170.76693725585938,38.83608627319336,34.821781158447266,50.58945083618164
2019-09-04,50.22883224487305,49.83533477783203,284.6000061035156,90.03099822998047,23.190683364868164,268.9566345214844,149.8672332763672,38.614620208740234,87.1847152709961,132.89683532714844,58.59393310546875,189.9368133544922,42.91573715209961,91.0811996459961,45.11229705810547,274.93743896484375,186.65261840820312,185.5109100341797,66.0257339477539,129.65658569335938,78.22154235839844,4.192028045654297,112.10000610351562,103.13201141357422,16.733922958374023,14.711999893188477,173.2160186767578,38.929744720458984,35.20754623413086,51.12810134887695
2019-09-05,51.21087646484375,50.323326110839844,287.75,92.03600311279297,23.878509521484375,269.7286071777344,151.15496826171875,39.512245178222656,87.4747085571289,133.81243896484375,60.07678985595703,193.32626342773438,43.95091247558594,93.15364837646484,44.586517333984375,280.68408203125,187.49832153320312,189.23818969726562,66.06409454345703,131.93637084960938,80.0967025756836,4.464773178100586,110.30321502685547,102.75537109375,16.813566207885742,15.305333137512207,176.03672790527344,39.20408630371094,35.06479263305664,51.851234436035156
2019-09-06,51.20608901977539,50.76628112792969,284.94000244140625,91.67549896240234,23.547334671020508,275.89581298828125,148.5008544921875,39.85498809814453,87.93573760986328,134.49673461914062,59.78587341308594,195.85145568847656,44.67027282714844,93.35261535644531,44.67549133300781,280.01141357421875,187.9596405029297,185.85789489746094,66.42472076416016,131.04136657714844,80.34127044677734,4.437697410583496,111.43077087402344,102.8474349975586,16.98221778869629,15.16333293914795,176.99920654296875,39.518577575683594,34.84912109375,52.3382453918457
2019-09-09,51.42458724975586,50.07557678222656,279.29998779296875,91.56749725341797,24.31158447265625,271.5723876953125,146.99688720703125,39.6428108215332,88.77598571777344,133.80279541015625,59.73382568359375,197.32579040527344,45.25803756713867,95.66548919677734,44.10117721557617,272.3042297363281,185.5933380126953,187.11683654785156,64.04611206054688,129.55291748046875,80.32315063476562,4.483651638031006,110.64393615722656,102.26152038574219,17.23518943786621,15.452667236328125,173.00637817382812,39.25093460083008,35.33512496948242,52.7514533996582
2019-09-10,52.03206253051758,51.186710357666016,276.1400146484375,91.02749633789062,24.922985076904297,269.75592041015625,147.10501098632812,40.156917572021484,90.60519409179688,130.8728790283203,59.75514221191406,197.43600463867188,45.45980453491211,96.88409423828125,44.004119873046875,261.7046203613281,179.11817932128906,184.54937744140625,62.680328369140625,128.1963348388672,78.65638732910156,4.5502238273620605,110.20588684082031,100.34468841552734,17.605287551879883,15.702667236328125,168.05108642578125,39.95349884033203,35.25007629394531,53.17943572998047
2019-09-11,53.686431884765625,52.170188903808594,277.7799987792969,91.14949798583984,25.016389846801758,264.02459716796875,151.46949768066406,40.82605743408203,90.18134307861328,131.25839233398438,60.4638557434082,197.14785766601562,46.31076431274414,97.14937591552734,44.30340576171875,259.41748046875,179.56239318847656,186.8491973876953,63.62411117553711,128.23406982421875,78.58389282226562,4.578788757324219,110.61149597167969,101.50814819335938,18.148714065551758,16.47333335876465,166.74554443359375,40.23454284667969,35.240962982177734,53.07613754272461
2019-09-12,53.56637954711914,53.17620849609375,278.0199890136719,92.17749786376953,25.194717407226562,263.29815673828125,152.1182861328125,40.74445724487305,90.28543853759766,132.52096557617188,61.205772399902344,198.1138458251953,46.503753662109375,97.74626922607422,44.578433990478516,265.61578369140625,181.22817993164062,185.8380584716797,63.923343658447266,129.55291748046875,79.41728973388672,4.577299118041992,111.3658676147461,102.76374053955078,17.98006820678711,16.391332626342773,169.6043701171875,40.43528747558594,35.51433181762695,53.11302947998047
2019-09-13,52.52429962158203,52.935977935791016,278.3500061035156,91.96700286865234,25.619298934936523,265.1236877441406,150.3783721923828,40.82605743408203,90.34491729736328,133.0221405029297,61.456546783447266,198.2664031982422,46.091434478759766,99.66952514648438,44.21176528930664,265.53900146484375,179.2292022705078,185.5605010986328,63.80751419067383,129.36451721191406,79.10025787353516,4.5194220542907715,110.67638397216797,102.21965789794922,17.75988006591797,16.34666633605957,168.9277801513672,40.120792388916016,35.66924285888672,53.60003662109375
2019-09-16,52.8004264831543,52.98851776123047,282.92999267578125,90.39199829101562,25.585329055786133,262.2082214355469,150.40789794921875,40.76893997192383,92.29310607910156,130.8825225830078,61.040245056152344,195.7327423095703,45.79316329956055,98.78247833251953,43.967323303222656,263.3863525390625,177.17051696777344,184.5989227294922,63.3595085144043,128.43190002441406,79.0549545288086,4.476448059082031,109.41094970703125,100.23587036132812,17.478801727294922,16.187332153320312,167.82237243652344,39.8129997253418,35.104278564453125,54.40432357788086
2019-09-17,52.99250793457031,53.75429916381836,284.69000244140625,91.12750244140625,25.423992156982422,264.6787109375,150.2211151123047,40.32012176513672,92.1220932006836,131.3740692138672,60.95351028442383,195.0718536376953,45.573848724365234,98.29338836669922,44.195465087890625,265.4716796875,179.26339721679688,186.4427490234375,63.730247497558594,129.4304656982422,79.34481811523438,4.497810363769531,110.07611083984375,101.41608428955078,17.40852928161621,16.319332122802734,168.1464080810547,40.06058120727539,35.389793395996094,53.991119384765625
2019-09-18,53.489540100097656,53.50654220581055,279.7200012207031,90.87300109863281,25.474937438964844,265.60504150390625,150.17193603515625,40.26301193237305,92.33771514892578,131.8463134765625,61.090789794921875,195.59719848632812,45.38963317871094,99.27989959716797,44.18730545043945,264.36669921875,179.75885009765625,186.50222778320312,64.1241683959961,130.49502563476562,79.78868865966797,4.470734596252441,109.91386413574219,101.62535095214844,17.22113609313965,16.232667922973633,167.04098510742188,40.10072326660156,35.58723449707031,53.732852935791016
2019-09-19,53.05494689941406,53.80683517456055,281.260009765625,91.07499694824219,25.322084426879883,261.4270324707031,150.9878387451172,40.140594482421875,91.9510498046875,128.4730682373047,61.39311599731445,193.30088806152344,45.2404899597168,98.9648666381836,44.423614501953125,265.14508056640625,179.8357391357422,188.4847869873047,64.85794830322266,132.8972930908203,79.4444808959961,4.3952202796936035,109.89763641357422,102.03551483154297,17.40384292602539,16.440000534057617,167.67942810058594,40.13418197631836,35.57204818725586,53.371273040771484
2019-09-20,52.27937698364258,54.347389221191406,277.9100036621094,89.70800018310547,25.126779556274414,260.09185791015625,152.5606231689453,40.47516632080078,92.44182586669922,127.4803695678711,60.9515266418457,190.37744140625,44.49482345581055,98.56696319580078,43.92657470703125,260.5899353027344,178.87042236328125,188.276611328125,65.77709197998047,131.36167907714844,78.52049255371094,4.289649963378906,109.27305603027344,102.3200912475586,17.75988006591797,16.041332244873047,165.86886596679688,40.34160614013672,35.532554626464844,53.186805725097656
2019-09-23,52.51708221435547,54.75279998779297,277.44000244140625,89.26499938964844,25.067338943481445,261.19091796875,152.01998901367188,40.32828903198242,92.87308502197266,127.66346740722656,61.19189453125,191.71630859375,44.65272521972656,98.5503921508789,44.113983154296875,262.49267578125,180.7070770263672,185.19369506835938,65.15918731689453,131.0791015625,79.43541717529297,4.3430562019348145,109.86519622802734,103.14041137695312,17.614656448364258,16.082000732421875,166.6788787841797,40.2880744934082,35.726951599121094,53.22370147705078
2019-09-24,52.26737594604492,54.7678108215332,272.4700012207031,87.08049774169922,24.5748233795166,261.49969482421875,149.46421813964844,40.08346176147461,92.01054382324219,127.19120788574219,60.38108825683594,191.00445556640625,43.70527648925781,97.26544189453125,44.24435043334961,260.5419616699219,181.1171112060547,179.7019500732422,64.57215881347656,129.42105102539062,78.97341918945312,4.285675048828125,109.8003158569336,103.46685028076172,17.51158905029297,14.880666732788086,166.2690887451172,40.488807678222656,35.96388626098633,52.493202209472656
2019-09-25,53.071746826171875,54.12216567993164,277.42999267578125,88.41649627685547,24.83806610107422,262.0445861816406,150.3882293701172,40.48332595825195,91.83951568603516,128.27066040039062,61.749454498291016,193.2838897705078,44.757991790771484,97.82086944580078,44.13842010498047,262.1082763671875,181.63819885253906,181.20870971679688,64.18595123291016,131.2863006591797,82.26173400878906,4.427265167236328,109.5812759399414,102.97299194335938,17.51158905029297,15.24666690826416,167.03146362304688,40.32823181152344,35.985145568847656,52.64816665649414
2019-09-26,52.79802322387695,55.57864761352539,283.80999755859375,86.99199676513672,24.73616600036621,261.81768798828125,149.74923706054688,39.846824645996094,89.34854125976562,126.5165786743164,61.56855392456055,194.71595764160156,44.67027282714844,97.01675415039062,44.317691802978516,263.20379638671875,181.61256408691406,178.54212951660156,64.78843688964844,131.45590209960938,83.49369812011719,4.40515661239624,110.09236907958984,104.05278015136719,17.51158905029297,16.17066764831543,167.384033203125,40.44197082519531,35.93350601196289,52.36776351928711
2019-09-27,52.541107177734375,56.194252014160156,277.5400085449219,86.27249908447266,24.922985076904297,259.719482421875,145.73861694335938,39.85498809814453,88.18856048583984,125.2540054321289,60.75873947143555,194.77525329589844,44.547454833984375,97.58876037597656,44.25250244140625,258.62957763671875,182.0909423828125,175.55831909179688,64.03919982910156,129.75076293945312,83.6205062866211,4.266550540924072,109.99498748779297,104.2703857421875,17.535015106201172,16.142000198364258,165.81166076660156,40.34829330444336,35.97907638549805,52.74407958984375
2019-09-30,53.777679443359375,56.847412109375,276.25,86.79550170898438,24.770132064819336,261.6812438964844,145.9156036376953,40.32012176513672,88.18856048583984,125.6009750366211,60.52035140991211,196.60552978515625,45.20539474487305,97.56389617919922,44.358436584472656,260.9742736816406,183.4150390625,176.52980041503906,65.02013397216797,130.9754638671875,85.07896423339844,4.3239288330078125,111.21177673339844,104.11134338378906,17.72709083557129,16.058000564575195,163.9153289794922,40.3884391784668,36.04893493652344,52.10211181640625
2019-10-01,53.92654037475586,54.9780387878418,272.7099914550781,86.78250122070312,24.150238037109375,257.884765625,145.1783447265625,38.95735168457031,86.26266479492188,124.85884857177734,59.7700080871582,195.8090362548828,44.529903411865234,95.78983306884766,44.52953338623047,260.3689270019531,178.5543670654297,174.27955627441406,64.57987213134766,129.1289825439453,83.59335327148438,4.32219123840332,111.43077087402344,103.667724609375,17.52564811706543,16.312667846679688,166.08802795410156,40.04718017578125,35.79681396484375,50.877227783203125
2019-10-02,52.57472229003906,54.15220260620117,266.6600036621094,85.6614990234375,23.6407413482666,258.9565734863281,141.7673797607422,37.99443054199219,83.49657440185547,124.46369171142578,58.37834548950195,191.12313842773438,43.32805633544922,93.8831558227539,43.25027847290039,254.1609344482422,176.20518493652344,173.080078125,63.04281234741211,126.84921264648438,82.87769317626953,4.298344135284424,108.64844512939453,101.34912109375,17.371049880981445,16.208667755126953,161.83792114257812,39.418212890625,35.27133560180664,49.54903030395508
2019-10-03,53.021331787109375,55.44350051879883,272.3999938964844,86.22100067138672,23.615266799926758,262.4897766113281,144.50006103515625,38.69330978393555,84.13602447509766,123.50953674316406,58.948787689208984,192.19076538085938,43.889503479003906,93.7494888305664,43.86954879760742,257.82232666015625,179.4171600341797,177.8184814453125,63.907894134521484,128.38478088378906,83.53899383544922,4.503772258758545,111.88500213623047,101.90156555175781,17.422578811645508,15.535332679748535,164.73486328125,39.4851188659668,35.32904815673828,50.161468505859375
2019-10-04,54.50760269165039,56.05161666870117,276.9599914550781,86.98249816894531,24.090797424316406,264.91485595703125,145.5125732421875,39.07152557373047,84.65653228759766,125.55278015136719,60.01582717895508,193.13986206054688,44.67027282714844,95.78005981445312,44.439910888671875,263.3671569824219,180.835205078125,178.87918090820312,65.65351104736328,130.11817932128906,84.30897521972656,4.520166397094727,113.79122924804688,103.7933120727539,17.572492599487305,15.428667068481445,167.6985321044922,40.08064270019531,35.8909797668457,50.89198684692383
2019-10-07,54.519615173339844,55.80387496948242,276.8999938964844,86.63300323486328,24.039844512939453,266.4952087402344,146.2694549560547,39.27708053588867,84.21781158447266,126.15995788574219,59.88151168823242,192.13148498535156,44.40709686279297,95.57112121582031,43.893985748291016,261.5700988769531,181.0316619873047,178.1158447265625,65.18235778808594,129.17611694335938,84.3995590209961,4.578788757324219,112.21758270263672,102.82231140136719,17.64276123046875,15.847999572753906,166.6693115234375,40.31484603881836,35.608497619628906,50.190975189208984
2019-10-08,53.88092803955078,55.20325469970703,270.8299865722656,85.27549743652344,23.462413787841797,265.1146545410156,143.42861938476562,38.14242935180664,83.06529998779297,123.81795501708984,58.98347854614258,192.07217407226562,43.62632369995117,93.4402847290039,43.65769958496094,256.96142578125,180.33973693847656,176.20266723632812,64.33271789550781,127.81016540527344,83.11321258544922,4.4024248123168945,111.32533264160156,101.22357940673828,17.558439254760742,16.003332138061523,164.30601501464844,39.960201263427734,35.714813232421875,49.21699523925781
2019-10-09,54.51242446899414,55.030582427978516,274.2699890136719,86.09950256347656,23.683198928833008,269.6650390625,144.5492401123047,38.51242446899414,84.12858581542969,124.64682006835938,59.59158706665039,193.9956512451172,44.28426742553711,94.11713409423828,43.861392974853516,261.93572998046875,181.80906677246094,178.2843780517578,65.02013397216797,130.23121643066406,83.81073760986328,4.48886775970459,111.82014465332031,102.10247039794922,17.67543601989746,16.302000045776367,166.65023803710938,40.03795623779297,36.12487030029297,49.763031005859375
2019-10-10,55.247161865234375,55.89393997192383,274.9800109863281,86.01300048828125,24.15873146057129,269.883056640625,143.9201202392578,37.945098876953125,85.206787109375,124.65644836425781,59.94198226928711,196.25816345214844,44.83695983886719,95.43742370605469,43.72287368774414,263.46551513671875,180.89503479003906,178.46282958984375,64.69572448730469,131.04136657714844,84.2455825805664,4.546496868133545,111.85260009765625,102.0689926147461,17.851951599121094,16.31599998474121,166.65023803710938,40.450374603271484,36.3314208984375,50.36071014404297
2019-10-11,56.716636657714844,56.08437728881836,278.2900085449219,86.59600067138672,24.549348831176758,270.30084228515625,146.8297576904297,38.282203674316406,86.36677551269531,125.31182861328125,60.251243591308594,198.84262084960938,45.69667053222656,97.05022430419922,43.42953872680664,265.46685791015625,178.5543670654297,182.58660888671875,65.14373016357422,131.58778381347656,85.0427017211914,4.62002420425415,111.64977264404297,101.35748291015625,17.92828941345215,16.525999069213867,168.7276611328125,40.51797866821289,36.52277755737305,50.89936828613281
2019-10-14,56.63499069213867,56.18339920043945,277.7799987792969,86.82150268554688,24.744657516479492,270.22821044921875,146.8297576904297,37.86287307739258,86.38908386230469,125.00341033935547,60.35333251953125,198.4358673095703,45.301902770996094,97.30923461914062,43.42953872680664,265.9190368652344,178.0076446533203,181.68453979492188,65.41407012939453,131.46534729003906,85.9485855102539,4.633436679840088,111.49568939208984,100.48698425292969,17.875802993774414,17.130666732788086,169.01351928710938,40.29486846923828,36.197757720947266,51.04694366455078
2019-10-15,56.50294494628906,56.747074127197266,279.3900146484375,88.36900329589844,25.24566650390625,271.0183410644531,150.1424560546875,38.117767333984375,86.4857406616211,125.06124877929688,61.566078186035156,199.65611267089844,46.18794250488281,100.24231719970703,43.600650787353516,268.0165100097656,177.01673889160156,187.24569702148438,65.68440246582031,133.36831665039062,85.86707305908203,4.877865314483643,110.5871353149414,98.10139465332031,18.080944061279297,17.19266700744629,170.338134765625,40.937156677246094,36.307132720947266,51.22403335571289
2019-10-16,56.27482986450195,56.93748474121094,272.70001220703125,88.87149810791016,25.619298934936523,271.3725891113281,144.4705810546875,38.471317291259766,85.59346771240234,126.12140655517578,61.60374450683594,199.89337158203125,46.01247787475586,100.0083236694336,43.5843505859375,267.7375183105469,177.93931579589844,187.89993286132812,65.22868347167969,132.2755126953125,85.9485855102539,4.824212074279785,110.6601333618164,98.37762451171875,18.028465270996094,17.316667556762695,169.4995574951172,40.76136779785156,36.27370071411133,50.34595489501953
2019-10-17,56.49333190917969,57.23455810546875,269.239990234375,89.3740005493164,25.695716857910156,274.6604919433594,143.68418884277344,38.668643951416016,85.77191925048828,127.57673645019531,62.089447021484375,200.6305389404297,45.49489212036133,100.5682144165039,43.82880401611328,266.04412841796875,176.70066833496094,188.7326202392578,64.72663116455078,131.5972137451172,86.56455993652344,4.826197147369385,111.09819793701172,98.24788665771484,18.038013458251953,17.46466636657715,169.56626892089844,40.84250259399414,36.401275634765625,50.279541015625
2019-10-18,56.76466751098633,58.24000549316406,265.5199890136719,87.87550354003906,25.772144317626953,275.0783386230469,141.63955688476562,38.40553665161133,85.31832122802734,126.15032196044922,61.67362976074219,201.61351013183594,45.0562629699707,100.74368286132812,44.635459899902344,260.3866882324219,178.11016845703125,184.23216247558594,65.40633392333984,129.44931030273438,87.05374908447266,4.731804847717285,110.5222396850586,98.95552825927734,18.352874755859375,17.1299991607666,167.4412078857422,41.27519607543945,36.18865966796875,49.88845443725586
2019-10-21,57.749114990234375,58.87984848022461,266.8399963378906,89.28299713134766,26.341083526611328,273.4615783691406,142.09176635742188,38.96464157104492,86.70881652832031,125.54312896728516,61.66718292236328,200.57122802734375,45.73175811767578,103.24225616455078,44.18730545043945,263.9177551269531,179.26339721679688,188.1081085205078,65.28276824951172,130.4102020263672,87.16246032714844,4.868923187255859,110.41681671142578,100.31175994873047,18.238378524780273,16.899999618530273,168.12730407714844,41.07237243652344,36.37092208862305,50.72227096557617
2019-10-22,57.61705017089844,59.31401443481445,261.0899963378906,88.2864990234375,26.493934631347656,272.4534606933594,139.90948486328125,39.096195220947266,87.59366607666016,127.60564422607422,61.5145378112793,200.99496459960938,45.626487731933594,104.27841186523438,43.877685546875,251.37132263183594,170.22547912597656,180.75270080566406,62.7956657409668,128.46957397460938,86.60079956054688,4.858985424041748,110.85485076904297,102.92316436767578,18.209753036499023,17.038667678833008,162.8194122314453,41.085899353027344,36.32229995727539,50.980533599853516
2019-10-23,58.390201568603516,59.22260284423828,261.32000732421875,88.1084976196289,26.680753707885742,270.0465087890625,142.66188049316406,38.68509292602539,87.7275390625,126.38162231445312,62.32881546020508,198.85107421875,45.37208557128906,104.55416107177734,44.521385192871094,250.97695922851562,170.17425537109375,184.529541015625,64.00831604003906,129.28924560546875,83.62955474853516,4.846071243286133,111.49568939208984,103.61389923095703,18.004615783691406,16.978666305541992,163.25778198242188,41.1602668762207,36.25243377685547,51.4675407409668
2019-10-24,58.48625183105469,58.49898910522461,269.70001220703125,89.03900146484375,26.629804611206055,269.8013000488281,145.60104370117188,38.15887451171875,87.43009948730469,125.54312896728516,62.402164459228516,198.19017028808594,45.819480895996094,104.47897338867188,44.496952056884766,258.5777893066406,167.44918823242188,184.75753784179688,63.7843132019043,131.83274841308594,82.88675689697266,4.890037536621094,111.85260009765625,105.12179565429688,17.56570816040039,19.978666305541992,167.86997985839844,40.957435607910156,36.176509857177734,50.980533599853516
2019-10-25,59.20658874511719,58.29331970214844,270.9800109863281,88.06649780273438,26.93550682067871,269.3017578125,147.93072509765625,38.5617561340332,88.24060821533203,126.15995788574219,62.65938186645508,198.60533142089844,49.53030776977539,105.31460571289062,43.79620361328125,259.96331787109375,166.24468994140625,186.25439453125,63.537139892578125,132.57696533203125,82.36135864257812,5.080809593200684,110.83860778808594,103.82453155517578,17.608646392822266,21.875333786010742,169.48045349121094,40.815452575683594,36.15828323364258,51.098594665527344
2019-10-28,59.79965591430664,59.66440200805664,271.3500061035156,88.85399627685547,27.037399291992188,271.5179138183594,152.1575927734375,38.78374099731445,88.09931182861328,125.8033676147461,63.882530212402344,200.6559295654297,49.793487548828125,105.71569061279297,43.649532318115234,265.48614501953125,163.82716369628906,187.75123596191406,63.490814208984375,135.8365478515625,82.2979507446289,5.136700630187988,110.7818374633789,104.01827239990234,18.362417221069336,21.847333908081055,171.3768310546875,40.68700408935547,36.21295166015625,50.64848327636719
2019-10-29,58.416622161865234,59.77103805541992,271.45001220703125,88.135498046875,27.232707977294922,268.7204895019531,152.4525146484375,38.84130859375,87.83906555175781,124.79136657714844,62.47898864746094,198.40196228027344,49.42503356933594,105.64884948730469,43.5191650390625,263.9081726074219,164.5447235107422,187.66201782226562,65.73074340820312,134.5552978515625,80.87574005126953,5.040568828582764,110.38434600830078,104.11935424804688,18.157272338867188,21.08133316040039,169.27088928222656,40.69375228881836,35.584190368652344,50.50090789794922
2019-10-30,58.409420013427734,60.677459716796875,278.4100036621094,88.99949645996094,26.850582122802734,272.3354187011719,155.58824157714844,39.104427337646484,86.52291870117188,124.90703582763672,62.48096466064453,200.1814422607422,49.65312194824219,105.06392669677734,43.951019287109375,266.6600036621094,168.19236755371094,186.61126708984375,66.5958251953125,136.23219299316406,81.70006561279297,5.04255485534668,111.04952239990234,105.24815368652344,18.224069595336914,21.000667572021484,170.81460571289062,41.11970138549805,35.87275695800781,49.96963119506836
2019-10-31,59.73003005981445,60.593666076660156,277.92999267578125,88.83300018310547,26.553380966186523,270.4420166015625,153.8286895751953,39.06330108642578,86.3593521118164,125.21544647216797,62.386802673339844,198.77481079101562,49.59170913696289,104.38705444335938,44.35028839111328,266.332763671875,168.0300750732422,189.981689453125,66.9356918334961,135.06402587890625,81.12031555175781,4.993372440338135,111.2685317993164,104.88594818115234,18.362417221069336,20.994667053222656,170.44296264648438,40.883060455322266,35.61760711669922,49.85895919799805
2019-11-01,61.42522430419922,62.26942443847656,277.82000732421875,89.5719985961914,27.003437042236328,269.5135192871094,157.02340698242188,38.668643951416016,86.41138458251953,127.94298553466797,63.05339813232422,201.1135711669922,49.57416534423828,106.79367065429688,43.91843032836914,268.48797607421875,165.67233276367188,191.93447875976562,65.607177734375,135.39373779296875,80.78514099121094,5.032370567321777,111.07384490966797,104.3467788696289,18.581867218017578,20.887332916259766,172.41554260253906,40.815452575683594,35.726951599121094,51.356849670410156
2019-11-04,61.82858657836914,63.21393585205078,277.5,90.23300170898438,27.512939453125,270.1780700683594,154.91981506347656,39.03863525390625,90.39698791503906,128.1068115234375,63.91377639770508,199.0629119873047,50.539154052734375,107.64599609375,43.299163818359375,265.8709411621094,161.16192626953125,193.0249481201172,64.80387115478516,136.17568969726562,81.40113067626953,5.228857040405273,109.6380615234375,100.30330657958984,18.553245544433594,21.1646671295166,170.52870178222656,40.477413177490234,35.711769104003906,52.884273529052734
2019-11-05,61.7397575378418,62.337974548339844,289.2900085449219,90.08550262451172,27.869583129882812,272.3262023925781,155.46044921875,39.268863677978516,90.67208099365234,126.69004821777344,64.00445556640625,196.758056640625,50.48652267456055,107.87998962402344,42.712501525878906,258.818359375,164.1688690185547,192.62840270996094,64.04693603515625,136.0908660888672,81.41924285888672,5.20674991607666,108.7052230834961,100.16012573242188,18.68682289123535,21.148000717163086,168.07009887695312,40.22726058959961,36.103599548339844,53.93207550048828
2019-11-06,61.76616668701172,62.52079391479492,287.3999938964844,89.78849792480469,27.844112396240234,274.50177001953125,156.22720336914062,39.68817901611328,89.15521240234375,126.5165786743164,63.983150482177734,198.2918243408203,50.8084831237793,108.04711151123047,43.022132873535156,259.6458740234375,165.87734985351562,189.88253784179688,64.30181121826172,135.71400451660156,81.0569076538086,5.157566547393799,109.05403137207031,101.35628509521484,18.724992752075195,21.77199935913086,168.45132446289062,40.6531982421875,36.29800033569336,52.7514533996582
2019-11-07,62.479034423828125,62.46748733520508,290.7699890136719,89.41000366210938,28.21773910522461,277.81500244140625,156.78749084472656,39.81151580810547,90.63492584228516,128.14537048339844,64.77265167236328,197.38516235351562,51.2054328918457,108.6320571899414,42.606590270996094,262.4649963378906,164.93772888183594,188.7624053955078,64.01602935791016,135.9024200439453,81.89032745361328,5.1752028465271,108.14551544189453,100.7666244506836,18.80609130859375,22.369333267211914,170.03317260742188,40.92363357543945,36.51974868774414,53.873046875
2019-11-08,62.650020599365234,64.90492248535156,292.4599914550781,89.29399871826172,28.243213653564453,275.4574279785156,158.37013244628906,40.14862823486328,89.92108154296875,132.9643096923828,64.87474060058594,197.30043029785156,51.39948654174805,108.9495849609375,42.5413932800293,264.4854736328125,165.39047241210938,189.1787109375,64.5644302368164,137.5039520263672,81.3558349609375,5.161291122436523,107.99139404296875,100.83403778076172,18.787006378173828,22.47599983215332,170.5477752685547,40.1258430480957,36.279781341552734,52.849945068359375
2019-11-11,63.14612579345703,65.2477035522461,290.2699890136719,88.5824966430664,28.175283432006836,273.83721923828125,159.02871704101562,39.54840850830078,89.83184814453125,131.78851318359375,64.34346008300781,196.4191131591797,51.470062255859375,108.56520080566406,42.23991394042969,266.51556396484375,164.56182861328125,187.95941162109375,64.32498931884766,137.64527893066406,81.57325744628906,5.171228408813477,107.39111328125,100.5223617553711,18.78223419189453,23.006000518798828,171.0909881591797,40.301631927490234,36.15828323364258,52.528831481933594
2019-11-12,63.08832931518555,65.8418197631836,291.7200012207031,88.9000015258789,28.09885597229004,273.5277404785156,160.09036254882812,39.77040481567383,89.94340515136719,133.56185913085938,64.29042053222656,197.5376739501953,51.33774185180664,107.93013000488281,42.13398742675781,266.6502990722656,165.1085662841797,192.77713012695312,64.97380065917969,138.54969787597656,81.07501983642578,5.20674991607666,107.05855560302734,100.47179412841797,18.68682289123535,23.32866668701172,171.2815704345703,40.10556411743164,36.18258285522461,51.80445098876953
2019-11-13,63.69281005859375,66.00940704345703,293.5400085449219,87.65550231933594,27.844112396240234,275.7123718261719,159.83480834960938,39.84440612792969,90.92491149902344,143.3346710205078,64.2393798828125,198.96127319335938,51.06429672241211,107.36187744140625,42.704345703125,267.54510498046875,166.57781982421875,191.5082550048828,65.51446533203125,138.77574157714844,82.69652557373047,5.180917739868164,108.12118530273438,101.63429260253906,18.682052612304688,23.073999404907227,170.96710205078125,40.16640853881836,36.74755859375,51.378787994384766
2019-11-14,63.25212097167969,66.74825286865234,294.5299987792969,87.7300033569336,27.767683029174805,277.2506103515625,160.27711486816406,36.92555618286133,90.68698120117188,141.821533203125,64.88217163085938,200.4441375732422,50.993736267089844,107.462158203125,42.88361358642578,269.0460510253906,165.7235870361328,191.46859741210938,65.30591583251953,139.4822998046875,82.67842864990234,5.2112202644348145,108.15364074707031,101.5079345703125,18.581867218017578,23.290000915527344,171.57797241210938,40.11909103393555,36.64732360839844,51.15475082397461
2019-11-15,64.00350952148438,67.50996398925781,297.5,86.97450256347656,27.96298599243164,276.4041748046875,160.43441772460938,37.07355880737305,90.58936309814453,139.4313507080078,66.09095001220703,201.07115173339844,51.12604522705078,108.23930358886719,42.916202545166016,270.1525573730469,165.69796752929688,193.40164184570312,65.5762710571289,141.2816619873047,84.28180694580078,5.072115898132324,108.54297637939453,101.5416259765625,18.844257354736328,23.47800064086914,171.5970916748047,40.23401641845703,36.10663986206055,51.67002868652344
2019-11-18,64.32621765136719,67.58614349365234,297.1600036621094,87.62650299072266,27.98845863342285,277.2052307128906,160.00189208984375,37.12288284301758,89.01993560791016,142.3034210205078,65.41197967529297,202.39309692382812,51.38185119628906,109.15013885498047,43.20953369140625,270.2294616699219,165.96279907226562,195.6815948486328,64.98153686523438,141.6302032470703,85.31449127197266,5.273073673248291,108.74578094482422,102.67886352539062,18.906272888183594,23.332666397094727,171.49208068847656,40.18669891357422,36.525814056396484,51.169681549072266
2019-11-19,64.13113403320312,67.80703735351562,300.6000061035156,87.6395034790039,27.971481323242188,275.111572265625,161.171630859375,37.385986328125,87.44303894042969,143.00698852539062,65.05265808105469,191.38580322265625,51.470062255859375,109.1167221069336,43.25027847290039,274.510986328125,165.2451934814453,197.58493041992188,65.38316345214844,141.67735290527344,84.79813385009766,5.166508674621582,109.15947723388672,102.28292846679688,18.12864875793457,23.968000411987305,174.46067810058594,40.22726058959961,36.416473388671875,50.64693832397461
2019-11-20,63.38454818725586,66.42072296142578,300.1000061035156,87.27649688720703,27.759187698364258,273.59149169921875,161.40756225585938,37.06532669067383,88.11135864257812,141.6094970703125,64.52088165283203,187.182861328125,51.0731201171875,108.3228759765625,43.36436462402344,274.5783996582031,165.83465576171875,195.79066467285156,65.86205291748047,141.43153381347656,84.29084777832031,5.245748043060303,108.48621368408203,103.01582336425781,17.737455368041992,23.481332778930664,173.401123046875,40.21372604370117,36.185611724853516,50.80375671386719
2019-11-21,63.10039520263672,65.90275573730469,298.79998779296875,86.7354965209961,27.886568069458008,273.3183898925781,160.1100311279297,36.86799621582031,89.18516540527344,141.58059692382812,64.43563842773438,185.18309020996094,51.35539245605469,108.57353210449219,43.15251159667969,273.68365478515625,164.31411743164062,196.20697021484375,66.00879669189453,141.29922485351562,83.48462677001953,5.220907688140869,108.6241226196289,101.37318420410156,17.93782615661621,23.655332565307617,171.71160888671875,40.301631927490234,36.4073486328125,52.028472900390625
2019-11-22,63.04499053955078,65.54474639892578,299.29998779296875,87.28600311279297,28.175283432006836,272.4445495605469,160.04119873046875,36.876224517822266,89.08002471923828,142.92025756835938,64.11497497558594,184.7509002685547,50.81731414794922,109.29220581054688,43.20953369140625,271.87481689453125,164.98895263671875,197.08926391601562,66.00111389160156,141.4031982421875,84.55355834960938,5.238544464111328,108.75390625,101.3310317993164,18.009382247924805,22.202667236328125,171.31076049804688,40.396278381347656,36.2554817199707,51.80445098876953
2019-11-25,64.150390625,66.84729766845703,305.2799987792969,88.69200134277344,28.42154312133789,272.20794677734375,158.95993041992188,37.36954879760742,88.89229583740234,144.26956176757812,64.70821380615234,185.06443786621094,51.87582015991211,109.87715911865234,43.36436462402344,276.72393798828125,163.92112731933594,198.05079650878906,66.19418334960938,142.9534454345703,84.15497589111328,5.494894981384277,108.55921173095703,101.51634216308594,17.77562141418457,22.422666549682617,172.74249267578125,40.1461296081543,36.12184143066406,51.4609375
2019-11-26,63.64947509765625,66.81681060791016,307.8999938964844,89.84700012207031,28.31964111328125,274.2013244628906,159.7758026123047,37.25444412231445,88.44927978515625,146.14892578125,65.07299041748047,187.06427001953125,51.95520782470703,110.02755737304688,43.91843032836914,278.4269714355469,165.73216247558594,197.23793029785156,67.4609375,143.70968627929688,84.54450988769531,5.390317916870117,110.07611083984375,102.99055480957031,17.8424072265625,21.92799949645996,174.2506866455078,40.490928649902344,36.20383834838867,51.3339729309082
2019-11-27,64.50444793701172,67.28145599365234,309.05999755859375,90.92549896240234,28.379079818725586,273.7645263671875,158.7633056640625,37.196876525878906,88.65950775146484,145.9947509765625,65.02986145019531,188.96234130859375,51.61118698120117,110.35344696044922,43.959171295166016,280.6592712402344,167.68841552734375,200.24156188964844,67.6694564819336,143.98379516601562,85.27826690673828,5.425120830535889,110.24645233154297,102.56936645507812,17.966449737548828,22.086000442504883,175.98794555664062,40.632911682128906,36.073238372802734,51.304100036621094
2019-11-29,64.3623275756836,66.82443237304688,309.5299987792969,90.04000091552734,28.294170379638672,272.8996887207031,160.11985778808594,37.25444412231445,87.95368194580078,146.09112548828125,64.63139343261719,186.85238647460938,51.2054328918457,110.1027603149414,43.83603286743164,281.169189453125,167.19833374023438,199.8847198486328,67.33731842041016,143.09530639648438,84.91040802001953,5.387831211090088,110.18153381347656,102.82205963134766,17.832870483398438,21.996000289916992,176.12155151367188,40.72756576538086,36.17346954345703,50.8784294128418
2019-12-02,63.61817932128906,66.29124450683594,302.75,89.08000183105469,28.3875732421875,270.6968994140625,158.2620086669922,36.75288772583008,87.70587921142578,145.1658477783203,63.876590728759766,184.40350341796875,50.86141586303711,109.86044311523438,44.123355865478516,275.627197265625,167.8000946044922,197.96157836914062,67.22920989990234,141.36537170410156,84.9739761352539,5.201642990112305,110.22213745117188,103.37805938720703,17.804241180419922,22.32466697692871,173.5252227783203,40.53825759887695,36.231178283691406,51.09499740600586
2019-12-03,62.48385238647461,65.46861267089844,303.9100036621094,88.49800109863281,27.886568069458008,269.1313171386719,158.82229614257812,36.407569885253906,87.02255249023438,143.1997528076172,64.16800689697266,181.33602905273438,49.45888900756836,108.4482192993164,44.164390563964844,276.2236328125,166.02914428710938,197.08926391601562,67.49181365966797,141.13851928710938,83.97492218017578,5.1621174812316895,109.88142395019531,103.57179260253906,17.913970947265625,22.413333892822266,173.63018798828125,40.65995407104492,36.04589080810547,50.691741943359375
2019-12-04,63.03535461425781,66.42072296142578,302.510009765625,88.03450012207031,28.149808883666992,269.9049377441406,153.7696990966797,36.086891174316406,87.8110122680664,142.91061401367188,65.36736297607422,182.58111572265625,49.414791107177734,110.58740997314453,44.56663131713867,275.9831848144531,167.05215454101562,196.98019409179688,68.48818969726562,141.64895629882812,85.11930847167969,5.205866813659668,111.3740005493164,104.90277099609375,18.176361083984375,22.20199966430664,172.38934326171875,40.92363357543945,36.05196762084961,51.26676940917969
2019-12-05,63.96012878417969,66.05509185791016,303.0299987792969,87.02400207519531,28.252260208129883,266.79205322265625,155.52931213378906,35.782676696777344,87.35295104980469,142.1010284423828,65.76485443115234,181.64308166503906,49.467708587646484,111.18909454345703,44.48454284667969,278.8791809082031,166.96621704101562,197.62452697753906,68.54998779296875,141.72457885742188,86.99933624267578,5.188963890075684,111.3698959350586,104.97858428955078,18.21929168701172,22.024667739868164,173.6206817626953,41.11970138549805,36.20452117919922,51.0875358581543
2019-12-06,65.19561004638672,66.2531509399414,306.2300109863281,87.58000183105469,28.747459411621094,268.4760437011719,155.32281494140625,36.04579544067383,88.6144790649414,142.3130645751953,66.38087463378906,182.73463439941406,50.11164474487305,112.84362030029297,44.6733512878418,279.40838623046875,167.94627380371094,199.29983520507812,68.62721252441406,143.4449920654297,88.09830474853516,5.274228096008301,112.20307922363281,104.61637115478516,18.224069595336914,22.392667770385742,173.88796997070312,41.36985778808594,36.54624557495117,51.90900802612305
2019-12-09,64.2828598022461,65.8418197631836,307.04998779296875,87.47550201416016,28.610855102539062,268.66705322265625,154.8018341064453,36.095115661621094,88.08131408691406,140.9155731201172,66.55929565429688,184.65335083007812,49.86465072631836,112.31717681884766,44.386043548583984,278.11920166015625,167.37026977539062,199.58731079101562,68.52682495117188,143.07632446289062,87.76224517822266,5.274228096008301,112.03971099853516,105.18917846679688,18.147735595703125,22.635332107543945,174.6038360595703,41.248146057128906,36.418113708496094,52.021018981933594
2019-12-10,64.65856170654297,65.93323516845703,304.1700134277344,86.96050262451172,28.627931594848633,269.2314453125,153.74020385742188,36.25957107543945,88.52436065673828,140.80955505371094,66.55435180664062,184.1161346435547,49.917572021484375,112.39237976074219,44.1397705078125,277.68609619140625,167.6023712158203,199.12136840820312,68.82032775878906,142.85894775390625,88.10738372802734,5.3192219734191895,111.3127212524414,104.68376159667969,18.157272338867188,23.256000518798828,173.97389221191406,41.396888732910156,36.35098648071289,51.572959899902344
2019-12-11,65.21006774902344,66.03986358642578,303.739990234375,87.43599700927734,28.72185516357422,268.7945556640625,153.73037719726562,36.407569885253906,87.2778549194336,142.24559020996094,66.62174987792969,180.7903289794922,50.34098815917969,112.12499237060547,44.287532806396484,279.0716552734375,167.4046630859375,200.4993133544922,68.72763061523438,143.39773559570312,88.26177978515625,5.402747631072998,111.99072265625,105.01228332519531,18.209753036499023,23.51333236694336,173.7352294921875,41.29548645019531,36.30827331542969,51.49826431274414
2019-12-12,65.3762435913086,67.58614349365234,305.9599914550781,88.0165023803711,29.609806060791016,270.6513671875,155.89297485351562,37.55044174194336,89.21519470214844,142.40943908691406,66.8318862915039,180.8244171142578,50.76438522338867,115.33381652832031,44.443504333496094,281.14990234375,168.77159118652344,195.03726196289062,69.18335723876953,144.85342407226562,88.75225067138672,5.570044994354248,112.05602264404297,104.93645477294922,18.295625686645508,23.978666305541992,174.33656311035156,41.35633087158203,36.54014587402344,52.528831481933594
2019-12-13,66.2649154663086,66.9082260131836,317.94000244140625,88.0469970703125,29.404890060424805,265.6723937988281,158.3898162841797,37.24622344970703,88.57691192626953,141.92465209960938,66.75159454345703,182.56407165527344,50.9760856628418,114.32268524169922,44.6733512878418,284.883056640625,169.46798706054688,192.42025756835938,69.3622055053711,146.07286071777344,88.79763793945312,5.568056583404541,112.67684173583984,105.69461822509766,18.2526912689209,23.892667770385742,176.72291564941406,41.112937927246094,36.701866149902344,51.69989776611328
2019-12-16,67.39923095703125,68.11932373046875,323.79998779296875,88.46050262451172,29.626882553100586,267.15618896484375,159.20567321777344,37.805328369140625,89.62818145751953,143.9413604736328,67.43701934814453,183.80062866210938,50.896697998046875,114.76557159423828,44.6733512878418,285.7200622558594,170.12139892578125,196.19708251953125,69.43997955322266,147.01812744140625,89.74219512939453,5.5968918800354,111.9580307006836,105.77043151855469,18.410123825073242,25.433332443237305,177.77291870117188,41.396888732910156,36.77813720703125,52.274932861328125
2019-12-17,67.53169250488281,68.61444854736328,322.8500061035156,89.53299713134766,29.917177200317383,269.0220947265625,158.8812713623047,38.18353271484375,89.0575180053711,143.23355102539062,67.14908599853516,185.66818237304688,50.543861389160156,115.4675064086914,44.6733512878418,284.7964782714844,168.95213317871094,196.66299438476562,69.23001098632812,146.22406005859375,90.50511169433594,5.674947738647461,111.23102569580078,105.55984497070312,18.367185592651367,25.266000747680664,177.08567810058594,41.57268524169922,37.00391387939453,52.03596115112305
2019-12-18,67.3703384399414,68.04315948486328,324.3800048828125,89.20149993896484,29.976938247680664,265.6723937988281,158.7338104248047,38.34798049926758,89.01993560791016,141.8083038330078,67.00138092041016,185.90701293945312,50.4291877746582,115.35053253173828,44.254695892333984,283.5841064453125,168.18699645996094,200.73719787597656,69.69662475585938,145.92161560058594,91.34069061279297,5.70527458190918,111.06766510009766,104.46473693847656,18.4816837310791,26.209999084472656,176.49383544921875,41.14674377441406,36.57066345214844,52.1778450012207
2019-12-19,67.437744140625,67.61658477783203,327.6300048828125,89.61399841308594,29.840330123901367,267.34722900390625,160.55238342285156,39.36751937866211,88.70458221435547,141.70166015625,67.22588348388672,187.80020141601562,51.12604522705078,114.77397155761719,44.59125900268555,286.2685241699219,169.41641235351562,204.26622009277344,69.98436737060547,147.18826293945312,91.86746978759766,5.853184223175049,111.4760971069336,105.2313003540039,18.57232666015625,26.93600082397461,178.05926513671875,41.10617446899414,36.637786865234375,51.81938934326172
2019-12-20,67.29808807373047,68.01271057128906,327.6099853515625,89.32499694824219,29.848867416381836,268.36663818359375,161.75164794921875,39.01398468017578,89.86848449707031,142.40945434570312,66.96717071533203,188.62734985351562,51.99931716918945,114.68204498291016,45.12484359741211,287.26922607421875,169.48519897460938,204.50411987304688,71.22090911865234,148.79519653320312,90.78665924072266,5.950380802154541,112.66053009033203,105.60194396972656,18.67728042602539,27.03933334350586,179.4528350830078,41.96479797363281,36.701866149902344,52.23012161254883
2019-12-23,68.39629364013672,68.74391174316406,328.95001220703125,89.6500015258789,30.028165817260742,266.983154296875,160.95538330078125,39.54840850830078,90.35658264160156,140.2764129638672,66.93795013427734,186.93882751464844,52.246299743652344,114.64859008789062,45.075599670410156,286.0184631347656,168.67703247070312,204.3851776123047,71.34534454345703,148.79519653320312,90.85934448242188,5.936708927154541,111.94169616699219,105.21443939208984,18.639116287231445,27.947999954223633,178.57472229003906,41.5118293762207,36.317420959472656,52.49148941040039
2019-12-24,68.4612808227539,68.4392318725586,329.6400146484375,89.46050262451172,30.07086181640625,267.82061767578125,160.47372436523438,39.285301208496094,90.36408996582031,140.8678436279297,66.63066101074219,188.1839141845703,52.405067443847656,114.96614837646484,44.91141128540039,286.22039794921875,169.08111572265625,203.3343963623047,71.11203002929688,148.76686096191406,90.95016479492188,5.931736946105957,111.81916809082031,105.48401641845703,18.586637496948242,28.350000381469727,179.0424346923828,41.430694580078125,36.46387481689453,52.28986358642578
2019-12-26,69.8196029663086,68.42401123046875,331.20001220703125,93.4384994506836,30.32699966430664,269.1859130859375,161.7122802734375,39.34286117553711,90.55931854248047,141.26535034179688,67.52472686767578,188.31182861328125,52.76673126220703,116.18616485595703,45.1658935546875,287.8752746582031,169.41641235351562,205.9811553955078,71.03424835205078,149.9862823486328,91.46784210205078,5.945904731750488,111.65579223632812,105.48401641845703,18.682052612304688,28.729333877563477,180.5601806640625,41.43745040893555,36.466922760009766,52.37201690673828
2019-12-27,69.79310607910156,67.94412231445312,330.7900085449219,93.48999786376953,30.181846618652344,267.71136474609375,162.17428588867188,39.27708053588867,90.33404541015625,141.3138427734375,67.13670349121094,187.5869903564453,52.9960823059082,116.26971435546875,45.43678283691406,289.3570251464844,170.37069702148438,206.28846740722656,71.15869903564453,150.26040649414062,92.2489242553711,5.888232231140137,112.3501205444336,106.21690368652344,18.72021484375,28.691999435424805,180.77972412109375,41.59971237182617,36.48827362060547,52.19278335571289
2019-12-30,70.20732879638672,67.42616271972656,328.3399963378906,92.34449768066406,30.011093139648438,268.6488342285156,159.67750549316406,39.12908172607422,89.99612426757812,139.3940887451172,66.39674377441406,185.318603515625,52.59031295776367,115.8435287475586,45.37111282348633,286.4512634277344,169.2873992919922,202.63058471679688,70.79316711425781,148.96539306640625,91.54959106445312,5.775126934051514,111.7538070678711,104.85224151611328,18.624807357788086,27.64666748046875,179.29063415527344,41.383365631103516,36.43030548095703,51.8865966796875
2019-12-31,70.72030639648438,67.44142150878906,329.80999755859375,92.39199829101562,30.07086181640625,267.5384216308594,159.8740997314453,39.433311462402344,90.4917221069336,140.22793579101562,66.38087463378906,186.23109436035156,52.7932014465332,116.48699951171875,45.43678283691406,287.2884521484375,169.88926696777344,203.46327209472656,70.73097229003906,149.06932067871094,92.01277160644531,5.849206447601318,111.63944244384766,105.21443939208984,18.643888473510742,27.8886661529541,179.35748291015625,41.5118293762207,36.25944900512695,52.110633850097656
2020-01-02,72.3338851928711,68.21073913574219,334.42999267578125,94.90049743652344,30.42945098876953,265.3265075683594,164.1501007080078,40.10417556762695,91.18256378173828,143.6892547607422,67.83251190185547,187.3225860595703,53.66646957397461,117.89917755126953,45.14126205444336,291.90679931640625,172.6231689453125,207.95384216308594,71.57864379882812,151.8295440673828,92.82112121582031,5.963804244995117,110.94515991210938,103.95930480957031,18.538936614990234,28.68400001525879,182.4310760498047,41.27519607543945,36.28996276855469,52.9470329284668
2020-01-03,71.63065338134766,67.56328582763672,331.80999755859375,93.74849700927734,29.797643661499023,265.5449523925781,163.3440704345703,39.44987106323242,90.86720275878906,142.041015625,67.47765350341797,186.70005798339844,53.01372146606445,116.3433609008789,44.89499282836914,289.0586853027344,172.0127716064453,206.85350036621094,70.9642562866211,149.9390411376953,92.56678009033203,5.868346691131592,110.78994750976562,103.26012420654297,18.63434410095215,29.534000396728516,180.98019409179688,40.83573913574219,35.96958923339844,52.521366119384766
2020-01-06,72.201416015625,68.09646606445312,333.7099914550781,95.14399719238281,29.75494956970215,265.61773681640625,170.5002899169922,39.59066390991211,90.55931854248047,141.21685791015625,69.27620697021484,187.57846069335938,52.863765716552734,116.2508544921875,44.878570556640625,289.82855224609375,173.94712829589844,210.74929809570312,71.26756286621094,150.32656860351562,92.48506927490234,5.892956733703613,111.21465301513672,103.40333557128906,18.653427124023438,30.1026668548584,180.58883666992188,40.74784851074219,35.8963623046875,52.92463302612305
2020-01-07,71.8618392944336,67.70801544189453,333.3900146484375,95.34300231933594,29.558578491210938,265.1991271972656,173.00689697265625,39.33391189575195,89.40291595458984,141.26535034179688,69.14240264892578,186.35043334960938,51.98168182373047,114.27452850341797,44.533809661865234,288.8470764160156,174.20504760742188,211.20529174804688,69.37000274658203,148.9559326171875,92.43963623046875,5.964301109313965,109.46662902832031,102.76309967041016,18.724992752075195,31.270666122436523,180.1115264892578,40.29486846923828,35.56379318237305,52.49148941040039
2020-01-08,73.0177993774414,68.1878662109375,337.8699951171875,94.59850311279297,29.857402801513672,268.23919677734375,174.3142852783203,39.358760833740234,88.38169860839844,140.97447204589844,69.6345443725586,189.1390380859375,52.01696014404297,115.16596221923828,44.61589050292969,293.9436340332031,177.0249481201172,213.34646606445312,68.90337371826172,151.32858276367188,92.23076629638672,5.9754862785339355,110.0302505493164,103.20114135742188,18.78223419189453,32.80933380126953,183.19471740722656,40.369224548339844,35.44175338745117,51.69989776611328
2020-01-09,74.56877899169922,68.71343994140625,340.45001220703125,95.05249786376953,29.90863037109375,272.5447692871094,176.54568481445312,39.193111419677734,88.23900604248047,140.42184448242188,70.36556243896484,192.03846740722656,52.30805206298828,115.58648681640625,45.42857360839844,297.79736328125,179.1226348876953,216.39967346191406,69.50997161865234,153.2191162109375,92.16716766357422,6.04111385345459,110.10374450683594,104.32994842529297,18.839765548706055,32.089332580566406,184.46424865722656,40.20186996459961,35.8078727722168,52.09568786621094
2020-01-10,74.73737335205078,67.83747863769531,339.80999755859375,94.15799713134766,29.661041259765625,270.5604248046875,177.1354522705078,39.035743713378906,87.43553924560547,140.21823120117188,70.82003021240234,191.2113037109375,51.99049758911133,114.43429565429688,45.58454513549805,299.79168701171875,178.1941375732422,216.16175842285156,69.62663269042969,152.51014709472656,91.64041137695312,6.073429107666016,109.89140319824219,104.43103790283203,18.728084564208984,31.876667022705078,184.9605712890625,40.297508239746094,35.50886535644531,51.632686614990234
2020-01-13,76.3340835571289,67.42616271972656,345.6300048828125,94.56500244140625,29.934246063232422,272.954345703125,180.72341918945312,39.73147201538086,87.60074615478516,139.50076293945312,71.36865234375,190.46087646484375,52.56386184692383,115.3846206665039,46.07708740234375,303.6839904785156,177.54078674316406,219.97825622558594,69.611083984375,154.34397888183594,92.78478240966797,6.263846397399902,111.52509307861328,105.19761657714844,18.499874114990234,34.990665435791016,186.4496612548828,40.40681076049805,35.3563117980957,52.125572204589844
2020-01-14,75.30333709716797,68.09008026123047,344.6300048828125,93.47200012207031,30.156238555908203,272.8451232910156,179.02281188964844,39.58238220214844,87.33040618896484,140.78057861328125,70.90081024169922,190.00889587402344,52.422725677490234,116.73023223876953,45.970375061035156,299.28106689453125,178.23715209960938,217.153076171875,69.93769836425781,153.25689697265625,93.47502136230469,6.147011756896973,111.7864990234375,105.03756713867188,18.495019912719727,35.861331939697266,187.13694763183594,40.33165740966797,35.44784164428711,51.677494049072266
2020-01-15,74.98063659667969,68.90840911865234,342.94000244140625,93.10099792480469,29.601268768310547,273.8190002441406,177.98081970214844,39.76460266113281,87.20276641845703,139.9273681640625,71.32752227783203,191.52682495117188,51.99049758911133,114.98096466064453,46.54500198364258,302.7591857910156,180.3434600830078,219.224853515625,71.18980407714844,154.24940490722656,93.35694885253906,6.1045026779174805,113.70610809326172,106.10740661621094,18.388193130493164,34.56666564941406,190.71646118164062,40.372657775878906,35.173248291015625,51.595359802246094
2020-01-16,75.91985321044922,68.90840911865234,345.3800048828125,93.89700317382812,29.643957138061523,275.8306579589844,179.58309936523438,40.62599182128906,87.77345275878906,140.70301818847656,71.8707275390625,195.1340789794922,52.62559509277344,115.42665100097656,46.64350509643555,308.5877380371094,181.27197265625,219.83946228027344,70.90982818603516,157.07583618164062,93.88373565673828,6.188027858734131,114.04097747802734,106.20006561279297,18.465885162353516,34.232666015625,191.81414794921875,40.76203155517578,35.36241149902344,51.39371871948242
2020-01-17,76.76036071777344,67.93570709228516,349.739990234375,93.23600006103516,29.635421752929688,277.3326110839844,179.13092041015625,40.60114288330078,86.7897720336914,139.93707275390625,73.32579803466797,197.76919555664062,52.57267379760742,116.22564697265625,46.74201202392578,311.8250427246094,182.24342346191406,220.20626831054688,70.74651336669922,157.9549560546875,94.93727111816406,6.196727752685547,115.38883972167969,106.48646545410156,18.63582992553711,34.03333282470703,195.39361572265625,41.076271057128906,35.07561492919922,51.19955825805664
2020-01-21,76.24018096923828,67.927978515625,350.0,94.5999984741211,29.251209259033203,285.1424560546875,182.11923217773438,40.4189338684082,85.08519744873047,139.19049072265625,73.46110534667969,198.6560821533203,53.410648345947266,115.08185577392578,46.93082809448242,310.158203125,181.5384521484375,219.51234436035156,69.96881866455078,157.3877716064453,94.98268127441406,6.163417816162109,115.8789291381836,106.21690368652344,18.703813552856445,36.47999954223633,197.86587524414062,41.2060661315918,35.26782989501953,50.467708587646484
2020-01-22,76.5123291015625,67.3258285522461,350.05999755859375,94.37300109863281,29.336591720581055,283.8954162597656,179.64210510253906,40.64257049560547,84.77734375,139.62680053710938,73.54138946533203,198.6134796142578,55.33362579345703,114.9472885131836,47.292015075683594,312.4512634277344,181.77919006347656,219.3933868408203,69.71994018554688,156.63157653808594,94.90093994140625,6.21735954284668,117.12053680419922,106.4022216796875,18.956302642822266,37.97066879272461,198.4481658935547,41.31536865234375,35.423439025878906,50.17646026611328
2020-01-23,76.88077545166016,65.82814025878906,351.760009765625,94.22899627685547,29.131685256958008,284.7965393066406,180.85118103027344,40.584571838378906,84.92750549316406,137.87188720703125,73.58203125,199.2530517578125,55.85405349731445,114.82955932617188,47.472618103027344,313.09674072265625,183.4813690185547,217.8469696044922,68.87225341796875,157.59573364257812,93.56586456298828,6.285721778869629,117.34112548828125,105.91582489013672,18.757217407226562,38.14666748046875,197.1309356689453,41.33586120605469,35.3349494934082,49.86280822753906
2020-01-24,76.65921020507812,64.49259185791016,351.3699951171875,93.08200073242188,28.636470794677734,282.639404296875,179.01300048828125,40.460330963134766,83.9888916015625,135.81642150878906,72.6641845703125,197.84597778320312,60.39684295654297,111.97860717773438,47.34947967529297,311.8346252441406,181.6072540283203,216.04283142089844,66.86581420898438,156.00765991210938,92.66670227050781,6.226559162139893,116.74478912353516,106.04292297363281,18.69409942626953,37.654666900634766,195.6800537109375,41.178741455078125,34.89559555053711,49.52676010131836
2020-01-27,74.40501403808594,64.86314392089844,346.8999938964844,91.41699981689453,28.047346115112305,281.6745300292969,177.63682556152344,39.31734848022461,82.8925552368164,131.76364135742188,70.95731353759766,197.1551971435547,57.94462203979492,111.03666687011719,47.185306549072266,304.2234802246094,179.9738006591797,212.99951171875,66.95915222167969,153.398681640625,91.04096221923828,5.971012592315674,116.10765838623047,106.50899505615234,18.572710037231445,37.201332092285156,192.52053833007812,40.92599105834961,35.35021209716797,48.34684371948242
2020-01-28,76.50990295410156,64.67013549804688,354.6300048828125,92.6624984741211,28.380332946777344,282.94873046875,179.7404022216797,39.56581497192383,83.44073486328125,134.158447265625,71.8875503540039,199.4321746826172,59.37360382080078,113.05506134033203,46.79947280883789,308.5589294433594,180.87649536132812,215.8941192626953,67.07579803466797,156.4046630859375,91.19538879394531,6.164162635803223,116.35269927978516,106.79712677001953,18.732942581176758,37.793331146240234,193.62782287597656,41.46565246582031,35.575992584228516,48.27963638305664
2020-01-29,78.1114273071289,64.23011779785156,351.6600036621094,92.9000015258789,28.183956146240234,281.792724609375,178.67874145507812,38.969482421875,82.87754821777344,131.9187469482422,72.19483947753906,199.56858825683594,58.50916290283203,112.8868637084961,46.79947280883789,308.6070861816406,184.3583526611328,221.28675842285156,67.84573364257812,158.8434600830078,90.67768096923828,6.103756904602051,115.77274322509766,105.97513580322266,17.990034103393555,38.732666015625,195.5464324951172,40.66639709472656,35.359378814697266,47.87636947631836
2020-01-30,77.99822235107422,63.13389205932617,356.739990234375,93.53399658203125,28.585243225097656,281.692626953125,182.512451171875,39.12685012817383,83.65097045898438,133.61549377441406,72.07340240478516,198.51968383789062,58.63264083862305,114.28295135498047,48.31814956665039,312.5957336425781,185.85421752929688,207.70602416992188,67.2702407836914,163.32408142089844,89.17908477783203,6.11046838760376,117.48812103271484,106.72933197021484,18.174549102783203,42.72066879272461,198.7440948486328,40.55027770996094,35.56989288330078,48.38417434692383
2020-01-31,74.53988647460938,62.547157287597656,351.1400146484375,100.43599700927734,28.0302791595459,278.0971374511719,179.20956420898438,38.07497024536133,80.45211029052734,134.10028076171875,71.00935363769531,194.52012634277344,56.39213180541992,111.31419372558594,47.94053649902344,304.38720703125,183.95428466796875,200.15232849121094,66.44588470458984,160.9136199951172,87.46255493164062,5.87729549407959,116.00960540771484,105.60228729248047,18.266803741455078,43.371334075927734,189.9241180419922,40.604915618896484,34.93220901489258,46.39027404785156
2020-02-03,74.3351821899414,63.53532028198242,358.0,100.20999908447266,28.14980697631836,274.8930969238281,182.26669311523438,38.53879165649414,79.80635833740234,137.01866149902344,73.47844696044922,197.45364379882812,56.8243522644043,112.1635971069336,48.08829879760742,312.65362548828125,184.99449157714844,202.41249084472656,67.92352294921875,164.83648681640625,90.15995788574219,5.974244594573975,116.40989685058594,106.01750946044922,17.946334838867188,52.0,191.68052673339844,39.65537643432617,34.865081787109375,45.35222625732422
2020-02-04,76.78926849365234,65.12561798095703,366.739990234375,102.4834976196289,28.704784393310547,277.5328369140625,185.1370086669922,39.44158172607422,80.23435974121094,140.32489013671875,71.63529205322266,200.40431213378906,57.741729736328125,113.77833557128906,48.30173110961914,317.0853576660156,184.5130615234375,208.00340270996094,68.71672821044922,170.26235961914062,92.07635498046875,6.143281936645508,116.98988342285156,106.48357391357422,18.27166175842285,59.137332916259766,194.30548095703125,39.81932067871094,35.17019271850586,44.784671783447266
2020-02-05,77.4154052734375,66.8780517578125,365.54998779296875,101.99349975585938,29.635421752929688,281.2193298339844,182.33551025390625,40.129032135009766,82.8099594116211,137.067138671875,71.66700744628906,203.05650329589844,59.40006637573242,115.71259307861328,48.309932708740234,316.3146667480469,184.2981414794922,208.28097534179688,66.74919128417969,170.05435180664062,91.3134536743164,6.233518123626709,117.8720474243164,107.45809173583984,18.35905647277832,48.97999954223633,193.58963012695312,40.393150329589844,35.64007568359375,46.84579849243164
2020-02-06,78.32096099853516,67.30266571044922,367.4599914550781,102.5114974975586,29.601268768310547,283.3264465332031,183.55442810058594,40.327816009521484,82.21674346923828,138.356689453125,73.14987182617188,203.67901611328125,59.470977783203125,115.72946166992188,48.424869537353516,317.25872802734375,183.00856018066406,209.01451110839844,66.63253021240234,173.5802764892578,91.06820678710938,6.320273399353027,117.89657592773438,107.73771667480469,18.664960861206055,49.930667877197266,193.8091278076172,40.604915618896484,35.487518310546875,46.21103286743164
2020-02-07,77.25637817382812,71.24755859375,366.0899963378906,103.96399688720703,29.550033569335938,286.0811462402344,182.5615997314453,39.73147201538086,81.80377197265625,136.72779846191406,73.30548095703125,202.36570739746094,58.522483825683594,115.359375,48.589046478271484,315.0428161621094,181.9253387451172,210.48162841796875,66.1659164428711,173.8260040283203,90.31439208984375,6.254151821136475,118.74604797363281,106.83948516845703,18.669816970825195,49.871334075927734,193.52276611328125,40.946475982666016,35.53023147583008,45.904850006103516
2020-02-10,77.6233139038086,73.14665985107422,370.0,106.69550323486328,29.61833953857422,286.2270202636719,185.9037628173828,40.476905822753906,82.44203186035156,138.25001525878906,74.7699966430664,205.18841552734375,58.850467681884766,115.83875274658203,49.04874801635742,318.2028503417969,183.30088806152344,211.20529174804688,66.61695861816406,178.37277221679688,90.84115600585938,6.537041187286377,118.98298645019531,106.9157485961914,18.61641502380371,51.41866683959961,196.62501525878906,41.15141677856445,35.164093017578125,45.42005920410156
2020-02-11,77.15497589111328,74.11164855957031,369.2799987792969,107.54000091552734,29.686643600463867,283.3901672363281,185.89393615722656,40.692256927490234,83.50829315185547,136.7180938720703,74.83939361572266,206.06678771972656,59.7546501159668,116.05741882324219,48.91739273071289,318.819580078125,185.46739196777344,205.38638305664062,66.2981185913086,174.34593200683594,90.84115600585938,6.65934419631958,119.3260498046875,105.21248626708984,18.533863067626953,51.62533187866211,194.668212890625,40.09257125854492,35.209869384765625,45.851829528808594
2020-02-12,78.98722839355469,75.4935302734375,374.2900085449219,108.0,29.814716339111328,287.44024658203125,186.2379913330078,41.354854583740234,84.13155364990234,137.53253173828125,75.26411437988281,206.02415466308594,59.79895782470703,116.05741882324219,48.76964569091797,321.94110107421875,186.9547119140625,208.92532348632812,64.74274444580078,174.6011505126953,93.54769897460938,6.774937152862549,119.3260498046875,104.61084747314453,18.470739364624023,51.15266799926758,198.0090789794922,39.77833938598633,35.34715270996094,46.41238021850586
2020-02-13,78.42477416992188,73.60987091064453,374.8399963378906,107.49349975585938,29.806182861328125,290.24969482421875,185.43194580078125,39.193111419677734,83.84622192382812,136.6114501953125,75.00443267822266,206.68081665039062,59.781246185302734,115.95650482177734,48.93381881713867,323.5596008300781,186.92031860351562,211.2845916748047,63.74728775024414,173.6558837890625,93.88373565673828,6.731184005737305,119.64464569091797,105.89038848876953,18.60184097290039,53.599998474121094,198.25762939453125,40.065250396728516,35.832279205322266,46.15482711791992
2020-02-14,78.44406127929688,72.60629272460938,379.6700134277344,106.74349975585938,29.75494956970215,290.35009765625,186.71963500976562,38.90322494506836,83.62589263916016,135.29283142089844,75.26907348632812,208.95774841308594,59.63053512573242,115.603271484375,49.21292495727539,328.4826965332031,186.63658142089844,212.31553649902344,64.27611541748047,175.20611572265625,94.03813171386719,7.2037458419799805,120.06941223144531,106.89031219482422,18.572710037231445,53.33533477783203,201.02020263671875,39.9696159362793,35.96958923339844,45.94273376464844
2020-02-18,77.00772094726562,72.26660919189453,378.8500061035156,107.78350067138672,29.259742736816406,293.7615661621094,187.84027099609375,38.58847427368164,83.74744415283203,134.90504455566406,75.30426025390625,208.0282440185547,58.62885665893555,114.07266998291016,48.86814498901367,328.7621765136719,185.82847595214844,215.90402221679688,64.12835693359375,176.98321533203125,92.63945770263672,7.372286796569824,118.9339599609375,105.81414031982422,18.577564239501953,57.22666549682617,201.89010620117188,39.55973815917969,36.500484466552734,45.35944747924805
2020-02-19,78.12300872802734,72.67576599121094,383.2799987792969,108.51100158691406,29.643957138061523,294.6462707519531,189.58999633789062,38.33999252319336,84.12728881835938,136.999267578125,75.57337951660156,207.77236938476562,59.48871994018555,115.62850952148438,49.06516647338867,331.9607238769531,185.38145446777344,215.5967254638672,63.770633697509766,177.5140380859375,93.05724334716797,7.822970390319824,118.87677764892578,106.29714965820312,18.664960861206055,61.16133117675781,203.90711975097656,39.77149963378906,35.905517578125,45.70790481567383
2020-02-20,77.32154846191406,72.7452392578125,378.9599914550781,107.65499877929688,29.75494956970215,295.61322021484375,190.07168579101562,38.80382537841797,83.42078399658203,136.09759521484375,75.18284606933594,210.65478515625,58.0172233581543,115.62850952148438,49.02411651611328,331.8547668457031,184.90853881835938,212.71205139160156,64.15169525146484,174.80319213867188,93.12081146240234,7.673820495605469,118.57452392578125,107.26318359375,18.747509002685547,59.96066665649414,202.1291046142578,39.68270492553711,35.908573150634766,45.344303131103516
2020-02-21,75.57136535644531,73.30876922607422,372.95001220703125,104.79850006103516,29.336591720581055,293.67034912109375,186.2772979736328,38.3482780456543,82.81304168701172,134.7401885986328,73.52107238769531,209.2220916748047,57.03327941894531,114.21562957763672,49.360687255859375,327.2784423828125,185.5877685546875,208.350341796875,64.0350341796875,169.27719116210938,91.05004119873047,7.3101396560668945,119.1381607055664,107.36486053466797,18.71837615966797,60.06666564941406,199.60548400878906,39.757850646972656,36.180118560791016,44.79131317138672
2020-02-24,71.98169708251953,71.90376281738281,357.4100036621094,100.4645004272461,27.944894790649414,286.0720520019531,182.77786254882812,36.44328308105469,79.54640197753906,128.9615936279297,70.3690185546875,204.41241455078125,54.74627685546875,111.14601135253906,48.145755767822266,312.79803466796875,183.56741333007812,198.9727020263672,63.24959182739258,161.97874450683594,87.10836029052734,6.793332576751709,116.51606750488281,104.48371124267578,18.475597381591797,55.58599853515625,190.02716064453125,39.61438751220703,35.490562438964844,42.69302749633789
2020-02-25,69.54351806640625,68.84664916992188,347.79998779296875,98.63700103759766,26.536121368408203,278.09063720703125,178.1873016357422,35.39970016479492,76.50768280029297,124.2883071899414,68.7067642211914,202.4339599609375,52.94681167602539,106.18411254882812,47.46440887451172,291.8144836425781,182.3466339111328,195.05711364746094,62.425228118896484,159.3057861328125,84.37458038330078,6.514171123504639,115.25811004638672,102.89909362792969,18.135704040527344,53.32733154296875,180.09518432617188,39.02006912231445,34.901702880859375,41.05682373046875
2020-02-26,70.6467514038086,68.2522201538086,351.3399963378906,98.97949981689453,26.15190887451172,278.8385925292969,175.82806396484375,34.9193000793457,74.47931671142578,119.60530853271484,68.91243743896484,200.6431121826172,52.87589645385742,106.50369262695312,47.2838020324707,287.141845703125,180.62716674804688,195.48333740234375,62.16857147216797,161.29624938964844,83.55716705322266,6.653378486633301,115.9769515991211,101.82290649414062,18.01431655883789,51.91999816894531,178.9576416015625,39.033721923828125,34.71559524536133,40.15538024902344
2020-02-27,66.02869415283203,65.94395446777344,337.5199890136719,94.21499633789062,24.871212005615234,267.3818054199219,169.22235107421875,33.16340255737305,71.50895690917969,114.4472427368164,65.16962432861328,191.64620971679688,49.489723205566406,102.07166290283203,45.09201431274414,275.36871337890625,172.80368041992188,188.09820556640625,60.722076416015625,149.93148803710938,80.42375946044922,6.283013820648193,111.39440155029297,96.17924499511719,17.34909439086914,45.266666412353516,172.07501220703125,37.61283493041992,33.68431091308594,37.73894500732422
2020-02-28,65.99006652832031,66.1678237915039,345.1199951171875,94.1875,24.333314895629883,256.4449768066406,167.50213623046875,33.072288513183594,70.90882110595703,114.0691146850586,66.37395477294922,185.7705078125,49.21492004394531,97.64802551269531,43.909912109375,279.63665771484375,167.97647094726562,190.79454040527344,59.54000473022461,153.56175231933594,81.40280151367188,6.7175517082214355,107.84927368164062,95.95048522949219,17.101459503173828,44.53266525268555,173.74786376953125,36.99802017211914,32.854400634765625,38.966087341308594
2020-03-02,72.13377380371094,68.4683609008789,360.2799987792969,97.69750213623047,25.076120376586914,281.985595703125,173.7539825439453,34.09933090209961,73.3777847290039,116.32818603515625,68.7067642211914,196.08926391601562,51.572845458984375,102.19781494140625,45.904693603515625,295.52362060546875,175.2259521484375,194.72998046875,63.280670166015625,163.77963256835938,84.40827941894531,6.87574577331543,112.38282012939453,101.31444549560547,18.05315589904785,49.574668884277344,183.85191345214844,39.15668869018555,35.3563117980957,40.814414978027344
2020-03-03,69.84288024902344,67.6037368774414,348.3399963378906,95.44950103759766,23.692964553833008,276.138671875,166.48960876464844,33.16340255737305,71.70648956298828,112.90563201904297,66.29812622070312,194.3836212158203,49.61382293701172,98.36288452148438,46.019622802734375,281.3226623535156,172.59605407714844,184.2718048095703,61.538639068603516,155.93138122558594,82.81449890136719,6.613582134246826,110.74909210205078,100.1365966796875,17.625864028930664,49.70066833496094,177.5428466796875,38.05002975463867,34.45014190673828,38.86004638671875
2020-03-04,73.0824966430664,70.83067321777344,363.8500061035156,98.79149627685547,24.23940086364746,292.56658935546875,172.7021484375,34.28153991699219,74.8515625,115.55254364013672,68.47283935546875,205.5892791748047,52.01605987548828,100.79335021972656,48.367401123046875,291.3038024902344,179.0929718017578,190.09068298339844,64.52498626708984,161.6564483642578,85.41922760009766,7.076723098754883,116.31187438964844,105.50059509277344,18.538719177246094,49.96666717529297,185.72555541992188,39.70318603515625,35.62786102294922,39.70845031738281
2020-03-05,70.7119140625,69.95060729980469,351.0299987792969,96.20149993896484,23.010671615600586,288.0240783691406,166.71575927734375,32.77412033081055,73.8335952758789,110.51081085205078,65.16020965576172,200.24229431152344,50.49137878417969,95.8482894897461,46.577842712402344,280.0990905761719,171.56661987304688,183.55809020996094,63.44400405883789,157.5996551513672,82.4957046508789,6.797643661499023,113.56925964355469,103.0685806274414,18.05315589904785,48.30266571044922,178.71864318847656,39.047393798828125,35.36851501464844,37.95861053466797
2020-03-06,69.7728500366211,68.56874084472656,336.7699890136719,95.05449676513672,22.091272354125977,283.9922180175781,161.2896270751953,32.86521911621094,72.4129867553711,111.76154327392578,64.21757507324219,194.8697509765625,49.436527252197266,90.89482879638672,45.362911224365234,276.5151062011719,172.0337677001953,179.5135955810547,63.92615509033203,153.14474487304688,80.47386169433594,6.617313385009766,112.87844848632812,103.09400939941406,17.980327606201172,46.89866638183594,176.2332763671875,38.84929275512695,35.76821517944336,36.12544631958008
2020-03-09,64.25438690185547,65.82814025878906,305.7900085449219,90.03050231933594,18.843320846557617,275.4544677734375,148.6385040283203,31.44062614440918,61.28362274169922,101.17391204833984,60.25520706176758,179.47698974609375,45.075260162353516,78.5826416015625,42.57185745239258,252.42926025390625,161.6525421142578,168.02447509765625,61.40644454956055,142.76573181152344,76.60318756103516,6.104921340942383,107.03965759277344,98.34858703613281,16.844112396240234,40.53333282470703,163.58642578125,38.13882827758789,35.746849060058594,31.709196090698242
2020-03-10,68.88207244873047,67.57286071777344,332.3800048828125,94.59100341796875,20.2868595123291,282.22265625,158.59620666503906,33.196529388427734,64.557861328125,108.06751251220703,63.19811248779297,192.47341918945312,47.84981155395508,84.68826293945312,44.049461364746094,270.3106384277344,172.8988800048828,176.6388397216797,63.78619384765625,152.5286407470703,80.41920471191406,6.493940830230713,110.31269836425781,102.15339660644531,17.407360076904297,43.02199935913086,174.55087280273438,38.61018371582031,36.5493049621582,32.883323669433594
2020-03-11,66.48977661132812,65.50389862060547,315.2300109863281,91.04299926757812,19.479162216186523,271.30413818359375,151.94134521484375,30.686904907226562,63.07648849487305,102.29861450195312,60.012847900390625,182.76388549804688,45.793270111083984,80.70195770263672,42.859161376953125,259.8959045410156,162.8550567626953,168.758056640625,61.63197326660156,145.6187744140625,76.50299072265625,6.130540370941162,106.70247650146484,94.56073760986328,16.761566162109375,42.28200149536133,165.32620239257812,37.455711364746094,34.91390609741211,31.800090789794922
2020-03-12,59.923580169677734,60.686649322509766,285.0,83.83049774169922,17.623188018798828,255.26834106445312,138.1990966796875,27.498123168945312,57.93342590332031,89.01557922363281,55.089012145996094,163.61953735351562,40.3682861328125,74.04969024658203,38.713619232177734,232.66928100585938,147.17942810058594,153.1253204345703,57.8990592956543,131.80848693847656,67.57762908935547,5.380360126495361,94.85213470458984,86.29864501953125,15.212626457214355,37.369998931884766,153.02357482910156,34.97596740722656,31.746837615966797,28.16407012939453
2020-03-13,67.10291290283203,65.90534973144531,335.5,89.25,20.759437561035156,275.71893310546875,145.26681518554688,31.175586700439453,63.37275695800781,99.39961242675781,60.17987823486328,176.56558227539062,48.24870681762695,87.38787078857422,40.137962341308594,260.1367492675781,153.23516845703125,168.7976837158203,60.18083190917969,150.54759216308594,68.83446502685547,5.990502834320068,104.8110122680664,96.66226959228516,16.737287521362305,36.44133377075195,168.07925415039062,37.004852294921875,34.813209533691406,28.876115798950195
2020-03-16,58.47034454345703,57.336177825927734,286.0299987792969,84.4574966430664,17.56304359436035,258.3058166503906,122.18611145019531,27.920536041259766,52.94989776611328,92.11819458007812,53.17845916748047,141.6165313720703,39.54389953613281,74.31037902832031,37.47975540161133,227.033203125,128.90853881835938,144.73895263671875,54.82533645629883,128.35833740234375,60.82898712158203,4.885130882263184,93.00178527832031,91.94227600097656,15.445696830749512,29.67133331298828,145.3092498779297,34.83251190185547,32.57369613647461,26.126371383666992
2020-03-17,61.041290283203125,56.37118911743164,311.80999755859375,90.39199829101562,18.88628387451172,280.02447509765625,133.11700439453125,29.403120040893555,53.701995849609375,90.68324279785156,55.41165542602539,149.0681915283203,44.392704010009766,78.85176086425781,39.0697021484375,229.18161010742188,127.70603942871094,148.11929321289062,58.40089797973633,138.9269256591797,63.60676956176758,5.404237747192383,105.03306579589844,100.19590759277344,16.382827758789062,28.68000030517578,150.93008422851562,37.100494384765625,36.38758850097656,27.883785247802734
2020-03-18,59.54700469970703,54.83492660522461,294.6099853515625,91.5,17.863779067993164,280.48968505859375,129.9910888671875,30.744888305664062,41.820552825927734,86.09721374511719,54.079959869384766,133.6068115234375,42.20321273803711,70.5511245727539,37.14023208618164,219.59547424316406,118.77823638916016,145.68069458007812,56.166168212890625,133.07864379882812,61.96741485595703,5.0448174476623535,99.44094848632812,99.52645111083984,15.950676918029785,24.08133316040039,141.9348602294922,37.107322692871094,37.40055465698242,25.088592529296875
2020-03-19,59.09075164794922,54.85807800292969,307.510009765625,94.04650115966797,18.216068267822266,278.4097900390625,137.08831787109375,31.23354721069336,43.59820556640625,92.04063415527344,55.0949592590332,138.3284454345703,40.722862243652344,71.73695373535156,34.63938903808594,218.84397888183594,129.3324432373047,151.7969970703125,55.4604606628418,135.26820373535156,64.06214141845703,5.297280788421631,96.49687194824219,93.9167251586914,15.12522029876709,28.50933265686035,145.53872680664062,36.62913513183594,36.60682678222656,26.08092498779297
2020-03-20,55.33934020996094,53.12879943847656,295.3399963378906,92.30449676513672,16.901418685913086,264.9098205566406,136.9801788330078,29.485942840576172,45.117576599121094,83.363037109375,52.941062927246094,130.61924743652344,40.62535858154297,70.22315979003906,31.7161865234375,203.68919372558594,128.4586944580078,148.4265899658203,55.95446014404297,130.18768310546875,61.430057525634766,5.1176958084106445,85.46888732910156,86.79861450195312,13.814208030700684,28.50200080871582,140.3576202392578,35.38584518432617,34.92741394042969,24.800739288330078
2020-03-23,54.163700103759766,49.79377746582031,307.2699890136719,95.1415023803711,15.535210609436035,260.4494323730469,138.13027954101562,28.65768051147461,41.19001770019531,83.14974212646484,52.243247985839844,139.41018676757812,43.94948959350586,66.4638900756836,31.1033992767334,195.86607360839844,118.60519409179688,146.810791015625,52.065242767333984,128.88916015625,57.195091247558594,5.290318012237549,86.49684143066406,82.79042053222656,12.998465538024902,28.952667236328125,129.75650024414062,34.36798858642578,35.02241516113281,23.823558807373047
2020-03-24,59.59769058227539,52.10204315185547,310.0,97.00499725341797,18.07000160217285,259.9112854003906,151.02713012695312,31.97072410583496,50.55690002441406,95.133544921875,56.00389862060547,158.58023071289062,46.449241638183594,74.3692626953125,32.66850280761719,228.4012908935547,140.10293579101562,159.57864379882812,54.14315414428711,140.6046142578125,65.87454986572266,6.197948455810547,93.61856079101562,87.51041412353516,13.639408111572266,33.66666793823242,147.7181854248047,34.149383544921875,35.25226974487305,26.846004486083984
2020-03-25,59.26939392089844,52.426292419433594,305.9100036621094,94.29199981689453,18.13014793395996,256.1895751953125,144.55905151367188,31.200428009033203,52.62322998046875,97.66410064697266,54.59687423706055,156.03909301757812,45.43870162963867,77.14456939697266,34.45719528198242,247.10150146484375,140.99400329589844,154.85015869140625,53.49233627319336,139.25865173339844,71.95836639404297,6.1093974113464355,92.51659393310547,85.51903533935547,13.789933204650879,35.95000076293945,154.64862060546875,34.115234375,33.526878356933594,28.247394561767578
2020-03-26,62.388328552246094,56.996490478515625,322.6700134277344,97.77449798583984,19.522123336791992,266.6247253417969,152.09861755371094,33.61066436767578,58.024593353271484,102.15318298339844,57.634944915771484,167.58580017089844,49.23264694213867,82.51851654052734,36.6765022277832,253.5564727783203,144.7744598388672,161.9180908203125,57.65598678588867,147.9694366455078,76.77619171142578,6.3984270095825195,98.89820098876953,90.99319458007812,14.858162879943848,35.21066665649414,161.43563842773438,36.574485778808594,33.65559768676758,29.40637969970703
2020-03-27,59.80531311035156,56.100990295410156,305.8299865722656,95.00499725341797,18.559764862060547,259.3547668457031,143.51705932617188,32.152931213378906,52.25099182128906,93.46588897705078,55.025081634521484,163.58523559570312,46.42264175415039,76.63993835449219,35.45091247558594,238.59437561035156,141.88499450683594,155.42510986328125,56.244590759277344,141.89366149902344,75.80168914794922,6.2862467765808105,99.06266021728516,93.35742950439453,14.48913860321045,34.29066848754883,154.4382781982422,36.0484733581543,33.582054138183594,27.98984146118164
2020-03-30,61.51203155517578,58.085018157958984,318.3900146484375,98.19750213623047,18.937837600708008,265.5483703613281,147.30162048339844,33.39531326293945,54.65919494628906,96.76240539550781,56.811737060546875,168.349853515625,49.18832778930664,78.63310241699219,37.26445388793945,243.98960876464844,145.44923400878906,164.50537109375,60.33766174316406,151.87460327148438,77.75981140136719,6.606118202209473,103.19097137451172,97.45036315917969,14.678506851196289,33.47533416748047,158.27157592773438,37.41471481323242,35.301300048828125,28.406465530395508
2020-03-31,61.38648986816406,58.818416595458984,318.239990234375,97.48600006103516,18.241844177246094,260.08453369140625,141.53143310546875,32.55876922607422,55.046627044677734,93.65979766845703,57.58686447143555,160.28863525390625,47.973907470703125,75.71483612060547,36.64337158203125,232.7270965576172,143.04428100585938,165.34799194335938,60.329811096191406,149.48597717285156,75.35542297363281,6.5566205978393555,98.76660919189453,93.21337127685547,14.154106140136719,34.93333435058594,154.0177001953125,36.70427703857422,34.820152282714844,28.762489318847656
2020-04-01,58.15651321411133,56.67999267578125,301.2099914550781,95.38500213623047,16.98734474182129,261.589599609375,131.78013610839844,31.7470760345459,52.08386993408203,92.03093719482422,54.620662689208984,153.35206604003906,45.98829650878906,70.94640350341797,34.879520416259766,220.25059509277344,136.8328857421875,158.2106475830078,57.86768341064453,144.17800903320312,72.15872192382812,6.045970916748047,97.13831329345703,92.64563751220703,13.61998462677002,32.104000091552734,146.3607635498047,36.150936126708984,34.97950744628906,28.42919921875
2020-04-02,59.126953125,58.000091552734375,303.9599914550781,95.94149780273438,17.674741744995117,265.8768310546875,132.03573608398438,33.27716064453125,57.82707595825195,94.01854705810547,55.36061096191406,155.6527862548828,48.17778778076172,73.59553527832031,36.39494705200195,230.1450958251953,139.713623046875,156.8129119873047,60.27494430541992,147.1636962890625,72.98748779296875,6.354400157928467,101.85871887207031,96.9419174194336,13.964730262756348,30.29800033569336,150.45208740234375,37.74262619018555,36.361663818359375,30.60323143005371
2020-04-03,58.277217864990234,56.641380310058594,293.6099853515625,95.32949829101562,17.21074867248535,263.29541015625,132.02589416503906,32.6584358215332,57.05978775024414,91.0225830078125,54.154788970947266,153.41213989257812,47.9827766418457,71.42021942138672,36.295570373535156,228.36273193359375,138.70147705078125,152.8378448486328,59.78879165649414,145.80831909179688,71.82173156738281,6.066864490509033,102.45905303955078,97.51815795898438,13.33350658416748,32.000667572021484,145.15635681152344,37.36689758300781,36.61602020263672,29.70180320739746
2020-04-06,63.361167907714844,58.46329116821289,319.1300048828125,99.87950134277344,18.37932777404785,278.3187255859375,145.04071044921875,34.64002227783203,61.070926666259766,96.54910278320312,58.639530181884766,164.2548370361328,51.79445266723633,76.01728820800781,38.64737319946289,256.2156066894531,153.1573028564453,164.10887145996094,62.97227478027344,156.65174865722656,77.07675170898438,6.676013469696045,107.86199951171875,99.83155059814453,14.294913291931152,34.41600036621094,161.97091674804688,38.733158111572266,38.63560485839844,30.656253814697266
2020-04-07,62.62731170654297,58.2008056640625,308.92999267578125,100.58000183105469,19.02376365661621,276.95953369140625,142.6029052734375,33.97949981689453,61.47353744506836,98.15858459472656,58.60831069946289,165.07899475097656,51.767852783203125,77.01998901367188,38.51486587524414,249.6063690185547,151.90289306640625,167.36029052734375,61.60008239746094,154.9646453857422,76.64869689941406,6.4429497718811035,107.30281066894531,95.56066131591797,14.605673789978027,36.36333465576172,161.1584014892578,38.92443084716797,37.3852424621582,31.239540100097656
2020-04-08,64.23023986816406,60.64805603027344,317.17999267578125,102.1500015258789,20.149377822875977,279.0940246582031,148.5500030517578,34.89921188354492,65.31754302978516,97.9937515258789,59.81957244873047,167.25099182128906,52.281986236572266,80.13001251220703,39.59968566894531,261.4460754394531,153.5465850830078,172.76284790039062,63.99947738647461,156.5190887451172,77.68695068359375,6.639946937561035,109.05445098876953,97.53509521484375,14.853387832641602,36.589332580566406,167.22850036621094,39.484596252441406,37.33927536010742,33.21662139892578
2020-04-09,64.69371032714844,61.56672286987305,318.70001220703125,102.13800048828125,21.36091423034668,273.657470703125,151.92169189453125,34.44771194458008,64.04885864257812,101.31934356689453,59.798255920410156,173.01144409179688,50.65093994140625,87.31877136230469,40.57683563232422,259.9504089355469,158.91885375976562,173.66494750976562,64.68165588378906,156.52853393554688,79.04398345947266,6.54045295715332,109.89327239990234,97.16226196289062,15.270808219909668,38.20000076293945,166.0336456298828,39.66066360473633,37.32701873779297,32.67122268676758
2020-04-13,65.96350860595703,61.991310119628906,320.6499938964844,108.44349670410156,20.553226470947266,273.30169677734375,149.90652465820312,34.46444320678711,64.50468444824219,100.34979248046875,59.98856735229492,170.65919494628906,52.03377914428711,83.43547821044922,38.86267852783203,254.10299682617188,155.82177734375,173.2684326171875,63.15263366699219,156.87921142578125,76.92192077636719,6.712080955505371,107.63996887207031,98.25538635253906,15.00246810913086,43.39666748046875,161.54078674316406,39.128997802734375,38.39961624145508,32.39094543457031
2020-04-14,69.29487609863281,64.34967803955078,340.7699890136719,114.16600036621094,20.38996696472168,286.5462951660156,155.0279541015625,35.768768310546875,64.27679443359375,102.80278015136719,62.70547866821289,177.85333251953125,53.771202087402344,81.14968872070312,40.51059341430664,261.2240905761719,159.16969299316406,176.61900329589844,64.95609283447266,164.6421661376953,79.66327667236328,7.062795162200928,113.81598663330078,102.50080108642578,15.469585418701172,47.32600021362305,166.9225616455078,40.14399719238281,39.533538818359375,32.14097213745117
2020-04-15,68.66240692138672,64.1067886352539,332.54998779296875,115.38400268554688,19.066722869873047,283.0162353515625,152.98333740234375,34.71526336669922,62.666255950927734,100.2237548828125,62.31246566772461,170.39305114746094,52.18447494506836,77.1474609375,39.42579650878906,248.1204833984375,153.84934997558594,175.42945861816406,64.35233306884766,162.9171142578125,77.45015716552734,6.98543643951416,111.04460144042969,102.72113800048828,14.952773094177246,48.65533447265625,158.6443634033203,39.30852127075195,39.459983825683594,30.663833618164062
2020-04-16,69.20797729492188,64.13814544677734,342.70001220703125,120.40950012207031,18.405099868774414,293.3145446777344,154.38897705078125,34.698543548583984,60.767051696777344,98.91482543945312,62.31890106201172,171.56918334960938,53.88642883300781,74.20735931396484,39.00346755981445,238.10455322265625,155.28543090820312,174.71575927734375,65.08155059814453,167.80796813964844,78.59770202636719,7.330182075500488,111.54623413085938,102.95843505859375,14.987564086914062,49.680667877197266,155.26039123535156,39.81256866455078,40.554046630859375,29.65635108947754
2020-04-17,68.26888275146484,65.38390350341797,344.1099853515625,118.75,20.003305435180664,289.99432373046875,159.85443115234375,35.51793670654297,66.22156524658203,103.384521484375,63.38793182373047,179.78492736816406,53.50526428222656,80.8777847290039,39.79843521118164,250.85116577148438,160.99510192871094,177.6796875,65.4422378540039,169.28668212890625,81.8855209350586,7.2709832191467285,113.11697387695312,105.66162109375,15.519278526306152,50.259334564208984,162.06651306152344,40.36494064331055,40.48969268798828,32.73939895629883
2020-04-20,66.85189056396484,65.80701446533203,344.8800048828125,119.68049621582031,19.333087921142578,284.6672668457031,159.9920654296875,35.56809616088867,63.4867057800293,99.14753723144531,62.503265380859375,176.8917999267578,52.45927047729492,77.92919158935547,38.53144073486328,242.9002227783203,157.14541625976562,176.68841552734375,65.15995788574219,165.93125915527344,80.0549087524414,7.139901638031006,110.64985656738281,102.19575500488281,15.395049095153809,49.75733184814453,156.9810333251953,40.1370849609375,39.794029235839844,31.194087982177734
2020-04-21,64.78546142578125,62.96286392211914,328.989990234375,116.40599822998047,18.594133377075195,274.86151123046875,147.99952697753906,33.90424346923828,62.02052688598633,97.4798812866211,60.07529830932617,172.22164916992188,49.959529876708984,75.66890716552734,37.579132080078125,236.74400329589844,153.6244354248047,169.31317138671875,61.60008239746094,159.0688018798828,77.59587860107422,6.703623294830322,107.68108367919922,101.41615295410156,14.843449592590332,45.781333923339844,153.4536895751953,39.23256301879883,39.5978889465332,31.02743911743164
2020-04-22,66.6515121459961,63.83255386352539,336.7699890136719,118.17449951171875,18.73161506652832,282.2409973144531,151.51864624023438,34.915931701660156,64.14762115478516,97.91617584228516,62.36747741699219,175.2778778076172,53.2747917175293,75.91532897949219,37.82755661010742,247.89854431152344,161.3237762451172,180.6932373046875,62.71354675292969,164.47161865234375,80.84725189208984,7.117514610290527,109.06268310546875,101.17888641357422,14.644672393798828,48.807334899902344,159.24659729003906,40.04042053222656,40.32726287841797,31.913726806640625
2020-04-23,66.3932113647461,64.27916717529297,335.3699951171875,119.97250366210938,18.791765213012695,278.5740661621094,149.13983154296875,34.798885345458984,65.94048309326172,97.92587280273438,62.99986267089844,173.68966674804688,52.335182189941406,75.95780944824219,37.322418212890625,246.8853759765625,157.48275756835938,183.51841735839844,63.41923141479492,162.4810791015625,79.55399322509766,7.064286708831787,107.12186431884766,101.85365295410156,14.659584999084473,47.04199981689453,159.0458526611328,39.76423645019531,39.389495849609375,32.913631439208984
2020-04-24,68.30994415283203,65.49362182617188,344.1000061035156,120.51100158691406,19.058134078979492,283.271728515625,151.36135864257812,35.55138397216797,66.10001373291016,98.11009979248047,63.268985748291016,182.1543731689453,52.530181884765625,77.07946014404297,37.62052917480469,249.6836395263672,159.19570922851562,188.41542053222656,63.85049057006836,165.44786071777344,80.48296356201172,7.203079700469971,110.49359130859375,101.32477569580078,14.76393985748291,48.34333419799805,159.94439697265625,39.998992919921875,39.66836929321289,33.1257209777832
2020-04-27,68.35822296142578,66.3554916381836,348.5,118.80000305175781,20.16655921936035,281.6572265625,154.9492950439453,36.00288391113281,68.15116119384766,102.83187103271484,62.98450469970703,186.9447479248047,52.71634292602539,80.40191650390625,38.73845672607422,255.8204803466797,160.8134307861328,185.86776733398438,65.84998321533203,164.9739532470703,81.39371490478516,7.389382362365723,110.57585906982422,100.19021606445312,15.176393508911133,53.25,164.18865966796875,39.916141510009766,39.31901168823242,33.28479766845703
2020-04-28,67.25019073486328,64.84329986572266,333.45001220703125,115.7040023803711,20.527448654174805,278.1636047363281,151.83322143554688,35.52628707885742,68.30310821533203,102.97730255126953,61.08781814575195,186.83314514160156,52.07810974121094,80.97123718261719,38.70533752441406,255.3187713623047,160.84800720214844,181.31776428222656,63.65446472167969,160.9550018310547,80.87457275390625,7.247105598449707,112.10545349121094,99.71250915527344,15.231059074401855,51.27466583251953,163.701171875,39.9299430847168,39.22707748413086,34.065040588378906
2020-04-29,69.45903015136719,65.6268081665039,349.1700134277344,118.635498046875,21.292179107666016,280.11566162109375,157.70169067382812,36.23698425292969,71.8812026977539,108.8334732055664,66.5191650390625,190.42164611816406,54.78173828125,83.15505981445312,39.02001953125,273.73919677734375,162.4830780029297,192.4995574951172,63.33295822143555,168.17770385742188,80.20972442626953,7.423707008361816,109.6712417602539,99.87459564208984,15.61866569519043,53.367332458496094,173.7765350341797,40.13017272949219,37.878639221191406,35.95121765136719
2020-04-30,70.92434692382812,64.40451049804688,353.6400146484375,123.69999694824219,20.66492462158203,277.016357421875,159.19583129882812,35.434322357177734,69.89082336425781,104.85826110839844,66.74317169189453,188.7218017578125,53.16842269897461,81.37062072753906,38.0014533996582,265.3249816894531,162.25816345214844,202.92796325683594,62.21170425415039,169.86485290527344,79.39916229248047,7.269989967346191,108.79129791259766,100.5484848022461,15.141605377197266,52.12533187866211,170.84190368652344,39.667564392089844,37.250404357910156,35.201297760009766
2020-05-01,69.78251647949219,64.9059829711914,343.8399963378906,114.302001953125,19.83145523071289,276.02899169921875,153.71072387695312,34.21360397338867,67.946044921875,102.28890991210938,65.2870864868164,187.64015197753906,50.9434700012207,79.23777770996094,37.76131057739258,259.3135681152344,158.01914978027344,200.50921630859375,60.902225494384766,165.466796875,77.9055404663086,7.033692836761475,107.02320098876953,99.65279388427734,14.858357429504395,46.75466537475586,167.83074951171875,39.23947525024414,37.67024230957031,32.67879867553711
2020-05-04,70.76986694335938,64.13814544677734,349.1099853515625,115.79949951171875,19.70256996154785,278.3785400390625,158.72398376464844,34.57313537597656,69.46542358398438,100.0395278930664,65.56362915039062,190.44740295410156,51.404422760009766,78.29460144042969,37.380374908447266,259.81536865234375,157.3357391357422,203.47317504882812,60.267086029052734,169.51414489746094,78.09678649902344,7.245364189147949,107.6646499633789,98.757080078125,14.70927619934082,50.74599838256836,168.38519287109375,38.83209991455078,37.909278869628906,33.99686050415039
2020-05-05,71.83203887939453,66.88825225830078,356.1300048828125,115.88999938964844,19.470569610595703,281.5143737792969,160.47372436523438,34.665096282958984,70.56695556640625,97.98404693603516,66.85814666748047,193.6838836669922,52.07810974121094,78.17562866210938,37.59568405151367,264.3697814941406,155.06051635742188,205.26744079589844,61.1688346862793,171.33404541015625,79.41735076904297,7.306305408477783,108.28142547607422,98.96185302734375,14.778847694396973,51.2140007019043,170.57424926757812,39.01852035522461,38.22494888305664,33.958984375
2020-05-06,72.5731430053711,66.92742156982422,362.5199890136719,117.56300354003906,19.204204559326172,282.4012451171875,160.88656616210938,34.40591049194336,68.40945434570312,97.80952453613281,66.68022918701172,192.23304748535156,52.75559997558594,76.70557403564453,37.05741882324219,262.8838195800781,153.09671020507812,206.65525817871094,60.470951080322266,173.0211944580078,80.54672241210938,7.407041549682617,107.54952239990234,96.47945404052734,14.306757926940918,52.172000885009766,170.89920043945312,38.41781234741211,37.78670883178711,33.32266616821289
2020-05-07,73.32389831542969,65.98722076416016,366.7799987792969,118.38050079345703,19.625240325927734,278.8448181152344,167.01060485839844,34.58985900878906,70.37702941894531,102.3567886352539,67.86225128173828,196.98046875,52.74668884277344,77.50433349609375,36.933204650878906,268.7023010253906,156.6868896484375,209.42092895507812,59.279109954833984,174.02589416503906,80.65599060058594,7.583144664764404,108.18274688720703,95.68610382080078,14.356451034545898,52.00266647338867,174.66554260253906,38.37638473510742,37.5189094543457,33.51205825805664
2020-05-08,75.06912994384766,65.78350830078125,367.510009765625,118.98049926757812,20.252485275268555,279.7042236328125,172.9085693359375,35.94435119628906,72.52694702148438,105.83751678466797,68.608642578125,201.25575256347656,53.19240951538086,78.77041625976562,38.18364334106445,272.5330505371094,156.7820281982422,210.50148010253906,59.90639877319336,175.0496063232422,82.38643646240234,7.772929668426514,110.38668823242188,98.91063690185547,14.803693771362305,54.62799835205078,176.9310760498047,39.356849670410156,37.84211349487305,34.98160934448242
2020-05-11,76.25037384033203,68.87054443359375,371.4200134277344,120.44999694824219,19.40182876586914,283.7178039550781,179.56346130371094,36.22026824951172,70.93161010742188,104.48983001708984,69.56266784667969,203.0843505859375,53.60247802734375,76.45064544677734,37.71162033081055,271.3654479980469,156.479248046875,211.32421875,61.090423583984375,177.00216674804688,82.81449890136719,8.024648666381836,110.51004791259766,98.36468505859375,14.599950790405273,54.08599853515625,175.468505859375,38.94257354736328,38.06679153442383,34.648319244384766
2020-05-12,75.37898254394531,70.87633514404297,365.1000061035156,117.84750366210938,18.791765213012695,278.69842529296875,174.52069091796875,36.13665008544922,69.2071304321289,101.37751770019531,68.15467071533203,199.94232177734375,52.051361083984375,73.95242309570312,37.11539077758789,262.5653991699219,152.72474670410156,208.2710418701172,60.525840759277344,172.99276733398438,80.38277435302734,7.762979984283447,109.32585144042969,97.71637725830078,14.356451034545898,53.96066665649414,171.55886840820312,38.29352569580078,38.10066604614258,34.069175720214844
2020-05-13,74.46883392333984,69.63055419921875,358.55999755859375,118.39600372314453,17.93251609802246,276.23004150390625,166.75506591796875,35.074806213378906,67.38388061523438,99.78744506835938,66.82395935058594,197.53851318359375,51.471923828125,71.4032211303711,36.386661529541016,259.7187805175781,149.50656127929688,203.3146209716797,61.074710845947266,170.37672424316406,78.34272003173828,7.74059534072876,109.34226989746094,97.17894744873047,13.958905220031738,52.73066711425781,169.56715393066406,37.87234878540039,38.07912063598633,32.37806701660156
2020-05-14,74.92633056640625,70.4688949584961,355.3900146484375,119.44249725341797,18.654279708862305,274.035888671875,164.15992736816406,36.66339874267578,68.40945434570312,102.68643951416016,67.2467041015625,201.2987060546875,52.66645431518555,74.3687973022461,36.187923431396484,267.58294677734375,151.74722290039062,205.0096893310547,62.76840591430664,171.11602783203125,78.82539367675781,7.989824295043945,109.44098663330078,97.0851058959961,14.202404975891113,53.55533218383789,173.21536254882812,37.91377258300781,37.9898567199707,32.663780212402344
2020-05-15,74.48333740234375,71.07219696044922,365.29998779296875,120.48899841308594,18.422292709350586,273.5513000488281,168.4163055419922,37.01457214355469,67.73335266113281,105.73086547851562,68.04959869384766,205.46237182617188,51.95330047607422,72.99223327636719,35.823551177978516,269.1557922363281,150.363037109375,209.0442657470703,62.55670166015625,173.6088409423828,79.22612762451172,8.447742462158203,111.80116271972656,97.76757049560547,14.068229675292969,53.27799987792969,175.6953125,37.775672912597656,38.765533447265625,32.432125091552734
2020-05-18,76.23827362060547,71.66766357421875,367.9700012207031,121.31300354003906,19.70256996154785,276.7969055175781,169.56643676757812,37.67510223388672,71.34083557128906,113.29346466064453,68.6502685546875,210.63047790527344,53.41526412963867,76.85850524902344,37.23960876464844,279.73138427734375,155.57090759277344,211.33419799804688,62.50966262817383,175.26760864257812,82.91466522216797,8.705927848815918,111.44757080078125,99.13243865966797,14.634734153747559,54.242000579833984,183.25013732910156,38.473052978515625,39.29496765136719,35.01124954223633
2020-05-19,75.7977066040039,71.45611572265625,372.20001220703125,122.46649932861328,19.083906173706055,278.5065612792969,173.04623413085938,37.298851013183594,69.08231353759766,110.88894653320312,68.11599731445312,204.4064178466797,53.7451057434082,75.34599304199219,36.883522033691406,280.5322265625,155.3460235595703,214.99203491210938,60.80812072753906,174.0543670654297,83.34271240234375,8.760900497436523,108.33078002929688,95.91646575927734,14.391240119934082,53.867332458496094,181.31594848632812,37.547828674316406,38.4608039855957,33.930171966552734
2020-05-20,77.27184295654297,71.44830322265625,383.6300048828125,124.89700317382812,19.685380935668945,278.76251220703125,173.92108154296875,37.99282455444336,71.6877212524414,116.27001190185547,69.83872985839844,204.4836883544922,56.25006103515625,77.60629272460938,38.0014533996582,288.3191223144531,159.26490783691406,227.9680633544922,60.29060363769531,176.46864318847656,84.65419006347656,8.924569129943848,107.94424438476562,96.63301086425781,14.704305648803711,54.37066650390625,185.6248016357422,37.464962005615234,38.61471176147461,35.034420013427734
2020-05-21,76.69576263427734,72.88208770751953,382.1700134277344,122.33699798583984,19.676786422729492,276.0747375488281,172.2794647216797,37.32393264770508,70.94772338867188,114.24362182617188,69.71928405761719,206.79302978515625,55.25164031982422,76.62059020996094,37.40523147583008,283.9383544921875,160.1126708984375,229.37574768066406,60.02400588989258,174.34901428222656,85.84727478027344,8.730804443359375,107.08077239990234,95.21694946289062,14.793756484985352,55.17333221435547,182.52244567871094,37.26472473144531,38.473121643066406,34.408935546875
2020-05-22,77.18955993652344,72.16126251220703,385.260009765625,121.84400177001953,19.470569610595703,276.49517822265625,174.82542419433594,37.54132843017578,69.59103393554688,114.42784881591797,70.04093933105469,207.6514892578125,55.50125503540039,76.02578735351562,37.28929138183594,284.5655517578125,159.5330810546875,232.86508178710938,59.88286590576172,174.42507934570312,85.3827896118164,8.98052978515625,107.30281066894531,96.05293273925781,14.848416328430176,54.45866775512695,182.7522430419922,37.354488372802734,38.26996994018555,34.43982696533203
2020-05-26,76.66670989990234,71.07219696044922,376.6300048828125,121.09300231933594,20.862552642822266,278.66192626953125,173.51805114746094,37.49114990234375,71.91897583007812,117.26866149902344,70.44386291503906,208.16659545898438,55.572566986083984,81.42157745361328,38.16707992553711,292.6902160644531,159.9050750732422,230.17868041992188,60.58074188232422,172.58111572265625,87.99665832519531,8.673593521118164,106.70247650146484,95.56671142578125,15.315535545349121,54.591331481933594,185.01199340820312,37.49258041381836,38.12529754638672,35.451393127441406
2020-05-27,77.00074005126953,70.50023651123047,375.1700134277344,120.51950073242188,22.323274612426758,279.7681884765625,173.59669494628906,38.42758560180664,72.3814926147461,117.83100891113281,70.38982391357422,212.3560333251953,56.66012191772461,86.13764190673828,38.697059631347656,289.25506591796875,162.3965301513672,227.1453094482422,60.80812072753906,172.80921936035156,90.95658111572266,8.482069969177246,107.5741958618164,97.15335845947266,15.827378273010254,54.68199920654297,184.6289520263672,38.07258224487305,37.70051956176758,35.70622634887695
2020-05-28,77.0346450805664,70.53941345214844,379.8299865722656,120.05500030517578,21.36091423034668,283.013671875,178.02017211914062,38.1265869140625,70.04585266113281,113.19650268554688,70.28873443603516,210.4501953125,55.00204086303711,84.85452270507812,38.995174407958984,291.6964111328125,163.27029418945312,223.4973602294922,61.9764518737793,172.4195098876953,89.67242431640625,8.444013595581055,108.79129791259766,99.00447845458984,15.434802055358887,53.72066879272461,186.00779724121094,38.473052978515625,38.072967529296875,34.77959060668945
2020-05-29,76.95960235595703,72.6078872680664,386.6000061035156,122.11849975585938,20.725069046020508,282.01727294921875,171.81747436523438,39.982757568359375,70.68563079833984,113.7297592163086,71.0460205078125,213.31753540039062,56.098506927490234,82.68769073486328,38.655662536621094,290.3358459472656,162.2600860595703,223.1305389404297,63.29376983642578,174.1779327392578,90.00569152832031,8.830546379089355,108.18274688720703,98.88507080078125,15.33541202545166,55.66666793823242,186.94618225097656,39.619239807128906,38.18686294555664,35.11164093017578
2020-06-01,77.90603637695312,71.0643539428711,389.67999267578125,123.552001953125,21.146102905273438,281.8526611328125,173.36077880859375,38.71186447143555,71.52586364746094,115.15501403808594,71.11292266845703,212.29592895507812,55.14467239379883,83.78385925292969,38.9123649597168,290.8280334472656,163.20938110351562,229.89120483398438,62.384193420410156,173.77870178222656,90.88219451904297,8.761648178100586,109.36695861816406,100.01961517333984,15.370201110839844,59.87333297729492,186.0939483642578,38.51447677612305,38.15608215332031,35.73710632324219
2020-06-02,78.2667007446289,71.33075714111328,390.44000244140625,123.62049865722656,21.343730926513672,280.7556457519531,171.26698303222656,39.205177307128906,72.99041748046875,115.13562774658203,71.48165130615234,216.94895935058594,55.376441955566406,84.06428527832031,38.83784484863281,292.94110107421875,163.36611938476562,230.6941680908203,63.387874603271484,175.75576782226562,91.9778060913086,8.780550003051758,109.07091522216797,100.71055603027344,15.400017738342285,58.770668029785156,188.0185546875,38.94257354736328,38.1499137878418,36.53247833251953
2020-06-03,78.69757080078125,71.21324157714844,389.9200134277344,123.91999816894531,22.331867218017578,280.3442077636719,172.01405334472656,39.24699020385742,74.90982818603516,118.46124267578125,71.33000183105469,216.767578125,55.20707321166992,88.60187530517578,39.66594314575195,296.29913330078125,168.33004760742188,228.1564483642578,64.34449005126953,176.18345642089844,95.0547103881836,8.725082397460938,109.22714233398438,101.11149597167969,15.658421516418457,58.86399841308594,188.5069122314453,39.23947525024414,38.0052490234375,38.0228157043457
2020-06-04,78.01981353759766,72.89779663085938,385.79998779296875,123.02999877929688,23.1711483001709,284.10174560546875,168.52442932128906,39.18009567260742,74.21607208251953,119.9252700805664,70.09346771240234,214.99722290039062,56.13418197631836,90.4457778930664,39.682491302490234,290.7990417480469,168.28648376464844,224.3201141357422,63.944583892822266,173.86427307128906,92.4708480834961,8.726075172424316,108.21028900146484,98.99595642089844,15.802536010742188,57.62533187866211,185.41412353515625,39.508758544921875,37.586631774902344,37.91468811035156
2020-06-05,80.24188232421875,73.53241729736328,392.8999938964844,124.1500015258789,24.321922302246094,285.2811584472656,170.92294311523438,39.991119384765625,77.70793914794922,121.02088165283203,71.36815643310547,220.13572692871094,57.355438232421875,94.51600646972656,40.6513671875,300.9403991699219,171.70030212402344,228.76112365722656,64.50129699707031,177.932373046875,93.77645111083984,8.878870964050293,109.76006317138672,100.94087982177734,16.284561157226562,59.04399871826172,191.13050842285156,39.867801666259766,37.41732406616211,40.98801803588867
2020-06-08,80.71632385253906,74.11221313476562,397.7799987792969,126.2030029296875,24.69397735595703,280.8469543457031,173.5475311279297,40.24195098876953,79.58106231689453,123.406005859375,71.76564025878906,221.7506866455078,56.7581787109375,96.40242767333984,41.280738830566406,299.5219421386719,176.48135375976562,229.3856201171875,65.0031509399414,179.03492736816406,95.2190170288086,8.764400482177734,109.56945037841797,101.55508422851562,16.513147354125977,63.327999114990234,191.12094116210938,40.10946273803711,37.31884002685547,42.269859313964844
2020-06-09,83.26516723632812,75.35016632080078,397.1600036621094,130.04299926757812,24.417095184326172,279.3476257324219,171.59140014648438,40.17506408691406,78.26295471191406,120.11917877197266,71.96585083007812,221.74205017089844,56.19657516479492,93.92970275878906,40.57683563232422,300.5640563964844,173.7555389404297,236.59234619140625,64.50129699707031,180.40367126464844,93.70340728759766,9.004289627075195,110.19928741455078,100.9494400024414,16.21001625061035,62.711334228515625,190.62307739257812,39.950660705566406,37.352684020996094,41.32779312133789
2020-06-10,85.40738677978516,75.92212677001953,406.82000732421875,132.37249755859375,23.01540756225586,280.9750061035156,179.00315856933594,39.64832305908203,75.21815490722656,118.46124267578125,72.59131622314453,219.74710083007812,56.936466217041016,90.12287902832031,40.26215744018555,302.165771484375,170.51597595214844,234.66921997070312,64.11709594726562,187.0951690673828,93.23778533935547,9.323559761047363,111.16063690185547,101.70862579345703,15.971491813659668,68.336669921875,191.96356201171875,40.08184814453125,37.29420471191406,39.11158752441406
2020-06-11,81.30692291259766,72.28665924072266,387.6700134277344,127.89800262451172,20.705211639404297,275.0324401855469,169.12408447265625,36.51289749145508,68.88958740234375,109.21160888671875,69.47891235351562,206.81011962890625,53.219154357910156,82.60273742675781,37.71162033081055,281.0340270996094,163.29638671875,222.47630310058594,60.65129470825195,177.0484161376953,86.89227294921875,8.75568962097168,105.94778442382812,99.17508697509766,14.99252986907959,64.85600280761719,180.85635375976562,38.97709274291992,36.96485137939453,35.659889221191406
2020-06-12,82.0088882446289,72.44334411621094,406.5400085449219,127.2509994506836,21.440670013427734,273.0850830078125,172.1320343017578,37.68345642089844,71.21749877929688,111.974853515625,70.02507781982422,209.38368225097656,52.88932418823242,84.863037109375,38.1043586730957,287.3446350097656,164.74208068847656,226.5901641845703,60.30354309082031,178.44561767578125,88.04266357421875,8.891310691833496,106.90913391113281,98.6291275024414,15.156514167785645,62.35200119018555,184.0927734375,39.032325744628906,36.24150466918945,36.42436218261719
2020-06-15,83.02310943603516,72.92911529541016,401.3399963378906,128.63400268554688,21.760805130004883,271.6954650878906,175.572509765625,37.917572021484375,70.32335662841797,113.51646423339844,70.41265106201172,208.4423370361328,53.57572937011719,86.03565216064453,38.68929672241211,286.7463684082031,165.02076721191406,230.47604370117188,58.50156021118164,179.5862274169922,89.3300552368164,9.131449699401855,108.13569641113281,99.54190063476562,15.156514167785645,66.05999755859375,183.61398315429688,38.769962310791016,36.346153259277344,36.40119171142578
2020-06-16,85.22342681884766,75.26397705078125,411.6700134277344,130.7635040283203,22.323213577270508,275.5169677734375,177.4106903076172,38.86237335205078,72.481689453125,114.8350601196289,71.68782806396484,215.86080932617188,53.84316635131836,86.72395324707031,39.0820426940918,293.7999267578125,165.74359130859375,233.5986328125,60.83309555053711,183.98704528808594,90.42566680908203,9.02668571472168,109.12188720703125,100.77027893066406,15.295659065246582,65.47533416748047,184.6864471435547,39.30160903930664,36.82941436767578,37.2197265625
2020-06-17,85.10480499267578,75.01325225830078,413.489990234375,132.0489959716797,21.631023406982422,273.9169616699219,178.31504821777344,38.603179931640625,70.56229400634766,114.0691146850586,71.98866271972656,216.63809204101562,53.923397064208984,84.53160858154297,38.92327117919922,293.10528564453125,166.15284729003906,233.4796905517578,60.29563903808594,184.62387084960938,90.58086395263672,9.193410873413086,109.19649505615234,100.59967041015625,15.037250518798828,66.11933135986328,185.33749389648438,39.11518859863281,36.63856887817383,36.00737762451172
2020-06-18,85.1386947631836,75.39717102050781,420.4599914550781,132.69900512695312,21.665632247924805,273.88043212890625,184.46864318847656,38.31890106201172,70.8706283569336,114.76719665527344,71.07574462890625,215.2217559814453,53.55790328979492,84.07276153564453,39.26587677001953,294.15704345703125,165.02076721191406,233.88612365722656,60.240333557128906,186.600830078125,89.88697052001953,9.175495147705078,110.04182434082031,101.75127410888672,15.081975936889648,66.9306640625,185.6726531982422,39.2808952331543,36.318450927734375,36.231319427490234
2020-06-19,84.65217590332031,75.77326202392578,428.010009765625,133.75050354003906,21.847332000732422,274.18212890625,183.7706756591797,37.892478942871094,69.86083221435547,110.86954498291016,70.60591888427734,213.01089477539062,53.14783477783203,83.1125717163086,38.455326080322266,286.0998229980469,162.46913146972656,236.7113037109375,61.56812286376953,185.48883056640625,87.44922637939453,9.218544006347656,108.79869842529297,101.44418334960938,15.06209945678711,66.72666931152344,184.0352783203125,38.776851654052734,36.89097595214844,35.50544738769531
2020-06-22,86.86700439453125,76.2120361328125,438.6400146484375,135.6909942626953,21.302230834960938,274.6849670410156,188.3907470703125,37.758705139160156,70.60083770751953,112.39176940917969,71.89549255371094,215.17852783203125,53.56681442260742,82.21186065673828,38.221351623535156,293.7613220214844,163.25294494628906,237.13755798339844,60.65919494628906,190.64051818847656,90.85478973388672,9.482820510864258,108.60807037353516,100.44612884521484,14.9627103805542,66.28800201416016,186.67808532714844,38.431610107421875,37.45426940917969,35.845211029052734
2020-06-23,88.72114562988281,76.24336242675781,440.54998779296875,138.2205047607422,21.44932746887207,275.45294189453125,185.8448028564453,38.01791000366211,70.48521423339844,113.04136657714844,72.55562591552734,216.1717529296875,53.41526412963867,83.21455383300781,38.13779067993164,296.11572265625,162.5213623046875,240.1312713623047,60.95162582397461,191.9141387939453,93.05519104003906,9.406426429748535,108.86499786376953,100.42906951904297,15.032285690307617,66.78533172607422,189.56021118164062,37.93449020385742,37.266502380371094,36.061431884765625
2020-06-24,87.15504455566406,74.54316711425781,431.67999267578125,136.72000122070312,20.601388931274414,272.46337890625,182.3944854736328,37.415897369384766,67.5560302734375,108.65894317626953,71.00537872314453,212.56182861328125,52.67537307739258,80.4359130859375,37.310523986816406,283.6971130371094,160.49221801757812,231.98281860351562,59.963687896728516,188.045654296875,91.37520599365234,9.192913055419922,107.37324523925781,99.31156158447266,14.619830131530762,64.0566635131836,183.27883911132812,37.23710632324219,37.02948760986328,34.362606048583984
2020-06-25,88.31206512451172,75.99263763427734,436.95001220703125,137.72900390625,21.388755798339844,274.75811767578125,185.1370086669922,37.80887222290039,68.76625061035156,107.97055053710938,71.42168426513672,211.91407775878906,52.15833282470703,83.24004364013672,37.544490814208984,287.55682373046875,159.15980529785156,233.6283721923828,60.51696014404297,190.42185974121094,92.58041381835938,9.44624137878418,108.90644836425781,100.5655517578125,14.768909454345703,65.73200225830078,185.73968505859375,37.47877502441406,36.8478889465332,34.879974365234375
2020-06-26,85.59859466552734,75.31883239746094,426.9200134277344,134.64349365234375,20.030330657958984,271.12860107421875,180.05496215820312,38.72023391723633,66.64645385742188,105.77932739257812,67.52821350097656,208.14007568359375,51.25798416137695,78.67695617675781,36.40805435180664,279.19097900390625,156.52976989746094,214.19900512695312,59.42626190185547,186.61041259765625,85.52273559570312,9.112785339355469,106.85111999511719,98.29643249511719,14.450867652893066,63.982666015625,181.229736328125,36.7054443359375,36.42002868652344,33.683067321777344
2020-06-29,87.57136535644531,75.56171417236328,424.20001220703125,134.0189971923828,20.23798370361328,275.7272644042969,180.2122344970703,38.586463928222656,67.57915496826172,108.12569427490234,69.24449920654297,212.5531768798828,51.94438934326172,79.0253677368164,37.06820297241211,282.6550598144531,159.19464111328125,218.71929931640625,60.16129684448242,188.6159210205078,87.53141784667969,9.157577514648438,108.63294219970703,100.36935424804688,14.863324165344238,67.29000091552734,183.25013732910156,37.761871337890625,36.64781188964844,34.22360610961914
2020-06-30,88.30239868164062,76.92501831054688,435.30999755859375,137.9409942626953,20.549470901489258,277.2082824707031,184.14419555664062,38.99615478515625,68.78166198730469,108.11598205566406,70.2793197631836,216.3444061279297,53.33504104614258,79.92607116699219,37.33559799194336,285.3280029296875,160.6490020751953,225.0933380126953,61.11761474609375,193.43490600585938,89.52178192138672,9.453956604003906,109.61090087890625,101.99866485595703,15.022346496582031,71.98733520507812,184.964111328125,38.065670013427734,36.86942672729492,34.53248596191406
2020-07-01,88.1353759765625,77.67720794677734,439.80999755859375,143.93499755859375,20.12550926208496,278.6162414550781,188.62664794921875,38.51120376586914,67.54061889648438,109.57032775878906,71.46629333496094,214.30630493164062,52.42576599121094,79.24628448486328,37.452579498291016,290.6060791015625,160.81446838378906,235.48208618164062,61.74198913574219,194.56600952148438,88.9283218383789,9.486058235168457,109.69376373291016,102.34841918945312,14.858357429504395,74.64199829101562,185.54818725585938,37.74806594848633,36.841732025146484,33.7525749206543
2020-07-02,88.1353759765625,77.47348022460938,442.95001220703125,144.51499938964844,20.151464462280273,279.5213317871094,189.25576782226562,38.45222091674805,68.07251739501953,108.7656021118164,72.85051727294922,214.60855102539062,52.71103286743164,79.50370025634766,37.50271987915039,291.81219482421875,159.8216552734375,231.3880615234375,62.26362609863281,196.04879760742188,89.86872100830078,9.5679292678833,110.09984588623047,103.11614990234375,14.947800636291504,80.57733154296875,187.35787963867188,37.8309211730957,36.69398880004883,34.03828430175781
2020-07-06,90.49300384521484,77.5753402709961,452.5899963378906,152.8520050048828,20.471601486206055,284.7782287597656,194.35751342773438,39.117950439453125,68.27291107177734,110.94711303710938,74.32345581054688,215.51536560058594,53.07652282714844,81.51144409179688,37.79518508911133,294.8516845703125,164.15858459472656,238.18832397460938,62.8958854675293,200.26898193359375,91.25650787353516,9.793879508972168,110.47276306152344,103.75595092773438,15.1515474319458,91.43866729736328,189.3590850830078,38.14162063598633,36.595481872558594,34.27766418457031
2020-07-07,90.21221160888672,77.84173583984375,449.3599853515625,150.00599670410156,19.909191131591797,289.1118469238281,193.0403289794922,38.45222091674805,66.53083038330078,110.17145538330078,73.84124755859375,213.61541748046875,51.98005294799805,79.21195983886719,37.77846908569336,289.3902587890625,161.82464599609375,238.76329040527344,62.2161979675293,197.9402618408203,88.62702941894531,9.826231002807617,110.69654846191406,104.25922393798828,15.067068099975586,92.65733337402344,185.95034790039062,38.00353240966797,39.076416015625,33.389644622802734
2020-07-08,92.31327056884766,77.78690338134766,457.67999267578125,154.0554962158203,19.9870662689209,289.1940612792969,196.87399291992188,38.603904724121094,66.56165313720703,113.10923767089844,74.51922607421875,215.1871795654297,52.24748611450195,80.05281829833984,37.66147994995117,290.0086364746094,161.850830078125,241.4595947265625,61.58390808105469,202.2935333251953,90.2430648803711,10.168892860412598,111.2352066040039,104.83079528808594,15.136639595031738,91.05867004394531,186.7834014892578,38.238285064697266,38.3038215637207,33.31241989135742
2020-07-09,92.71025848388672,76.73699951171875,460.8399963378906,159.13150024414062,19.7015380859375,297.6234130859375,197.32615661621094,39.35390090942383,63.778926849365234,113.25466918945312,75.26560974121094,214.1422119140625,52.0781135559082,78.31964111328125,36.692161560058594,284.6364440917969,160.5270538330078,242.37159729003906,60.61178970336914,203.70977783203125,88.55398559570312,10.460540771484375,109.98382568359375,104.48103332519531,15.018928527832031,92.9520034790039,184.04489135742188,37.66226577758789,39.32267379760742,31.93791961669922
2020-07-10,92.87242889404297,75.86727905273438,466.20001220703125,160.0,20.783082962036133,298.2543029785156,195.49778747558594,39.32019805908203,65.69832611083984,115.70767211914062,76.27415466308594,215.9989776611328,53.06761169433594,82.60111999511719,37.728328704833984,285.689697265625,161.0060577392578,242.93663024902344,60.643409729003906,203.09193420410156,89.46700286865234,10.430929183959961,111.43413543701172,105.68382263183594,15.318897247314453,102.97666931152344,184.37042236328125,38.0462760925293,40.22456359863281,32.934059143066406
2020-07-13,92.4439697265625,76.67430114746094,442.4700012207031,155.1999969482422,20.930177688598633,295.2281799316406,185.1370086669922,38.70503234863281,65.82937622070312,112.6826400756836,74.94692993164062,215.57583618164062,52.22073745727539,83.7851791381836,37.81189727783203,280.3753967285156,161.04086303710938,236.9194793701172,61.133419036865234,196.81866455078125,88.07006072998047,10.005898475646973,111.80705261230469,105.82032775878906,15.130783081054688,99.80400085449219,180.9904327392578,38.01835250854492,39.86750030517578,32.941768646240234
2020-07-14,93.97380065917969,78.41111755371094,433.7799987792969,154.1999969482422,20.886919021606445,299.8724060058594,186.33627319335938,38.98311233520508,68.10334014892578,115.04837036132812,75.37464141845703,222.63157653808594,52.57731246948242,84.2656478881836,38.329978942871094,288.84918212890625,166.09193420410156,237.64312744140625,61.8447265625,198.03533935546875,88.343994140625,10.32915210723877,112.31262969970703,106.70747375488281,15.232470512390137,101.12000274658203,185.11732482910156,38.709598541259766,40.633941650390625,34.03056335449219
2020-07-15,94.62007141113281,79.68798065185547,433.010009765625,150.44349670410156,21.284929275512695,298.68389892578125,184.89125061035156,39.101097106933594,68.51957702636719,117.2201919555664,75.17738342285156,222.6401824951172,52.62187957763672,85.56985473632812,38.772865295410156,295.39031982421875,167.00631713867188,238.18832397460938,62.785247802734375,197.7406768798828,89.96916198730469,10.180091857910156,110.7959976196289,106.20417785644531,15.257888793945312,103.06732940673828,188.20053100585938,38.44427490234375,40.630863189697266,34.46299743652344
2020-07-16,93.45576477050781,79.24385833740234,426.2900085449219,149.9949951171875,20.705211639404297,298.290771484375,182.35513305664062,38.57862854003906,68.11104583740234,115.79492950439453,75.08023834228516,222.88197326660156,52.719940185546875,85.81010437011719,38.5639533996582,289.23565673828125,166.26612854003906,238.83267211914062,62.753631591796875,193.82460021972656,88.80048370361328,10.088016510009766,110.95344543457031,106.42597961425781,15.451088905334473,100.04266357421875,185.28009033203125,38.946990966796875,40.692420959472656,34.19272232055664
2020-07-17,93.26697540283203,79.9655532836914,432.4200134277344,148.09849548339844,20.090898513793945,296.9377136230469,184.5865478515625,39.396034240722656,67.20918273925781,115.0386734008789,75.17589569091797,224.86834716796875,53.4865837097168,84.2227783203125,39.12382888793945,293.7865295410156,166.75376892089844,239.92306518554688,63.12509536743164,192.83612060546875,87.90573120117188,10.154459953308105,111.59983825683594,107.16812133789062,15.379913330078125,100.05599975585938,186.80255126953125,39.31006622314453,40.550838470458984,33.60586166381836
2020-07-20,95.23247528076172,78.9424819946289,455.2699890136719,159.8419952392578,20.402385711669922,298.51025390625,191.7722625732422,39.58142852783203,65.72915649414062,114.20484161376953,77.50474548339844,224.6869659423828,54.51174545288086,83.48487854003906,38.53887939453125,301.4195861816406,166.86695861816406,243.28358459472656,62.76152801513672,201.1244354248047,87.33052062988281,10.462285995483398,110.31531524658203,106.83544158935547,15.176544189453125,109.53333282470703,190.0389404296875,39.00983428955078,40.46772384643555,32.81821823120117
2020-07-21,93.91808319091797,77.24531555175781,444.2799987792969,156.9145050048828,21.129186630249023,299.634765625,187.5552215576172,39.62356948852539,70.4466781616211,115.00959014892578,77.11222076416016,226.63015747070312,54.110591888427734,85.29529571533203,39.44136428833008,297.20684814453125,168.06007385253906,239.64553833007812,62.35055923461914,198.41551208496094,89.8048095703125,10.280872344970703,111.40924835205078,106.69041442871094,15.379913330078125,104.55733489990234,188.1334991455078,38.988887786865234,40.732444763183594,34.47843933105469
2020-07-22,94.18193817138672,77.48321533203125,445.04998779296875,154.99549865722656,21.03400421142578,300.14666748046875,188.05653381347656,39.522438049316406,70.1769027709961,115.4071044921875,77.55480194091797,229.00506591796875,54.42259216308594,84.67752838134766,40.51095962524414,302.7818908691406,172.97177124023438,237.78189086914062,62.26362609863281,201.26699829101562,90.30697631835938,10.390616416931152,112.71867370605469,107.60316467285156,15.334156036376953,106.15533447265625,190.41233825683594,38.926048278808594,40.834014892578125,33.675350189208984
2020-07-23,89.89511108398438,77.74494171142578,431.739990234375,149.32749938964844,21.233013153076172,298.14453125,185.33363342285156,39.952213287353516,70.15377044677734,114.52481079101562,75.17093658447266,227.83047485351562,53.84316635131836,84.92633819580078,40.34382629394531,299.4291687011719,172.03994750976562,230.5751953125,61.69456100463867,192.51296997070312,89.75003814697266,10.08304214477539,113.60545349121094,108.29936981201172,15.2019624710083,100.87133026123047,189.04312133789062,38.99587631225586,40.52004623413086,33.744850158691406
2020-07-24,89.67242431640625,77.01532745361328,430.30999755859375,150.44549560546875,21.06861686706543,297.84283447265625,185.28448486328125,39.101097106933594,69.47543334960938,114.03032684326172,74.74769592285156,229.12594604492188,45.09810256958008,84.32572174072266,40.519309997558594,296.5498046875,173.05885314941406,228.70166015625,60.935829162597656,191.33436584472656,89.86872100830078,10.147492408752441,112.7601318359375,108.12767028808594,15.034184455871582,94.46666717529297,186.85995483398438,39.694095611572266,40.396934509277344,33.53636169433594
2020-07-27,91.79769897460938,77.05497741699219,437.1000061035156,152.760498046875,20.886919021606445,299.50677490234375,187.71249389648438,39.76683044433594,70.1769027709961,112.76988220214844,75.79936218261719,230.94818115234375,44.18883514404297,83.14167785644531,40.51095962524414,298.42431640625,175.26211547851562,231.46737670898438,62.382179260253906,193.7581024169922,88.75484466552734,10.373444557189941,114.09442901611328,108.43671417236328,14.89182186126709,102.63999938964844,188.54522705078125,39.70804977416992,40.387691497802734,34.03056335449219
2020-07-28,90.28966522216797,76.69808959960938,432.260009765625,150.01649475097656,21.0772705078125,299.47930908203125,186.2772979736328,38.99997329711914,68.68917846679688,112.64385223388672,74.52171325683594,229.1000213623047,43.89466094970703,83.50202941894531,40.26026916503906,295.97979736328125,170.89913940429688,228.11676025390625,62.982810974121094,192.01870727539062,87.89659118652344,10.16839599609375,113.85409545898438,109.77587127685547,15.095192909240723,98.43267059326172,188.38241577148438,40.13397979736328,40.55699157714844,33.629024505615234
2020-07-29,92.02037811279297,76.93599700927734,436.29998779296875,151.67649841308594,21.864635467529297,298.1719970703125,190.3174285888672,39.36233139038086,69.42919158935547,112.09119415283203,75.50597381591797,228.5645751953125,42.8516731262207,85.52694702148438,40.12656784057617,298.8493957519531,170.8730010986328,231.25918579101562,62.7141227722168,193.95774841308594,88.53571319580078,10.417243957519531,114.30989074707031,110.14498901367188,15.029097557067871,99.94066619873047,190.144287109375,40.11302947998047,40.227630615234375,33.999664306640625
2020-07-30,93.13383483886719,76.1667251586914,438.8800048828125,152.593994140625,21.492584228515625,297.6038513183594,188.43988037109375,39.134796142578125,66.49999237060547,112.13967895507812,76.24244689941406,229.98953247070312,42.78034973144531,83.24462890625,39.85081481933594,298.5595703125,170.1763153076172,232.45864868164062,62.42959976196289,193.8056182861328,88.39875030517578,10.56506061553955,114.11097717285156,112.81468200683594,15.034184455871582,99.16600036621094,185.8162841796875,40.00830078125,40.052188873291016,32.33173751831055
2020-07-31,102.88389587402344,75.27056884765625,444.32000732421875,158.23399353027344,21.52719497680664,298.25439453125,191.53634643554688,39.690982818603516,64.70394134521484,113.38072204589844,73.74359130859375,229.28140258789062,42.548583984375,82.91858673095703,39.47478485107422,298.10552978515625,169.1922149658203,251.46177673339844,63.41754150390625,194.86068725585938,89.12004089355469,10.565805435180664,114.08613586425781,112.55716705322266,15.039264678955078,95.38400268554688,182.31175231933594,40.13397979736328,39.83055877685547,32.493896484375
2020-08-03,105.47633361816406,76.08743286132812,447.9700012207031,155.59449768066406,21.62236785888672,301.7268371582031,199.73451232910156,39.741546630859375,65.37458801269531,112.80868530273438,73.48636627197266,229.87730407714844,43.05669021606445,82.45526123046875,38.68929672241211,302.0282287597656,169.29669189453125,249.76666259765625,65.23533630371094,205.81983947753906,89.77743530273438,10.959481239318848,113.29055786132812,112.70309448242188,15.059599876403809,99.0,182.58946228027344,39.966400146484375,39.79977798461914,32.62517166137695
2020-08-04,106.18070983886719,74.77884674072266,446.9200134277344,156.94149780273438,21.639677047729492,311.3194885253906,197.98477172851562,40.171321868896484,66.66958618164062,113.7200698852539,73.01753234863281,231.3367919921875,43.79659652709961,81.98336029052734,39.01519775390625,303.7674560546875,173.61622619628906,247.65521240234375,64.5477066040039,202.7307891845703,88.86441040039062,11.17597770690918,113.92868041992188,114.84917449951172,15.257888793945312,99.13333129882812,184.1215057373047,40.434207916259766,40.52004623413086,33.5672492980957
2020-08-05,106.56558227539062,73.95407104492188,449.510009765625,160.25149536132812,21.968467712402344,311.4844970703125,199.19384765625,39.88481140136719,67.2168960571289,123.72595977783203,73.30448913574219,231.00001525878906,43.60940170288086,83.40765380859375,39.45806884765625,316.91754150390625,173.5290985107422,246.9513702392578,64.52400970458984,202.3980712890625,92.16040802001953,11.23470687866211,112.91755676269531,114.54871368408203,15.176544189453125,99.00133514404297,187.76963806152344,40.175872802734375,39.956764221191406,33.860679626464844
2020-08-06,110.28356170654297,73.41476440429688,464.1099853515625,161.25,22.037683486938477,314.544677734375,204.2562713623047,40.255584716796875,67.42501068115234,126.83826446533203,74.58612823486328,232.63221740722656,43.59144973754883,83.43340301513672,39.67533493041992,318.98529052734375,176.94293212890625,262.970703125,64.05770111083984,205.63925170898438,91.71302032470703,11.283230781555176,112.59436798095703,113.9220962524414,15.171456336975098,99.30533599853516,190.32618713378906,40.37834930419922,39.81517028808594,33.69851303100586
2020-08-07,107.77618408203125,73.69232177734375,449.57000732421875,158.3730010986328,22.591440200805664,312.3457946777344,197.63088989257812,39.96906661987305,66.90856170654297,125.975341796875,74.26002502441406,234.59268188476562,43.10680389404297,85.26953887939453,39.94272994995117,316.9368896484375,178.1795654296875,266.1031799316406,64.03399658203125,201.9608612060547,93.00038146972656,11.14786148071289,113.32369232177734,114.6431655883789,15.262975692749023,96.84733581542969,188.0185546875,40.86711883544922,40.006004333496094,33.54408264160156
2020-08-10,109.34271240234375,73.26406860351562,443.2900085449219,157.4080047607422,22.980796813964844,311.5119934082031,193.8070526123047,40.221885681152344,69.1670913696289,124.87002563476562,74.18321228027344,237.26119995117188,44.17481994628906,86.35066223144531,39.87589645385742,311.9706726074219,177.76156616210938,260.7105712890625,63.94706726074219,197.9402618408203,96.24162292480469,11.113517761230469,112.69380187988281,115.11528015136719,15.35448932647705,94.57133483886719,188.43032836914062,41.188297271728516,40.59392166137695,34.37033462524414
2020-08-11,106.09085083007812,73.49407196044922,435.2300109863281,154.0334930419922,23.29228401184082,304.5762634277344,188.7249755859375,39.76683044433594,69.08231353759766,126.518310546875,73.37635803222656,237.42532348632812,43.250396728515625,89.07911682128906,40.051361083984375,317.43939208984375,178.5279083251953,253.90036010742188,63.94706726074219,193.3113250732422,95.97685241699219,10.799969673156738,111.98111724853516,114.36848449707031,15.35448932647705,91.6259994506836,189.3686981201172,40.8531494140625,40.07680892944336,34.72554016113281
2020-08-12,109.61672973632812,75.74639892578125,445.3599853515625,158.11199951171875,23.127885818481445,308.54345703125,189.34423828125,40.53367614746094,69.93021392822266,127.77873229980469,74.69962310791016,243.17694091796875,44.14789581298828,88.32408905029297,40.46917724609375,316.5600891113281,179.41619873046875,257.6275939941406,65.3459701538086,198.83375549316406,96.06815338134766,11.387497901916504,114.20216369628906,116.28276062011719,15.344321250915527,103.65066528320312,190.2974853515625,40.915985107421875,40.59700012207031,34.717655181884766
2020-08-13,111.55667114257812,75.0881576538086,450.0199890136719,158.05099487304688,22.799095153808594,307.572265625,191.8214111328125,35.999977111816406,69.23645782470703,126.9739990234375,75.16598510742188,243.24607849121094,43.58247375488281,87.83501434326172,40.427391052246094,315.16876220703125,179.8254852294922,259.02532958984375,66.02567291259766,198.3679962158203,97.25507354736328,11.390237808227539,114.45077514648438,116.55746459960938,15.20704460144043,108.06666564941406,189.4727783203125,40.860130310058594,40.75153732299805,33.86723327636719
2020-08-14,111.45724487304688,75.3974609375,447.6000061035156,157.4010009765625,22.902925491333008,308.1037292480469,190.1699676513672,35.81458282470703,69.64501190185547,126.55709075927734,74.57025909423828,242.28749084472656,43.8786506652832,87.86934661865234,40.48589324951172,315.7581787109375,180.2957763671875,258.96588134765625,65.97824096679688,198.55810546875,97.17288208007812,11.510680198669434,114.00324249267578,115.97370910644531,15.257888793945312,110.04733276367188,188.57130432128906,41.04865264892578,40.98335266113281,34.0168571472168
2020-08-17,111.166259765625,76.41259002685547,451.5799865722656,159.12049865722656,22.409738540649414,311.4753112792969,193.39418029785156,35.46908187866211,69.96874237060547,125.43238830566406,75.14566802978516,248.9286346435547,43.914546966552734,85.55269622802734,40.285335540771484,319.0721435546875,181.7240447998047,258.8865966796875,66.98990631103516,199.8697967529297,96.46988677978516,12.280112266540527,114.30162048339844,116.31706237792969,15.176544189453125,122.3759994506836,191.24684143066406,41.04166793823242,41.91056823730469,33.575889587402344
2020-08-18,112.09257507324219,75.85742950439453,463.510009765625,165.62449645996094,22.089599609375,312.1991882324219,200.54051208496094,35.37637710571289,68.52214813232422,124.99609375,77.10529327392578,246.13055419921875,43.663246154785156,84.36006164550781,40.460819244384766,319.8162536621094,183.1609344482422,260.0562744140625,66.83184051513672,201.0198516845703,97.66592407226562,12.204217910766602,114.45906066894531,117.18409729003906,15.146034240722656,125.80599975585938,190.84405517578125,41.320960998535156,41.635494232177734,33.41053771972656
2020-08-19,112.23323822021484,76.21430206298828,462.010009765625,163.0240020751953,22.063644409179688,312.3365783691406,201.62184143066406,35.28367233276367,67.55253601074219,123.8810806274414,76.55169677734375,244.28231811523438,43.37605285644531,84.55740356445312,39.58341598510742,321.1689147949219,182.45555114746094,260.3041076660156,67.20330047607422,199.80032348632812,98.96240997314453,12.082529067993164,113.08332061767578,116.54888153076172,15.115525245666504,125.23533630371094,192.74281311035156,41.23017883300781,40.92462158203125,33.040435791015625
2020-08-20,114.72364044189453,75.50054931640625,478.4800109863281,164.86849975585938,21.717546463012695,312.3091125488281,205.94703674316406,35.65446090698242,66.3170394897461,124.22042846679688,78.11978912353516,242.39964294433594,44.129940032958984,83.5449447631836,39.56670379638672,325.9226989746094,182.77772521972656,266.668212890625,67.20330047607422,204.44993591308594,98.61546325683594,12.085017204284668,113.3071060180664,117.4759750366211,15.085027694702148,133.45533752441406,195.77316284179688,41.1673469543457,40.35593032836914,32.5364875793457
2020-08-21,120.6356430053711,75.23091125488281,473.2200012207031,164.23599243164062,21.61371612548828,315.7357482910156,204.0006866455078,35.603904724121094,66.52818298339844,123.5611343383789,78.08609771728516,244.60191345214844,44.228668212890625,83.50202941894531,39.50820541381836,325.7100830078125,184.24949645996094,264.6856384277344,67.16377258300781,202.9635772705078,100.20413970947266,12.625017166137695,113.09163665771484,117.98245239257812,15.095192909240723,136.6653289794922,195.7540283203125,41.188297271728516,40.68355178833008,32.29239273071289
2020-08-24,122.0784683227539,74.95333862304688,476.29998779296875,165.3730010986328,22.228044509887695,315.2959899902344,204.91488647460938,35.544921875,68.18590545654297,126.71221160888672,78.56086730957031,247.641845703125,44.103023529052734,85.85301208496094,40.08479309082031,332.0291748046875,185.16390991210938,269.027587890625,67.51152801513672,203.60191345214844,102.10321807861328,12.661596298217773,114.06954193115234,118.9009780883789,15.26805591583252,134.27999877929688,197.9404754638672,41.59326171875,40.590824127197266,33.24517822265625
2020-08-25,121.07694244384766,74.59642791748047,484.42999267578125,167.32449340820312,22.496261596679688,315.8274230957031,212.3758087158203,35.359519958496094,67.3492202758789,125.83960723876953,79.58678436279297,247.10647583007812,44.36328887939453,86.23054504394531,40.034664154052734,335.9132995605469,185.1900634765625,278.3754577636719,67.71701049804688,206.25067138671875,101.81105041503906,12.69120979309082,113.78780364990234,119.37308502197266,15.2019624710083,134.8893280029297,199.56112670898438,41.488525390625,40.374473571777344,32.19002151489258
2020-08-26,122.72348022460938,74.82643127441406,528.489990234375,172.09249877929688,22.11555290222168,315.4242248535156,267.6888122558594,35.603904724121094,66.29361724853516,128.15684509277344,81.48397064208984,252.1154022216797,44.47099304199219,85.02071380615234,40.24355697631836,339.1597900390625,186.15670776367188,301.26446533203125,67.60637664794922,210.70974731445312,101.82931518554688,12.714101791381836,114.75743103027344,118.79798889160156,15.247720718383789,143.54466247558594,201.63243103027344,41.516456604003906,40.39609909057617,31.50495719909668
2020-08-27,121.25640106201172,74.78679656982422,510.32000732421875,170.0,22.53952407836914,317.3390808105469,271.620849609375,35.63760757446289,66.39527893066406,129.65966796875,80.71031951904297,249.26544189453125,44.33636474609375,87.81785583496094,40.30205154418945,343.9715270996094,184.7894287109375,290.66748046875,67.82767486572266,215.88343811035156,101.19933319091797,12.570023536682129,114.69941711425781,118.64344024658203,15.2019624710083,149.25,202.37086486816406,41.49551010131836,42.22892379760742,31.292354583740234
2020-08-28,121.05997467041016,74.68368530273438,516.4400024414062,170.08999633789062,22.75583839416504,319.1806335449219,266.48956298828125,35.561767578125,66.95824432373047,131.41458129882812,81.25102233886719,247.24462890625,45.26078796386719,88.17820739746094,41.6390495300293,353.74957275390625,187.15818786621094,291.1036376953125,67.69330596923828,218.10340881347656,102.75031280517578,13.087122917175293,115.97566986083984,119.12413787841797,15.273143768310547,147.55999755859375,206.8588409423828,41.37681198120117,43.36322784423828,32.040401458740234
2020-08-31,125.1654052734375,75.95259094238281,513.3900146484375,172.54800415039062,22.271303176879883,318.5301208496094,268.0131530761719,35.57862091064453,65.62894439697266,127.8563003540039,80.76038360595703,246.16506958007812,45.72748947143555,85.96453857421875,41.38835525512695,346.08758544921875,187.0355987548828,290.64764404296875,67.39298248291016,214.8829803466797,102.3843002319336,13.31282901763916,116.0751724243164,118.74645233154297,15.156203269958496,166.10667419433594,203.29148864746094,41.38379669189453,42.91505813598633,31.449846267700195
2020-09-01,130.15103149414062,73.1530532836914,527.9500122070312,174.95599365234375,22.245336532592773,321.9385681152344,276.46697998046875,35.41851043701172,64.96429443359375,129.48516845703125,82.02665710449219,246.94236755371094,45.58388900756836,85.92163848876953,41.04575729370117,344.8411560058594,186.3085174560547,292.8681640625,66.72908782958984,216.54086303710938,105.08368682861328,13.761385917663574,115.35408782958984,118.61766815185547,14.9833402633667,158.35000610351562,204.59567260742188,41.30699920654297,45.61638259887695,31.048250198364258
2020-09-02,127.45450592041016,74.50920104980469,533.7999877929688,176.57249450683594,22.513572692871094,328.79168701171875,271.9845886230469,35.74715805053711,65.05030822753906,131.26914978027344,85.1147689819336,249.33853149414062,46.89423370361328,87.21723937988281,42.77548599243164,348.5127258300781,189.4093780517578,299.8667297363281,68.70494842529297,220.7140350341797,106.87716674804688,14.284619331359863,118.75199127197266,120.61782836914062,15.100275039672852,149.1233367919922,207.59725952148438,42.2635612487793,45.644203186035156,30.859270095825195
2020-09-03,117.25041198730469,72.859619140625,507.79998779296875,168.39999389648438,22.356739044189453,319.11651611328125,260.50323486328125,34.50840377807617,64.3387451171875,129.18458557128906,80.75939178466797,238.42562866210938,45.22488784790039,86.94269561767578,42.18220901489258,332.222412109375,187.2808380126953,288.58575439453125,67.56685638427734,207.04147338867188,103.26274871826172,12.959362030029297,116.33386993408203,118.68635559082031,15.044351577758789,135.6666717529297,200.38584899902344,42.31942367553711,44.673702239990234,30.7962703704834
2020-09-04,117.32801818847656,72.859619140625,491.94000244140625,164.7310028076172,23.123456954956055,317.53155517578125,250.36849975585938,34.39885330200195,64.06503295898438,127.97264862060547,78.36561584472656,234.11083984375,44.94667053222656,88.82172393798828,42.650142669677734,323.6907958984375,185.46759033203125,280.2687683105469,67.3692626953125,204.13548278808594,102.85098266601562,12.56805419921875,115.82466888427734,118.4288330078125,14.957921028137207,139.44000244140625,196.26226806640625,42.2286491394043,44.14518737792969,30.772653579711914
2020-09-08,109.43243408203125,71.55104064941406,462.1300048828125,157.49200439453125,22.19991111755371,310.4674987792969,237.16690063476562,33.70783615112305,61.75048828125,130.11537170410156,75.51043701171875,233.7635955810547,43.8965950012207,85.73287963867188,41.62234878540039,318.734130859375,187.08815002441406,268.7995300292969,65.85970306396484,193.0926971435547,103.14378356933594,11.861617088317871,113.14524841308594,116.69480895996094,15.003678321838379,110.06999969482422,191.90853881835938,41.865562438964844,42.79143142700195,30.063976287841797
2020-09-09,113.79730987548828,72.66925811767578,479.4599914550781,163.4304962158203,22.226051330566406,317.40325927734375,246.17111206054688,33.8173942565918,62.57935333251953,129.3009490966797,76.68154907226562,240.51788330078125,44.53382110595703,86.54798889160156,41.93987274169922,328.1643371582031,188.9539337158203,271.3371887207031,67.0847396850586,201.3152313232422,105.13861083984375,12.66015911102295,114.4473876953125,118.5919189453125,14.932494163513184,122.09333038330078,195.68687438964844,41.92143249511719,43.23649597167969,29.882862091064453
2020-09-10,110.08230590820312,71.09899139404297,476.260009765625,158.7554931640625,21.90367889404297,311.0813903808594,243.58583068847656,33.34547805786133,61.10927963256836,129.1652069091797,75.6318588256836,236.7500762939453,43.94146728515625,85.65567779541016,41.78111267089844,321.6326904296875,190.2941436767578,265.7562561035156,66.04938507080078,195.67474365234375,105.0379409790039,12.258648872375488,112.48580932617188,117.34720611572266,14.698617935180664,123.77999877929688,193.27029418945312,41.565338134765625,42.284549713134766,29.13479995727539
2020-09-11,108.63703155517578,71.13863372802734,471.3500061035156,155.81100463867188,22.21733856201172,310.71484375,238.9657745361328,33.60672378540039,60.74956512451172,127.73995971679688,75.12187957763672,239.9014434814453,44.228668212890625,86.7196044921875,42.66686248779297,318.99493408203125,190.9598846435547,264.2891540527344,66.76860809326172,194.39797973632812,107.97523498535156,12.112030029296875,113.36228942871094,118.5833511352539,14.744376182556152,124.23999786376953,192.44557189941406,41.746864318847656,42.25055694580078,29.056066513061523
2020-09-14,111.89615631103516,71.7651596069336,485.9100036621094,155.14849853515625,22.435155868530273,314.1873474121094,242.445556640625,34.01963424682617,60.436790466308594,127.25515747070312,74.7784194946289,243.65196228027344,44.345340728759766,87.92080688476562,42.717403411865234,327.1594543457031,193.20236206054688,263.8330993652344,66.99947357177734,195.7128143310547,109.14649963378906,12.816729545593262,114.08012390136719,119.00398254394531,14.815556526184082,139.8733367919922,196.56907653808594,42.1169319152832,42.442176818847656,28.867076873779297
2020-09-15,112.07075500488281,72.09828186035156,497.6700134277344,157.80650329589844,22.025659561157227,315.0943603515625,247.3998565673828,34.21345138549805,59.7017707824707,127.24547576904297,76.08137512207031,247.93202209472656,44.8748664855957,85.18375396728516,43.003822326660156,327.6812438964844,194.78787231445312,270.0486145019531,67.03926086425781,198.9237518310547,109.1373291015625,12.93496322631836,113.20368957519531,119.00398254394531,14.805392265319824,149.9199981689453,196.9622802734375,42.31243133544922,42.45454025268555,28.559986114501953
2020-09-16,108.76313018798828,71.20208740234375,476.0,153.90499877929688,22.304466247558594,314.92950439453125,246.33822631835938,34.061763763427734,61.42987823486328,128.06961059570312,74.93998718261719,244.5028076171875,45.206939697265625,85.54412078857422,42.7847900390625,330.2996520996094,196.92518615722656,261.22601318359375,68.1219711303711,195.36981201171875,108.51509094238281,12.46052360534668,112.66944885253906,118.20563507080078,14.866398811340332,147.25332641601562,196.7129669189453,42.15184020996094,42.114559173583984,29.772621154785156
2020-09-17,107.0268783569336,71.08314514160156,474.29998779296875,150.43649291992188,22.08664894104004,310.48583984375,240.37144470214844,34.01963424682617,61.6097297668457,126.25650787353516,73.698486328125,243.0529327392578,45.162071228027344,84.56597900390625,42.58262252807617,327.96142578125,194.9718017578125,252.60174560546875,68.1777114868164,193.3308563232422,106.47454071044922,12.40974235534668,111.18367004394531,118.05111694335938,14.7799711227417,141.14332580566406,196.84722900390625,42.305458068847656,42.247459411621094,29.764741897583008
2020-09-18,103.6319808959961,71.46380615234375,467.54998779296875,147.74549865722656,21.964672088623047,307.810546875,238.6511993408203,33.5477294921875,61.15620422363281,124.71491241455078,71.91680145263672,238.91183471679688,44.776145935058594,84.38578796386719,42.49837875366211,323.93231201171875,192.94833374023438,250.33172607421875,68.3130111694336,190.92982482910156,104.9189682006836,12.136677742004395,109.7396240234375,117.9223403930664,14.708789825439453,147.38333129882812,194.2963409423828,42.13786697387695,41.81476593017578,29.284412384033203
2020-09-21,106.77469635009766,70.65487670898438,475.6400146484375,148.02349853515625,21.319936752319336,311.1180419921875,240.88259887695312,32.89885330200195,59.66267776489258,121.59291076660156,70.87850189208984,236.44610595703125,44.623565673828125,81.7774429321289,41.35273742675781,316.772705078125,189.56715393066406,245.9898223876953,66.17948913574219,192.9783172607422,103.7385482788086,12.463257789611816,109.54763793945312,117.35577392578125,14.55626392364502,149.79666137695312,189.34808349609375,41.62118911743164,42.36491012573242,28.685970306396484
2020-09-22,108.45275115966797,70.26628112792969,486.7799987792969,156.44949340820312,20.858163833618164,315.589111328125,243.5662078857422,33.13481140136719,59.06056594848633,123.33812713623047,72.34945678710938,237.27960205078125,44.82999801635742,80.88508605957031,41.83290481567383,323.98065185546875,189.56715393066406,252.5323944091797,66.02823638916016,197.62796020507812,106.94122314453125,12.58324146270752,110.30722045898438,118.4288330078125,14.495250701904297,141.41000366210938,192.3304443359375,41.767818450927734,42.748165130615234,27.97728729248047
2020-09-23,103.90357971191406,69.10838317871094,470.3900146484375,149.9929962158203,20.265703201293945,315.7539978027344,231.9766845703125,32.25840377807617,56.26118850708008,119.52774810791016,69.8501205444336,231.41073608398438,43.815826416015625,79.57233428955078,40.61143493652344,313.5647888183594,188.3057403564453,246.85223388671875,65.78144836425781,191.120361328125,116.31128692626953,12.071456909179688,109.3473129272461,117.0124282836914,14.169855117797852,126.78666687011719,187.3534698486328,41.13243865966797,42.0311164855957,27.079618453979492
2020-09-24,104.97054290771484,68.13290405273438,467.6700134277344,150.989501953125,20.335399627685547,317.92547607421875,233.51016235351562,31.896039962768555,56.1439094543457,118.76179504394531,70.5177001953125,230.67283630371094,44.120967864990234,79.50370025634766,41.02421188354492,317.12054443359375,189.3131103515625,247.3578338623047,66.19539642333984,193.59762573242188,114.15177917480469,12.294739723205566,109.83145904541016,117.53606414794922,14.25628662109375,129.26333618164062,187.4972686767578,41.32793426513672,42.25055694580078,27.024494171142578
2020-09-25,108.90863037109375,68.38668823242188,479.7799987792969,154.75650024414062,20.466089248657227,313.8758544921875,238.61187744140625,32.401668548583984,56.16736602783203,120.225830078125,71.32058715820312,233.14707946777344,44.821014404296875,80.19866180419922,41.04105758666992,320.56982421875,191.1175537109375,252.60174560546875,66.020263671875,198.009033203125,113.67596435546875,12.818221092224121,111.47583770751953,118.1369857788086,14.25628662109375,135.77999877929688,189.1563262939453,41.46759033203125,42.426727294921875,27.27647590637207
2020-09-28,111.50816345214844,69.21939849853516,488.510009765625,158.70249938964844,20.988847732543945,320.3259582519531,242.4750518798828,32.974693298339844,57.80946350097656,122.15526580810547,72.29196166992188,236.4287872314453,46.158287048339844,82.5067367553711,41.51279830932617,326.95660400390625,192.93954467773438,254.58436584472656,65.88493347167969,199.55258178710938,113.75830841064453,12.978778839111328,115.1652603149414,118.47174072265625,14.429155349731445,140.39999389648438,192.10035705566406,41.44663619995117,42.42053985595703,27.804052352905273
2020-09-29,110.66429901123047,68.91011047363281,489.3299865722656,157.24400329589844,20.71004867553711,322.6347351074219,243.24179077148438,32.915706634521484,56.22209930419922,121.58322143554688,72.65673828125,236.2378387451172,45.94288635253906,81.81175231933594,41.20954132080078,324.8695068359375,191.55552673339844,259.5111083984375,65.20027923583984,197.4754638671875,115.61582946777344,13.168703079223633,114.4891357421875,117.82791900634766,14.388476371765137,139.69000244140625,191.2564239501953,41.36284637451172,42.38654708862305,26.993000030517578
2020-09-30,112.33263397216797,69.46526336669922,490.42999267578125,157.43649291992188,20.988847732543945,325.25518798828125,247.0460205078125,33.19378662109375,56.30031204223633,120.30340576171875,72.63591003417969,241.09954833984375,46.472412109375,82.60111999511719,41.58860778808594,326.74395751953125,192.2650909423828,259.6201477050781,66.03617858886719,200.40061950683594,114.87468719482422,13.472139358520508,115.6911392211914,119.31299591064453,14.495250701904297,143.00332641601562,191.76470947265625,41.53739929199219,43.2426872253418,27.032367706298828
2020-10-01,113.28321075439453,69.10838317871094,499.510009765625,161.06300354003906,20.99756622314453,328.42523193359375,249.13975524902344,32.99819564819336,55.06483459472656,119.55682373046875,73.74111938476562,241.0214080810547,46.885257720947266,83.20174407958984,41.42854690551758,331.768310546875,192.35267639160156,264.3089294433594,64.99330139160156,202.43003845214844,115.8812026977539,13.555776596069336,117.5274887084961,119.5276107788086,14.485079765319824,149.3866729736328,195.00599670410156,41.509483337402344,44.22245407104492,26.087461471557617
2020-10-02,109.62641906738281,68.2994613647461,478.989990234375,156.25,21.093400955200195,325.2643127441406,243.635009765625,32.54743957519531,55.66693878173828,118.8199691772461,72.14031982421875,242.48863220214844,45.78133773803711,83.9911117553711,41.58018112182617,327.3817443847656,195.05062866210938,257.6772155761719,64.32457733154297,196.45602416992188,115.8812026977539,13.00590991973877,115.24039459228516,118.566162109375,14.581680297851562,138.3633270263672,193.19361877441406,41.36284637451172,43.42504119873047,25.96934700012207
2020-10-05,113.0019302368164,69.73491668701172,486.4700012207031,159.9600067138672,21.45062255859375,328.5352478027344,247.25241088867188,32.80257797241211,56.847652435302734,119.61500549316406,73.48985290527344,244.9108123779297,46.391639709472656,85.76636505126953,41.597042083740234,331.6522521972656,198.0288848876953,262.34619140625,64.67485809326172,200.44822692871094,117.0433349609375,13.58365535736084,115.1318588256836,119.65635681152344,14.57659912109375,141.89332580566406,195.18821716308594,41.656105041503906,43.82684326171875,26.567792892456055
2020-10-06,109.76221466064453,68.11701965332031,478.9800109863281,154.9980010986328,21.23280143737793,328.32452392578125,245.88604736328125,32.80257797241211,56.53487777709961,117.24927520751953,71.913330078125,240.0230712890625,46.104434967041016,84.88307189941406,41.226375579833984,326.029052734375,196.29449462890625,256.4082946777344,63.3931770324707,196.18923950195312,116.80540466308594,13.677253723144531,113.27046203613281,119.84527587890625,14.59693717956543,137.9933319091797,192.22496032714844,41.516456604003906,43.46522521972656,26.292194366455078
2020-10-07,111.62455749511719,69.05287170410156,493.1499938964844,159.7845001220703,21.67715072631836,332.6031494140625,255.55868530273438,33.50846481323242,57.69217300415039,119.16901397705078,72.31575775146484,245.5098419189453,47.27118682861328,86.36387634277344,41.7486572265625,332.2803649902344,198.38804626464844,255.87301635742188,63.71955871582031,199.9241943359375,119.01065826416016,13.903769493103027,114.36392211914062,120.7809066772461,14.642695426940918,141.76666259765625,194.16209411621094,41.62118911743164,43.54558563232422,26.378808975219727
2020-10-08,111.51786041259766,69.2669906616211,490.8399963378906,159.52749633789062,21.990806579589844,334.4997253417969,255.7946014404297,33.84014892578125,58.81816482543945,119.3435287475586,73.51958465576172,247.01177978515625,47.899436950683594,88.1391372680664,42.506805419921875,333.87646484375,197.7924346923828,261.4639892578125,64.06985473632812,200.63876342773438,118.69039154052734,13.779059410095215,115.06510925292969,121.596435546875,14.902341842651367,141.97332763671875,194.65118408203125,41.76796340942383,43.69084167480469,27.764677047729492
2020-10-09,113.45780181884766,69.552490234375,502.1600036621094,164.33250427246094,22.095361709594727,338.5035705566406,261.4566955566406,33.89117431640625,57.864192962646484,121.1760025024414,74.85871124267578,248.22720336914062,47.40580368041992,87.63687133789062,42.8016471862793,340.8800354003906,196.94273376464844,262.1479797363281,63.97430419921875,205.6218719482422,119.85250091552734,13.703386306762695,115.55755615234375,122.68663024902344,14.751287460327148,144.6666717529297,198.1610107421875,41.86676025390625,44.12973403930664,27.3552188873291
2020-10-12,120.66472625732422,70.04420471191406,510.8900146484375,172.14649963378906,22.374164581298828,344.9353942871094,262.5281066894531,34.32491683959961,58.26298904418945,121.16631317138672,77.54191589355469,249.08676147460938,48.357154846191406,88.71067810058594,43.037506103515625,340.5414123535156,198.06394958496094,273.3495178222656,63.97430419921875,210.9479522705078,118.46161651611328,14.16463851928711,118.63768005371094,124.03437805175781,14.652318000793457,147.43333435058594,197.93089294433594,42.022003173828125,44.584075927734375,27.268600463867188
2020-10-13,117.46381378173828,69.65558624267578,514.3099975585938,172.18150329589844,21.738140106201172,348.7834167480469,262.2922058105469,33.85715866088867,57.395023345947266,125.03487396240234,77.66482543945312,252.0819091796875,48.31228256225586,87.27315521240234,42.30463790893555,334.5439453125,199.15011596679688,273.7361755371094,64.25293731689453,212.33905029296875,118.22372436523438,14.186793327331543,119.81460571289062,123.79401397705078,14.45438289642334,148.88333129882812,195.9362030029297,41.88793182373047,45.19603729248047,26.945756912231445
2020-10-14,117.55110168457031,69.1893539428711,506.30999755859375,168.1855010986328,20.57935905456543,346.63958740234375,257.37725830078125,33.925201416015625,57.04316711425781,122.73699951171875,77.48491668701172,249.24295043945312,48.06098175048828,86.78821563720703,42.220401763916016,331.5065612792969,199.3866729736328,269.45379638671875,64.09371948242188,210.43344116210938,116.81455993652344,14.034455299377441,118.96318817138672,123.64803314208984,14.31895637512207,153.76666259765625,193.90318298339844,41.23167419433594,44.48825454711914,26.89063262939453
2020-10-15,117.08551788330078,68.51411437988281,501.1499938964844,166.9324951171875,21.041120529174805,345.0269470214844,253.337158203125,33.99323272705078,57.481040954589844,123.48357391357422,77.08992004394531,249.6337127685547,48.330223083496094,88.0871810913086,42.11088562011719,327.51129150390625,201.1561279296875,264.3981628417969,62.93938446044922,209.29013061523438,118.04071044921875,13.909745216369629,118.05335235595703,123.46780395507812,14.29811954498291,149.6266632080078,191.36195373535156,41.0411376953125,44.67061233520508,27.126863479614258
2020-10-16,115.44625854492188,69.35013580322266,502.82000732421875,163.635498046875,21.11954116821289,349.571533203125,254.15306091308594,34.154823303222656,56.996238708496094,122.9502944946289,77.69605255126953,249.73785400390625,48.608455657958984,87.90532684326172,42.14458465576172,328.3143310546875,200.91958618164062,263.6150817871094,63.552371978759766,209.29013061523438,117.12566375732422,13.75192928314209,118.30376434326172,123.9485092163086,14.235614776611328,146.55667114257812,192.04278564453125,40.96352005004883,44.72624206542969,26.85126304626465
2020-10-19,112.4975357055664,67.7745361328125,495.20001220703125,160.36050415039062,20.666481018066406,344.0924377441406,250.67323303222656,33.42341613769531,55.737308502197266,120.44884490966797,75.82512664794922,246.32598876953125,48.98540115356445,86.42450714111328,41.79920959472656,320.8367614746094,197.9676055908203,259.12445068359375,62.62889099121094,204.10693359375,116.60408782958984,13.439532279968262,116.59261322021484,121.81962585449219,14.001220703125,143.61000061035156,188.8878173828125,40.43428039550781,44.18227005004883,26.315814971923828
2020-10-20,113.98161315917969,67.7262954711914,494.5799865722656,160.85049438476562,21.032413482666016,346.612060546875,251.61692810058594,33.338375091552734,56.05007553100586,121.14692687988281,76.87235260009766,248.3314666748047,47.953285217285156,86.91813659667969,42.32991027832031,320.8851013183594,199.2377166748047,265.2308654785156,62.31045913696289,204.5166015625,117.57404327392578,13.586644172668457,116.61766815185547,122.30892181396484,13.938715934753418,140.64666748046875,189.58782958984375,40.39898681640625,44.475894927978516,26.536293029785156
2020-10-21,113.36082458496094,66.633056640625,495.9599914550781,159.2469940185547,20.95400047302246,346.1631164550781,249.906494140625,33.21931457519531,55.41671371459961,122.77578735351562,78.60250854492188,247.0031280517578,48.016109466552734,86.05213928222656,42.11088562011719,322.5296325683594,199.88595581054688,276.30364990234375,62.15122985839844,204.65956115722656,118.4342041015625,13.466413497924805,116.52582550048828,122.96993255615234,13.917878150939941,140.8800048828125,190.2878875732422,40.04616165161133,44.630428314208984,26.111082077026367
2020-10-22,112.27442932128906,67.7745361328125,483.6000061035156,158.82000732421875,21.668439865112305,344.26666259765625,245.42405700683594,33.01520538330078,57.395023345947266,123.67748260498047,79.62692260742188,244.09474182128906,48.3751106262207,89.09171295166016,42.69212341308594,322.7037353515625,200.72689819335938,275.6989440917969,63.05879211425781,204.74530029296875,118.97408294677734,13.303369522094727,116.53417205810547,122.09896087646484,14.730447769165039,141.92999267578125,189.86595153808594,40.455440521240234,44.36772155761719,27.4497127532959
2020-10-23,111.58576965332031,67.79866790771484,488.5,160.22000122070312,21.694578170776367,343.21295166015625,246.25961303710938,33.01520538330078,56.746002197265625,124.44344329833984,80.93135833740234,245.69219970703125,43.25937271118164,89.89708709716797,42.557350158691406,318.8440856933594,200.3414306640625,282.31085205078125,63.552371978759766,206.02200317382812,118.94660949707031,13.531632423400879,116.49246978759766,122.90172576904297,14.490845680236816,140.2100067138672,189.8850860595703,40.90000915527344,44.46044158935547,26.89851188659668
2020-10-26,111.59547424316406,67.46102905273438,475.20001220703125,160.3520050048828,21.380918502807617,339.6488342285156,237.86480712890625,32.03715515136719,55.471431732177734,120.28401184082031,78.51826477050781,239.6497344970703,41.93107604980469,87.6715087890625,41.950828552246094,307.6712951660156,196.4521942138672,274.6976623535156,62.764244079589844,200.16236877441406,117.46422576904297,13.084568977355957,115.24039459228516,121.969482421875,14.261661529541016,140.0933380126953,185.14781188964844,40.794158935546875,43.938106536865234,26.260690689086914
2020-10-27,113.09892272949219,66.48835754394531,478.55999755859375,164.31649780273438,20.779747009277344,341.49041748046875,246.0433349609375,31.356781005859375,54.35325241088867,119.55682373046875,79.2413558959961,240.34429931640625,40.96177673339844,86.01748657226562,42.03507614135742,306.75238037109375,195.3134307861328,280.8239440917969,62.08755111694336,203.1826934814453,117.11651611328125,13.338967323303223,116.12519073486328,122.88445281982422,14.02205753326416,141.55999755859375,182.2613067626953,40.49073028564453,44.15753936767578,25.843355178833008
2020-10-28,107.86107635498047,64.70374298095703,456.9700012207031,158.13900756835938,20.44866180419922,334.3806457519531,234.3751678466797,30.370237350463867,52.29671859741211,114.86415100097656,74.87605285644531,234.1628875732422,39.714263916015625,83.60144805908203,40.40084457397461,281.86279296875,188.0604705810547,265.3399353027344,60.6466064453125,193.1116943359375,111.7086181640625,12.572537422180176,111.99333953857422,118.82744598388672,13.803284645080566,135.33999633789062,173.4484100341797,39.73566818237305,43.28286361694336,24.85907554626465
2020-10-29,111.85736846923828,64.84842681884766,461.1099853515625,160.55050659179688,20.509653091430664,334.9314270019531,233.10711669921875,30.35323715209961,53.798072814941406,117.84071350097656,77.1598129272461,234.08474731445312,39.58860397338867,84.14696502685547,40.45138168334961,283.6039123535156,188.2882080078125,278.38531494140625,60.41573715209961,195.05540466308594,112.42233276367188,12.96782398223877,111.84312438964844,118.74977111816406,13.938715934753418,136.94332885742188,177.28428649902344,40.053218841552734,43.245784759521484,25.961469650268555
2020-10-30,105.59132385253906,68.40959167480469,447.1000061035156,151.8074951171875,20.64905548095703,328.2853088378906,228.31996154785156,30.531824111938477,54.34543228149414,117.55953979492188,80.09526824951172,231.54969787597656,39.741180419921875,84.90039825439453,40.48508071899414,279.2122497558594,186.580078125,260.819580078125,59.87440490722656,192.91165161132812,109.8785171508789,12.479937553405762,111.25881958007812,118.34407043457031,14.07414436340332,129.34666442871094,174.2539825439453,40.21552658081055,42.884159088134766,25.68587303161621
2020-11-02,105.50402069091797,70.94181060791016,444.94000244140625,150.2239990234375,20.98013687133789,334.5,228.49685668945312,30.531824111938477,56.41758728027344,116.47362518310547,80.50218200683594,235.04837036132812,39.90272521972656,86.81417846679688,40.956817626953125,280.49884033203125,186.19464111328125,259.0848388671875,61.06855010986328,192.77822875976562,111.99226379394531,12.526485443115234,112.81136322021484,119.55254364013672,14.240824699401855,133.50332641601562,177.15965270996094,40.71653747558594,43.39413070678711,26.764644622802734
2020-11-03,107.12387084960938,70.70866394042969,454.0199890136719,152.42050170898438,21.51161003112793,341.4490051269531,233.09730529785156,31.195192337036133,56.096988677978516,120.24522399902344,81.5597915649414,240.80435180664062,40.252750396728516,89.55070495605469,41.57175827026367,285.7417907714844,189.9087371826172,262.9905090332031,61.23573303222656,196.6846466064453,114.00535583496094,12.96334457397461,114.38896942138672,121.900390625,14.303332328796387,141.3000030517578,180.61196899414062,40.75181579589844,44.12973403930664,26.30794334411621
2020-11-04,111.49847412109375,75.96601867675781,487.2300109863281,162.05799865722656,20.631629943847656,345.3136901855469,246.47586059570312,31.101634979248047,56.120460510253906,121.26326751708984,86.5252685546875,245.44911193847656,41.015628814697266,86.81417846679688,41.42013168334961,297.1660461425781,188.21812438964844,284.8783264160156,64.18128967285156,206.1745147705078,116.52173614501953,13.734752655029297,115.07341766357422,121.39977264404297,14.084556579589844,140.32666015625,186.01089477539062,40.37782669067383,43.87629318237305,26.166196823120117
2020-11-05,115.45597076416016,75.31485748291016,496.4700012207031,166.10000610351562,21.44190788269043,353.6305236816406,255.7946014404297,31.6629581451416,56.409759521484375,123.09574127197266,87.3504409790039,248.16644287109375,41.295875549316406,90.36470794677734,41.64756393432617,306.1912841796875,189.4795379638672,292.11474609375,64.05391693115234,212.7487335205078,118.68124389648438,14.098923683166504,115.2320556640625,122.90172576904297,14.329374313354492,146.02999877929688,189.53030395507812,41.034080505371094,44.34299087524414,26.118955612182617
2020-11-06,115.32479095458984,74.63961029052734,494.6300048828125,165.56849670410156,21.180530548095703,354.0251770019531,255.725830078125,31.918092727661133,55.635643005371094,123.58052825927734,87.21316528320312,246.7687225341797,41.03370666503906,89.16099548339844,41.656005859375,303.3957214355469,189.69850158691406,290.8558349609375,63.97430419921875,213.15841674804688,117.9491958618164,14.499192237854004,115.50751495361328,123.63540649414062,14.292912483215332,143.31666564941406,190.3262176513672,41.302242279052734,45.05385208129883,25.811861038208008
2020-11-09,113.02198791503906,76.46440887451172,471.1400146484375,157.18699645996094,24.186403274536133,335.0599060058594,254.87060546875,32.4879150390625,62.08672332763672,138.25001525878906,87.29691314697266,234.37994384765625,41.223548889160156,101.23269653320312,44.284236907958984,333.3057861328125,186.77276611328125,276.34326171875,64.08574676513672,208.08004760742188,117.99495697021484,13.571956634521484,115.56591033935547,119.11226654052734,14.740863800048828,140.4199981689453,203.9532012939453,42.226654052734375,44.364627838134766,29.079681396484375
2020-11-10,112.68192291259766,79.47891235351562,452.0,151.75100708007812,24.09927749633789,336.547119140625,243.44822692871094,32.93014907836914,64.95646667480469,137.78463745117188,86.1223373413086,239.24166870117188,41.07890701293945,100.90364074707031,45.472015380859375,323.8451843261719,186.86038208007812,270.0584411621094,64.5713882446289,201.04847717285156,116.86029815673828,12.714922904968262,118.29544067382812,121.07172393798828,15.027350425720215,136.7866668701172,204.55728149414062,43.11577606201172,44.98896789550781,29.724822998046875
2020-11-11,116.10210418701172,78.90015411376953,467.75,156.8695068359375,23.820472717285156,342.3302917480469,249.85733032226562,33.44894027709961,64.47948455810547,133.6251983642578,86.59366607666016,241.1343231201172,41.90156555175781,99.39683532714844,45.13506317138672,321.5333557128906,190.97743225097656,274.0732116699219,64.53155517578125,206.32691955566406,116.81455993652344,13.360124588012695,120.11509704589844,122.63414001464844,14.964848518371582,139.0433349609375,203.97235107421875,43.045204162597656,45.736915588378906,29.418380737304688
2020-11-12,115.83002471923828,78.45801544189453,462.5799865722656,155.51400756835938,23.254150390625,344.89141845703125,245.17828369140625,32.88762664794922,63.07978820800781,131.3952178955078,86.3750991821289,239.8233642578125,40.635929107666016,98.1758041381836,44.65489196777344,317.5672607421875,186.6414031982422,272.6853942871094,63.576255798339844,205.2693328857422,115.8812026977539,13.398707389831543,120.06501770019531,122.70316314697266,14.813793182373047,137.25332641601562,200.0154266357422,42.897029876708984,45.81418991088867,28.41035270690918
2020-11-13,115.87862396240234,79.61559295654297,469.3399963378906,156.4405059814453,23.524240493774414,347.7646789550781,245.26675415039062,35.20941162109375,64.92517852783203,134.14874267578125,87.83415222167969,240.6307373046875,41.09699630737305,98.79064178466797,45.02553939819336,324.0870361328125,186.82534790039062,274.5391540527344,64.55545806884766,206.288818359375,117.38188934326172,13.239646911621094,120.7912368774414,124.54183197021484,15.058602333068848,136.1666717529297,202.1475372314453,43.087547302246094,46.52814865112305,29.09581756591797
2020-11-16,116.88914489746094,79.06896209716797,460.95001220703125,156.55299377441406,24.029571533203125,348.6368103027344,245.64028930664062,36.17893600463867,69.56214141845703,140.26669311523438,87.92188262939453,242.71435546875,41.756927490234375,101.5791015625,45.36249542236328,324.4932556152344,189.847412109375,276.5316467285156,63.83100128173828,206.97482299804688,119.05640411376953,13.456957817077637,121.66764068603516,122.94490814208984,15.089856147766113,136.02999877929688,204.2797088623047,42.96759033203125,47.115394592285156,30.773174285888672
2020-11-17,116.00493621826172,79.75224304199219,467.95001220703125,156.7830047607422,24.00343894958496,350.5920104980469,251.81350708007812,35.61763000488281,69.06228637695312,140.10189819335938,87.3088150024414,236.55032348632812,41.1602668762207,100.54859161376953,45.219295501708984,325.509033203125,189.2167205810547,272.6060791015625,64.88184356689453,204.33560180664062,120.97799682617188,13.364356994628906,121.23360443115234,122.47013092041016,15.121109008789062,147.20333862304688,202.36846923828125,42.868797302246094,46.16653823852539,31.1844539642334
2020-11-18,114.68350982666016,79.35836029052734,459.4700012207031,155.2729949951172,23.506816864013672,350.8766784667969,252.78665161132812,35.1413688659668,66.87232208251953,139.5201416015625,86.26705169677734,234.2583465576172,40.735382080078125,99.80386352539062,44.31793212890625,324.96728515625,188.78749084472656,269.6025085449219,63.8867073059082,201.64166259765625,120.44731140136719,13.370828628540039,119.68104553222656,120.58833312988281,14.907549858093262,162.2133331298828,199.60250854492188,42.56536102294922,46.07999038696289,30.007070541381836
2020-11-19,115.2762222290039,80.12203216552734,466.4100036621094,155.8509979248047,23.506816864013672,352.0791015625,260.1493225097656,35.013797760009766,68.02284240722656,137.406494140625,87.15567779541016,235.2133331298828,41.24163055419922,100.0722885131836,44.755985260009766,322.9746398925781,188.42835998535156,270.56402587890625,63.998172760009766,202.92176818847656,120.70347595214844,13.382280349731445,119.6309585571289,120.44161224365234,14.730447769165039,166.42333984375,199.35276794433594,42.48774337768555,47.01649856567383,30.16029167175293
2020-11-20,114.01307678222656,81.06257629394531,462.9200134277344,154.97000122070312,23.358699798583984,349.8576354980469,253.65171813964844,34.843711853027344,68.07044219970703,136.77630615234375,86.05591583251953,234.2410430908203,41.03370666503906,99.21498107910156,44.36848449707031,312.4499206542969,187.5348663330078,267.35223388671875,64.04595947265625,200.98252868652344,121.68258666992188,13.031299591064453,119.71444702148438,120.24307250976562,14.751287460327148,163.20333862304688,195.808837890625,42.36778259277344,46.4354362487793,29.789335250854492
2020-11-23,110.62200927734375,82.13975524902344,460.6099853515625,154.91949462890625,23.864030838012695,350.3992919921875,253.25851440429688,35.41352081298828,72.22814178466797,141.5368194580078,85.6187973022461,235.6214599609375,41.63941192626953,102.07270050048828,44.37689971923828,321.1947326660156,190.0839385986328,266.0932922363281,63.91061019897461,200.71505737304688,122.73487854003906,13.08332633972168,119.38057708740234,119.77696990966797,14.907549858093262,173.9499969482422,199.91940307617188,42.501853942871094,46.64870071411133,31.74088478088379
2020-11-24,111.90460205078125,83.57064819335938,462.70001220703125,155.9029998779297,25.249345779418945,352.703369140625,256.4040832519531,36.238468170166016,75.87010192871094,146.87911987304688,87.41983032226562,237.27960205078125,42.49822235107422,106.79227447509766,44.83180618286133,331.2066345214844,192.4578094482422,274.5093994140625,63.79917526245117,204.2974090576172,123.25646209716797,12.901859283447266,120.22358703613281,119.38851165771484,15.225279808044434,185.1266632080078,201.37924194335938,42.79117202758789,46.781593322753906,33.85371398925781
2020-11-25,112.74020385742188,83.7635726928711,470.0799865722656,159.2534942626953,25.29291534423828,355.94378662109375,242.62252807617188,36.144927978515625,73.10889434814453,144.55218505859375,87.43122863769531,237.84390258789062,42.534393310546875,105.6751708984375,44.5875129699707,330.1716003417969,192.13365173339844,273.1909484863281,63.73545837402344,204.3069610595703,124.02507019042969,13.177666664123535,120.3321304321289,119.70787811279297,15.100274085998535,191.3333282470703,202.5413360595703,42.628868103027344,46.92686080932617,32.91020584106445
2020-11-27,113.28431701660156,84.31826782226562,477.0299987792969,159.76699829101562,25.2580623626709,356.5313415527344,243.41873168945312,36.31501007080078,72.45030975341797,142.65184020996094,88.5656509399414,239.60626220703125,42.895999908447266,104.9737319946289,44.39375686645508,327.99505615234375,191.2489471435547,275.39166259765625,63.576255798339844,205.60610961914062,122.84469604492188,13.20405101776123,120.6994400024414,119.6474609375,15.121109008789062,195.25332641601562,202.64700317382812,42.74884033203125,46.855777740478516,32.41022491455078
2020-11-30,115.6745834350586,84.06904602050781,478.4700012207031,158.40199279785156,24.534915924072266,359.6340026855469,241.61985778808594,36.58716583251953,69.1733627319336,143.50503540039062,86.94900512695312,240.83914184570312,43.70962905883789,102.08136749267578,43.80794143676758,325.5186767578125,191.6014404296875,274.5589294433594,63.998172760009766,204.49795532226562,123.25646209716797,13.343694686889648,120.39056396484375,119.87187957763672,14.975264549255371,189.1999969482422,202.02272033691406,42.628868103027344,47.223567962646484,30.74898910522461
2020-12-01,119.24053192138672,83.63497161865234,479.1499938964844,161.00399780273438,24.996686935424805,365.08837890625,237.2455596923828,37.029415130615234,69.38761138916016,144.89151000976562,88.97899627685547,240.1358642578125,44.80348587036133,103.69208526611328,44.1815071105957,327.8113708496094,190.4558563232422,284.0555114746094,64.9216537475586,206.5423126220703,123.93358612060547,13.332245826721191,121.92646026611328,120.30352020263672,15.037766456604004,194.9199981689453,202.8390350341797,42.74884033203125,47.177207946777344,31.047353744506836
2020-12-02,119.59033966064453,84.39863586425781,481.260009765625,160.17649841308594,25.319055557250977,361.2637634277344,217.02536010742188,37.32707214355469,71.30774688720703,148.9346160888672,90.44649505615234,236.64427185058594,45.110862731933594,105.68383026123047,44.240943908691406,329.1075439453125,185.80328369140625,285.01708984375,65.14456176757812,205.7398681640625,124.06169891357422,13.486080169677734,120.71609497070312,119.43167877197266,15.152360916137695,189.60667419433594,201.85943603515625,43.299251556396484,46.5219612121582,32.2086181640625
2020-12-03,119.45429992675781,84.19766998291016,484.2799987792969,159.3365020751953,25.34535026550293,352.3616638183594,217.2121124267578,37.51418685913086,71.25221252441406,148.57586669921875,90.29135131835938,234.06048583984375,46.096248626708984,104.99105072021484,44.809757232666016,324.1934509277344,186.3760986328125,279.3964538574219,64.84204864501953,204.6603546142578,125.32445526123047,13.342159271240234,121.43315887451172,118.55121612548828,15.225279808044434,197.7933349609375,199.8137969970703,43.567405700683594,46.144901275634766,32.42634582519531
2020-12-04,118.78387451171875,86.239501953125,486.0,158.12899780273438,25.678499221801758,351.7777404785156,222.0189666748047,37.74380874633789,74.01342010498047,149.44847106933594,90.38652801513672,230.43795776367188,47.00027084350586,105.94363403320312,45.71818923950195,333.1026306152344,185.69766235351562,277.2651672363281,65.2321548461914,204.77503967285156,125.78751373291016,13.50375747680664,122.610107421875,118.66344451904297,15.386756896972656,199.67999267578125,204.26051330566406,43.433326721191406,46.02435302734375,33.611793518066406
2020-12-07,120.2413101196289,85.0819320678711,492.25,157.89999389648438,25.503156661987305,351.6834411621094,223.8276824951172,37.718292236328125,72.01393127441406,149.00247192382812,90.05297088623047,229.25953674316406,45.38207244873047,105.5452651977539,44.98805236816406,329.8234558105469,184.0674285888672,283.09393310546875,65.6859130859375,204.70814514160156,127.2177963256836,13.55206298828125,122.2065658569336,118.8447036743164,15.438841819763184,213.9199981689453,204.231689453125,43.29218673706055,45.777099609375,32.9827880859375
2020-12-08,120.85346221923828,86.56908416748047,495.2799987792969,158.864501953125,25.36288833618164,355.7058410644531,223.98495483398438,37.735294342041016,72.63282775878906,149.041259765625,89.7704849243164,228.45640563964844,45.825042724609375,105.6491928100586,45.14935302734375,329.6588439941406,183.62684631347656,280.9329528808594,66.21930694580078,206.3512420654297,127.55708312988281,13.296345710754395,122.33269500732422,119.16410064697266,16.048276901245117,216.6266632080078,204.346923828125,43.362754821777344,46.19126510620117,34.063392639160156
2020-12-09,118.3271713256836,87.35689544677734,483.739990234375,155.2100067138672,25.24891471862793,352.58782958984375,216.8189239501953,38.0074462890625,71.760009765625,149.7296142578125,88.11168670654297,231.82583618164062,45.26454162597656,104.82649993896484,45.276710510253906,325.8476257324219,183.8911590576172,275.5007019042969,66.45014190673828,202.3294677734375,127.2544937133789,12.87878131866455,122.47557067871094,117.74845886230469,16.386844635009766,201.4933319091797,201.28318786621094,43.369815826416016,45.82655334472656,34.51498031616211
2020-12-10,119.74578094482422,86.4083251953125,476.8699951171875,155.07449340820312,25.520694732666016,351.1747741699219,219.1289520263672,37.69277572631836,74.06896209716797,149.98171997070312,87.60568237304688,231.1537322998047,45.43631362915039,104.15103912353516,45.03899002075195,320.691650390625,183.3184356689453,274.70758056640625,66.06802368164062,201.1067657470703,126.14509582519531,12.920113563537598,121.61810302734375,116.97156524658203,15.98576831817627,209.02333068847656,199.3911895751953,42.699440002441406,45.61249923706055,35.49075698852539
2020-12-11,118.93932342529297,85.4838638305664,475.9100036621094,155.8209991455078,25.04727554321289,353.35076904296875,218.63746643066406,37.69277572631836,73.35485076904297,170.37164306640625,87.96002960205078,230.92674255371094,44.95717239379883,103.53620147705078,45.29368209838867,316.72552490234375,183.0717315673828,271.168701171875,66.04415893554688,203.7241973876953,125.98918151855469,12.960951805114746,121.87033081054688,117.83477020263672,16.15244483947754,203.3300018310547,198.075439453125,42.586524963378906,45.60010528564453,35.32141876220703
2020-12-14,118.3271713256836,83.7635726928711,486.4200134277344,157.84849548339844,24.740428924560547,352.67266845703125,217.50701904296875,37.62473678588867,70.966552734375,164.1470489501953,86.84292602539062,231.82583618164062,45.62615966796875,102.44508361816406,45.22576904296875,320.3337707519531,186.7373809814453,271.80316162109375,64.44740295410156,204.6221466064453,124.95315551757812,13.255261421203613,121.24821472167969,117.26507568359375,15.912846565246582,213.27667236328125,199.0454559326172,42.325435638427734,45.18132400512695,34.04726028442383
2020-12-15,124.25421905517578,82.65420532226562,482.6400146484375,158.25599670410156,25.108644485473633,350.31744384765625,216.40606689453125,38.03296661376953,70.9110336303711,168.6458282470703,87.28006744384766,233.9208221435547,45.80696105957031,104.19434356689453,45.70969009399414,322.7520751953125,189.32803344726562,273.1512756347656,64.57579803466797,204.55532836914062,127.80461883544922,13.306802749633789,121.70217895507812,117.95561218261719,15.928468704223633,211.0833282470703,200.1114959716797,42.7276611328125,45.159610748291016,34.70852279663086
2020-12-16,124.18622589111328,84.11727142333984,489.8999938964844,162.04800415039062,25.17877960205078,348.0189514160156,219.8170623779297,38.03296661376953,70.37147521972656,167.85076904296875,87.08727264404297,235.3262176513672,46.21377944946289,104.4974594116211,45.04747772216797,321.25274658203125,188.3939666748047,273.2702941894531,64.05422973632812,209.47503662109375,126.84192657470703,13.189279556274414,121.80302429199219,118.49079895019531,15.77741527557373,207.58999633789062,200.0250701904297,42.27604675292969,45.11308288574219,35.24077224731445
2020-12-17,125.05097198486328,84.31826782226562,495.3599853515625,161.8040008544922,25.275222778320312,348.81964111328125,222.07794189453125,38.118003845214844,70.14930725097656,168.2677001953125,86.26060485839844,239.14950561523438,45.78887939453125,103.63146209716797,45.22576904296875,325.89599609375,188.79051208496094,272.0906066894531,64.04621887207031,209.6087646484375,128.8223876953125,13.287630081176758,122.49240112304688,119.33673858642578,15.428425788879395,218.63333129882812,202.8198699951172,42.34661102294922,45.320919036865234,35.063358306884766
2020-12-18,123.0688247680664,83.96455383300781,502.95001220703125,160.08250427246094,25.13494873046875,345.72039794921875,223.562255859375,38.645294189453125,69.18128967285156,167.62777709960938,85.55239868164062,236.076904296875,42.9050407409668,103.12053680419922,45.62479019165039,329.2139587402344,189.52186584472656,273.993896484375,63.813507080078125,208.8158721923828,125.87003326416016,13.218659400939941,123.51799011230469,120.0186538696289,15.313836097717285,231.6666717529297,202.94476318359375,42.66415786743164,45.274391174316406,34.45853805541992
2020-12-21,124.59429931640625,83.36966705322266,498.3900146484375,160.3090057373047,26.073013305664062,343.80810546875,222.61859130859375,38.169044494628906,68.30848693847656,165.49476623535156,85.96571350097656,236.54832458496094,41.91061019897461,106.99147033691406,44.83523178100586,323.44866943359375,186.5170440673828,270.4153137207031,63.62095260620117,212.6370391845703,132.04983520507812,13.278665542602539,122.23176574707031,118.70662689208984,15.110690116882324,216.6199951171875,200.7357635498047,41.97966003417969,45.28059768676758,33.82952880859375
2020-12-22,128.14080810546875,82.6381607055664,504.1700134277344,160.3260040283203,25.608360290527344,341.0386047363281,227.2386474609375,38.0074462890625,66.93582153320312,165.26202392578125,85.25503540039062,235.71896362304688,41.73884582519531,105.36344146728516,44.79277420043945,321.3881530761719,186.7373809814453,264.764892578125,63.72526168823242,213.9266357421875,130.6103057861328,13.224883079528809,121.07170867919922,117.86932373046875,14.79295539855957,213.44667053222656,197.69122314453125,41.62683868408203,44.731536865234375,33.2569694519043
2020-12-23,127.24691772460938,83.02401733398438,496.9100036621094,159.2635040283203,26.344789505004883,340.90667724609375,223.562255859375,37.74380874633789,67.99110412597656,168.2677001953125,85.6520004272461,235.5182647705078,42.100460052490234,108.30774688720703,45.0644645690918,318.4764099121094,186.82550048828125,265.7760314941406,63.99806594848633,211.13719177246094,129.97764587402344,12.956960678100586,121.39958953857422,117.68801879882812,14.975264549255371,215.32666015625,197.1726531982422,41.60567092895508,44.42752456665039,33.68436813354492
2020-12-24,128.2282257080078,83.0079345703125,499.8599853515625,158.63450622558594,26.265884399414062,343.44073486328125,221.9403076171875,37.879878997802734,67.70547485351562,168.4422149658203,85.9458999633789,236.48724365234375,42.55246353149414,107.83145904541016,45.37009811401367,325.02532958984375,186.2703399658203,265.0722351074219,64.30298614501953,212.7898712158203,129.8309783935547,12.941527366638184,121.94599151611328,118.87921905517578,14.944008827209473,220.58999633789062,200.4380645751953,41.520992279052734,44.51438903808594,33.547279357910156
2020-12-28,132.814453125,83.16065979003906,498.95001220703125,164.197998046875,26.414926528930664,349.5449523925781,220.8197021484375,38.20305252075195,67.36427307128906,173.4160919189453,87.91839599609375,235.02938842773438,42.55246353149414,108.54154968261719,45.981361389160156,333.21875,188.58786010742188,274.58868408203125,64.55171966552734,214.90103149414062,130.59197998046875,12.84815502166748,123.501220703125,119.70787811279297,14.871088027954102,221.22999572753906,204.2124481201172,41.61977767944336,45.047943115234375,33.66018295288086
2020-12-29,131.0460205078125,84.16551208496094,502.1099853515625,166.10000610351562,26.309720993041992,351.10882568359375,218.67681884765625,37.96492385864258,67.1341781616211,171.903564453125,87.11552429199219,232.35833740234375,44.64980697631836,108.25576782226562,45.955894470214844,335.33721923828125,187.4334716796875,274.37060546875,65.33004760742188,214.1272735595703,129.8034210205078,12.891230583190918,123.92993927001953,119.48345184326172,14.865876197814941,221.99667358398438,205.88356018066406,41.499820709228516,44.76254653930664,33.28115463256836
2020-12-30,129.92864990234375,84.62373352050781,497.45001220703125,164.29249572753906,26.283422470092773,352.7384948730469,218.61781311035156,37.8288459777832,67.70547485351562,175.65574645996094,86.04947662353516,231.54656982421875,44.07123565673828,108.5588607788086,46.219085693359375,343.93682861328125,186.42013549804688,269.5033264160156,64.6640625,211.76773071289062,129.8126220703125,13.092916488647461,123.83747863769531,118.92243194580078,14.839834213256836,231.5933380126953,209.7156219482422,41.02702713012695,44.72533416748047,33.547279357910156
2020-12-31,128.9278564453125,86.13502502441406,500.1199951171875,162.84649658203125,26.572734832763672,354.9335021972656,218.74559020996094,38.058475494384766,67.00724029541016,175.66543579101562,86.86177825927734,231.8607940673828,45.03853988647461,110.03970336914062,46.55867385864258,345.28143310546875,189.08128356933594,270.7821044921875,65.63492584228516,212.47463989257812,129.7117919921875,13.002532958984375,124.66975402832031,120.1049575805664,14.98047161102295,235.22332763671875,210.07098388671875,41.457481384277344,44.71601486206055,33.24082946777344
2021-01-04,125.74085998535156,84.73628234863281,485.3399963378906,159.3314971923828,26.327253341674805,358.1079406738281,216.56333923339844,37.68980407714844,67.21353912353516,172.27197265625,85.54792785644531,230.3768768310547,44.90293502807617,109.00053405761719,44.79277420043945,340.0093994140625,185.23939514160156,266.59881591796875,64.9609375,207.9561309814453,128.4556121826172,13.060794830322266,121.2818603515625,118.96556091308594,15.33466911315918,243.2566680908203,209.13938903808594,41.528045654296875,45.45431137084961,33.46663284301758
2021-01-05,127.29549407958984,85.61248779296875,485.69000244140625,160.92550659179688,26.528900146484375,353.9537048339844,217.7527618408203,37.70695495605469,69.0305404663086,173.00885009765625,86.2378158569336,232.23611450195312,45.752723693847656,109.5936508178711,44.30036544799805,336.0724182128906,186.34970092773438,268.61114501953125,65.07327270507812,208.15672302246094,129.49169921875,13.350875854492188,121.64331817626953,119.72514343261719,15.240911483764648,245.0366668701172,206.0180206298828,41.337520599365234,45.21234893798828,35.079490661621094
2021-01-06,123.01052856445312,84.8729248046875,466.30999755859375,156.91900634765625,28.18585777282715,348.5653076171875,212.47410583496094,38.067054748535156,71.25221252441406,173.6681671142578,85.3868637084961,233.56297302246094,46.19569396972656,114.73968505859375,42.89104461669922,336.1980895996094,185.9266815185547,261.0179138183594,66.1003189086914,202.7593536376953,130.51866149902344,12.563802719116211,120.15534973144531,120.9854507446289,15.537811279296875,251.9933319091797,204.2028045654297,41.83852767944336,45.49462890625,35.97461700439453
2021-01-07,127.20801544189453,85.78131103515625,477.739990234375,158.10800170898438,28.80831527709961,346.5871887207031,214.27296447753906,38.54716873168945,71.58546447753906,173.14459228515625,87.93724822998047,232.41946411132812,47.18108367919922,118.50763702392578,42.41560745239258,338.86163330078125,186.79022216796875,266.4005432128906,67.41622161865234,208.5293426513672,132.90252685546875,13.290369033813477,119.76864624023438,119.85466003417969,15.57948112487793,272.0133361816406,205.345703125,41.74439239501953,45.49153137207031,36.25685501098633
2021-01-08,128.30596923828125,86.23147583007812,485.1000061035156,159.13499450683594,28.518999099731445,348.489990234375,218.263916015625,38.63291549682617,72.26783752441406,173.2512664794922,89.10142517089844,234.88980102539062,46.692909240722656,118.63851165771484,43.36647033691406,342.72625732421875,190.21800231933594,265.2408142089844,66.62185668945312,209.79981994628906,134.18617248535156,13.223387718200684,121.2061767578125,119.80284881591797,15.472047805786133,293.3399963378906,206.92079162597656,41.22373580932617,45.4853401184082,36.660072326660156
2021-01-11,125.32305145263672,87.63823699951172,474.239990234375,155.7104949951172,28.99241828918457,342.9037780761719,214.5383758544922,38.89012145996094,72.68041229248047,173.63906860351562,87.04267120361328,236.75778198242188,46.59347152709961,120.40908813476562,42.61935806274414,337.25384521484375,188.7728729248047,254.6041717529297,68.20256042480469,207.7650909423828,134.8279571533203,13.566751480102539,119.44921875,118.991455078125,15.392070770263672,270.39666748046875,204.46217346191406,40.98125457763672,45.690059661865234,37.7729377746582
2021-01-12,125.14814758300781,88.24919128417969,471.6499938964844,156.04150390625,29.50967025756836,343.0828857421875,211.8548126220703,39.258792877197266,74.06101989746094,170.63340759277344,86.10795593261719,241.20957946777344,48.13031005859375,122.30178833007812,42.54294967651367,332.1398010253906,186.45538330078125,248.90423583984375,66.67001342773438,205.3195343017578,132.9942169189453,13.43055248260498,118.89437866210938,118.3009033203125,15.32809066772461,283.14666748046875,200.59173583984375,40.83860397338867,46.211204528808594,38.61163330078125
2021-01-13,127.17890167236328,90.39553833007812,472.04998779296875,158.29449462890625,29.334325790405273,345.67340087890625,214.4695587158203,38.89012145996094,73.98961639404297,170.7594757080078,86.59465026855469,239.2192840576172,51.4842414855957,122.4151382446289,42.58539962768555,335.4425964355469,186.88717651367188,249.44943237304688,66.06820678710938,206.66647338867188,131.1512451171875,13.47736644744873,119.86955261230469,118.48214721679688,15.253445625305176,284.8033447265625,201.06228637695312,40.69596481323242,45.73969268798828,39.04709243774414
2021-01-14,125.25504302978516,90.78589630126953,463.2699890136719,156.37350463867188,29.798982620239258,341.34002685546875,211.93344116210938,38.7100830078125,75.76695251464844,168.15133666992188,85.78531646728516,234.2350616455078,53.56349563598633,123.1303939819336,41.795841217041016,316.6524963378906,183.7238006591797,243.50167846679688,65.93180847167969,203.49493408203125,129.55589294433594,13.147196769714355,119.17179107666016,117.22186279296875,15.61599349975586,281.6666564941406,193.8688507080078,40.681705474853516,45.590797424316406,40.57124328613281
2021-01-15,123.53519439697266,89.88317108154297,458.0799865722656,155.21249389648438,28.9398136138916,341.1611328125,209.51527404785156,38.95014190673828,73.06922149658203,166.22190856933594,85.62177276611328,240.5636444091797,52.053775787353516,120.9236831665039,41.34588623046875,313.0977783203125,184.96621704101562,249.171875,66.9026870727539,203.14151000976562,129.02410888671875,12.807819366455078,118.86077117919922,116.3414077758789,15.552014350891113,275.38665771484375,193.6094970703125,40.924198150634766,44.868019104003906,38.619693756103516
2021-01-19,124.20564270019531,91.23321533203125,456.5,156.03799438476562,28.72941017150879,333.9169616699219,213.07369995117188,38.74435806274414,74.98937225341797,167.01695251464844,88.43929290771484,238.46864318847656,52.424434661865234,120.40036010742188,41.1845703125,315.693603515625,184.24365234375,258.82708740234375,66.75025177001953,206.76205444335938,127.69459533691406,12.972898483276367,119.42401123046875,115.3228759765625,15.434721946716309,281.51666259765625,193.67672729492188,40.6888313293457,44.480262756347656,39.38579177856445
2021-01-20,128.28659057617188,91.59104919433594,469.7300109863281,163.16900634765625,28.352428436279297,340.35089111328125,219.64015197753906,38.87297821044922,75.6796875,168.35494995117188,93.17729187011719,239.43756103515625,53.039161682128906,118.59488677978516,41.32889938354492,324.381591796875,188.2442169189453,265.1515808105469,66.16451263427734,214.3087615966797,130.9311981201172,13.312031745910645,118.810302734375,113.88133239746094,15.440056800842285,283.48333740234375,197.85450744628906,40.83860397338867,45.13789749145508,39.94221496582031
2021-01-21,132.9893341064453,90.48497772216797,472.0199890136719,165.34950256347656,27.85271644592285,341.7639465332031,218.39170837402344,38.67578125,73.00575256347656,166.06678771972656,93.37947845458984,243.58387756347656,56.465415954589844,117.60055541992188,41.55812454223633,323.9263916015625,188.1560516357422,270.4945983886719,65.13745880126953,214.91064453125,129.84011840820312,13.81176471710205,117.36437225341797,113.76930236816406,15.37074089050293,281.663330078125,197.01898193359375,40.845741271972656,44.93316650390625,38.7971076965332
2021-01-22,135.12696838378906,90.1596908569336,472.44000244140625,164.6114959716797,27.659835815429688,341.29296875,221.9304962158203,38.384273529052734,72.78357696533203,167.5211181640625,93.7962875366211,247.90476989746094,51.222076416015625,116.69345092773438,41.167598724365234,318.647705078125,188.02391052246094,272.1104431152344,64.97697448730469,215.84678649902344,127.76798248291016,13.657388687133789,116.50687408447266,112.89222717285156,15.424060821533203,282.21331787109375,194.02249145507812,40.98838806152344,45.392269134521484,38.24873733520508
2021-01-25,138.86781311035156,89.86691284179688,473.44000244140625,164.6999969482422,27.317928314208984,340.8973388671875,222.07794189453125,38.60719680786133,72.12500762939453,166.65821838378906,93.88152313232422,248.8474578857422,50.119163513183594,115.23681640625,41.41379165649414,318.8414306640625,187.98861694335938,275.5899353027344,65.11337280273438,219.26670837402344,126.1175537109375,13.59837818145752,117.84356689453125,114.83746337890625,15.520026206970215,293.6000061035156,193.0236358642578,41.66593551635742,45.3519401550293,37.82134246826172
2021-01-26,139.10101318359375,88.48431396484375,476.2799987792969,166.30650329589844,27.12505340576172,343.8176574707031,222.41213989257812,38.80438232421875,70.903076171875,164.39913940429688,94.55902099609375,246.6826934814453,49.9112434387207,114.76587677001953,41.84678268432617,317.398193359375,189.78619384765625,279.5946960449219,64.39124298095703,221.94151306152344,123.87120819091797,13.381251335144043,119.20542907714844,115.57557678222656,15.861247062683105,294.36334228515625,194.0128936767578,40.346492767333984,45.75830078125,36.99070739746094
2021-01-27,138.0321807861328,83.59656524658203,460.0,161.62899780273438,26.151912689208984,335.7256774902344,220.95730590820312,39.181617736816406,69.9826889038086,158.06787109375,90.14764404296875,239.2192840576172,48.44671630859375,111.52123260498047,41.201541900634766,305.5721435546875,182.40200805664062,269.77099609375,61.839656829833984,222.48599243164062,120.13031768798828,12.865835189819336,116.04454040527344,111.48541259765625,15.536017417907715,288.0533447265625,187.25157165527344,39.319461822509766,44.61985397338867,36.571372985839844
2021-01-28,133.2030792236328,84.75138092041016,465.6700134277344,161.88099670410156,26.581497192382812,336.3567810058594,222.6480712890625,38.87297821044922,70.63331604003906,166.64852905273438,91.84558868408203,242.7109832763672,50.688697814941406,113.48368835449219,41.727928161621094,314.08575439453125,182.24342346191406,262.69317626953125,62.521690368652344,228.24639892578125,123.52276611328125,12.998547554016113,117.01130676269531,113.2048568725586,15.35474967956543,278.4766540527344,190.37295532226562,39.49062728881836,44.59193801879883,37.14393997192383
2021-01-29,128.2185516357422,83.34445190429688,458.7699890136719,160.30999755859375,25.994110107421875,331.99517822265625,221.7240753173828,38.221370697021484,67.60232543945312,163.0514373779297,90.56494140625,236.39990234375,50.18244171142578,112.22772216796875,40.87893295288086,306.34698486328125,183.14218139648438,256.08123779296875,61.839656829833984,221.58807373046875,122.48667907714844,12.937541961669922,114.80877685546875,111.3377914428711,15.26411247253418,264.510009765625,185.5996551513672,39.04844665527344,43.5806770324707,36.16009521484375
2021-02-01,130.33673095703125,83.19803619384766,470.0,167.1439971923828,26.265884399414062,330.1959533691406,224.57473754882812,38.924415588378906,68.5624008178711,165.76622009277344,93.82156372070312,235.74520874023438,51.24920654296875,113.05632019042969,41.15909194946289,311.451171875,183.2215118408203,259.7292175292969,62.072330474853516,228.93417358398438,124.43050384521484,13.183799743652344,115.15345764160156,111.9977798461914,15.274776458740234,279.9366760253906,190.50738525390625,38.713233947753906,43.20222854614258,36.224609375
2021-02-02,131.16259765625,84.14958190917969,484.92999267578125,169.0,27.203956604003906,334.9626159667969,230.2171173095703,39.2930908203125,69.07814025878906,171.57391357421875,95.11261749267578,237.56959533691406,52.43345642089844,116.53643035888672,41.566612243652344,323.8586730957031,184.8340301513672,264.7550048828125,62.401329040527344,228.80043029785156,127.9880142211914,13.502263069152832,116.33039093017578,111.84146118164062,15.216129302978516,290.92999267578125,194.58912658691406,38.870147705078125,43.66753005981445,36.79717254638672
2021-02-03,130.1424102783203,86.97975158691406,481.9200134277344,165.62649536132812,27.686140060424805,334.6140441894531,230.8266143798828,39.241634368896484,70.58570098876953,171.0600128173828,102.03919982910156,239.3240966796875,52.14418029785156,117.8709487915039,41.405303955078125,322.3573303222656,183.90882873535156,264.32879638671875,62.04027557373047,232.13442993164062,127.10780334472656,13.476120948791504,116.02776336669922,111.98038482666016,15.20013427734375,284.89666748046875,193.38861083984375,39.07697677612305,43.80091094970703,38.24066925048828
2021-02-04,133.49462890625,88.26472473144531,489.3800048828125,166.5500030517578,28.49270248413086,335.87896728515625,233.93284606933594,40.51054382324219,70.617431640625,174.74435424804688,101.77899932861328,243.3831024169922,53.470252990722656,120.58351135253906,41.60905838012695,330.11553955078125,185.95309448242188,264.1701965332031,61.00517272949219,231.1886749267578,128.94158935546875,13.609332084655762,117.4232406616211,112.04985809326172,15.402734756469727,283.3299865722656,200.96624755859375,39.32659912109375,44.21348190307617,38.97452163696289
2021-02-05,133.0809783935547,88.4273910522461,492.1199951171875,167.6074981689453,28.37872886657715,335.237060546875,234.82736206054688,41.22216033935547,70.82373809814453,175.64608764648438,103.52352905273438,243.4180145263672,52.91545104980469,120.3480453491211,42.15241622924805,328.10089111328125,187.31895446777344,265.7661437988281,60.82063293457031,231.3701629638672,133.04920959472656,13.536377906799316,118.49927520751953,112.51881408691406,15.424060821533203,284.07666015625,200.5052947998047,39.45497131347656,44.781158447265625,40.28093338012695
2021-02-08,133.2270050048828,86.89031982421875,493.760009765625,166.14700317382812,29.00995445251465,339.63543701171875,234.86668395996094,41.95948791503906,72.585205078125,184.2169952392578,103.3099365234375,244.43934631347656,53.806766510009766,122.23197937011719,42.38163757324219,326.4349670410156,186.4377899169922,264.2593688964844,60.210819244384766,231.62811279296875,131.49050903320312,14.380719184875488,118.02849578857422,112.17145538330078,15.338753700256348,287.8066711425781,198.69972229003906,39.26240539550781,44.98899459838867,42.014739990234375
2021-02-09,132.35121154785156,85.71920013427734,496.04998779296875,165.25,28.8872127532959,339.38067626953125,232.67462158203125,41.58225631713867,72.172607421875,182.4814910888672,102.85743713378906,241.5936737060547,53.46115493774414,121.74356079101562,42.19486618041992,322.95782470703125,190.3148956298828,267.1044006347656,60.210819244384766,232.8699493408203,130.00514221191406,14.205924034118652,117.35600280761719,111.73725891113281,15.258784294128418,283.1533203125,198.3443603515625,39.226741790771484,45.2371711730957,41.522666931152344
2021-02-10,131.7478790283203,84.62126922607422,492.6700134277344,164.32899475097656,28.91351318359375,336.1336669921875,232.6942596435547,40.5019645690918,73.41039276123047,183.85826110839844,103.40706634521484,243.26963806152344,53.53391647338867,121.81332397460938,42.10995864868164,323.70367431640625,188.9226531982422,269.5033264160156,60.090457916259766,231.96246337890625,130.6195068359375,14.704911231994629,115.75872802734375,111.34646606445312,15.221463203430176,268.2733459472656,198.26751708984375,39.198211669921875,44.709808349609375,41.92452621459961
2021-02-11,131.49485778808594,84.37728881835938,496.6199951171875,163.10650634765625,28.825847625732422,332.4337158203125,237.1374053955078,40.79348373413086,73.013671875,185.09930419921875,103.5195541381836,241.84677124023438,55.17103576660156,121.47315979003906,42.704261779785156,332.0914306640625,188.80812072753906,268.0362854003906,59.97011184692383,233.5577850341797,131.6096954345703,15.189454078674316,113.46375274658203,111.44197845458984,15.296102523803711,270.5533447265625,202.63453674316406,38.94145965576172,44.675689697265625,40.87477493286133
2021-02-12,131.72840881347656,84.93846893310547,498.8399963378906,163.885498046875,29.255416870117188,332.9527893066406,236.28219604492188,40.54484176635742,73.43419647216797,181.9579315185547,103.830810546875,242.2395782470703,56.21698760986328,123.20018005371094,43.035369873046875,330.2801818847656,188.4820556640625,268.145263671875,60.17873764038086,234.03543090820312,130.30775451660156,14.901118278503418,112.53898620605469,110.8254165649414,15.35474967956543,272.0400085449219,201.96121215820312,38.65617752075195,44.81528091430664,41.43244552612305
2021-02-16,129.60707092285156,84.74327087402344,501.6400146484375,163.44749450683594,30.04446029663086,334.1327209472656,244.36241149902344,39.8760986328125,74.93893432617188,180.6781005859375,104.60742950439453,240.38909912109375,56.8172492980957,126.16564178466797,42.678794860839844,330.483642578125,189.477783203125,271.5850524902344,59.57693862915039,232.80313110351562,129.9318084716797,15.268634796142578,112.9677505493164,111.08594512939453,15.445381164550781,265.40667724609375,199.9796905517578,38.620513916015625,45.1844367980957,42.67904281616211
2021-02-17,127.32026672363281,86.4430160522461,491.2300109863281,165.4320068359375,30.16719627380371,337.9460144042969,243.44822692871094,39.65319061279297,77.1839828491211,180.76535034179688,104.99994659423828,245.21627807617188,56.253353118896484,126.55818176269531,42.5599365234375,326.7254943847656,188.0855712890625,271.1885070800781,60.61201477050781,233.81800842285156,132.02230834960938,14.846092224121094,113.03500366210938,111.55489349365234,15.765274047851562,266.04998779296875,199.6045379638672,40.646053314208984,45.662139892578125,43.34334182739258
2021-02-18,126.2206802368164,86.25596618652344,488.3699951171875,166.4114990234375,29.974323272705078,336.88885498046875,242.80929565429688,39.730342864990234,76.44367218017578,177.4300537109375,104.36505889892578,247.07546997070312,56.035072326660156,126.98558807373047,43.10328674316406,327.82000732421875,189.83026123046875,267.0449523925781,60.50770568847656,233.4254608154297,133.0308837890625,14.769399642944336,113.79997253417969,112.48407745361328,15.584002494812012,262.4599914550781,201.37448120117188,40.638912200927734,42.70277786254883,42.66262435913086
2021-02-19,126.37637329101562,85.40201568603516,479.1199951171875,162.4949951171875,30.281166076660156,334.85943603515625,242.366943359375,39.16447448730469,77.08740234375,178.06028747558594,103.52253723144531,244.098876953125,57.30839157104492,129.10507202148438,42.54294967651367,322.6963806152344,187.01934814453125,259.2831115722656,59.62507247924805,230.72535705566406,130.21603393554688,14.866509437561035,111.39569854736328,110.3912353515625,15.46137809753418,260.4333190917969,196.9304656982422,40.260902404785156,42.913734436035156,42.949676513671875
2021-02-22,122.61046600341797,87.06920623779297,467.3299865722656,159.03700256347656,30.815956115722656,330.555419921875,236.8523406982422,38.95014190673828,79.17150115966797,185.92343139648438,101.81022644042969,240.79054260253906,55.216514587402344,130.31744384765625,42.98442840576172,329.9508361816406,186.86073303222656,258.0638122558594,60.12255859375,224.5400390625,125.31069946289062,14.298053741455078,110.95857238769531,109.92228698730469,15.631988525390625,238.1666717529297,200.38372802734375,40.260902404785156,42.71209716796875,44.532508850097656
2021-02-23,122.47423553466797,86.42674255371094,467.79998779296875,159.72500610351562,31.140323638916016,322.9477844238281,231.6326446533203,39.01871871948242,80.16929626464844,191.09121704101562,102.10063934326172,233.27487182617188,55.58940887451172,131.3640899658203,42.908023834228516,339.404052734375,186.20864868164062,263.545654296875,59.80964279174805,223.3527374267578,124.81562042236328,14.085164070129395,111.6227035522461,110.73860931396484,15.557347297668457,232.94667053222656,204.02931213378906,40.67456817626953,42.023433685302734,45.14760208129883
2021-02-24,121.97798156738281,88.3948745727539,476.6199951171875,157.97650146484375,31.894287109375,321.5791015625,236.38050842285156,39.215938568115234,83.13048553466797,191.4984130859375,103.27474212646484,226.9289093017578,57.47209930419922,133.67544555664062,43.05234909057617,355.7727966308594,187.92694091796875,262.0091552734375,59.83371353149414,224.57830810546875,124.3754653930664,14.440726280212402,111.04261779785156,110.86017608642578,15.663973808288574,247.33999633789062,211.0704345703125,40.73876190185547,41.322383880615234,46.500797271728516
2021-02-25,117.73524475097656,87.28881072998047,459.1600036621094,152.85800170898438,31.49976921081543,315.1607360839844,227.15017700195312,39.02730178833008,82.3580093383789,185.16717529296875,99.91156005859375,222.80874633789062,54.93456268310547,131.86122131347656,42.593894958496094,343.423583984375,185.8826446533203,252.472900390625,59.87383270263672,219.25466918945312,124.27461242675781,13.254014015197754,109.28563690185547,109.92228698730469,15.26411247253418,227.4066619873047,205.6068572998047,40.29656982421875,40.9315185546875,45.72988510131836
2021-02-26,117.99797058105469,87.62224578857422,459.6700134277344,154.64649963378906,30.430200576782227,312.4234313964844,212.81813049316406,38.47001647949219,80.467041015625,183.2862091064453,100.20695495605469,225.5060272216797,55.28018569946289,128.36367797851562,41.59208297729492,342.72625732421875,182.7618408203125,255.3773651123047,58.2690544128418,222.5005645751953,123.82905578613281,13.659379959106445,108.60472106933594,107.27365112304688,14.869583129882812,225.1666717529297,204.2986297607422,39.44071578979492,40.30180740356445,44.589908599853516
2021-03-01,124.35234069824219,88.16716766357422,469.57000732421875,157.3070068359375,31.377033233642578,313.1502990722656,213.84043884277344,39.370243072509766,82.11659240722656,189.04541015625,102.57347106933594,228.36917114257812,57.19015884399414,131.2681427001953,42.36466979980469,351.4916687011719,184.6325225830078,262.60394287109375,58.076480865478516,226.86668395996094,126.46586608886719,13.786117553710938,109.80686950683594,107.93364715576172,14.976208686828613,239.47666931152344,208.37710571289062,39.483497619628906,40.75160598754883,46.2547607421875
2021-03-02,121.75414276123047,87.71172332763672,466.5899963378906,154.72650146484375,31.149091720581055,310.0260009765625,209.83966064453125,39.02730178833008,82.43043518066406,188.03709411621094,102.31673431396484,227.20823669433594,55.69855880737305,130.8407440185547,42.53445816040039,351.4142761230469,185.0049285888672,256.7453918457031,58.4536018371582,223.92721557617188,125.88702392578125,13.352373123168945,110.1851806640625,107.59497833251953,15.045522689819336,228.81333923339844,207.5498809814453,39.21249008178711,40.36074447631836,45.9841194152832
2021-03-03,118.77645874023438,86.78457641601562,448.45001220703125,150.25,31.929363250732422,305.74090576171875,202.49673461914062,38.69293212890625,83.35579681396484,186.40821838378906,99.68656921386719,224.6505584716797,54.47980880737305,133.37020874023438,42.43258285522461,348.9250183105469,182.47813415527344,253.18661499023438,58.814666748046875,217.88546752929688,123.351318359375,12.753288269042969,108.56268310546875,106.9523696899414,15.31209659576416,217.73333740234375,206.66490173339844,39.497764587402344,39.57904052734375,46.35316848754883
2021-03-04,116.89838409423828,85.92253112792969,439.05999755859375,148.8784942626953,32.15843200683594,301.13470458984375,201.83811950683594,38.20423126220703,84.08804321289062,182.3069610595703,100.80266571044922,219.0377960205078,53.05187225341797,131.3204803466797,42.39863204956055,338.5129699707031,181.60926818847656,255.397216796875,57.90798568725586,217.09075927734375,121.31166076660156,12.32053279876709,109.16686248779297,106.07528686523438,15.41872787475586,207.14666748046875,203.4425506591797,39.0840950012207,39.560420989990234,48.14923858642578
2021-03-05,118.15367889404297,86.77645874023438,440.8299865722656,150.0229949951172,32.537288665771484,299.5111999511719,207.17575073242188,39.65319061279297,87.70905303955078,184.20730590820312,103.9319076538086,221.2986297607422,55.24379348754883,131.62574768066406,43.12027359008789,349.53521728515625,183.85231018066406,261.9794006347656,58.67827606201172,221.75372314453125,122.51522827148438,12.411417961120605,112.72582244873047,109.40126037597656,15.791932106018066,199.31666564941406,207.20359802246094,39.93996047973633,40.053646087646484,49.96989440917969
2021-03-08,113.22979736328125,86.29662322998047,421.20001220703125,147.59750366210938,32.71349334716797,293.9423828125,204.18743896484375,40.73345184326172,88.31257629394531,195.76451110839844,99.49276733398438,226.10833740234375,54.434329986572266,133.37020874023438,43.84190368652344,359.65667724609375,185.39503479003906,253.0875244140625,59.51274490356445,217.72268676757812,123.62691497802734,11.546658515930176,111.96320343017578,110.55622863769531,15.9891996383667,187.6666717529297,211.87841796875,40.5034065246582,39.66899490356445,49.92069625854492
2021-03-09,117.83256530761719,86.84964752197266,439.17999267578125,153.1425018310547,31.999845504760742,300.8892517089844,207.9326629638672,41.059261322021484,88.11138916015625,188.58973693847656,101.12135314941406,231.28469848632812,56.99916076660156,132.42820739746094,43.17969512939453,364.6834716796875,184.89854431152344,263.42669677734375,59.488685607910156,223.84103393554688,124.90396118164062,12.474235534667969,112.06487274169922,109.57492065429688,15.802597999572754,224.52667236328125,211.96502685546875,40.08260726928711,39.98229217529297,49.14979553222656
2021-03-10,116.7524185180664,87.83370208740234,437.010009765625,152.8820037841797,32.924949645996094,305.65582275390625,208.35536193847656,41.40220642089844,89.61614227294922,189.1230010986328,100.91468048095703,233.85826110839844,56.617164611816406,135.30648803710938,43.672115325927734,369.70074462890625,189.11866760253906,262.5940246582031,59.98615646362305,222.53880310058594,126.41070556640625,12.42242431640625,113.19188690185547,110.582275390625,15.9891996383667,222.68666076660156,214.66795349121094,40.710227966308594,41.002872467041016,50.65879821777344
2021-03-11,118.67916107177734,87.72798156738281,451.05999755859375,155.67950439453125,32.81041717529297,310.205322265625,212.27749633789062,41.83946228027344,89.47129821777344,190.76153564453125,104.1038818359375,236.15086364746094,57.58124923706055,134.59999084472656,43.19667053222656,372.2965393066406,187.57601928710938,271.4958801269531,59.8818473815918,227.04859924316406,129.7182159423828,12.945743560791016,112.88683319091797,110.20886993408203,15.749279022216797,233.1999969482422,217.53440856933594,39.590484619140625,40.987361907958984,50.281551361083984
2021-03-12,117.77416229248047,88.01262664794922,444.29998779296875,154.47450256347656,33.427154541015625,312.5556640625,208.6011199951172,41.856605529785156,89.7690200805664,191.15907287597656,101.5990982055664,239.88397216796875,57.208343505859375,136.19615173339844,43.1110725402832,370.6789245605469,188.25869750976562,266.0635681152344,60.38368606567383,225.727294921875,129.03836059570312,12.808749198913574,112.73431396484375,111.27700805664062,15.893231391906738,231.2433319091797,215.8126220703125,39.67607116699219,41.604671478271484,50.82283020019531
2021-03-15,120.65454864501953,89.67172241210938,447.5899963378906,154.08399963378906,33.25975036621094,311.9609680175781,209.18106079101562,42.362464904785156,88.71490478515625,190.771240234375,101.81914520263672,244.66226196289062,58.01781463623047,135.51580810546875,43.68462371826172,369.7588195800781,195.4578094482422,271.36700439453125,61.703067779541016,224.82723999023438,133.1635284423828,13.142765998840332,112.72582244873047,111.64171600341797,15.957207679748535,235.97999572753906,214.76412963867188,39.68320846557617,41.390625,49.52703857421875
2021-03-16,122.19206237792969,90.1434097290039,450.5400085449219,154.59300231933594,33.162837982177734,308.88397216796875,210.8324737548828,42.585365295410156,86.61470794677734,188.3279571533203,103.27870178222656,247.77171325683594,58.91823196411133,133.8935089111328,43.847286224365234,370.359375,194.9258270263672,276.84881591796875,62.17253875732422,227.60391235351562,132.8970947265625,13.242399215698242,113.5562515258789,111.97172546386719,15.9891996383667,225.6266632080078,216.13967895507812,39.68320846557617,41.37821578979492,48.477291107177734
2021-03-17,121.40381622314453,85.42642211914062,451.010009765625,156.7864990234375,33.43596267700195,310.71502685546875,209.49563598632812,42.37102508544922,86.92852783203125,189.29751586914062,103.19593811035156,245.97109985351562,59.8277473449707,135.2716064453125,43.86439514160156,366.775634765625,198.69387817382812,281.5376892089844,62.56915283203125,226.9624481201172,133.05328369140625,13.292216300964355,113.22576141357422,111.5201416015625,16.07450294494629,233.93666076660156,214.523681640625,39.761661529541016,41.03388977050781,48.690513610839844
2021-03-18,117.2876205444336,84.39356231689453,439.17999267578125,151.39950561523438,34.30819320678711,304.8536071777344,205.9175262451172,41.83946228027344,83.78227996826172,186.4276123046875,100.1786880493164,248.7204132080078,57.96324157714844,137.50440979003906,43.290836334228516,355.4628601074219,197.62110900878906,276.19464111328125,62.544883728027344,220.91111755371094,131.53733825683594,12.675738334655762,112.30213928222656,111.7633056640625,15.999861717224121,217.72000122070312,212.25363159179688,40.16105270385742,40.498104095458984,46.59101486206055
2021-03-19,116.76214599609375,84.10890197753906,441.5,153.7480010986328,33.946964263916016,310.4508056640625,208.59129333496094,41.99379348754883,83.18680572509766,185.32229614257812,100.45721435546875,253.9379425048828,57.99052810668945,135.31521606445312,43.496307373046875,345.30267333984375,197.2132568359375,287.58453369140625,62.73915100097656,220.55685424804688,126.31885528564453,12.798538208007812,113.9714584350586,111.16409301757812,15.866575241088867,218.2899932861328,199.0177764892578,40.11113357543945,41.03700256347656,46.32857131958008
2021-03-22,120.07069396972656,86.1258316040039,452.4100036621094,155.5435028076172,33.18046188354492,315.7176208496094,211.51075744628906,43.125511169433594,82.51089477539062,186.98997497558594,100.64207458496094,253.79734802246094,59.69131851196289,131.67808532714844,43.65894317626953,347.1331481933594,199.5449981689453,290.9847412109375,62.73915100097656,225.95709228515625,127.03548431396484,13.137785911560059,116.76780700683594,113.04853057861328,15.9891996383667,223.3333282470703,200.07589721679688,40.36075210571289,41.23325729370117,45.852901458740234
2021-03-23,119.24354553222656,85.26376342773438,460.20001220703125,156.875,32.510860443115234,321.2392578125,211.34365844726562,42.87687301635742,82.05221557617188,182.98565673828125,101.16940307617188,254.7108612060547,57.73586654663086,130.3610076904297,43.992801666259766,344.1015319824219,198.9243927001953,288.0999755859375,61.73544692993164,227.4794464111328,125.97887420654297,13.022710800170898,118.1744384765625,115.15006256103516,15.994526863098145,220.72000122070312,200.22018432617188,40.5889778137207,41.72230529785156,45.287017822265625
2021-03-24,116.85946655273438,83.8161392211914,451.510009765625,154.35350036621094,32.510860443115234,319.068359375,205.9666748046875,42.56821823120117,84.24897766113281,179.0977020263672,100.73326873779297,257.1439208984375,56.42616653442383,131.37278747558594,44.104103088378906,348.3439025878906,198.6407012939453,279.6839599609375,61.71117401123047,225.44961547851562,122.3406753540039,12.59653377532959,117.62362670898438,115.1153335571289,15.9891996383667,210.08999633789062,200.14321899414062,40.660301208496094,41.46376419067383,46.20555114746094
2021-03-25,117.34600830078125,84.48301696777344,450.989990234375,152.31300354003906,33.18046188354492,326.9026184082031,201.94622802734375,43.30555725097656,84.54670715332031,181.2210693359375,100.72980499267578,261.0351257324219,56.407981872558594,133.05618286132812,44.532127380371094,347.0943603515625,198.77365112304688,276.3135070800781,61.57356262207031,222.4622344970703,118.18793487548828,12.489177703857422,118.3184814453125,115.91426086425781,16.037179946899414,213.4633331298828,200.0470428466797,40.924198150634766,41.744102478027344,46.07432556152344
2021-03-26,117.94932556152344,86.19090270996094,469.0899963378906,152.60150146484375,34.079132080078125,332.2638244628906,205.53414916992188,45.07172775268555,86.4859848022461,180.2611846923828,100.34671783447266,266.85882568359375,59.00008010864258,135.2716064453125,45.405303955078125,354.62982177734375,199.66912841796875,280.5562744140625,62.642005920410156,226.42620849609375,122.18447875976562,12.792061805725098,120.91990661621094,117.62503051757812,16.159807205200195,206.23666381835938,205.3951873779297,41.49476623535156,42.09299087524414,47.32910919189453
2021-03-29,118.12449645996094,86.80084991455078,469.32000732421875,153.7864990234375,33.75314712524414,336.1620178222656,207.1855926513672,45.02885818481445,86.03533935546875,179.22377014160156,101.39044952392578,265.444580078125,58.6635627746582,133.1695556640625,46.09871292114258,351.5014343261719,201.56643676757812,288.2884216308594,63.378578186035156,225.2389373779297,122.64388275146484,12.900660514831543,122.7078857421875,119.46604919433594,16.293092727661133,203.76333618164062,206.33786010742188,41.95835494995117,42.57269287109375,47.07487487792969
2021-03-30,116.67457580566406,86.84964752197266,465.4599914550781,152.76449584960938,34.352256774902344,330.1211853027344,206.42869567871094,44.38583755493164,85.23870849609375,179.88304138183594,101.42415618896484,267.7459411621094,57.9996223449707,134.73953247070312,45.499473571777344,346.93951416015625,199.46522521972656,285.492919921875,62.293949127197266,221.99310302734375,122.14771270751953,12.824444770812988,120.78431701660156,117.62503051757812,16.383731842041016,211.8733367919922,203.8273162841797,41.78718566894531,42.28299331665039,46.492591857910156
2021-03-31,118.86402893066406,88.01262664794922,475.3699951171875,154.70399475097656,34.08793640136719,332.6980285644531,208.2668914794922,44.33439254760742,84.3214111328125,178.90380859375,102.2195816040039,268.1236267089844,58.20880889892578,132.77703857421875,45.122802734375,344.8570556640625,198.72044372558594,291.966064453125,62.399173736572266,225.74642944335938,122.09261322021484,13.29919147491455,119.86071014404297,117.60763549804688,16.13848114013672,222.64332580566406,203.6637725830078,41.473365783691406,42.31104278564453,45.787296295166016
2021-04-01,119.6911849975586,88.25659942626953,483.3399963378906,158.0500030517578,34.79277420043945,335.0199279785156,215.0004119873047,44.56588363647461,85.0938720703125,183.21835327148438,105.55303192138672,270.3196105957031,58.709041595458984,134.06793212890625,44.951595306396484,351.8791198730469,199.66912841796875,296.06011962890625,62.399173736572266,232.0466766357422,121.76184844970703,13.760990142822266,119.71662139892578,116.60897064208984,16.245115280151367,220.5833282470703,208.5983428955078,41.58034896850586,42.24562454223633,47.06668472290039
2021-04-05,122.51316833496094,86.32102966308594,491.6199951171875,161.3365020751953,35.0659065246582,340.5699768066406,216.54368591308594,45.2567024230957,84.0960922241211,182.76266479492188,109.97283935546875,277.0391540527344,60.51897430419922,134.77857971191406,45.208412170410156,356.7413330078125,202.89634704589844,306.2209167480469,62.32633590698242,238.48098754882812,124.14144134521484,13.936092376708984,121.30970001220703,118.49341583251953,16.373064041137695,230.35000610351562,210.69528198242188,41.98688507080078,43.43243408203125,46.336769104003906
2021-04-06,122.8148193359375,85.70292663574219,491.3399963378906,161.1909942626953,34.9689826965332,339.9091796875,217.330078125,44.92855453491211,83.34774780273438,183.95521545410156,109.49209594726562,275.6162109375,59.627655029296875,133.83103942871094,45.533714294433594,357.9520263671875,205.60928344726562,303.593994140625,61.3469123840332,237.3224334716797,126.01565551757812,13.810556411743164,121.74187469482422,118.53680419921875,16.51702117919922,230.5399932861328,210.3201446533203,42.158058166503906,43.641143798828125,46.20555114746094
2021-04-07,124.45936584472656,85.5646743774414,493.4100036621094,163.96949768066406,35.286170959472656,338.6727600097656,217.03518676757812,44.70404815673828,83.83858489990234,181.85125732421875,110.96752166748047,274.4654541015625,60.255218505859375,135.9279327392578,45.61075973510742,359.41455078125,206.2299041748047,310.364501953125,61.614051818847656,239.27572631835938,125.4460220336914,14.091516494750977,121.52152252197266,118.74526977539062,16.490358352661133,223.6566619873047,210.9165496826172,42.0796012878418,43.54769515991211,46.41058349609375
2021-04-08,126.85316467285156,86.28849029541016,499.8399963378906,164.96499633789062,34.977806091308594,340.9475402832031,220.63291931152344,44.82493591308594,82.8971176147461,181.6186065673828,111.53250885009766,276.1871032714844,60.982818603515625,136.09461975097656,45.473785400390625,366.2994384765625,204.13755798339844,310.2951354980469,61.104103088378906,242.4832763671875,122.81841278076172,14.264382362365723,120.78431701660156,119.1968002319336,16.358659744262695,227.93333435058594,212.29205322265625,41.52307891845703,43.51966857910156,45.926719665527344
2021-04-09,129.4221954345703,87.4596176147461,504.0400085449219,168.61000061035156,35.23331069946289,342.8257751464844,227.3468017578125,44.98036575317383,82.81668090820312,182.17123413085938,112.5356216430664,280.4033203125,62.08333206176758,137.1123504638672,45.525150299072266,368.568603515625,205.22802734375,309.7399597167969,61.76784133911133,244.97276306152344,124.4446029663086,14.347075462341309,120.80974578857422,118.42393493652344,16.380474090576172,225.67333984375,214.04270935058594,41.44377899169922,43.54146194458008,45.820098876953125
2021-04-12,127.70953369140625,88.03702545166016,506.0299987792969,168.96949768066406,35.294979095458984,344.33599853515625,224.86962890625,44.531341552734375,81.89934539794922,180.8138427734375,111.24456787109375,281.7736511230469,59.4912223815918,136.8227996826172,45.67067337036133,368.3359069824219,204.76702880859375,308.8280334472656,61.694976806640625,245.0301971435547,125.5379409790039,15.15310287475586,121.1910629272461,118.90158081054688,16.33685302734375,233.9933319091797,213.03273010253906,41.479827880859375,43.54769515991211,45.516639709472656
2021-04-13,130.81369018554688,88.01262664794922,514.8599853515625,170.0,34.64301300048828,344.71356201171875,228.0545196533203,44.60906219482422,82.26949310302734,179.8442840576172,111.73075103759766,281.4310607910156,59.31842803955078,135.1909942626953,45.44810485839844,366.67767333984375,205.08619689941406,307.06353759765625,61.86494064331055,247.50045776367188,122.68978881835938,15.621871948242188,121.21651458740234,117.32976531982422,16.156906127929688,254.10667419433594,212.599853515625,41.53749465942383,43.41374588012695,45.68888854980469
2021-04-14,128.478271484375,87.17298889160156,510.6300048828125,166.64999389648438,35.136390686035156,342.7881164550781,224.14222717285156,44.35863494873047,83.9029769897461,181.7543182373047,111.11026000976562,281.0971984863281,58.38161849975586,132.66416931152344,45.43954849243164,366.8619689941406,204.19076538085938,300.1839294433594,61.8406867980957,244.7238006591797,121.5137939453125,15.22085189819336,120.41995239257812,117.75529479980469,16.21143341064453,244.07666015625,213.52325439453125,41.59516143798828,43.39817428588867,47.00926971435547
2021-04-15,130.8818359375,87.9879379272461,523.25,168.95449829101562,34.131996154785156,348.1020812988281,229.0375213623047,44.591796875,83.21898651123047,180.27088928222656,113.25821685791016,283.4864196777344,59.13651657104492,133.5064239501953,45.653564453125,374.78448486328125,205.05072021484375,305.1404113769531,62.05111312866211,248.46755981445312,122.80923461914062,16.077939987182617,120.5894546508789,119.17947387695312,16.22234344482422,246.28334045410156,217.6595001220703,41.59516143798828,43.65983581542969,46.730430603027344
2021-04-16,130.55093383789062,88.82756805419922,525.0800170898438,169.9720001220703,34.493221282958984,349.914306640625,227.966064453125,45.59346008300781,82.8488540649414,181.56039428710938,113.13430786132812,288.1769714355469,58.89094161987305,134.49783325195312,45.953189849853516,374.4742126464844,206.64659118652344,303.5146179199219,62.706748962402344,249.6548309326172,123.397216796875,15.854018211364746,122.1571044921875,119.18812561035156,16.331396102905273,246.5933380126953,217.78456115722656,42.013275146484375,43.80001449584961,46.467987060546875
2021-04-19,131.21267700195312,89.40377044677734,516.1699829101562,168.60049438476562,34.510841369628906,348.8100891113281,226.58006286621094,45.63664245605469,83.09025573730469,181.7252197265625,113.48172760009766,287.0965270996094,57.87229919433594,133.9275665283203,46.227115631103516,370.58563232421875,205.5205841064453,299.6089782714844,62.860565185546875,247.73988342285156,121.7986068725586,15.305290222167969,122.65704345703125,118.63236999511719,16.353206634521484,238.2100067138672,217.1881561279297,42.09257507324219,43.51966857910156,46.320377349853516
2021-04-20,129.52919006347656,89.74950408935547,514.2100219726562,166.7344970703125,33.55049514770508,350.86761474609375,224.08323669433594,44.7213134765625,81.53723907470703,177.2264404296875,112.94896697998047,284.5579833984375,57.02644348144531,130.96214294433594,46.37264633178711,365.2231140136719,206.5845489501953,300.01544189453125,63.59712219238281,247.2802734375,116.78223419189453,15.115492820739746,123.4704818725586,119.62235260009766,16.298675537109375,239.663330078125,214.77377319335938,42.09257507324219,43.8560791015625,45.344425201416016
2021-04-21,129.90872192382812,91.20649719238281,512.3400268554688,168.1009979248047,34.11437225341797,353.09515380859375,226.63902282714844,44.84220886230469,82.66378021240234,177.53671264648438,112.91625213623047,286.3060302734375,57.93594741821289,132.0763397216797,46.74930953979492,371.49713134765625,205.91958618164062,298.8456726074219,64.1313705444336,249.5016632080078,119.34553527832031,15.304045677185059,124.54668426513672,118.84078216552734,16.418643951416016,248.0399932861328,218.78488159179688,41.91236114501953,43.983787536621094,45.926719665527344
2021-04-22,128.39068603515625,90.58914184570312,507.2900085449219,165.45199584960938,33.79718780517578,350.4239807128906,227.41558837890625,44.47090148925781,81.2314682006836,177.1973419189453,111.63611602783203,282.36212158203125,56.908203125,129.2951202392578,46.60378646850586,371.74932861328125,206.54019165039062,293.938720703125,63.10338592529297,246.2366485595703,118.68403625488281,14.795671463012695,123.77555084228516,117.66092681884766,17.100255966186523,239.89666748046875,218.9003448486328,41.292388916015625,43.50719451904297,45.328025817871094
2021-04-23,130.70669555664062,91.68394470214844,515.8400268554688,167.04400634765625,34.519657135009766,352.3306884765625,229.53887939453125,44.82493591308594,81.71427917480469,177.44944763183594,113.98574829101562,284.49658203125,53.87953186035156,131.769287109375,46.629459381103516,375.3372497558594,207.9764862060547,298.5086364746094,63.03864288330078,250.0474090576172,119.61197662353516,15.209144592285156,123.5721664428711,117.05791473388672,17.122060775756836,243.13333129882812,221.23773193359375,41.30681228637695,43.57884216308594,45.57406234741211
2021-04-26,131.09591674804688,91.69217681884766,515.7000122070312,170.4499969482422,34.7223014831543,347.8377685546875,231.4556884765625,44.591796875,81.69011688232422,178.6614227294922,114.48136901855469,281.07086181640625,53.442962646484375,132.09393310546875,45.93606185913086,375.7348327636719,205.96395874023438,300.4020080566406,62.75533676147461,250.4303741455078,120.90743255615234,15.421112060546875,121.47917938232422,114.71568298339844,16.85487174987793,246.06666564941406,221.5648193359375,41.04729080200195,42.9589729309082,45.66427230834961
2021-04-27,130.7747802734375,91.73332977294922,517.3200073242188,170.8715057373047,35.136390686035156,349.4330139160156,230.22698974609375,44.35863494873047,82.63964080810547,179.02012634277344,113.54218292236328,281.5979309082031,52.72444152832031,132.6992645263672,45.86757278442383,377.28643798828125,208.33111572265625,300.9274597167969,62.61772537231445,250.83255004882812,121.37596893310547,15.325216293334961,121.08089447021484,114.6457748413086,16.778533935546875,234.913330078125,221.15118408203125,40.600341796875,43.105369567871094,46.26296615600586
2021-04-28,129.98660278320312,92.13668823242188,515.47998046875,172.9250030517578,35.2685432434082,348.8477783203125,232.8515625,44.13412857055664,84.66739654541016,177.80819702148438,116.91527557373047,280.8249206542969,52.4061164855957,133.55906677246094,45.876136779785156,383.6670837402344,206.05258178710938,304.42669677734375,62.399173736572266,243.7375946044922,120.08975219726562,15.220602035522461,120.18267822265625,114.8380355834961,16.882139205932617,231.46665954589844,224.5563201904297,40.67963790893555,42.952720642089844,47.65715789794922
2021-04-29,129.8892822265625,91.28060150146484,516.0900268554688,173.5655059814453,36.2200927734375,353.33123779296875,230.37440490722656,44.436363220214844,86.0192642211914,179.68914794921875,118.58646392822266,285.77020263671875,53.00639724731445,136.1560821533203,46.44969177246094,377.1700439453125,208.53501892089844,326.6416015625,59.63902282714844,241.77474975585938,122.43253326416016,15.268425941467285,121.97065734863281,115.80814361572266,17.089351654052734,225.6666717529297,227.83641052246094,41.32122802734375,43.4947395324707,48.33787155151367
2021-04-30,127.92361450195312,91.78269958496094,508.3399963378906,173.37100219726562,35.709075927734375,351.95977783203125,226.40310668945312,43.96142578125,82.93736267089844,180.35813903808594,116.64071655273438,284.30340576171875,52.32426071166992,134.9452667236328,46.20999526977539,370.48876953125,209.3063507080078,322.2501220703125,60.30274200439453,241.458740234375,121.84453582763672,14.954336166381836,122.1571044921875,116.60345458984375,17.127519607543945,236.47999572753906,224.66213989257812,41.66005325317383,43.581966400146484,46.94366455078125
2021-05-03,128.97454833984375,94.4003677368164,503.4599914550781,169.32449340820312,35.735511779785156,358.7986145019531,219.9546661376953,44.185943603515625,84.91683959960938,179.86366271972656,116.12430572509766,290.1005554199219,52.07868957519531,134.5504913330078,46.638031005859375,367.9092102050781,208.84539794921875,319.77191162109375,61.50069808959961,241.15234375,122.22120666503906,14.782218933105469,123.53829193115234,117.98431396484375,17.176597595214844,228.3000030517578,223.7483367919922,41.75375747680664,44.27037811279297,48.23944854736328
2021-05-04,124.41072082519531,93.7583236694336,490.70001220703125,165.593505859375,36.123172760009766,354.9866027832031,213.48655700683594,43.788726806640625,85.3835678100586,178.64202880859375,114.32772827148438,292.29644775390625,51.75127029418945,136.4104766845703,46.34697341918945,364.5250244140625,207.33815002441406,315.588623046875,61.5088005065918,237.25537109375,120.86149597167969,14.298501968383789,121.98760223388672,117.58226013183594,17.460147857666016,224.53334045410156,223.19044494628906,42.243953704833984,43.83427047729492,48.54289627075195
2021-05-05,124.65398406982422,95.30585479736328,486.69000244140625,163.52699279785156,36.46678161621094,352.34759521484375,211.73684692382812,44.15140151977539,87.67687225341797,175.98541259765625,114.72123718261719,291.6640930175781,51.70579147338867,138.20025634765625,46.227115631103516,357.96002197265625,208.38429260253906,312.2777099609375,62.89292907714844,235.99154663085938,121.46786499023438,14.405357360839844,121.92826843261719,116.63841247558594,17.46559715270996,223.64666748046875,220.47784423828125,42.308841705322266,43.79689407348633,50.00271224975586
2021-05-06,126.24988555908203,95.55281066894531,483.6099853515625,165.31849670410156,37.013038635253906,362.052490234375,214.341796875,45.28260803222656,87.72515869140625,176.2568817138672,115.8403091430664,296.5215148925781,52.33539581298828,140.98147583007812,46.689388275146484,364.10797119140625,208.22471618652344,317.2342529296875,62.95767593383789,239.11293029785156,122.64388275146484,14.469624519348145,123.3433837890625,118.10665893554688,17.672805786132812,221.17999267578125,222.50746154785156,42.741363525390625,44.109615325927734,50.47837448120117
2021-05-07,126.92243194580078,95.28115844726562,488.7300109863281,164.58050537109375,37.16282653808594,363.5280456542969,212.81813049316406,46.137481689453125,88.52982330322266,179.21405029296875,116.56291198730469,297.9883117675781,52.77465057373047,141.4640350341797,46.6637077331543,364.0302734375,208.20701599121094,316.30230712890625,63.4676399230957,241.7268829345703,126.61286163330078,14.757813453674316,123.3433837890625,118.11538696289062,17.53648567199707,224.1233367919922,223.27699279785156,42.330474853515625,43.84380340576172,51.2000732421875
2021-05-10,123.64727020263672,95.66806030273438,479.3800048828125,159.52450561523438,37.048274993896484,360.8416748046875,210.25254821777344,45.90433120727539,88.16771697998047,178.6905059814453,113.58035278320312,299.6309509277344,51.21895217895508,141.44647216796875,47.00613021850586,355.2447204589844,210.21954345703125,303.3065185546875,63.27336502075195,236.6713409423828,125.31742095947266,14.213319778442383,124.32635498046875,120.31777954101562,17.79277229309082,209.67999267578125,217.3612823486328,42.90717697143555,44.03768539428711,51.32309341430664
2021-05-11,122.73102569580078,94.57322692871094,485.19000244140625,161.19549560546875,36.625370025634766,357.7202453613281,211.89413452148438,45.6193733215332,85.85832214355469,176.14053344726562,112.5053939819336,290.4432373046875,50.36790084838867,139.0951690673828,46.50105667114258,356.4763488769531,207.33815002441406,303.86163330078125,62.698665618896484,235.76171875,125.97887420654297,14.253666877746582,123.41960144042969,119.72349548339844,17.591014862060547,205.73333740234375,216.88995361328125,42.20071029663086,43.640533447265625,49.69105911254883
2021-05-12,119.67029571533203,94.63087463378906,472.0899963378906,157.5970001220703,36.281761169433594,352.0638122558594,206.95947265625,44.5572395324707,86.39744567871094,172.43682861328125,109.04557037353516,278.4446105957031,49.068443298339844,138.13885498046875,46.26136016845703,345.81915283203125,202.08953857421875,299.916259765625,63.135772705078125,228.8390655517578,122.55197143554688,13.707935333251953,122.21636199951172,118.45623016357422,17.432878494262695,196.6300048828125,212.2247314453125,42.10699462890625,42.51160430908203,49.95732116699219
2021-05-13,121.81475830078125,95.9808578491211,474.1600036621094,158.07350158691406,36.86324691772461,358.9971618652344,208.2570343017578,45.325775146484375,85.84222412109375,172.91189575195312,110.47241973876953,285.8404541015625,49.42532730102539,141.69212341308594,46.6637077331543,349.1162109375,203.7119903564453,302.6026306152344,63.69427490234375,232.69776916503906,122.75410461425781,13.61502742767334,124.0297622680664,120.36146545410156,17.563749313354492,190.56333923339844,215.5288543701172,42.395347595214844,43.23086166381836,49.34159469604492
2021-05-14,124.23212432861328,95.84091186523438,486.55999755859375,161.14500427246094,37.3213996887207,363.6226806640625,213.9584197998047,45.6798210144043,88.0872573852539,168.41311645507812,112.91773986816406,284.2681579589844,50.65157699584961,143.89427185058594,46.85204315185547,352.8883972167969,205.4408416748047,313.1897277832031,63.37051010131836,237.60009765625,124.88561248779297,14.190651893615723,124.21614837646484,120.61489868164062,17.580108642578125,196.5800018310547,218.61138916015625,42.308841705322266,43.63114929199219,50.564735412597656
2021-05-17,123.08191680908203,96.21955871582031,482.739990234375,163.51950073242188,37.656211853027344,363.1875915527344,211.4026336669922,45.71434783935547,89.16551971435547,164.9033203125,113.44010162353516,281.0885009765625,50.63328170776367,144.4733428955078,46.775001525878906,352.2968444824219,205.4053497314453,312.7138671875,64.64939880371094,234.75634765625,125.32662963867188,14.113438606262207,123.86029815673828,120.37020874023438,17.105709075927734,192.27667236328125,218.12977600097656,41.76816940307617,43.43413543701172,51.74626541137695
2021-05-18,121.69776916503906,96.48297882080078,480.6199951171875,161.61399841308594,37.14518737792969,362.0997619628906,210.68502807617188,45.70571517944336,86.48572540283203,164.51548767089844,112.12921905517578,278.2249755859375,50.18487548828125,142.43785095214844,46.51818084716797,352.0738830566406,205.6270294189453,307.2617492675781,64.25276947021484,232.74560546875,124.54566955566406,13.964237213134766,123.30097961425781,119.137939453125,16.113283157348633,192.6233367919922,217.29164123535156,41.220298767089844,44.37855911254883,50.28182601928711
2021-05-19,121.54180145263672,95.36348724365234,480.4700012207031,161.58999633789062,36.97779846191406,359.1202087402344,217.57582092285156,45.30850601196289,84.0584716796875,164.1179656982422,112.57675170898438,276.2047119140625,50.660736083984375,141.34999084472656,46.37264633178711,350.0470886230469,204.04885864257812,310.8601379394531,64.23658752441406,233.3214874267578,122.15691375732422,14.014054298400879,123.23323822021484,119.38265228271484,15.791563987731934,187.82000732421875,216.34762573242188,41.032875061035156,44.381683349609375,49.0753288269043
2021-05-20,124.09566497802734,96.4006576538086,491.6700134277344,162.38400268554688,36.889686584472656,362.828125,219.97434997558594,45.63664245605469,84.3517074584961,166.1443328857422,114.33367919921875,277.478271484375,51.200653076171875,141.10426330566406,46.78355407714844,356.5636291503906,205.84866333007812,315.8364562988281,64.47943115234375,236.54603576660156,122.44173431396484,14.558793067932129,124.75849151611328,120.60619354248047,16.16236114501953,195.5933380126953,218.12977600097656,40.93916320800781,44.53803634643555,48.958839416503906
2021-05-21,122.26313018798828,95.58573150634766,488.07000732421875,160.1540069580078,37.35664749145508,360.1228332519531,218.79473876953125,45.273963928222656,84.8078384399414,167.15267944335938,113.69831085205078,277.3641662597656,51.31961441040039,142.7098846435547,46.757869720458984,356.4666442871094,205.01527404785156,313.4772033691406,64.09089660644531,235.28887939453125,121.88130187988281,14.936650276184082,124.64834594726562,120.60619354248047,16.364116668701172,193.6266632080078,218.4476318359375,41.02566146850586,44.328521728515625,49.02540588378906
2021-05-24,123.89096069335938,95.41284942626953,497.8299865722656,162.24949645996094,37.55928421020508,362.7051696777344,223.12977600097656,46.10293197631836,86.01331329345703,169.00457763671875,117.014404296875,276.5473327636719,52.12492370605469,143.48191833496094,46.91196823120117,361.1018371582031,205.60928344726562,321.8040466308594,63.96949768066406,240.6727752685547,123.16752624511719,15.554619789123535,125.28385925292969,120.57121276855469,16.22234344482422,202.14666748046875,220.90406799316406,41.07612609863281,44.33164978027344,49.59953308105469
2021-05-25,123.69601440429688,94.30159759521484,505.0799865722656,162.95249938964844,37.013038635253906,364.53076171875,223.8375244140625,46.033851623535156,84.60419464111328,170.8079376220703,117.1051025390625,278.2249755859375,52.04255676269531,141.99920654296875,46.90340042114258,356.0981140136719,205.81320190429688,324.9365539550781,62.731040954589844,241.5748748779297,123.40644073486328,15.590240478515625,125.66519927978516,120.98197937011719,16.096921920776367,201.56333923339844,220.6150665283203,40.71568298339844,44.51302719116211,48.47624969482422
2021-05-26,123.64727020263672,94.41683959960938,506.9800109863281,163.25799560546875,37.03947448730469,364.7577819824219,225.77398681640625,45.68844223022461,84.8078384399414,171.09881591796875,117.96943664550781,278.7344665527344,52.08830642700195,141.9816131591797,47.108856201171875,351.6666259765625,205.9993896484375,324.8077087402344,62.512508392333984,241.35411071777344,125.76760864257812,15.64229679107666,125.66519927978516,120.71105194091797,16.113283157348633,206.3766632080078,218.73667907714844,40.629180908203125,44.45986557006836,49.042057037353516
2021-05-27,122.11691284179688,92.45771026611328,498.2799987792969,161.5054931640625,37.48880386352539,366.5360412597656,221.98947143554688,45.697086334228516,83.9036865234375,173.590576171875,117.09568786621094,279.9992980957031,52.82954788208008,144.1925811767578,47.502647399902344,351.0362548828125,208.22471618652344,329.8533935546875,61.45215606689453,239.26194763183594,125.46441650390625,15.431076049804688,124.14836883544922,117.96682739257812,16.20052719116211,210.28334045410156,218.53436279296875,40.57872009277344,44.30976104736328,48.725868225097656
2021-05-28,121.46383666992188,93.18208312988281,504.5799865722656,161.15350341796875,37.34782409667969,357.80535888671875,234.05081176757812,45.6798210144043,84.5390396118164,173.2124481201172,116.80675506591797,280.12225341796875,52.271339416503906,144.0960693359375,47.33143615722656,349.6592102050781,208.510009765625,325.8682861328125,61.427860260009766,239.6170654296875,125.62552642822266,16.184797286987305,125.3601303100586,117.85321044921875,16.04784393310547,208.4066619873047,218.9582061767578,40.72289276123047,44.416080474853516,48.56777572631836
2021-06-01,121.14215087890625,92.36714935302734,495.9100036621094,160.9324951171875,37.81479263305664,357.7675476074219,232.18309020996094,45.43803405761719,86.86856842041016,173.39666748046875,118.0125503540039,277.8384704589844,52.06086349487305,145.68406677246094,47.3228759765625,348.8931884765625,207.93055725097656,326.264892578125,60.8531608581543,237.4290008544922,123.830322265625,16.20472526550293,125.09746551513672,116.13153076171875,15.98786449432373,207.96665954589844,218.3127899169922,40.643592834472656,44.30037307739258,50.306785583496094
2021-06-02,121.90247344970703,91.70040130615234,495.7699890136719,161.69949340820312,37.8324089050293,359.99981689453125,230.62997436523438,45.731624603271484,88.03334045410156,171.61268615722656,117.48771667480469,276.5758361816406,52.600772857666016,145.69287109375,47.51120376586914,355.7394104003906,208.41195678710938,326.28472900390625,61.411659240722656,237.33297729492188,123.51734161376953,16.716581344604492,125.59738159179688,116.63841247558594,16.14600372314453,201.7066650390625,221.2316131591797,40.83823776245117,44.20344161987305,50.7061767578125
2021-06-03,120.42086029052734,92.36714935302734,493.1400146484375,159.35049438476562,38.26594924926758,363.1024169921875,226.91427612304688,46.051124572753906,87.63422393798828,170.87582397460938,116.34732055664062,274.98638916015625,51.46603775024414,145.78936767578125,47.63105392456055,350.86175537109375,207.22622680664062,323.2017822265625,62.69680404663086,235.80711364746094,123.51734161376953,16.907384872436523,126.04550170898438,118.72716522216797,15.938790321350098,190.94667053222656,219.7384796142578,41.07612609863281,44.2816162109375,50.9058837890625
2021-06-04,122.71153259277344,92.49065399169922,504.5,160.31100463867188,38.28363800048828,366.5549621582031,233.4413604736328,46.69012451171875,88.3346939086914,171.78720092773438,118.62659454345703,274.6156005859375,52.50011444091797,146.02626037597656,48.144691467285156,354.93450927734375,208.05535888671875,327.4742736816406,62.866458892822266,240.68231201171875,123.12144470214844,17.51364517211914,126.19059753417969,118.81455993652344,15.960603713989258,199.68333435058594,221.6939697265625,41.30681228637695,44.359798431396484,51.13053512573242
2021-06-07,122.72126770019531,93.02570343017578,509.4700012207031,159.90049743652344,38.15093231201172,359.82012939453125,234.09011840820312,46.56059265136719,87.7645263671875,171.60299682617188,119.05927276611328,273.6885070800781,52.2438850402832,145.3418731689453,47.97347640991211,353.05316162109375,206.54872131347656,333.6500244140625,61.75520324707031,243.58062744140625,123.31481170654297,17.554243087768555,126.1137924194336,119.22531127929688,15.856995582580566,201.7100067138672,222.83067321777344,41.234718322753906,44.062705993652344,50.79771041870117
2021-06-08,123.54004669189453,92.47417449951172,509.20001220703125,163.20550537109375,37.93859100341797,359.1580505371094,232.3993682861328,46.7419319152832,88.56275939941406,170.96307373046875,118.86795806884766,274.5184326171875,52.16152572631836,144.76284790039062,47.639617919921875,354.197509765625,207.39561462402344,330.7752685546875,61.4158935546875,242.39065551757812,122.76243591308594,17.392839431762695,124.9359130859375,117.84442901611328,15.80246639251709,201.19667053222656,223.5338897705078,41.19868087768555,43.72809982299805,51.696346282958984
2021-06-09,123.92020416259766,93.84061431884766,514.6799926757812,164.0574951171875,37.443119049072266,359.4039611816406,232.0749969482422,46.646942138671875,87.78897094726562,170.681884765625,119.33879089355469,271.3751220703125,52.16152572631836,142.95550537109375,47.49407958984375,352.325927734375,206.35260009765625,327.3751525878906,62.80707931518555,243.36949157714844,121.37230682373047,17.298419952392578,124.70543670654297,117.80076599121094,15.818824768066406,199.5933380126953,223.7843475341797,41.12659454345703,43.493553161621094,52.12901306152344
2021-06-10,122.92594146728516,95.68450927734375,535.52001953125,167.4824981689453,36.885719299316406,362.28900146484375,236.10525512695312,47.51909637451172,88.30210876464844,171.19577026367188,120.68634796142578,272.2315673828125,52.50926971435547,140.72702026367188,47.862186431884766,353.26654052734375,209.1340789794922,329.56585693359375,64.58844757080078,246.87242126464844,120.58061218261719,17.36494255065918,125.98578643798828,118.67472076416016,15.911521911621094,203.3733367919922,225.3641357421875,41.33565139770508,43.74372863769531,52.21222686767578
2021-06-11,124.13465881347656,95.009521484375,541.260009765625,167.3415069580078,37.0361328125,361.17279052734375,236.2232208251953,47.294586181640625,87.89485931396484,171.9811248779297,120.44200897216797,274.40374755859375,52.939369201660156,140.63050842285156,48.07620620727539,354.4302673339844,211.22012329101562,328.3763427734375,64.69873809814453,247.4962158203125,121.46439361572266,17.763805389404297,126.06259155273438,117.8619384765625,15.98786449432373,203.29666137695312,226.33706665039062,41.32843017578125,44.01580810546875,51.7296257019043
2021-06-14,127.18560028076172,94.99305725097656,556.9500122070312,169.19349670410156,36.59375,362.99835205078125,242.07200622558594,46.776466369628906,87.9437255859375,172.7567596435547,121.36930084228516,273.1233825683594,53.25049591064453,138.244140625,47.912330627441406,355.4193420410156,211.2647247314453,333.83837890625,64.55331420898438,249.41558837890625,120.93042755126953,17.95663833618164,126.81373596191406,117.90564727783203,15.862446784973145,205.89666748046875,225.48936462402344,41.220298767089844,43.956382751464844,51.64641189575195
2021-06-15,126.3668441772461,95.34700775146484,548.4600219726562,169.156494140625,36.62028884887695,363.14019775390625,238.45458984375,46.44834518432617,89.84156036376953,170.50738525390625,120.3523178100586,270.5892028808594,53.06748962402344,136.14724731445312,47.79158401489258,356.9708557128906,210.70306396484375,333.8185119628906,64.76719665527344,247.94715881347656,119.94538879394531,17.72718048095703,126.822265625,117.67840576171875,15.966053009033203,199.7866668701172,224.42974853515625,41.29960632324219,43.781253814697266,53.52688980102539
2021-06-16,126.86395263671875,95.1000747680664,543.3300170898438,170.7624969482422,36.823787689208984,358.88372802734375,238.267822265625,46.17201614379883,89.32841491699219,169.34393310546875,119.71099853515625,267.3486633300781,52.362850189208984,137.1035919189453,47.153324127197266,352.8011779785156,210.01661682128906,328.1978759765625,65.54578399658203,247.0067596435547,120.04666900634766,17.74886131286621,125.55899810791016,116.04411315917969,15.846091270446777,201.6233367919922,221.1737823486328,40.83102798461914,42.889991760253906,53.335514068603516
2021-06-17,128.46253967285156,94.58147430419922,551.3599853515625,174.46200561523438,35.21351623535156,363.934814453125,240.27316284179688,45.878421783447266,87.21068572998047,169.33421325683594,120.6734619140625,267.64892578125,52.32624816894531,133.14671325683594,47.39482498168945,356.166015625,208.5010986328125,333.5806579589844,66.07622528076172,250.3848419189453,118.68417358398438,18.592937469482422,126.77106475830078,117.10159301757812,15.671599388122559,205.53334045410156,223.63018798828125,40.7517204284668,43.06825256347656,51.57985305786133
2021-06-18,127.16615295410156,93.11624908447266,565.5900268554688,174.34500122070312,34.311065673828125,360.2742614746094,238.6511993408203,44.963096618652344,83.92000579833984,167.17208862304688,119.05531311035156,267.19854736328125,50.944419860839844,129.7777099609375,46.37705993652344,356.2921447753906,204.70335388183594,326.7902526855469,65.54578399658203,248.97409057617188,118.21465301513672,18.574501037597656,124.12498474121094,115.38863372802734,15.622523307800293,207.77000427246094,221.9540557861328,40.239898681640625,42.27080154418945,50.256866455078125
2021-06-21,128.9596710205078,94.44153594970703,567.3499755859375,172.697998046875,35.16928482055664,365.8738708496094,240.3223114013672,45.921592712402344,86.37984466552734,168.67489624023438,120.74185943603516,271.6046142578125,51.127445220947266,131.9798583984375,46.885948181152344,361.79034423828125,207.62744140625,329.3973693847656,65.66554260253906,252.04518127441406,119.75208282470703,18.363731384277344,125.0980453491211,116.29759216308594,15.775202751159668,206.94332885742188,225.72056579589844,40.65081024169922,42.65545654296875,52.07909393310547
2021-06-22,130.59727478027344,94.41683959960938,575.739990234375,175.27200317382812,35.363922119140625,370.962890625,238.9755859375,45.99068832397461,86.66492462158203,168.21920776367188,121.25530242919922,276.11669921875,51.127445220947266,131.7868194580078,47.058448791503906,366.59039306640625,208.5010986328125,336.07867431640625,65.18643951416016,254.8090362548828,121.96150207519531,18.821645736694336,125.28584289550781,116.34125518798828,15.693408012390137,207.90333557128906,227.27146911621094,40.636390686035156,42.852474212646484,53.07757568359375
2021-06-23,130.32431030273438,93.84061431884766,574.22998046875,175.1909942626953,35.56743240356445,370.7642822265625,237.7271728515625,45.558921813964844,86.5590591430664,169.99351501464844,121.05359649658203,275.1983642578125,50.5692253112793,132.58522033691406,46.6789436340332,363.7782897949219,207.93055725097656,337.6251525878906,64.6645278930664,254.5787353515625,122.53231048583984,18.991561889648438,123.63849639892578,116.17520141601562,15.622523307800293,218.85667419433594,226.06735229492188,40.42012023925781,42.517852783203125,53.468650817871094
2021-06-24,130.04165649414062,94.44976806640625,578.260009765625,172.45399475097656,36.12482452392578,370.8587341308594,239.62437438964844,45.57618713378906,87.26768493652344,172.5143585205078,121.4233169555664,275.3484191894531,51.310462951660156,133.8047332763672,46.91181182861328,363.4000244140625,208.01080322265625,340.19256591796875,65.3318862915039,255.94154357910156,122.9925765991211,19.139299392700195,124.33839416503906,116.25384521484375,15.698862075805664,226.60667419433594,227.5701141357422,40.636390686035156,42.81494140625,53.68498229980469
2021-06-25,129.7491912841797,93.00100708007812,579.6599731445312,170.072998046875,36.823787689208984,373.1667785644531,237.75668334960938,45.81797790527344,87.39801788330078,172.9215850830078,121.43173217773438,276.9289855957031,51.16405487060547,135.1558837890625,46.8514404296875,368.11285400390625,207.1995086669922,338.3983154296875,66.050537109375,254.33876037597656,142.09512329101562,18.96540069580078,124.97002410888672,117.91437530517578,15.753393173217773,223.9566650390625,228.61048889160156,40.643592834472656,43.321556091308594,53.801483154296875
2021-06-28,131.37705993652344,93.01746368408203,588.7999877929688,172.1945037841797,36.77069854736328,375.0869445800781,240.41078186035156,45.731624603271484,84.70195007324219,171.19577026367188,121.458984375,277.5029296875,52.600772857666016,135.40151977539062,46.79969024658203,356.54412841796875,206.01382446289062,352.54412841796875,65.75968933105469,257.8896789550781,140.26312255859375,19.91611099243164,125.50776672363281,118.26395416259766,15.693408012390137,229.57333374023438,225.49903869628906,40.49942398071289,43.18708038330078,52.428565979003906
2021-06-29,132.88795471191406,92.44124603271484,590.75,172.40699768066406,36.17790603637695,377.2152404785156,241.62966918945312,45.68844223022461,84.51460266113281,168.63612365722656,121.19781494140625,280.9996032714844,51.932743072509766,135.23483276367188,46.45469665527344,356.85455322265625,205.37196350097656,348.8267517089844,66.05911254882812,260.4617614746094,143.5680694580078,19.957719802856445,125.42241668701172,117.45992279052734,15.627974510192871,226.9199981689453,227.29074096679688,40.25432205200195,42.9369010925293,52.104061126708984
2021-06-30,133.50201416015625,92.72113037109375,585.6400146484375,172.00799560546875,36.478729248046875,374.2640380859375,240.1158905029297,45.76615905761719,85.31283569335938,170.42015075683594,121.01641082763672,281.573486328125,51.3745231628418,136.46307373046875,46.670310974121094,354.03265380859375,205.9246826171875,344.68316650390625,66.53823852539062,259.9818115234375,142.22401428222656,19.93355369567871,126.4722900390625,117.9231185913086,15.693408012390137,226.56666564941406,225.23890686035156,40.39128112792969,44.100242614746094,52.4868049621582
2021-07-01,133.80419921875,94.05464935302734,584.72998046875,171.64849853515625,36.75300979614258,373.18572998046875,240.81378173828125,46.14611053466797,86.51016235351562,171.86476135253906,121.36830139160156,283.913330078125,51.255558013916016,137.8142547607422,46.54094696044922,359.4824523925781,207.0657958984375,351.30499267578125,66.72647094726562,260.65362548828125,145.45529174804688,20.142330169677734,126.4979248046875,118.19408416748047,15.873355865478516,225.97332763671875,226.52011108398438,40.57872009277344,43.568599700927734,52.63657760620117
2021-07-02,136.42625427246094,94.8037338256836,593.0700073242188,175.5489959716797,36.40794372558594,377.3570556640625,243.97903442382812,46.5547981262207,86.3961410522461,171.71932983398438,124.15657806396484,284.9376220703125,51.941890716552734,137.68185424804688,46.730690002441406,363.6715393066406,208.27822875976562,351.6123046875,67.24836730957031,266.4598693847656,147.05714416503906,20.4163818359375,127.10396575927734,118.77082824707031,15.938790321350098,226.3000030517578,229.8723907470703,40.68684005737305,43.81565475463867,52.56169509887695
2021-07-06,138.4342803955078,95.26470947265625,596.9000244140625,183.78700256347656,35.45240020751953,377.2814636230469,245.99417114257812,46.0678596496582,84.70195007324219,168.40342712402344,125.08088684082031,281.9001770019531,51.328773498535156,135.36996459960938,46.47193908691406,364.7285461425781,207.4937286376953,349.7090148925781,66.82913970947266,266.4693908691406,147.39779663085938,20.62714958190918,127.2917251586914,118.84078216552734,15.824278831481934,219.86000061035156,230.80679321289062,40.665225982666016,43.76250076293945,51.063968658447266
2021-07-07,140.919921875,96.10433197021484,605.77001953125,184.82899475097656,35.16928482055664,382.78662109375,244.21493530273438,46.31132888793945,83.83853912353516,167.55990600585938,125.36238861083984,285.6263427734375,51.20980453491211,135.52879333496094,46.8514404296875,362.5952453613281,209.1697235107422,347.43896484375,67.21412658691406,268.6478271484375,147.44381713867188,20.301528930664062,127.8550796508789,119.73221588134766,15.775202751159668,214.88333129882812,231.19207763671875,40.7517204284668,43.69057083129883,50.26519012451172
2021-07-08,139.62342834472656,95.77503967285156,605.9500122070312,186.57049560546875,34.311065673828125,385.1230163574219,241.61985778808594,46.31132888793945,83.56975555419922,167.54052734375,123.94493865966797,281.26446533203125,50.68819046020508,133.1903839111328,46.687564849853516,359.401123046875,207.57394409179688,342.64105224609375,66.83769989013672,266.2390441894531,147.87652587890625,19.834148406982422,127.91481018066406,119.7147216796875,15.740839958190918,217.60333251953125,227.926513671875,40.58989334106445,43.653038024902344,50.04052734375
2021-07-09,141.44625854492188,95.9643783569336,604.5,185.9669952392578,35.42586135864258,390.060546875,240.8924560546875,46.72870635986328,84.76710510253906,171.65142822265625,124.415283203125,284.3990783691406,51.23725509643555,137.45245361328125,46.972198486328125,362.07098388671875,210.10574340820312,347.3695373535156,66.72647094726562,266.7380676269531,148.21713256835938,19.98113441467285,127.5904769897461,119.7584228515625,15.891656875610352,218.98333740234375,229.71826171875,40.87419509887695,43.87506866455078,50.947479248046875
2021-07-12,140.85162353515625,96.82869720458984,600.2000122070312,185.92750549316406,35.94786834716797,385.8134460449219,238.7790069580078,46.285247802734375,84.93814849853516,178.76806640625,125.85946655273438,284.0899963378906,51.91444778442383,139.4202117919922,46.98944854736328,364.61468505859375,210.04335021972656,350.0856628417969,66.3499984741211,266.14306640625,148.97203063964844,20.441795349121094,127.61605834960938,119.85454559326172,15.908414840698242,228.56666564941406,229.14027404785156,40.93251037597656,43.79689025878906,50.897552490234375
2021-07-13,141.9628448486328,97.05918884277344,605.010009765625,183.8679962158203,35.2666015625,385.0377197265625,239.8701171875,46.36349868774414,84.65306854248047,178.06028747558594,126.22225952148438,279.94879150390625,52.04255676269531,137.34657287597656,47.455204010009766,372.5271301269531,210.54261779785156,349.0249328613281,66.40133666992188,269.65557861328125,148.76025390625,20.180204391479492,130.5608673095703,119.70597076416016,15.791112899780273,222.84666442871094,233.4558868408203,40.8887825012207,43.9626350402832,50.6562614440918
2021-07-14,145.38426208496094,97.6834487915039,608.8300170898438,184.08399963378906,34.38184356689453,387.7715148925781,238.30712890625,47.03303527832031,83.05660247802734,177.83726501464844,127.1098861694336,281.8648986816406,51.722267150878906,136.8788299560547,48.52471923828125,379.41046142578125,211.39845275878906,344.60382080078125,66.409912109375,271.12396240234375,148.71426391601562,19.77310562133789,131.90948486328125,120.58870697021484,15.785526275634766,217.7933349609375,236.96229553222656,41.05644226074219,44.2659797668457,49.5329704284668
2021-07-15,144.73118591308594,97.53361511230469,606.1699829101562,181.55999755859375,34.35530090332031,389.5403747558594,233.53965759277344,46.65044403076172,82.51087951660156,178.5450439453125,125.88871765136719,284.9465026855469,51.072532653808594,137.17889404296875,48.67995834350586,378.8570861816406,211.17556762695312,341.4613952636719,66.64945983886719,269.70361328125,148.85235595703125,18.900875091552734,132.51551818847656,121.61998748779297,15.880489349365234,216.86666870117188,239.42835998535156,41.2241096496582,44.30037307739258,49.05037307739258
2021-07-16,142.69393920898438,97.79997253417969,606.0999755859375,178.68150329589844,33.5501708984375,388.1687927246094,234.3751678466797,46.69390869140625,80.3279800415039,173.85238647460938,125.85401916503906,283.913330078125,50.30384063720703,134.04635620117188,48.64545440673828,375.8377380371094,209.27667236328125,338.19012451171875,66.75212860107422,269.4347839355469,147.15843200683594,18.09840202331543,133.00205993652344,122.7998046875,15.830208778381348,214.74000549316406,239.01406860351562,41.15849685668945,44.26911163330078,47.69409942626953
2021-07-19,138.85345458984375,96.06871032714844,602.0499877929688,177.47950744628906,32.67425537109375,391.7442321777344,233.51016235351562,46.137420654296875,78.16134643554688,167.68594360351562,123.4830551147461,281.5558776855469,50.00185775756836,129.687255859375,48.06757736206055,354.7992248535156,204.38243103027344,334.01678466796875,65.9222183227539,265.84552001953125,145.33563232421875,18.715015411376953,132.98497009277344,122.7386245727539,15.522990226745605,215.4066619873047,231.5870819091797,40.7065315246582,44.16590881347656,46.05492401123047
2021-07-20,142.45999145507812,96.59308624267578,608.719970703125,178.6595001220703,33.34666442871094,393.72119140625,236.026611328125,46.589576721191406,78.62561798095703,171.3702850341797,125.10021209716797,287.27752685546875,50.550926208496094,132.10508728027344,48.153831481933594,363.4786682128906,208.84877014160156,338.685791015625,65.16932678222656,268.0625305175781,147.05714416503906,18.54784393310547,133.00205993652344,122.0831298828125,15.590018272399902,220.1666717529297,233.79299926757812,40.51699447631836,44.366050720214844,46.56248474121094
2021-07-21,141.72894287109375,97.37548828125,612.260009765625,179.25999450683594,34.02793884277344,392.5577697753906,237.9925994873047,46.85043716430664,81.30538940429688,171.5060272216797,126.42793273925781,288.1693420410156,51.456886291503906,134.88462829589844,48.774837493896484,368.9833984375,210.3286590576172,343.216064453125,65.35752868652344,270.0586853027344,148.290771484375,19.343093872070312,132.50698852539062,121.6549301147461,15.584431648254395,218.42999267578125,234.71778869628906,40.78672409057617,44.14714813232422,48.06020736694336
2021-07-22,143.0935516357422,97.8332748413086,623.6799926757812,181.90150451660156,33.5855598449707,394.9508361816406,244.0576629638672,47.42433166503906,80.49087524414062,169.79962158203125,127.29276275634766,288.4342041015625,51.20980453491211,133.1815643310547,48.705841064453125,371.0222473144531,212.77130126953125,348.1328430175781,65.47733306884766,274.6076965332031,150.68438720703125,19.526460647583008,132.4643096923828,121.1888198852539,15.645880699157715,216.4199981689453,235.18017578125,40.78672409057617,44.17841339111328,47.519371032714844
2021-07-23,144.80914306640625,98.37430572509766,625.8699951171875,182.83200073242188,33.35551452636719,400.5221862792969,244.0281982421875,48.024314880371094,80.52344512939453,170.7788543701172,131.8459014892578,293.8910827636719,48.50105285644531,132.92568969726562,49.17158508300781,381.7987060546875,216.59579467773438,366.5709533691406,66.34143829345703,277.9953918457031,153.1515655517578,19.490581512451172,134.1628875732422,122.93891906738281,15.724081039428711,214.4600067138672,239.881103515625,40.73569869995117,44.54117202758789,47.46112060546875
2021-07-26,145.22828674316406,98.0413589477539,620.7999877929688,184.99099731445312,33.7359619140625,400.33306884765625,243.3892364501953,48.23299026489258,82.2258071899414,173.29974365234375,132.85693359375,292.4253234863281,49.69987106323242,133.81690979003906,49.21471405029297,381.3522033691406,217.50511169433594,369.2176818847656,66.08478546142578,277.4002990722656,151.9823760986328,19.227497100830078,134.06898498535156,123.36984252929688,15.740839958190918,219.2066650390625,241.06591796875,40.66279220581055,44.60371017456055,48.6593017578125
2021-07-27,143.06439208984375,98.182861328125,618.280029296875,181.3195037841797,33.6032600402832,401.3829650878906,239.36880493164062,48.067779541015625,81.94884490966797,174.03660583496094,130.7406768798828,288.96405029296875,48.6657829284668,133.6404266357422,49.387203216552734,378.8959045410156,219.6179656982422,364.6082458496094,66.606689453125,274.99151611328125,151.50369262695312,19.141788482666016,134.8115997314453,123.87113189697266,15.752009391784668,214.92666625976562,241.720947265625,40.968963623046875,44.60685348510742,48.11845397949219
2021-07-28,141.31954956054688,98.67393493652344,620.9199829101562,181.51600646972656,33.7359619140625,399.377685546875,239.81117248535156,47.624324798583984,82.41314697265625,173.64877319335938,134.8978271484375,287.4276428222656,48.56512451171875,133.86102294921875,48.938716888427734,372.264892578125,215.54385375976562,370.0305480957031,67.01736450195312,274.68438720703125,152.32302856445312,19.43577766418457,133.57394409179688,122.0330810546875,15.645880699157715,215.66000366210938,237.8773956298828,40.619056701660156,44.42546844482422,48.44296646118164
2021-07-29,141.9628448486328,98.94029235839844,621.7000122070312,179.99600219726562,34.22258758544922,403.0262145996094,239.8897705078125,47.88517761230469,83.5453109741211,172.9215850830078,134.5841064453125,289.1141357421875,49.14164733886719,135.00816345214844,49.206092834472656,377.4784240722656,217.540771484375,355.20074462890625,65.81954956054688,274.9531555175781,153.73153686523438,19.594228744506836,133.84707641601562,122.66629028320312,15.802281379699707,225.78334045410156,238.82142639160156,40.808589935302734,44.48175811767578,49.03372573852539
2021-07-30,142.17730712890625,96.80118560791016,621.6300048828125,166.37950134277344,33.939456939697266,407.23388671875,237.81565856933594,48.14603042602539,82.92627716064453,170.66250610351562,133.54232788085938,289.7852478027344,49.159950256347656,133.93165588378906,49.1888427734375,374.69207763671875,216.3729248046875,353.1983642578125,65.76822662353516,273.42718505859375,154.2102508544922,19.43178939819336,133.96653747558594,125.08479309082031,15.668222427368164,229.06666564941406,237.34762573242188,40.66279220581055,44.578704833984375,47.9021110534668
2021-08-02,141.84588623046875,96.09368133544922,618.75,166.57400512695312,33.5855598449707,406.4757995605469,236.76385498046875,48.21560287475586,82.7796859741211,170.2068328857422,133.6692352294922,288.9286804199219,49.12334442138672,133.39334106445312,49.059471130371094,364.3233642578125,214.04612731933594,348.88623046875,65.17788696289062,273.3407897949219,155.35179138183594,19.68192481994629,133.4288330078125,124.7769775390625,15.701739311218262,236.55667114257812,230.98016357421875,40.64820098876953,44.47550582885742,47.91044616699219
2021-08-03,143.63943481445312,96.75955200195312,621.280029296875,168.31199645996094,34.10757064819336,412.3039855957031,237.029296875,48.911224365234375,83.56975555419922,167.72474670410156,134.43789672851562,293.0963439941406,49.47108840942383,134.9111328125,49.09396743774414,356.88665771484375,211.2379150390625,348.18243408203125,65.3746566772461,275.5481262207031,157.63491821289062,19.746700286865234,133.72756958007812,126.59742736816406,15.746420860290527,236.5800018310547,228.38894653320312,40.626338958740234,44.97585678100586,48.42632293701172
2021-08-04,143.2397918701172,95.78573608398438,625.6799926757812,167.73599243164062,33.859832763671875,412.2754821777344,240.017578125,48.42428970336914,81.69637298583984,167.3272247314453,133.9378204345703,291.6571044921875,49.32466506958008,133.4551544189453,48.38671112060547,357.28460693359375,209.34800720214844,355.79559326171875,64.57896423339844,274.9627380371094,158.2609100341797,20.204113006591797,131.49124145507812,125.26070404052734,15.556504249572754,236.97332763671875,227.9842987060547,40.36391067504883,44.66939926147461,47.29470443725586
2021-08-05,143.34703063964844,95.81901550292969,632.0800170898438,168.79949951171875,34.523406982421875,419.9990234375,246.2989044189453,48.48515319824219,82.4538803100586,171.33152770996094,135.053955078125,294.12939453125,49.635986328125,135.14053344726562,48.731712341308594,361.10009765625,210.7655029296875,359.810302734375,64.67308044433594,277.8513488769531,160.04689025878906,20.56586456298828,131.71316528320312,125.32225036621094,15.60677719116211,238.2100067138672,231.39442443847656,40.31288146972656,45.49810028076172,47.59425735473633
2021-08-06,142.6636962890625,95.26134490966797,631.3800048828125,167.2469940185547,35.52318572998047,416.6253662109375,246.32838439941406,48.33733367919922,83.04032135009766,171.73873901367188,134.5454559326172,291.24212646484375,49.66361999511719,138.97901916503906,48.85246276855469,363.6146545410156,210.62281799316406,360.3455810546875,64.54474639892578,277.7937316894531,159.0802459716797,20.295795440673828,131.73025512695312,124.36359405517578,15.61794662475586,233.03334045410156,232.5407257080078,40.25455856323242,45.41680908203125,48.14342498779297
2021-08-09,142.61485290527344,94.93672943115234,629.219970703125,167.093505859375,35.983253479003906,417.42138671875,245.07998657226562,48.23299026489258,81.65563201904297,171.34120178222656,135.70960998535156,290.2884826660156,49.78335189819336,138.82901000976562,48.86109161376953,359.8768005371094,209.21429443359375,358.4621887207031,64.44206237792969,276.7093505859375,158.1320037841797,20.22504234313965,131.747314453125,125.04080963134766,15.556504249572754,237.9199981689453,231.19207763671875,40.181663513183594,45.52625274658203,47.59425735473633
2021-08-10,142.13648986816406,95.56929016113281,621.739990234375,166.03399658203125,36.655677795410156,419.8473815917969,239.25083923339844,48.3547248840332,83.14620208740234,171.68055725097656,135.60455322265625,292.690185546875,49.682037353515625,140.53199768066406,48.9904670715332,357.1195373535156,208.1177520751953,357.986328125,64.33086395263672,274.8955383300781,158.5923309326172,19.867284774780273,131.81564331054688,125.11996459960938,15.69056224822998,236.663330078125,229.33294677734375,40.444095611572266,46.49569320678711,48.409690856933594
2021-08-11,142.3903350830078,94.65373992919922,626.030029296875,164.60549926757812,37.11575698852539,421.0508728027344,238.1597137451172,48.57210922241211,83.77339172363281,172.66949462890625,135.08120727539062,297.564208984375,49.86625671386719,142.20860290527344,48.93008804321289,353.6245422363281,209.9898681640625,356.82647705078125,64.34796142578125,275.385009765625,157.6717529296875,19.6310977935791,132.33627319335938,125.4277572631836,15.729667663574219,235.94000244140625,226.43341064453125,40.50970458984375,46.91162109375,48.55113220214844
2021-08-12,145.3482208251953,96.25182342529297,634.3499755859375,165.1750030517578,37.29270935058594,422.055419921875,244.16580200195312,49.032958984375,83.60234069824219,173.83297729492188,135.98814392089844,294.9329833984375,49.31361770629883,142.76451110839844,49.02497100830078,351.4303894042969,210.98834228515625,359.4930114746094,65.0580825805664,278.12969970703125,157.0917510986328,19.83638572692871,132.36187744140625,125.7179946899414,15.651463508605957,240.75,223.58779907226562,40.560733795166016,46.786067962646484,48.44132614135742
2021-08-13,145.55325317382812,96.95099639892578,637.3099975585938,164.69850158691406,36.83263397216797,424.38677978515625,247.28189086914062,49.10252380371094,83.04847717285156,175.56851196289062,136.51693725585938,292.54888916015625,49.26755905151367,141.1673583984375,49.3613395690918,352.177978515625,212.90501403808594,360.01849365234375,65.63988494873047,281.04718017578125,158.05838012695312,20.118408203125,133.59954833984375,126.32479858398438,15.746420860290527,239.05667114257812,224.41737365722656,40.7284049987793,46.93358612060547,47.95142364501953
2021-08-16,147.52520751953125,98.55741119384766,636.9400024414062,164.94949340820312,36.53181457519531,429.1630554199219,244.9620361328125,48.93730926513672,82.20137023925781,173.63906860351562,137.09384155273438,295.8424377441406,49.2491455078125,140.24085998535156,49.57696533203125,352.9642639160156,214.8217010498047,363.36907958984375,66.67513275146484,282.7266540527344,158.67518615722656,19.881227493286133,134.90548706054688,127.20426177978516,15.752009391784668,228.72332763671875,227.03147888183594,40.808589935302734,47.31651306152344,47.25034713745117
2021-08-17,146.61734008789062,99.59783935546875,635.010009765625,162.09800720214844,36.3548583984375,428.67022705078125,242.7896270751953,48.702537536621094,82.04660034179688,170.47828674316406,135.46034240722656,283.2158203125,48.53071594238281,138.546630859375,49.40446853637695,352.64398193359375,214.2066192626953,355.3296813964844,67.44514465332031,281.267822265625,157.11013793945312,19.390932083129883,134.77749633789062,127.41535186767578,15.746420860290527,221.90333557128906,226.2308349609375,40.95438766479492,47.30081558227539,46.92938232421875
2021-08-18,142.87843322753906,97.62518310546875,626.77001953125,160.06100463867188,36.08943557739258,422.8610534667969,246.9476776123047,47.95473861694336,79.82601165771484,169.42147827148438,134.2584991455078,283.92218017578125,48.07018280029297,137.28480529785156,48.731712341308594,350.4304504394531,212.2453155517578,352.35577392578125,66.55535888671875,279.54681396484375,155.40701293945312,18.9743709564209,133.39468383789062,126.02582550048828,15.545336723327637,229.663330078125,223.43345642089844,40.43680953979492,46.79861831665039,45.941131591796875
2021-08-19,143.21034240722656,98.15789031982422,637.6599731445312,159.3874969482422,35.558570861816406,430.4897155761719,248.7662353515625,49.79814910888672,77.83654022216797,167.976806640625,134.48745727539062,285.11419677734375,48.30044937133789,136.13760375976562,49.04221725463867,346.8965148925781,211.48757934570312,352.0286560058594,67.12860107421875,285.35443115234375,152.44271850585938,19.729759216308594,135.63958740234375,127.51210021972656,15.37775993347168,224.49000549316406,223.3756103515625,40.36391067504883,47.115638732910156,44.53899383544922
2021-08-20,144.6649169921875,98.89866638183594,647.3400268554688,159.99749755859375,35.71782684326172,434.9722595214844,251.77418518066406,50.624202728271484,77.84481048583984,169.78988647460938,136.2216033935547,290.7122802734375,47.90439224243164,136.52593994140625,48.85246276855469,344.64410400390625,212.61083984375,356.2415771484375,67.31682586669922,292.6524963378906,154.46803283691406,20.744245529174805,135.1615447998047,127.60002899169922,15.400105476379395,226.75332641601562,223.17300415039062,40.47325897216797,47.53622817993164,44.54743576049805
2021-08-23,146.14877319335938,99.34814453125,656.8599853515625,163.2935028076172,36.19559860229492,431.1247863769531,256.08953857421875,50.9024658203125,79.85077667236328,172.2526092529297,138.81063842773438,289.38787841796875,49.0280876159668,138.27308654785156,48.67995834350586,350.48858642578125,213.65386962890625,360.18701171875,67.06014251708984,292.9312744140625,156.24476623535156,21.882314682006836,134.7347869873047,126.94923400878906,15.372172355651855,235.43333435058594,225.85464477539062,40.400352478027344,47.22235107421875,46.38035202026367
2021-08-24,146.06089782714844,99.61446380615234,657.239990234375,165.28900146484375,36.699913024902344,428.14898681640625,255.24417114257812,51.5806999206543,80.7670669555664,173.03794860839844,140.01991271972656,286.8802185058594,49.56230163574219,139.1289825439453,48.30908203125,351.2362365722656,212.5573272705078,362.3281555175781,66.49545288085938,290.9793701171875,156.484130859375,21.717878341674805,133.06182861328125,125.92028045654297,15.333073616027832,236.163330078125,225.9510955810547,40.101478576660156,46.73584747314453,46.76044845581055
2021-08-25,144.8308563232422,100.21377563476562,656.7999877929688,164.95899963378906,37.29270935058594,427.61834716796875,256.4139099121094,51.606773376464844,81.32015991210938,172.8828125,140.83018493652344,285.9795837402344,49.56230163574219,141.996826171875,48.36083984375,348.63427734375,212.91397094726562,365.18310546875,65.93934631347656,290.3928527832031,156.35523986816406,22.136436462402344,132.47280883789062,125.47174835205078,15.321905136108398,237.06666564941406,224.35946655273438,40.043155670166016,46.75469207763672,46.844913482666016
2021-08-26,144.03038024902344,100.21377563476562,652.3900146484375,165.8000030517578,37.19539260864258,425.7987976074219,263.2358703613281,51.47634506225586,80.2552719116211,171.1860809326172,140.1973419189453,283.8603820800781,48.935970306396484,142.72923278808594,47.90370559692383,342.57611083984375,211.2379150390625,361.2080078125,65.51154327392578,287.5851745605469,153.66708374023438,21.9919376373291,131.98634338378906,125.25188446044922,15.092883110046387,233.72000122070312,222.36273193359375,39.802589416503906,46.24934005737305,46.21140670776367
2021-08-27,145.06512451171875,99.53125,658.52001953125,167.48150634765625,37.59352111816406,426.77484130859375,261.9973449707031,51.31983947753906,81.42748260498047,174.65713500976562,142.73829650878906,285.5380859375,49.635986328125,143.87635803222656,47.99858093261719,345.3625183105469,211.71044921875,369.38623046875,65.2805404663086,288.1910400390625,154.52928161621094,22.557971954345703,132.2509307861328,125.15513610839844,15.154329299926758,237.30667114257812,224.45594787597656,39.92652130126953,45.988834381103516,47.10675811767578
2021-08-30,149.47760009765625,100.35527038574219,665.989990234375,171.07850646972656,36.85918045043945,432.0722961425781,260.4638671875,51.41548156738281,81.22109985351562,174.50196838378906,143.3196258544922,288.82281494140625,49.682037353515625,141.57327270507812,48.455711364746094,342.76068115234375,210.9170379638672,377.3462829589844,65.45165252685547,291.912109375,154.94422912597656,22.60979461669922,133.1557159423828,125.70043182373047,15.210187911987305,243.6366729736328,223.047607421875,39.92652130126953,46.35919952392578,46.59151840209961
2021-08-31,148.21829223632812,100.53004455566406,663.7000122070312,173.5395050048828,36.938804626464844,431.6554260253906,260.7586975097656,51.31983947753906,79.8837890625,175.78179931640625,143.42568969726562,288.0104064941406,49.79256057739258,141.14088439941406,48.56783676147461,336.1394348144531,212.85316467285156,376.07745361328125,65.27198791503906,290.267822265625,151.91043090820312,22.311771392822266,133.48855590820312,125.22550964355469,15.316314697265625,245.24000549316406,220.99298095703125,40.09418487548828,46.4847526550293,46.05093765258789
2021-09-01,148.88214111328125,93.44684600830078,665.8900146484375,173.9499969482422,36.443336486816406,432.6315002441406,263.7569274902344,51.33721923828125,79.00875091552734,177.8954620361328,143.9391632080078,287.22064208984375,49.433353424072266,140.9379425048828,48.89558792114258,339.38201904296875,213.4716796875,378.7242126464844,65.17788696289062,290.21978759765625,151.74447631835938,22.36758804321289,134.78599548339844,126.50071716308594,15.18784236907959,244.69667053222656,221.97689819335938,40.05044937133789,46.384300231933594,45.41744613647461
2021-09-02,149.9949951171875,93.2387466430664,664.6400146484375,173.156005859375,36.47891616821289,436.8487243652344,259.65777587890625,51.763301849365234,80.6597671508789,176.3247528076172,142.02761840820312,290.8591613769531,49.48861312866211,141.59091186523438,48.964599609375,331.3336181640625,215.0134735107422,372.0131530761719,65.98210906982422,289.5660400390625,150.92379760742188,22.322738647460938,134.88479614257812,126.59742736816406,15.439203262329102,244.1300048828125,216.24708557128906,40.30558395385742,46.62913131713867,46.523948669433594
2021-09-03,150.62957763671875,92.90582275390625,666.5900268554688,173.90249633789062,36.505584716796875,438.345947265625,262.5379333496094,51.66765213012695,80.47814178466797,175.4909210205078,142.4761505126953,293.1666259765625,49.285980224609375,140.73500061035156,48.93008804321289,330.314208984375,214.07225036621094,372.9845886230469,66.10189819335938,289.5562744140625,150.5733642578125,22.768272399902344,135.00514221191406,126.68541717529297,15.394519805908203,244.52333068847656,217.14419555664062,40.40764617919922,46.845706939697266,46.346561431884766
2021-09-07,152.96267700195312,90.75005340576172,661.3900146484375,175.46449279785156,36.74570083618164,435.5503845214844,260.6996765136719,51.198089599609375,80.1231689453125,178.72926330566406,143.0123748779297,291.9330749511719,49.414939880371094,140.48793029785156,48.01581954956055,334.6637268066406,211.71478271484375,378.8530578613281,65.00672912597656,288.6332702636719,149.9739990234375,22.587862014770508,132.8050537109375,126.21050262451172,15.316314697265625,250.97332763671875,218.26315307617188,39.96297073364258,46.22423553466797,46.076271057128906
2021-09-08,151.4202880859375,91.85707092285156,663.219970703125,176.27499389648438,36.26547622680664,441.33111572265625,258.15380859375,51.02418899536133,79.57009887695312,179.5146026611328,142.4280548095703,294.26702880859375,49.34124755859375,139.86141967773438,48.66270446777344,340.80914306640625,213.89295959472656,374.283203125,64.47630310058594,288.662109375,148.19432067871094,22.26592445373535,134.68716430664062,127.1690902709961,15.416860580444336,251.2899932861328,220.9833221435547,40.02857208251953,46.283870697021484,45.65393829345703
2021-09-09,150.40504455566406,89.28514099121094,661.6799926757812,174.20799255371094,36.39887237548828,441.55853271484375,256.3057861328125,50.954627990722656,79.24816131591797,180.25149536132812,142.27935791015625,294.4356689453125,49.18466567993164,140.47027587890625,48.17971420288086,341.1683654785156,213.88400268554688,374.7094421386719,63.15871810913086,285.8160095214844,150.6194610595703,22.10445785522461,133.83636474609375,126.63262939453125,15.316314697265625,251.6199951171875,219.43995666503906,39.68595886230469,45.95744323730469,45.68772506713867
2021-09-10,145.4263153076172,88.79405212402344,658.9400024414062,173.45750427246094,35.81193923950195,440.8193664550781,252.82598876953125,50.337257385253906,79.30594635009766,178.51597595214844,139.6378173828125,294.59552001953125,49.58993911743164,138.85548400878906,47.964080810546875,337.2656555175781,214.39491271972656,375.3934326171875,62.84214782714844,284.3351745605469,150.85000610351562,22.40447235107422,133.6042938232422,126.75574493408203,15.182259559631348,245.42333984375,216.95126342773438,39.53286361694336,45.79108428955078,45.59481430053711
2021-09-13,145.9925537109375,89.4599380493164,645.1500244140625,172.85850524902344,36.40776443481445,435.6072082519531,249.78854370117188,50.51986312866211,80.87439727783203,179.34979248046875,141.0814971923828,297.7015686035156,50.64915466308594,141.06150817871094,48.36083984375,337.6830139160156,216.21461486816406,373.2324523925781,62.61113357543945,285.5658874511719,147.0969696044922,22.079538345336914,133.8621368408203,128.11891174316406,15.372172355651855,247.6666717529297,216.68118286132812,39.817169189453125,45.53057098388672,46.768882751464844
2021-09-14,144.5965576171875,88.6275863647461,645.010009765625,172.5,35.42954635620117,434.422607421875,250.0441131591797,50.31985855102539,79.41324615478516,176.8483123779297,141.29159545898438,295.6337890625,50.21625900268555,138.59957885742188,48.39558792114258,335.72186279296875,216.14291381835938,373.2522888183594,62.24858093261719,288.2582702636719,146.39617919921875,22.169240951538086,133.33786010742188,127.8990478515625,15.266043663024902,248.163330078125,215.13780212402344,39.6640739440918,45.29202651977539,46.10160827636719
2021-09-15,145.4849090576172,89.7013168334961,661.0800170898438,173.7895050048828,35.696327209472656,436.6212158203125,251.8036651611328,50.05031967163086,81.09727478027344,178.79713439941406,143.1600799560547,295.85565185546875,50.76889419555664,139.56137084960938,48.560707092285156,334.7025451660156,216.00843811035156,370.6650085449219,62.85283660888672,293.0947570800781,145.6123504638672,22.26791763305664,134.08560180664062,127.62641906738281,15.400105476379395,251.94332885742188,215.89015197753906,39.78071975708008,45.37049102783203,47.655792236328125
2021-09-16,145.2506103515625,89.95933532714844,665.1099853515625,174.41200256347656,35.972015380859375,439.06622314453125,255.9322052001953,49.85032272338867,80.33780670166016,177.75970458984375,142.34776306152344,298.5357666015625,50.50178909301758,139.49961853027344,48.10013198852539,336.2170715332031,218.00735473632812,369.8124694824219,62.127716064453125,293.4793701171875,145.3264617919922,22.169240951538086,133.69020080566406,126.73817443847656,15.416860580444336,252.3300018310547,216.39181518554688,39.67866134643555,45.52116012573242,47.14900207519531
2021-09-17,142.5855712890625,89.66802978515625,654.47998046875,173.12600708007812,36.016483306884766,435.4649963378906,256.099365234375,49.43294906616211,79.87553405761719,177.88575744628906,139.56246948242188,297.89678955078125,49.97677230834961,139.13783264160156,47.309326171875,333.0423583984375,217.36195373535156,361.5450134277344,61.87738037109375,288.3352355957031,144.23838806152344,21.828359603881836,132.46127319335938,126.94044494628906,15.37775993347168,253.163330078125,213.90306091308594,39.56930923461914,45.42698287963867,46.59151840209961
2021-09-20,139.53981018066406,88.56100463867188,641.2899780273438,167.7864990234375,34.780357360839844,427.5331115722656,253.82862854003906,48.59819793701172,78.24104309082031,173.17367553710938,137.500244140625,293.9386901855469,48.79781723022461,134.97286987304688,46.97909927368164,329.7900085449219,214.31423950195312,352.6035461425781,62.093196868896484,282.9794006347656,142.2373809814453,21.04393196105957,132.01438903808594,125.66524505615234,15.199013710021973,243.38999938964844,212.26324462890625,39.554725646972656,44.80237579345703,45.34986877441406
2021-09-21,140.01812744140625,89.18524932861328,645.8900146484375,167.18150329589844,34.79814147949219,428.45220947265625,253.5829315185547,48.050392150878906,78.298828125,165.9601287841797,137.8109893798828,296.6099853515625,48.696502685546875,134.99053955078125,46.97039794921875,327.5473937988281,215.57818603515625,354.3681335449219,62.127716064453125,283.4602355957031,142.9474334716797,21.176496505737305,131.9542236328125,125.85871124267578,15.059365272521973,246.4600067138672,212.37896728515625,39.38706588745117,44.89026641845703,45.30763244628906
2021-09-22,142.38058471679688,88.5693359375,626.0800170898438,169.00250244140625,35.696327209472656,428.6607360839844,254.7624969482422,48.27647399902344,80.60198211669922,168.36463928222656,139.05052185058594,298.1275939941406,49.276771545410156,137.5759735107422,47.039920806884766,333.4015808105469,217.93565368652344,340.2222595214844,62.188148498535156,287.0947570800781,145.17897033691406,21.869226455688477,132.358154296875,126.28965759277344,15.087299346923828,250.64666748046875,214.86767578125,39.408935546875,44.78668975830078,46.63374710083008
2021-09-23,143.33726501464844,89.36005401611328,630.8400268554688,170.8000030517578,37.074729919433594,429.087158203125,273.1346435546875,49.2938232421875,82.59968566894531,170.88551330566406,139.9748077392578,298.1098327636719,49.764930725097656,142.22625732421875,46.96171569824219,343.7509765625,219.41465759277344,342.9483642578125,63.06001281738281,288.0371398925781,147.15228271484375,22.40845489501953,132.46127319335938,126.80853271484375,15.18784236907959,251.2133331298828,220.23094177246094,39.67137145996094,44.81179428100586,48.2132682800293
2021-09-24,143.42514038085938,89.11865997314453,622.7100219726562,171.2760009765625,37.47492599487305,443.27386474609375,280.77252197265625,49.32859802246094,83.04546356201172,170.6431121826172,140.96502685546875,299.51202392578125,49.93993377685547,143.86752319335938,46.83135986328125,347.72174072265625,220.8846893310547,349.8874206542969,63.543434143066406,287.8352355957031,137.94027709960938,22.00876235961914,132.52145385742188,126.24567413330078,15.154329299926758,258.1300048828125,223.3948516845703,39.63492202758789,44.93735122680664,48.64403533935547
2021-09-27,141.91195678710938,89.6596908569336,603.6500244140625,170.2899932861328,38.47093200683594,436.4600830078125,274.9236755371094,48.88513946533203,85.00189971923828,172.83433532714844,139.83209228515625,302.9909362792969,50.34519958496094,147.34425354003906,46.58803939819336,346.3722229003906,222.39956665039062,350.5020446777344,63.32763671875,282.8543701171875,136.51101684570312,21.58914566040039,131.24951171875,124.58349609375,15.305142402648926,263.78668212890625,221.4752960205078,39.70781707763672,44.648582458496094,50.08841323852539
2021-09-28,138.53427124023438,89.3434066772461,578.77001953125,165.79800415039062,38.38200378417969,423.9414367675781,267.6495666503906,48.27647399902344,85.3238525390625,169.20816040039062,134.6361541748047,296.23724365234375,49.7373046875,146.55003356933594,45.745086669921875,340.94512939453125,218.50930786132812,337.6846008300781,63.29309844970703,272.61407470703125,133.9844207763672,20.63128662109375,129.81427001953125,123.64247131347656,15.215773582458496,259.1866760253906,217.57830810546875,39.481834411621094,44.099308013916016,50.61210250854492
2021-09-29,139.43240356445312,90.59191131591797,577.7000122070312,165.05599975585938,38.30196762084961,428.14898681640625,265.8997802734375,48.2416877746582,85.29908752441406,167.42416381835938,133.17263793945312,299.0149841308594,49.26755905151367,146.4353485107422,46.02317428588867,342.89654541015625,218.96649169921875,336.6535949707031,64.82103729248047,273.07574462890625,134.64828491210938,20.449888229370117,130.88853454589844,124.90011596679688,15.305142402648926,260.4366760253906,218.6586151123047,39.642215728759766,44.080474853515625,50.578311920166016
2021-09-30,138.13404846191406,89.78455352783203,575.719970703125,164.2519989013672,37.750606536865234,425.8367004394531,266.6075744628906,47.328678131103516,83.74712371826172,164.02099609375,132.50106811523438,291.3206787109375,49.074134826660156,144.44110107421875,45.59736251831055,337.547119140625,216.1249542236328,336.435546875,64.83830261230469,271.07568359375,133.9197998046875,20.648235321044922,129.2642364501953,122.94772338867188,15.087299346923828,258.49334716796875,214.86767578125,39.37248611450195,43.747772216796875,49.68297576904297
2021-10-01,139.2567138671875,90.79998779296875,577.469970703125,164.16299438476562,38.310855865478516,424.8700256347656,270.5788879394531,47.946044921875,86.12458038330078,170.65280151367188,135.3428955078125,292.7406311035156,49.60835647583008,147.47653198242188,46.075313568115234,349.682861328125,217.75634765625,340.02398681640625,70.26811981201172,277.9794006347656,135.60728454589844,20.674148559570312,129.7283477783203,122.75421905517578,15.171088218688965,258.40667724609375,222.30484008789062,39.58388900756836,43.01644515991211,51.46520233154297
2021-10-04,135.83016967773438,90.50035858154297,558.489990234375,159.48899841308594,38.54208755493164,417.1086120605469,266.2536926269531,47.473323822021484,86.446533203125,168.18043518066406,132.48471069335938,289.73199462890625,49.2491455078125,147.3177490234375,46.049251556396484,334.1685485839844,217.8907928466797,323.3901672363281,71.73564147949219,272.2198791503906,135.68109130859375,19.667448043823242,129.0837860107422,122.05945587158203,15.221353530883789,260.510009765625,216.77761840820312,39.72969055175781,42.60212707519531,52.13248825073242
2021-10-05,137.75332641601562,91.14957427978516,566.7000122070312,161.0500030517578,39.32466506958008,422.8894348144531,267.1482238769531,47.87601852416992,87.3875961303711,169.29544067382812,134.82745361328125,292.4034118652344,49.69125747680664,149.7234649658203,46.127464294433594,333.2074279785156,219.80905151367188,330.0615234375,70.44076538085938,277.6524963378906,137.82041931152344,20.38409996032715,129.84864807128906,122.53437042236328,15.277216911315918,260.1966552734375,216.34353637695312,39.73698425292969,42.881473541259766,52.04802703857422
2021-10-06,138.6221466064453,90.99142456054688,570.3099975585938,163.10049438476562,39.342445373535156,425.82720947265625,270.588623046875,47.219451904296875,86.6198959350586,170.1389617919922,136.3559112548828,293.18438720703125,49.7188835144043,150.0430450439453,46.6749382019043,338.52764892578125,221.49427795410156,330.7356262207031,69.62931823730469,281.835205078125,137.2118377685547,20.632286071777344,133.17459106445312,124.17015075683594,15.25486946105957,260.9166564941406,218.49465942382812,39.75156021118164,43.195343017578125,51.093563079833984
2021-10-07,139.8814697265625,92.28156280517578,578.9600219726562,165.1215057373047,39.23573303222656,429.1724853515625,269.9104309082031,48.16489028930664,87.23899841308594,172.30108642578125,138.00131225585938,299.5031433105469,49.90309143066406,150.99293518066406,46.822669982910156,344.0296630859375,222.58782958984375,326.3540954589844,70.7342758178711,283.5082702636719,140.02432250976562,21.006059646606445,134.40353393554688,125.1639404296875,15.52332592010498,264.53668212890625,222.39169311523438,39.75894546508789,43.703826904296875,51.23714828491211
2021-10-08,139.500732421875,92.53958892822266,576.8599853515625,164.43099975585938,39.43136978149414,428.2059020996094,267.8460998535156,48.21742630004883,89.19544982910156,171.36058044433594,138.55690002441406,296.7164611816406,49.56230163574219,151.10833740234375,47.03123474121094,345.0503234863281,222.03207397460938,327.1768798828125,69.6034164428711,283.5082702636719,140.605224609375,20.762853622436523,134.0941619873047,124.64505004882812,15.33995246887207,261.8299865722656,222.12156677246094,39.27208709716797,43.83565139770508,52.52104187011719
2021-10-11,139.4128875732422,91.84040832519531,573.0700073242188,162.31500244140625,38.93336486816406,426.16839599609375,269.09454345703125,48.08610916137695,88.43598937988281,168.23861694335938,137.6930389404297,299.05047607421875,49.22150802612305,147.93026733398438,47.1268310546875,337.4583740234375,221.0281219482422,322.6169128417969,68.99913787841797,282.912109375,138.57655334472656,20.62729835510254,134.27462768554688,125.1639404296875,14.915914535522461,263.9800109863281,217.14419555664062,38.49018478393555,43.79484176635742,51.99736022949219
2021-10-12,138.14378356933594,90.36717224121094,580.6900024414062,162.3665008544922,38.719940185546875,423.4864501953125,274.2552795410156,47.5171012878418,88.45248413085938,167.86045837402344,135.2497100830078,299.787109375,48.0517578125,146.79397583007812,47.1268310546875,335.6989440917969,219.18162536621094,320.9515686035156,68.70565032958984,281.61407470703125,141.40745544433594,20.603378295898438,134.8676300048828,124.97925567626953,14.572096824645996,268.5733337402344,216.12167358398438,37.86320114135742,43.747772216796875,51.727054595947266
2021-10-13,137.55807495117188,90.3338851928711,591.1199951171875,164.21400451660156,38.364219665527344,421.99859619140625,279.5732421875,47.814735412597656,88.9808120727539,167.6956329345703,136.3727569580078,300.2131652832031,48.13465118408203,142.92349243164062,47.135520935058594,332.7924499511719,217.50540161132812,321.71490478515625,68.15316772460938,284.912109375,144.1277618408203,20.870500564575195,135.77859497070312,125.26949310302734,14.497602462768555,270.3599853515625,214.58795166015625,37.877952575683594,43.430747985839844,51.583465576171875
2021-10-14,140.34027099609375,91.7491683959961,607.510009765625,164.9929962158203,40.0805549621582,427.0781555175781,285.08782958984375,48.716400146484375,89.82280731201172,169.10150146484375,139.910400390625,305.3338623046875,49.64518737792969,145.11618041992188,47.45705032348633,334.9600830078125,219.20851135253906,325.67010498046875,67.61796569824219,291.10443115234375,144.90231323242188,21.674861907958984,136.8700714111328,126.68541717529297,14.680974006652832,272.7733459472656,217.2117156982422,38.298404693603516,43.90156173706055,52.36900329589844
2021-10-15,141.39462280273438,92.10301208496094,610.0900268554688,170.4510040283203,41.23664855957031,428.7176513671875,286.699951171875,48.366241455078125,90.48323059082031,171.08912658691406,140.12547302246094,310.9781799316406,50.160987854003906,147.90362548828125,47.344085693359375,346.0613098144531,217.1468048095703,321.9329833984375,67.61796569824219,292.5082702636719,145.70457458496094,21.790485382080078,136.4833221435547,127.01080322265625,14.726814270019531,281.010009765625,222.8161163330078,38.55657196044922,44.114990234375,52.86734390258789
2021-10-18,143.06396484375,90.50238800048828,622.8300170898438,172.33700561523438,41.15660858154297,437.7773742675781,286.73931884765625,48.31371307373047,90.44196319580078,165.93104553222656,141.52308654785156,315.0605163574219,50.170196533203125,147.85037231445312,46.87480926513672,348.4331970214844,217.15577697753906,332.4207763671875,66.59933471679688,295.4697265625,147.0139617919922,22.149303436279297,135.86456298828125,125.18153381347656,14.514799118041992,290.03668212890625,222.48812866210938,38.29102325439453,44.46968078613281,52.842010498046875
2021-10-19,145.2213134765625,90.51921844482422,636.0700073242188,172.20750427246094,41.334468841552734,442.6388854980469,287.3683776855469,48.79519271850586,92.20852661132812,165.96981811523438,141.97804260253906,317.70513916015625,50.85177993774414,149.64361572265625,47.05730438232422,351.9910583496094,217.6129150390625,337.03033447265625,68.61933135986328,296.3736267089844,145.52935791015625,22.217086791992188,137.59197998046875,123.70404815673828,14.663783073425293,288.0899963378906,225.256591796875,38.61559295654297,45.41443634033203,53.63599395751953
2021-10-20,145.70947265625,91.32797241210938,632.3699951171875,170.7530059814453,41.87693405151367,445.1881408691406,285.1566162109375,49.197872161865234,93.41375732421875,165.3590087890625,140.52296447753906,317.91815185546875,50.999149322509766,151.65872192382812,47.47443389892578,346.80987548828125,214.87899780273438,337.8135070800781,69.98322296142578,295.5851135253906,146.11029052734375,22.03069305419922,138.63189697265625,124.18772888183594,14.847149848937988,288.6000061035156,223.23089599609375,39.54501724243164,45.82561111450195,53.93162536621094
2021-10-21,145.92422485351562,91.62281036376953,638.6599731445312,171.75050354003906,41.645721435546875,452.2578430175781,284.88140869140625,48.75141525268555,92.24154663085938,166.1249542236328,140.63894653320312,323.5890197753906,51.57942199707031,150.4691925048828,47.231109619140625,346.2654724121094,216.38487243652344,338.90386962890625,70.069580078125,298.8063659667969,149.5498046875,22.617767333984375,136.8013153076172,123.29399108886719,14.761197090148926,298.0,222.09263610839844,39.38274383544922,46.07984924316406,52.95181655883789
2021-10-22,145.1529998779297,91.94292449951172,643.5800170898438,166.77749633789062,42.30379867553711,456.7687683105469,287.58465576171875,48.243690490722656,93.1165771484375,164.2633819580078,136.35736083984375,324.8049011230469,45.55567932128906,152.4931640625,47.31801223754883,348.6568298339844,213.7316436767578,321.7842102050781,70.05231475830078,297.267822265625,150.74855041503906,22.65165901184082,137.4802703857422,124.62135314941406,14.60647964477539,303.2266540527344,223.047607421875,39.043418884277344,46.5600700378418,53.31501388549805
2021-10-25,145.10421752929688,91.40376281738281,646.969970703125,166.01849365234375,42.25044250488281,464.454345703125,288.9214782714844,48.26994323730469,93.98336029052734,166.77456665039062,136.23892211914062,329.4818420410156,45.5096321105957,151.74749755859375,47.1268310546875,350.78564453125,212.74559020996094,325.8286437988281,70.49256134033203,296.2774658203125,151.43093872070312,23.090221405029297,136.835693359375,124.63904571533203,14.69243335723877,341.6199951171875,225.60382080078125,38.785247802734375,47.099937438964844,54.35395812988281
2021-10-26,145.76803588867188,92.23778533935547,642.5,168.80349731445312,42.6506233215332,460.1235046386719,290.0912780761719,48.85647201538086,94.18974304199219,166.80361938476562,138.08407592773438,327.6536560058594,44.46883773803711,152.15586853027344,47.33539581298828,347.3445129394531,211.92095947265625,313.0607604980469,71.00188446044922,298.18133544921875,151.0343780517578,24.636140823364258,138.51153564453125,126.40886688232422,14.537715911865234,339.4766540527344,223.61672973632812,39.1540641784668,46.68877410888672,55.61249542236328
2021-10-27,145.30921936035156,91.31954193115234,640.0800170898438,169.62449645996094,41.83246994018555,463.51611328125,290.130615234375,49.18036651611328,92.51395416259766,164.38943481445312,144.932373046875,330.42254638671875,44.109619140625,148.98663330078125,48.247859954833984,326.3475036621094,217.57708740234375,309.5021057128906,70.38896179199219,310.73895263671875,149.7065887451172,24.37101173400879,138.03028869628906,125.50629425048828,14.360077857971191,345.9533386230469,208.1443634033203,38.82212448120117,46.30584716796875,54.16812515258789
2021-10-28,148.9407196044922,92.38941955566406,639.280029296875,172.32850646972656,42.49055099487305,465.6138916015625,293.30560302734375,49.23290252685547,93.3807601928711,164.51548767089844,144.56707763671875,329.7569580078125,44.28462219238281,151.23257446289062,48.69975662231445,323.7325744628906,220.06004333496094,314.16119384765625,74.7138442993164,311.87353515625,151.65228271484375,24.859411239624023,138.8982696533203,126.25841522216797,14.640860557556152,359.0133361816406,202.41453552246094,38.947532653808594,46.59461212158203,54.320159912109375
2021-10-29,146.23666381835938,96.6015853881836,650.3599853515625,168.6215057373047,42.49055099487305,466.57257080078125,294.5934143066406,48.99654006958008,94.51168060302734,163.92408752441406,146.7447967529297,329.9078674316406,45.13199234008789,150.81532287597656,48.98653030395508,326.1531066894531,220.10482788085938,320.7532653808594,76.00870513916016,318.8639221191406,154.26185607910156,25.483360290527344,138.88108825683594,126.5327377319336,14.474682807922363,371.3333435058594,204.27622985839844,39.087684631347656,46.8990592956543,54.4553108215332
2021-11-01,145.41659545898438,96.71952056884766,640.2000122070312,165.90550231933594,42.55279541015625,466.8858642578125,297.6111755371094,49.11033248901367,94.54469299316406,165.00994873046875,142.23577880859375,325.23980712890625,45.63857650756836,150.73545837402344,48.812721252441406,324.72412109375,224.6136016845703,327.10748291015625,75.82740783691406,316.700439453125,153.37661743164062,25.74251365661621,138.5888671875,126.22303771972656,14.537715911865234,402.86334228515625,204.94186401367188,39.05817794799805,47.01519775390625,55.435123443603516
2021-11-02,146.451416015625,98.1684799194336,640.4000244140625,165.6374969482422,42.57948684692383,471.7457275390625,297.7980041503906,50.44095993041992,93.96682739257812,164.66091918945312,144.1542510986328,325.9585876464844,45.92410659790039,151.3302764892578,48.751888275146484,319.3097229003906,223.41246032714844,325.2240295410156,76.84606170654297,320.3157958984375,154.75979614257812,26.314632415771484,139.86082458496094,127.47960662841797,14.457490921020508,390.6666564941406,201.7393341064453,38.777862548828125,46.99322509765625,54.750946044921875
2021-11-03,147.8864288330078,99.04461669921875,655.1799926757812,169.1999969482422,43.015235900878906,476.81451416015625,297.7389831542969,50.46721649169922,93.28994750976562,164.9033203125,145.3094940185547,327.44952392578125,46.41227722167969,151.38351440429688,48.9170036315918,320.2330627441406,224.4522705078125,328.73321533203125,76.55253601074219,321.15234375,159.0661163330078,26.5109920501709,141.20150756835938,128.35568237304688,14.428837776184082,404.6199951171875,200.73611450195312,39.050804138183594,47.13760757446289,53.99919509887695
2021-11-04,147.36900329589844,98.61498260498047,674.0800170898438,173.85000610351562,42.090370178222656,489.42938232421875,302.8013916015625,50.00325393676758,93.70269775390625,165.0972442626953,146.96435546875,330.2983703613281,46.66082763671875,149.39501953125,49.186397552490234,326.0655822753906,227.19517517089844,332.9263610839844,78.15818786621094,323.4985046386719,161.7771453857422,29.703510284423828,141.21006774902344,128.5946044921875,14.211090087890625,409.9700012207031,201.3920135498047,38.246761322021484,47.48286056518555,54.404632568359375
2021-11-05,147.89695739746094,98.716064453125,662.719970703125,175.94949340820312,41.77021789550781,487.05645751953125,302.02484130859375,49.95948791503906,94.71804809570312,170.2843780517578,147.54371643066406,326.94366455078125,47.226585388183594,149.1819610595703,49.39496994018555,339.0526123046875,228.31564331054688,338.1604309082031,70.44940948486328,323.1331787109375,163.68594360351562,29.65467643737793,142.6625213623047,129.23171997070312,14.382999420166016,407.36334228515625,209.00283813476562,38.534454345703125,47.15330505371094,54.91987228393555
2021-11-08,147.07571411132812,97.7725601196289,666.02001953125,174.44900512695312,42.09926986694336,478.2192687988281,304.688720703125,49.898193359375,95.05650329589844,171.4866485595703,147.7211151123047,327.1123046875,47.81089401245117,150.07852172851562,48.951759338378906,339.9080810546875,226.87252807617188,335.6722412109375,71.37306213378906,324.02734375,158.46673583984375,30.703231811523438,139.59437561035156,128.2671356201172,14.25693130493164,387.64666748046875,212.6876678466797,38.600830078125,46.85197830200195,55.51114273071289
2021-11-09,147.4374237060547,97.39344787597656,667.9199829101562,178.81149291992188,41.690185546875,482.87042236328125,304.4429626464844,50.28337860107422,95.75817108154297,169.7801971435547,147.60960388183594,328.9405212402344,47.48628234863281,148.94227600097656,49.0908203125,335.0281982421875,226.46913146972656,332.4505615234375,71.40762329101562,323.0273742675781,160.2833251953125,30.556713104248047,140.5225830078125,128.65652465820312,14.159515380859375,341.1666564941406,205.8389434814453,38.534454345703125,47.01519775390625,56.051719665527344
2021-11-10,144.612060546875,98.35383605957031,647.5,174.1024932861328,42.00143814086914,479.8329772949219,294.5737609863281,50.572265625,94.23099517822266,169.14031982421875,144.61119079589844,327.1033935546875,47.07819366455078,148.8002166748047,49.290687561035156,347.94720458984375,226.89939880371094,324.787841796875,72.52120208740234,318.07537841796875,155.15631103515625,29.36263084411621,140.97804260253906,129.9219512939453,14.29704475402832,355.98333740234375,208.2981719970703,38.79999542236328,46.591461181640625,54.947471618652344
2021-11-11,144.56320190429688,98.25273132324219,643.1699829101562,173.625,42.232643127441406,486.1641845703125,297.82745361328125,49.6880989074707,94.23927307128906,157.17588806152344,144.48529052734375,326.2602844238281,46.864871978759766,148.79136657714844,49.30806350708008,344.4476623535156,224.23715209960938,324.886962890625,72.52981567382812,319.6427307128906,153.96676635742188,30.290584564208984,139.8178253173828,129.55026245117188,14.279853820800781,354.5033264160156,203.33132934570312,38.689353942871094,46.61030197143555,55.05018997192383
2021-11-12,146.63580322265625,98.53916931152344,657.5999755859375,176.25750732421875,41.716861724853516,490.9007263183594,301.4350280761719,49.74063491821289,94.29703521728516,154.77137756347656,147.3712158203125,330.6977233886719,46.66082763671875,148.12559509277344,49.19509506225586,353.35198974609375,224.6942901611328,337.9224853515625,72.51255798339844,323.7677307128906,155.9217071533203,30.290584564208984,139.78346252441406,129.6918487548828,14.291316986083984,344.47332763671875,204.94503784179688,38.608219146728516,46.37803268432617,54.630741119384766
2021-11-15,146.6455841064453,98.42965698242188,659.72998046875,177.28399658203125,41.84136962890625,493.4826354980469,300.2947692871094,50.13456726074219,96.43510437011719,153.60789489746094,147.14718627929688,329.3221130371094,46.670108795166016,147.85923767089844,49.20378112792969,351.2716979980469,226.72906494140625,344.5344543457031,72.24495697021484,323.1427001953125,155.70037841796875,29.926776885986328,140.7718048095703,130.4351806640625,14.211090087890625,337.7966613769531,205.1479949951172,38.65247344970703,46.111244201660156,55.101558685302734
2021-11-16,147.6232147216797,98.07582092285156,671.030029296875,177.03500366210938,41.868045806884766,499.965576171875,301.8675537109375,49.898193359375,96.8148193359375,153.99571228027344,146.57627868652344,348.1808166503906,46.9390754699707,146.79397583007812,48.856170654296875,359.2427673339844,226.29881286621094,339.9744873046875,72.60752868652344,326.450439453125,158.44830322265625,30.104198455810547,140.35072326660156,130.2493896484375,14.130866050720215,351.57666015625,207.93096923828125,38.401668548583984,44.93735122680664,55.657958984375
2021-11-17,150.05752563476562,98.8592758178711,670.6699829101562,177.4499969482422,41.36115264892578,499.5575866699219,302.78167724609375,49.6880989074707,96.380615234375,152.54136657714844,146.74575805664062,350.4172058105469,46.586639404296875,146.00393676757812,48.58677673339844,349.1427917480469,226.5049591064453,337.8035583496094,71.30402374267578,326.67193603515625,158.3653106689453,29.165279388427734,140.40228271484375,130.16973876953125,14.130866050720215,363.0033264160156,198.15188598632812,38.158260345458984,44.55128860473633,55.05018997192383
2021-11-18,154.3395538330078,98.62340545654297,670.9600219726562,184.80299377441406,41.19218063354492,502.4810791015625,297.83721923828125,46.94809341430664,95.57060241699219,150.84463500976562,148.52151489257812,360.179443359375,46.07653045654297,144.7433319091797,48.152278900146484,338.49859619140625,227.21310424804688,335.74169921875,71.6924819946289,328.7430725097656,158.0056915283203,31.57138442993164,140.44522094726562,130.18740844726562,13.97614860534668,365.4599914550781,196.48020935058594,37.79681396484375,44.93421173095703,54.450984954833984
2021-11-19,156.95962524414062,97.92417907714844,688.3699951171875,183.82850646972656,40.3740234375,506.6763916015625,296.0482482910156,46.615421295166016,93.44960021972656,149.31271362304688,147.6175537109375,362.69989013671875,45.928138732910156,142.85247802734375,47.90894317626953,330.2358093261719,225.8416748046875,342.29412841796875,69.6638412475586,330.5155029296875,161.2607879638672,32.87709426879883,140.78036499023438,129.9219512939453,13.827164649963379,379.0199890136719,194.0933837890625,37.516502380371094,44.69252395629883,51.934303283691406
2021-11-22,157.41909790039062,97.42715454101562,673.5700073242188,178.6284942626953,41.15660858154297,512.2388305664062,291.7918395996094,47.79721450805664,95.11970520019531,149.4678497314453,145.01611328125,362.78857421875,46.21565246582031,145.89739990234375,48.204410552978516,312.3301086425781,227.21310424804688,338.0414733886719,70.47529602050781,327.3559265136719,160.67062377929688,31.851469039916992,141.0725860595703,130.7891387939453,14.153787612915039,385.6233215332031,188.99127197265625,38.01810073852539,45.442684173583984,52.653358459472656
2021-11-23,157.80043029785156,100.14820861816406,665.1599731445312,179.0019989013672,42.241546630859375,517.564208984375,286.4640197753906,48.410011291503906,97.11544036865234,146.43310546875,144.5006866455078,362.4158020019531,45.53860092163086,149.3861541748047,48.560707092285156,319.8150939941406,229.15821838378906,334.314208984375,71.47667694091797,325.2848205566406,158.7433319091797,31.64215087890625,142.0179443359375,132.24041748046875,14.188166618347168,369.6766662597656,191.80319213867188,38.17300796508789,45.76598358154297,54.040096282958984
2021-11-24,158.3185577392578,99.96288299560547,668.3200073242188,179.02049255371094,42.357154846191406,521.806884765625,284.2522888183594,48.6201171875,97.8586196899414,146.73367309570312,144.835693359375,365.7349548339844,46.150718688964844,148.21435546875,48.16965103149414,330.5080871582031,230.46694946289062,338.0910339355469,71.02775573730469,325.5063781738281,158.63270568847656,32.56711959838867,140.72024536132812,131.55014038085938,14.021990776062012,372.0,196.40286254882812,38.10662841796875,45.99510955810547,54.33970642089844
2021-11-26,153.30325317382812,98.15164184570312,662.0999755859375,175.22799682617188,40.69417190551758,518.3898315429688,279.3765869140625,47.858497619628906,95.62071990966797,143.60198974609375,140.9333038330078,357.3837890625,45.24180603027344,143.74905395507812,46.692317962646484,315.11993408203125,224.1026611328125,330.2200927734375,68.33445739746094,317.5784606933594,154.93502807617188,31.399946212768555,138.4857635498047,130.49710083007812,13.878730773925781,360.6400146484375,190.99151611328125,38.20988464355469,45.4803466796875,52.4307861328125
2021-11-29,156.6565704345703,98.47176361083984,687.489990234375,178.07850646972656,40.54299545288086,526.6953125,291.69354248046875,48.81269454956055,95.90463256835938,143.31112670898438,144.2513885498047,361.040283203125,46.37331771850586,143.12767028808594,47.43098449707031,313.9923400878906,224.36264038085938,335.08740234375,64.64839172363281,324.2733459472656,156.64093017578125,33.266822814941406,141.06402587890625,131.86874389648438,13.689634323120117,378.9966735839844,189.6773223876953,38.10662841796875,44.767852783203125,52.72183609008789
2021-11-30,161.60342407226562,97.1154556274414,669.8499755859375,175.35350036621094,39.54697799682617,511.9825439453125,280.1138610839844,48.00732421875,94.25125122070312,140.4897003173828,140.65036010742188,355.52911376953125,45.631351470947266,140.99716186523438,45.933441162109375,306.128173828125,220.4688720703125,321.63555908203125,64.66566467285156,318.45513916015625,156.0599822998047,32.5691032409668,137.3169403076172,127.93977355957031,13.082223892211914,381.586669921875,187.2422637939453,37.081298828125,44.140113830566406,51.22381591796875
2021-12-01,161.08526611328125,97.64618682861328,657.4099731445312,172.18600463867188,38.986724853515625,502.9272155761719,247.22293090820312,48.17365646362305,93.6082534790039,137.82339477539062,139.811767578125,356.83013916015625,45.07486343383789,140.16268920898438,45.80207824707031,297.7294006347656,220.09027099609375,307.89617919921875,64.25994110107422,317.9638366699219,153.71780395507812,31.33600425720215,137.6435546875,129.55026245117188,12.738409996032715,365.0,183.75384521484375,36.712467193603516,43.0446891784668,51.18100357055664
2021-12-02,160.09786987304688,98.45491790771484,671.8800048828125,171.8679962158203,40.11262512207031,498.8171691894531,256.75799560546875,49.15411376953125,96.14682006835938,142.71969604492188,141.70945739746094,363.3800048828125,45.909584045410156,143.10995483398438,46.47641372680664,311.26080322265625,224.2544708251953,307.68804931640625,63.785152435302734,317.3954162597656,156.76080322265625,32.02482223510742,138.9716339111328,130.31130981445312,13.208291053771973,361.5333251953125,191.60995483398438,37.42060852050781,42.52051544189453,52.456459045410156
2021-12-03,158.2207794189453,100.12294006347656,616.530029296875,169.489501953125,39.2011833190918,502.0632629394531,253.92694091796875,49.22414016723633,95.53721618652344,141.76951599121094,140.75340270996094,363.4156494140625,45.67771530151367,140.51776123046875,46.88801574707031,313.1174011230469,224.73220825195312,304.1688537597656,63.31036376953125,311.1533203125,157.2642822265625,30.59634017944336,142.5104217529297,132.62974548339844,13.443230628967285,338.3233337402344,189.70632934570312,37.92958450317383,43.16082000732422,52.12263107299805
2021-12-06,161.6230010986328,102.2290267944336,622.0399780273438,171.36849975585938,39.45138168334961,506.1165466308594,254.34957885742188,49.863182067871094,97.03194427490234,145.79322814941406,141.89675903320312,370.4467468261719,47.291507720947266,142.17782592773438,48.087806701660156,324.0242614746094,230.5548553466797,315.1029052734375,63.37940979003906,314.2165832519531,156.03564453125,29.942407608032227,143.9899444580078,134.6385040283203,13.34009075164795,336.336669921875,195.85208129882812,37.671409606933594,43.62849426269531,52.71327590942383
2021-12-07,167.35189819335938,102.36380767822266,649.9600219726562,176.1645050048828,39.9517822265625,514.4886474609375,262.449462890625,50.84364700317383,98.46822357177734,146.21983337402344,145.97512817382812,370.87457275390625,48.75690460205078,144.3172607421875,48.350528717041016,330.03167724609375,234.26840209960938,319.9998779296875,62.39530944824219,322.6261901855469,158.23422241210938,32.32488250732422,143.82553100585938,134.28453063964844,13.225479125976562,350.5833435058594,200.38404846191406,37.464874267578125,43.48725509643555,53.30392074584961
2021-12-08,171.1647186279297,102.66707611083984,653.0999755859375,176.1580047607422,39.4603157043457,503.1834716796875,261.7810363769531,49.91571807861328,98.91078186035156,148.67282104492188,146.884033203125,366.4811706542969,47.99638366699219,142.6660919189453,48.1666259765625,332.7826843261719,233.97096252441406,327.6824035644531,63.198150634765625,322.6742858886719,157.27352905273438,31.72577476501465,144.07643127441406,134.8862762451172,13.277054786682129,356.32000732421875,201.94947814941406,37.24357604980469,43.047821044921875,53.45801544189453
2021-12-09,170.6563262939453,104.58782958984375,632.5700073242188,174.17100524902344,39.75520324707031,497.697021484375,259.82489013671875,50.37967300415039,98.65192413330078,148.28500366210938,146.3408660888672,366.5613708496094,46.81850051879883,142.44412231445312,48.044010162353516,334.90185546875,236.45867919921875,326.94891357421875,62.896018981933594,320.8729248046875,155.28738403320312,30.39398193359375,143.89476013183594,135.67379760742188,13.14526081085205,334.6000061035156,204.26866149902344,37.00014877319336,43.64659118652344,53.594970703125
2021-12-10,175.4369659423828,105.69981384277344,654.4500122070312,172.21200561523438,39.78200149536133,530.4351806640625,261.5058288574219,51.86786651611328,98.81892395019531,148.06201171875,146.70065307617188,370.1794128417969,46.9205207824707,141.8759765625,49.287593841552734,340.151123046875,238.82919311523438,326.8795166015625,62.68882369995117,329.9664611816406,156.17420959472656,30.1028995513916,146.19625854492188,137.56753540039062,13.087955474853516,339.010009765625,206.2109375,37.022281646728516,44.44388961791992,53.9373779296875
2021-12-13,171.8099365234375,106.57598114013672,658.2999877929688,169.5675048828125,38.942047119140625,528.9163208007812,261.2404479980469,51.307613372802734,96.76471710205078,145.8513641357422,144.5447998046875,361.12542724609375,46.37331771850586,140.18931579589844,50.583709716796875,335.66973876953125,237.13470458984375,331.5782470703125,63.37940979003906,326.9416809082031,154.12339782714844,28.07231330871582,146.92300415039062,139.5231475830078,12.858743667602539,322.13665771484375,203.9111328125,37.08867263793945,45.24433517456055,52.75607681274414
2021-12-14,170.43150329589844,107.2330551147461,614.8599853515625,169.0915069580078,39.433509826660156,517.6397705078125,251.24337768554688,50.572265625,97.04862976074219,144.5618896484375,142.6421356201172,358.4164733886719,46.09507751464844,141.26345825195312,50.618736267089844,331.0425720214844,236.6208953857422,330.8347473144531,64.24214935302734,316.2876281738281,152.7931671142578,28.247760772705078,146.55963134765625,140.03640747070312,12.772788047790527,319.5033264160156,202.90615844726562,37.36159896850586,45.67606735229492,52.67903137207031
2021-12-15,175.2903594970703,109.70980072021484,630.3300170898438,173.31500244140625,39.26373291015625,536.7569580078125,255.6177215576172,52.4631462097168,96.49749755859375,145.82229614257812,145.15390014648438,363.4156494140625,46.994720458984375,140.20706176757812,50.846439361572266,336.6807861328125,238.42361450195312,338.685791015625,65.61028289794922,322.3659973144531,151.40750122070312,30.36308479309082,148.44583129882812,140.57623291015625,12.70402717590332,325.3299865722656,205.1576690673828,37.2878303527832,45.93763732910156,52.447914123535156
2021-12-16,168.40769958496094,111.01555633544922,566.0900268554688,168.87100219726562,40.21091842651367,524.5596313476562,248.81536865234375,52.79579544067383,97.39936065673828,144.22250366210938,143.17544555664062,356.0370178222656,47.14311599731445,142.3997344970703,51.36312484741211,343.06732177734375,239.3519744873047,331.98468017578125,66.15058135986328,312.9739685058594,150.31744384765625,28.297603607177734,148.66213989257812,142.5672607421875,13.5864896774292,308.97332763671875,207.1482696533203,38.91064453125,45.17185974121094,52.53350830078125
2021-12-17,167.3128204345703,109.1200942993164,556.6400146484375,170.0175018310547,39.21011734008789,519.7945556640625,248.6285858154297,52.927120208740234,94.8608169555664,144.2322235107422,140.47935485839844,345.74444580078125,46.94834518432617,139.15956115722656,50.557437896728516,339.55810546875,235.88180541992188,330.88433837890625,65.95887756347656,311.9142150878906,149.0611114501953,27.71344566345215,145.6165313720703,139.33734130859375,13.626602172851562,310.8566589355469,204.7421417236328,39.220455169677734,43.72536849975586,51.38645935058594
2021-12-20,165.9539031982422,110.24054718017578,549.77001953125,167.07899475097656,38.566741943359375,520.6962890625,243.00588989257812,52.83957290649414,94.902587890625,142.0119171142578,140.36236572265625,347.0097351074219,46.00233459472656,136.65615844726562,50.391048431396484,327.6112976074219,235.9088592529297,322.6169128417969,66.58631134033203,308.1670837402344,145.01495361328125,27.631711959838867,146.58558654785156,139.6912841796875,13.861539840698242,299.9800109863281,201.70794677734375,39.16144943237305,43.8671875,50.641727447509766
2021-12-21,169.12147521972656,109.47392272949219,557.52001953125,170.41700744628906,39.487125396728516,517.7254028320312,248.25506591796875,53.42608642578125,96.42235565185547,146.4525146484375,142.2115020751953,347.96331787109375,47.08746337890625,138.5647735595703,50.59246826171875,340.94818115234375,238.30642700195312,331.290771484375,65.82815551757812,315.2761535644531,153.92945861816406,28.983436584472656,146.15296936035156,139.60281372070312,14.021990776062012,312.84332275390625,208.124267578125,38.932769775390625,43.99954605102539,51.788780212402344
2021-12-22,171.712158203125,111.24303436279297,563.97998046875,171.03700256347656,39.56754684448242,521.7499389648438,248.50082397460938,53.863800048828125,96.97348022460938,147.2572784423828,145.12811279296875,352.5705871582031,47.2729606628418,139.10630798339844,50.95153045654297,347.5000305175781,238.80210876464844,327.57342529296875,66.36846160888672,320.9692687988281,152.830078125,29.307415008544922,147.0614471435547,140.9832763671875,14.199630737304688,336.2900085449219,210.6173095703125,38.9254035949707,44.0562629699707,52.208229064941406
2021-12-23,172.3378448486328,112.1191635131836,569.6199951171875,171.06849670410156,39.692649841308594,522.4143676757812,248.83505249023438,54.520355224609375,97.20731353759766,148.95399475097656,145.62521362304688,353.8447570800781,47.58830642700195,139.60342407226562,50.9865608215332,350.5134582519531,239.71249389648438,332.3216857910156,65.99372863769531,322.40460205078125,153.0426025390625,29.546659469604492,146.89703369140625,141.6735076904297,14.251200675964355,355.6666564941406,209.32244873046875,38.8590087890625,43.95857620239258,52.23390579223633
2021-12-27,176.29730224609375,113.23116302490234,577.6799926757812,169.66949462890625,39.88924026489258,534.8489990234375,253.90725708007812,55.51831817626953,99.19470977783203,148.1492462158203,146.60650634765625,360.1006774902344,48.172603607177734,140.40237426757812,51.36312484741211,350.2509765625,241.7765655517578,343.1664123535156,66.7257308959961,329.8796691894531,154.80699157714844,30.847549438476562,148.3592987060547,143.32830810546875,14.199630737304688,364.64666748046875,210.2984619140625,38.8590087890625,44.35879135131836,52.978633880615234
2021-12-28,175.28057861328125,113.21431732177734,569.3599853515625,170.66099548339844,39.942848205566406,535.9595947265625,251.10574340820312,55.61460494995117,99.0026626586914,150.4761962890625,145.397705078125,361.9987487792969,48.00566101074219,140.82846069335938,51.5645637512207,350.7078857421875,241.4520721435547,343.2060852050781,66.93486785888672,328.7237854003906,153.73544311523438,30.226511001586914,149.12933349609375,144.09815979003906,14.222551345825195,362.8233337402344,210.7042694091797,38.88851547241211,44.99538040161133,52.807437896728516
2021-12-29,175.3685302734375,114.0314712524414,569.2899780273438,169.2010040283203,39.88030242919922,538.9304809570312,250.211181640625,55.99103546142578,98.4932632446289,150.15625,145.3660125732422,366.1158447265625,48.07059097290039,140.75746154785156,51.6258659362793,351.2037048339844,242.00192260742188,339.9546813964844,67.056884765625,329.3980712890625,155.91554260253906,29.90651512145996,149.65713500976562,145.2927703857422,14.119404792785645,362.0633239746094,210.8202362060547,38.62296676635742,44.97332763671875,52.34518051147461
2021-12-30,174.21493530273438,114.51165771484375,570.530029296875,168.64450073242188,39.79093551635742,535.2666625976562,250.98780822753906,55.69340133666992,98.05904388427734,151.18397521972656,144.91549682617188,365.31378173828125,47.98711395263672,140.68641662597656,51.476985931396484,350.9120178222656,240.84820556640625,341.3623046875,67.22244262695312,326.8646240234375,154.72390747070312,29.492828369140625,149.39755249023438,144.0362091064453,14.199630737304688,356.7799987792969,210.5303192138672,38.54182052612305,45.118289947509766,52.03702926635742
2021-12-31,173.5990447998047,114.0651626586914,567.0599975585938,166.7169952392578,39.75520324707031,538.8640747070312,249.80819702148438,55.47454071044922,97.99224090576172,150.17564392089844,143.578857421875,369.8318786621094,47.76451873779297,140.57107543945312,51.85354995727539,349.2886962890625,241.6234130859375,333.42205810546875,66.78675079345703,323.9747314453125,153.96640014648438,29.31838035583496,150.29737854003906,144.75296020507812,14.096485137939453,352.260009765625,209.409423828125,38.32790756225586,45.5972900390625,52.379432678222656
