Date,AAPL,ABBV,ADBE,AMZN,BAC,COST,CRM,CSCO,CVX,DIS,GOOGL,HD,INTC,JPM,KO,MA,MCD,META,MRK,MSFT,NKE,NVDA,PEP,PG,T,TSLA,V,VZ,WMT,XOM
2019-01-02,37.469200134277344,64.33154296875,224.57000732421875,76.95649719238281,20.836820602416992,184.56832885742188,133.2447967529297,34.34371566772461,79.8726806640625,104.37769317626953,52.2705078125,143.13018798828125,40.51804733276367,80.4739761352539,37.34160232543945,181.54815673828125,147.79537963867188,134.4989013671875,57.2266960144043,94.19314575195312,66.55860137939453,3.373051881790161,86.69367218017578,74.78995513916016,12.996365547180176,20.674667358398438,126.06808471679688,36.33647155761719,27.91377830505371,49.66473388671875
2019-01-03,33.73698806762695,62.2119026184082,215.6999969482422,75.01399993896484,20.502891540527344,180.65635681152344,128.182373046875,33.09470748901367,78.34290313720703,101.84893798828125,50.822837829589844,139.9755859375,38.28904724121094,79.33029174804688,37.110843658447266,173.35763549804688,146.8216094970703,130.5932159423828,56.05323791503906,90.72795104980469,65.38129425048828,3.1692628860473633,85.88448333740234,74.26557922363281,13.013964653015137,20.02400016784668,121.5250244140625,36.46620178222656,27.770231246948242,48.90221405029297
2019-01-04,35.17719268798828,64.21617889404297,226.19000244140625,78.76950073242188,21.35439682006836,185.90240478515625,135.6138458251953,34.58545684814453,79.96646881103516,104.99070739746094,53.429725646972656,144.13470458984375,40.63852310180664,82.25485229492188,37.850833892822266,181.56724548339844,149.6589813232422,136.74913024902344,57.741485595703125,94.9476547241211,67.08885192871094,3.3723087310791016,87.64563751220703,75.7813720703125,13.348326683044434,21.179332733154297,126.76042938232422,36.5570068359375,27.943687438964844,50.705223083496094
2019-01-07,35.098907470703125,65.1534194946289,229.25999450683594,81.47550201416016,21.337703704833984,186.5874481201172,139.80136108398438,34.81913757324219,81.00558471679688,105.90067291259766,53.323177337646484,146.97384643554688,40.8278694152832,82.31200408935547,37.357513427734375,182.96420288085938,151.2875518798828,136.84825134277344,57.10557174682617,95.06873321533203,68.05048370361328,3.550842523574829,86.89199829101562,75.47817993164062,13.59030818939209,22.33066749572754,129.04623413085938,36.79051971435547,28.27264404296875,50.968894958496094
2019-01-08,35.76799774169922,65.45623779296875,232.67999267578125,82.8290023803711,21.295961380004883,187.984619140625,143.24183654785156,35.101173400878906,80.65199279785156,106.72442626953125,53.79151916503906,147.6795654296875,41.086055755615234,82.1568374633789,37.77922439575195,184.29647827148438,151.6065673828125,141.2892608642578,57.52952575683594,95.75804901123047,68.95816802978516,3.462441921234131,87.7249755859375,75.75677490234375,13.761889457702637,22.356666564941406,129.74807739257812,37.86725616455078,28.470022201538086,51.339481353759766
2019-01-09,36.37540054321289,63.307769775390625,235.42999267578125,82.97100067138672,21.50466537475586,189.2014923095703,143.5072784423828,34.90776443481445,81.734375,107.92176055908203,53.60715103149414,149.20703125,41.31842041015625,82.01795196533203,37.05514144897461,187.64158630371094,151.34628295898438,142.9744415283203,57.09042739868164,97.12734985351562,68.83235168457031,3.5305373668670654,85.27363586425781,74.51957702636719,13.534916877746582,22.568666458129883,131.2751007080078,37.390769958496094,28.377315521240234,51.61029052734375
2019-01-10,36.49166488647461,63.588932037353516,237.77000427246094,82.81099700927734,21.479623794555664,189.8684844970703,144.5394287109375,34.84331512451172,81.86425018310547,108.0462875366211,53.46738815307617,148.65087890625,41.79177474975586,82.00980377197266,37.45298767089844,188.7725830078125,152.4040069580078,142.94473266601562,56.3863410949707,96.50324249267578,68.67957305908203,3.5961556434631348,85.79723358154297,74.69982147216797,13.669818878173828,22.99799919128418,131.52166748046875,37.751258850097656,28.398250579833984,51.346595764160156
2019-01-11,36.13338851928711,63.66823196411133,237.5500030517578,82.02799987792969,21.730066299438477,189.75131225585938,145.0407257080078,35.044769287109375,81.20761108398438,107.90259552001953,52.75570297241211,148.94142150878906,42.11019515991211,81.61764526367188,37.66782760620117,187.76614379882812,153.09242248535156,142.5482177734375,56.704307556152344,95.75804901123047,68.33807373046875,3.685298442840576,85.8051528930664,75.1914291381836,13.881160736083984,23.150667190551758,130.94313049316406,38.0265007019043,28.362363815307617,51.11141586303711
2019-01-14,35.590049743652344,61.85832977294922,234.55999755859375,80.8604965209961,22.013900756835938,188.39022827148438,143.5662384033203,34.81913757324219,80.61589813232422,107.68228912353516,52.113399505615234,148.44326782226562,41.61103439331055,82.45907592773438,37.51665115356445,187.31565856933594,152.12698364257812,144.12435913085938,55.54600143432617,95.05944061279297,68.38299560546875,3.7251639366149902,85.13877868652344,74.68346405029297,13.768743515014648,22.293333053588867,130.03262329101562,38.03307342529297,28.39525032043457,51.047279357910156
2019-01-15,36.31846618652344,62.398380279541016,242.36000061035156,83.72799682617188,22.16416358947754,190.22003173828125,146.65283203125,35.47185134887695,80.904541015625,107.05010223388672,53.84801483154297,146.5006866455078,41.82619094848633,83.06359100341797,37.850833892822266,188.36044311523438,151.9591064453125,147.6533660888672,56.401485443115234,97.81663513183594,69.99169158935547,3.7110507488250732,86.46359252929688,75.38807678222656,13.759748458862305,22.961999893188477,130.26022338867188,38.07895278930664,28.78403091430664,51.0758056640625
2019-01-16,36.76215744018555,62.43486785888672,241.9499969482422,84.18900299072266,23.75029945373535,189.453857421875,146.0138702392578,35.42350769042969,80.38499450683594,106.23593139648438,53.9966926574707,146.97384643554688,41.42171096801758,83.73345947265625,37.33364486694336,189.55857849121094,150.5572052001953,146.25564575195312,56.484771728515625,98.16133117675781,69.81195068359375,3.6855461597442627,85.94794464111328,74.86369323730469,13.741765975952148,23.06999969482422,130.26022338867188,37.410430908203125,28.813928604125977,51.05442428588867
2019-01-17,36.980430603027344,63.63905334472656,244.39999389648438,84.66100311279297,24.201099395751953,190.60768127441406,147.27215576171875,35.62494659423828,80.7890853881836,106.33171081542969,54.47298049926758,145.17242431640625,41.71430969238281,84.07656860351562,37.44503402709961,191.03460693359375,152.03465270996094,147.009033203125,57.23426818847656,98.85063171386719,71.11508178710938,3.7568600177764893,86.64608001708984,74.85296630859375,13.777740478515625,23.15399932861328,130.20335388183594,37.24658203125,28.930564880371094,51.40361022949219
2019-01-18,37.208213806152344,65.31761932373047,247.50999450683594,84.80999755859375,24.459884643554688,192.52760314941406,149.91636657714844,36.28571701049805,82.52810668945312,106.3604507446289,54.878379821777344,149.08253479003906,42.33395004272461,85.44081115722656,37.88267135620117,193.61288452148438,153.26031494140625,148.73385620117188,57.43867874145508,100.33170318603516,72.30137634277344,3.885869264602661,87.32040405273438,75.49708557128906,13.921628952026367,20.150667190551758,131.36044311523438,37.41698455810547,29.22662353515625,52.0164909362793
2019-01-22,36.37302780151367,64.70458221435547,243.85000610351562,81.6084976196289,24.284578323364258,191.45489501953125,146.4169158935547,36.08426284790039,81.06330871582031,105.9389877319336,53.45748519897461,147.03201293945312,41.54218673706055,84.09293365478516,37.97018814086914,191.17835998535156,154.93919372558594,146.28538513183594,57.40839385986328,98.44078826904297,72.57099151611328,3.683812379837036,87.19347381591797,74.68778991699219,13.750761032104492,19.92799949645996,130.9336395263672,37.35145950317383,29.154857635498047,51.232582092285156
2019-01-23,36.520137786865234,64.55130004882812,245.13999938964844,82.0009994506836,24.142658233642578,191.175537109375,147.2033233642578,36.63221740722656,80.3778076171875,106.43707275390625,53.74394226074219,146.84933471679688,41.25817108154297,83.88050842285156,38.40781784057617,190.1144256591797,156.2151641845703,143.04385375976562,57.113128662109375,99.40019226074219,72.34629821777344,3.6966891288757324,87.84400177001953,78.32140350341797,13.890153884887695,19.172666549682617,129.94723510742188,37.85611343383789,29.519702911376953,50.81210708618164
2019-01-24,36.23066329956055,62.67573928833008,242.55999755859375,82.74649810791016,24.276229858398438,189.57102966308594,144.37228393554688,36.75308609008789,81.90756225585938,105.8910903930664,53.7236213684082,147.1814422607422,42.82451629638672,83.92951202392578,37.94631576538086,191.49468994140625,157.2896270751953,144.560546875,55.39456558227539,98.92514038085938,72.29238891601562,3.908402442932129,86.86820220947266,77.8754653930664,13.759748458862305,19.43400001525879,130.60169982910156,37.40387725830078,29.41503143310547,50.88337326049805
2019-01-25,37.431236267089844,58.77853012084961,244.9499969482422,83.52850341796875,24.693632125854492,188.45333862304688,147.19349670410156,37.1721076965332,81.69830322265625,106.40833282470703,54.591426849365234,149.76327514648438,40.48362350463867,84.46051788330078,37.691707611083984,194.513916015625,154.46070861816406,147.7128448486328,55.22803497314453,99.8287124633789,72.44518280029297,3.9656026363372803,86.74918365478516,77.29740905761719,13.786731719970703,19.80266761779785,131.52166748046875,36.96475601196289,28.990371704101562,51.11141586303711
2019-01-28,37.0848388671875,56.297203063964844,241.85000610351562,81.89450073242188,24.735374450683594,189.98570251464844,144.824462890625,36.86589050292969,80.94061279296875,106.14013671875,53.51844024658203,149.2900390625,40.199607849121094,84.86078643798828,37.53256607055664,191.84930419921875,154.12489318847656,146.18626403808594,55.205322265625,97.88189697265625,72.18452453613281,3.4173760414123535,86.3287353515625,77.23131561279297,13.791230201721191,19.7586669921875,128.9798583984375,36.09306716918945,29.026262283325195,50.76934814453125
2019-01-29,36.70045471191406,56.53803634643555,238.27000427246094,79.69400024414062,24.535018920898438,189.57102966308594,142.71102905273438,37.03512191772461,80.6952896118164,106.22634887695312,53.032745361328125,149.1738739013672,40.05331039428711,85.09769439697266,37.71556854248047,190.96751403808594,152.92446899414062,142.934814453125,55.44001007080078,95.88847351074219,72.09468841552734,3.258653163909912,86.4715347290039,77.24785614013672,13.804716110229492,19.83066749572754,128.0408477783203,34.91990661621094,28.921592712402344,50.9617805480957
2019-01-30,39.208370208740234,57.69845199584961,242.6699981689453,83.52149963378906,24.267879486083984,190.50848388671875,146.6233367919922,37.639488220214844,81.54676055908203,105.48880004882812,54.41697692871094,151.24099731445312,40.913936614990234,85.29376220703125,38.08159255981445,195.5490264892578,152.5886993408203,149.11056518554688,55.54600143432617,99.09280395507812,73.04732513427734,3.4020235538482666,87.9153823852539,78.05714416503906,13.206663131713867,20.584667205810547,130.50685119628906,35.391788482666016,28.350393295288086,51.51762008666992
2019-01-31,39.49072265625,58.596092224121094,247.82000732421875,85.9365005493164,23.76699447631836,193.46507263183594,149.38552856445312,38.10685348510742,82.73016357421875,106.8202133178711,55.799713134765625,152.3616943359375,40.55247497558594,84.55036163330078,38.29642868041992,202.36386108398438,150.07872009277344,165.23895263671875,56.348480224609375,97.27638244628906,73.5865478515625,3.5595080852508545,89.38300323486328,79.66751861572266,13.51693344116211,20.468000411987305,128.0503387451172,36.086524963378906,28.658422470092773,52.22317123413086
2019-02-01,39.50969696044922,58.749366760253906,247.3800048828125,81.3115005493164,23.69186019897461,189.5349884033203,153.21922302246094,38.14714813232422,85.41447448730469,106.6094970703125,55.43940353393555,153.05909729003906,41.93806457519531,84.86078643798828,38.749969482421875,204.89425659179688,148.34942626953125,164.26748657226562,57.87776565551758,95.73942565917969,73.25402069091797,3.5837748050689697,89.00222778320312,80.49337005615234,13.489948272705078,20.81399917602539,132.9253692626953,35.752254486083984,28.06928825378418,54.10455322265625
2019-02-04,40.63197326660156,57.3116455078125,254.74000549316406,81.66549682617188,24.109268188476562,190.3552703857422,155.0377655029297,38.15520095825195,86.403076171875,107.08841705322266,56.56938171386719,154.7692108154297,42.35977554321289,85.1630630493164,39.187591552734375,205.98690795898438,149.04620361328125,167.7766876220703,58.195735931396484,98.49666595458984,73.68539428710938,3.693965435028076,89.7162094116211,80.95581817626953,13.314582824707031,20.859333038330078,134.205810546875,35.41801071166992,28.341428756713867,53.32063293457031
2019-02-05,41.32715606689453,58.158206939697266,254.82000732421875,82.94049835205078,24.025789260864258,190.74285888671875,156.28616333007812,38.08267593383789,86.21544647216797,107.91217041015625,57.08729553222656,154.73599243164062,43.039669036865234,84.78726196289062,39.19554138183594,206.8974609375,149.06297302246094,169.67002868652344,58.40773010253906,99.87528991699219,74.46726989746094,3.713031768798828,89.56547546386719,80.46858978271484,13.323576927185059,21.42333221435547,135.18267822265625,35.48354721069336,28.589641571044922,53.869384765625
2019-02-06,41.34141159057617,57.713035583496094,254.35000610351562,82.01300048828125,23.98404884338379,190.73385620117188,155.44081115722656,38.25996017456055,85.78250122070312,106.7148666381836,55.65102767944336,153.34959411621094,43.217220306396484,84.74641418457031,39.19554138183594,206.36065673828125,147.8960723876953,169.00587463378906,58.58940887451172,98.76680755615234,74.33246612548828,3.788555383682251,89.6844711303711,80.86497497558594,13.29210090637207,21.148000717163086,134.19630432128906,35.25415802001953,28.601606369018555,53.63420486450195
2019-02-07,40.55841827392578,57.77872085571289,253.74000549316406,80.71849822998047,23.57499122619629,188.94427490234375,152.29522705078125,37.63142013549805,85.3134536743164,106.27423095703125,54.80949401855469,152.8099822998047,42.63693618774414,83.63542175292969,39.32285690307617,205.08592224121094,147.14060974121094,164.93165588378906,58.157901763916016,98.05886840820312,74.04489135742188,3.6503841876983643,89.7162094116211,80.22084045410156,13.242635726928711,20.500667572021484,132.94435119628906,35.1099739074707,28.927570343017578,53.22089767456055
2019-02-08,40.606082916259766,58.14362335205078,257.0,79.41100311279297,23.616727828979492,187.76931762695312,154.005615234375,38.02627182006836,84.84443664550781,106.8106460571289,54.634544372558594,153.20018005371094,42.299163818359375,82.80220031738281,39.38651657104492,207.5875244140625,146.69569396972656,165.87338256835938,58.68783187866211,98.43145751953125,74.01792907714844,3.6689565181732178,89.6606674194336,80.69154357910156,13.287603378295898,20.386667251586914,133.14353942871094,35.3590202331543,28.583660125732422,53.307342529296875
2019-02-11,40.37255096435547,58.21662521362305,258.3900146484375,79.55000305175781,23.7169132232666,188.64602661132812,157.19053649902344,38.34054183959961,84.38984680175781,104.827880859375,54.62165451049805,151.85531616210938,42.23854446411133,82.4100570678711,39.47404479980469,208.08595275878906,146.2843475341797,164.34677124023438,58.07460021972656,98.04024505615234,75.20421600341797,3.626365900039673,89.62100982666016,81.15399169921875,13.359550476074219,20.856000900268555,133.54190063476562,35.424556732177734,28.76906967163086,53.3938102722168
2019-02-12,40.7204475402832,58.33338165283203,261.3699951171875,81.90049743652344,23.950653076171875,191.5201873779297,160.0215301513672,38.59033966064453,85.66703033447266,104.59797668457031,55.88347244262695,154.01376342773438,43.31247329711914,83.8151626586914,39.51382827758789,209.82078552246094,146.0409393310547,163.60328674316406,59.44489288330078,99.56788635253906,76.12989807128906,3.7432403564453125,90.27153778076172,81.97158813476562,13.404516220092773,20.78733253479004,134.6705322265625,35.66706466674805,28.999351501464844,54.33055877685547
2019-02-13,40.55127716064453,58.960994720458984,260.2300109863281,82.0,23.95900535583496,192.33360290527344,157.6721954345703,38.27607727050781,86.28038024902344,105.55583190917969,55.93551254272461,156.4129638671875,43.71087646484375,84.21541595458984,39.617271423339844,211.38314819335938,146.1920166015625,162.6417694091797,59.82342529296875,99.49336242675781,76.74999237060547,3.7855844497680664,90.53331756591797,81.95507049560547,13.418004989624023,20.544666290283203,136.09324645996094,35.70638656616211,29.289432525634766,54.94301986694336
2019-02-14,40.69901657104492,58.76396942138672,260.1400146484375,81.13249969482422,23.700210571289062,193.27357482910156,156.75802612304688,39.001312255859375,86.12004852294922,105.99646759033203,55.9637565612793,155.83184814453125,44.005348205566406,83.66810607910156,36.27537536621094,210.68344116210938,147.63589477539062,162.5227813720703,59.76285171508789,99.57718658447266,76.10295104980469,3.8264405727386475,89.31954193115234,81.31092071533203,13.395524024963379,20.251333236694336,136.01722717285156,35.41144943237305,29.46288299560547,54.95742416381836
2019-02-15,40.60846710205078,59.00477981567383,259.45001220703125,80.39749908447266,24.301273345947266,195.65065002441406,156.3451690673828,39.8312873840332,86.98737335205078,107.8451156616211,55.489463806152344,159.71705627441406,44.741512298583984,86.22505950927734,35.99689483642578,212.887939453125,151.0776824951172,161.08541870117188,60.42151641845703,100.80677795410156,76.73200988769531,3.8960211277008057,91.95333862304688,81.32744598388672,13.701295852661133,20.525333404541016,137.67990112304688,36.15205764770508,29.902490615844727,55.99506378173828
2019-02-19,40.72998809814453,58.76396942138672,257.80999755859375,81.37899780273438,24.31797218322754,197.1419219970703,157.8786163330078,40.008567810058594,86.95819854736328,108.7263412475586,55.830440521240234,159.66726684570312,44.51632308959961,85.92278289794922,35.670654296875,211.43109130859375,150.47328186035156,160.8772430419922,59.98998260498047,100.76018524169922,76.00405883789062,3.878688097000122,91.9692153930664,82.57443237304688,13.77324104309082,20.375999450683594,137.2333221435547,36.335567474365234,30.56340980529785,56.36974334716797
2019-02-20,40.99209213256836,58.377166748046875,258.1000061035156,81.1050033569336,24.55171775817871,196.22906494140625,155.8438262939453,39.992454528808594,87.66517639160156,108.8891830444336,55.53703689575195,159.26876831054688,44.507667541503906,86.33940887451172,35.88549041748047,211.929443359375,151.51416015625,161.14488220214844,60.133827209472656,100.236328125,76.2467269897461,3.9259841442108154,91.889892578125,81.98809814453125,13.87216854095459,20.17066764831543,137.50889587402344,36.54530334472656,29.869586944580078,56.58591079711914
2019-02-21,40.76096725463867,57.47218704223633,257.760009765625,80.97200012207031,24.451541900634766,194.52992248535156,156.91529846191406,39.81517028808594,86.83430480957031,109.4734878540039,54.72523498535156,159.24388122558594,44.52497863769531,86.15969848632812,36.4902229309082,210.2041778564453,153.4617156982422,158.64683532714844,60.43665313720703,102.35051727294922,75.4468765258789,3.857144594192505,92.10408020019531,82.40101623535156,13.863174438476562,19.415332794189453,136.81533813476562,36.80091857910156,29.72306251525879,56.07431411743164
2019-02-22,41.21608352661133,58.3990478515625,258.8999938964844,81.5780029296875,24.276229858398438,195.4879608154297,158.56671142578125,40.379241943359375,87.01651000976562,110.39302062988281,55.337310791015625,159.71705627441406,45.460350036621094,85.77572631835938,36.02872085571289,214.0477294921875,153.76394653320312,160.480712890625,61.148311614990234,103.80984497070312,76.17481994628906,3.941830635070801,92.627685546875,82.78915405273438,14.00706672668457,19.6473331451416,138.5919952392578,37.305564880371094,29.770906448364258,56.506649017333984
2019-02-25,41.516326904296875,58.596092224121094,258.6199951171875,81.6500015258789,24.434839248657227,196.1748504638672,158.61587524414062,40.92719268798828,87.18416595458984,108.802978515625,55.37546920776367,157.71633911132812,45.988651275634766,86.67434692382812,35.758182525634766,214.0477294921875,153.29383850097656,163.1869659423828,60.8530387878418,104.38985443115234,76.54330444335938,3.929450035095215,92.07234954833984,82.22760009765625,13.998074531555176,19.917999267578125,138.77252197265625,37.21381378173828,29.64232063293457,56.56430435180664
2019-02-26,41.54015350341797,58.75664520263672,261.2200012207031,81.81999969482422,24.451541900634766,196.68099975585938,160.22796630859375,41.241455078125,87.4173812866211,108.71676635742188,55.6074104309082,156.32162475585938,46.101234436035156,86.01264190673828,35.55925369262695,214.69947814941406,153.79750061035156,162.7012176513672,61.1255989074707,105.11016845703125,77.10948944091797,3.8900787830352783,92.00096893310547,82.44232177734375,14.038546562194824,19.857332229614258,139.70361328125,37.122066497802734,29.513723373413086,56.67959213256836
2019-02-27,41.66883087158203,57.953857421875,262.8999938964844,82.05449676513672,24.651893615722656,197.07867431640625,160.345947265625,41.57184600830078,87.51942443847656,108.02711486816406,55.65102767944336,152.47793579101562,46.10989761352539,85.90644836425781,35.758182525634766,215.24578857421875,153.9234619140625,161.39273071289062,61.03472900390625,104.93242645263672,77.4419937133789,3.848231077194214,91.52497100830078,81.68254089355469,13.966598510742188,20.982667922973633,139.8746337890625,37.17448425292969,29.340272903442383,57.26325988769531
2019-02-28,41.258968353271484,57.82978820800781,262.5,81.99150085449219,24.400171279907227,197.70230102539062,160.86691284179688,41.71689224243164,87.15499877929688,108.08458709716797,55.83242416381836,153.69830322265625,45.867401123046875,85.25291442871094,36.07645797729492,215.4375,155.30894470214844,160.04458618164062,61.54195785522461,104.80145263671875,77.04656982421875,3.8236916065216064,92.48308563232422,81.38525390625,13.993573188781738,21.325332641601562,140.72972106933594,37.305564880371094,29.60344123840332,56.94620895385742
2019-03-01,41.692649841308594,58.457435607910156,264.010009765625,83.58650207519531,24.593158721923828,198.3350067138672,161.73196411132812,41.42679977416992,88.94065856933594,109.20529174804688,56.921268463134766,153.72320556640625,46.161865234375,85.31010437011719,36.108299255371094,217.8145294189453,156.33111572265625,160.86734008789062,61.81452941894531,105.26921081542969,78.53324890136719,3.8779759407043457,92.91493225097656,81.2944107055664,13.85867691040039,19.652666091918945,142.01242065429688,37.331783294677734,29.286441802978516,57.645145416259766
2019-03-04,41.902347564697266,57.9903564453125,258.1600036621094,84.80850219726562,24.358217239379883,197.404052734375,155.80450439453125,41.225337982177734,89.00624084472656,109.51178741455078,57.164119720458984,152.5941619873047,46.716156005859375,85.11405181884766,36.323116302490234,216.8944091796875,152.5633087158203,165.9130096435547,61.6025390625,105.0166244506836,77.1636962890625,3.8861563205718994,92.90693664550781,81.64952087402344,13.480958938598633,19.02400016784668,140.5777130126953,36.859901428222656,29.262516021728516,57.8685188293457
2019-03-05,41.82609558105469,57.588966369628906,257.3800048828125,84.62149810791016,24.400171279907227,198.678466796875,154.300537109375,41.33814239501953,89.85899353027344,109.19569396972656,57.945682525634766,152.75192260742188,46.4909782409668,85.0486831665039,36.28334045410156,216.82725524902344,153.2053985595703,169.76914978027344,61.85237121582031,104.49275207519531,76.98350524902344,3.879711151123047,92.79496765136719,81.83116912841797,13.4674711227417,18.43600082397461,140.5681915283203,36.75503921508789,29.409048080444336,57.78205490112305
2019-03-06,41.58543014526367,56.990535736083984,256.3999938964844,83.44750213623047,24.19879913330078,198.1452178955078,154.1235809326172,41.636314392089844,90.03394317626953,110.00987243652344,57.73505401611328,153.1254425048828,45.85874938964844,84.73009490966797,36.16398239135742,215.1499786376953,153.77989196777344,171.00827026367188,61.140716552734375,104.53952026367188,76.70418548583984,3.768911838531494,93.29882049560547,81.69903564453125,13.404516220092773,18.416000366210938,140.43521118164062,36.49286651611328,29.385122299194336,57.126338958740234
2019-03-07,41.104095458984375,57.099998474121094,255.4600067138672,81.29750061035156,23.955467224121094,195.9398956298828,152.95382690429688,41.33010482788086,88.87506866455078,109.20529174804688,57.0367431640625,151.51492309570312,45.55561447143555,84.1174087524414,36.02872085571289,213.1754608154297,152.5041961669922,167.65769958496094,60.906044006347656,103.26728820800781,76.82133483886719,3.6997549533843994,92.85094451904297,81.38525390625,13.4539794921875,18.439332962036133,139.50408935546875,36.89921569824219,29.14288902282715,57.76042556762695
2019-03-08,41.20180130004883,56.61833190917969,254.74000549316406,81.04000091552734,24.039369583129883,205.9090576171875,152.4230194091797,41.1528205871582,88.64183807373047,109.01371002197266,56.993125915527344,150.4523162841797,45.451698303222656,84.15009307861328,35.67861557006836,212.65786743164062,151.6424560546875,168.12359619140625,60.4139518737793,103.37955474853516,76.40687561035156,3.7339611053466797,92.1551742553711,81.26964569091797,13.471967697143555,18.94266700744629,139.99819946289062,37.04995346069336,29.18475341796875,56.93177795410156
2019-03-11,42.629112243652344,56.98322296142578,260.9599914550781,83.53099822998047,24.28270149230957,207.59915161132812,154.96896362304688,41.837764739990234,90.09953308105469,109.91409301757812,58.444759368896484,151.4568634033203,46.20518493652344,85.24474334716797,36.74483108520508,216.2713623046875,152.9772491455078,170.57211303710938,61.22402572631836,105.54985046386719,77.32589721679688,3.9942290782928467,93.24284362792969,82.23583221435547,13.588876724243164,19.39466667175293,143.1525115966797,37.73814392089844,29.450916290283203,57.486610412597656
2019-03-12,43.108055114746094,57.464881896972656,263.510009765625,83.65499877929688,24.28270149230957,210.55467224121094,155.58822631835938,42.02311325073242,90.30359649658203,109.89493560791016,59.33635330200195,152.75192260742188,46.39570617675781,84.99149322509766,36.64139938354492,217.51742553710938,153.6109161376953,170.4234161376953,61.49653625488281,106.28889465332031,76.97447204589844,4.028435230255127,93.22684478759766,82.62399291992188,13.77324104309082,18.890666961669922,144.15960693359375,37.639835357666016,29.41802215576172,57.645145416259766
2019-03-13,43.2986946105957,57.60356521606445,264.3800048828125,84.54049682617188,24.576374053955078,213.645751953125,157.0922088623047,42.37766647338867,90.86481475830078,109.28189849853516,59.42605209350586,151.49740600585938,47.088565826416016,85.27742004394531,36.77666091918945,219.0125732421875,153.80519104003906,171.8607940673828,61.77667999267578,107.11209106445312,77.42499542236328,4.179637432098389,93.23484802246094,83.55717468261719,13.615859031677246,19.263999938964844,144.8627471923828,37.79056930541992,29.61540412902832,58.156742095947266
2019-03-14,43.780029296875,58.34796905517578,267.69000244140625,84.31099700927734,24.719017028808594,211.3500518798828,157.93759155273438,42.498531341552734,90.81378173828125,109.65547180175781,59.102420806884766,151.8904571533203,46.28312301635742,86.05348205566406,36.68033981323242,219.98068237304688,154.37965393066406,168.68862915039062,62.11205291748047,107.19628143310547,78.27198791503906,4.10378885269165,92.37109375,83.67279815673828,13.615859031677246,19.33066749572754,146.50631713867188,37.98063659667969,29.531208038330078,57.962181091308594
2019-03-15,44.349525451660156,59.36240005493164,257.0899963378906,85.61799621582031,24.58476448059082,211.13314819335938,158.7633056640625,42.86920166015625,91.33126068115234,110.11524200439453,58.991905212402344,152.4090118408203,47.05392837524414,87.04196166992188,36.35929489135742,221.57174682617188,156.56771850585938,164.53512573242188,62.17300033569336,108.43111419677734,78.20890808105469,4.20913553237915,92.49906921386719,84.59773254394531,13.791230201721191,18.36199951171875,147.70355224609375,38.269012451171875,29.591344833374023,57.75322341918945
2019-03-18,44.802276611328125,58.85881805419922,257.760009765625,87.10749816894531,25.02108383178711,213.83558654785156,159.19583129882812,43.118995666503906,91.74671173095703,108.35279083251953,58.90517807006836,153.4042205810547,46.85472869873047,87.56478881835938,36.447574615478516,220.82415771484375,155.40188598632812,159.07310485839844,62.00533676147461,109.98399353027344,79.1279525756836,4.187817573547363,93.78665161132812,83.82968139648438,13.849687576293945,17.965999603271484,147.2284393310547,38.059288024902344,29.96417236328125,58.423343658447266
2019-03-19,44.447235107421875,58.982887268066406,260.4200134277344,88.09249877929688,24.878440856933594,214.25132751464844,161.14212036132812,42.95784378051758,91.30939483642578,105.36426544189453,59.594566345214844,153.99806213378906,46.91535186767578,87.24617767333984,36.56797790527344,221.4183807373047,154.69219970703125,160.1634979248047,62.432159423828125,110.05883026123047,79.01080322265625,4.3553786277771,94.44245910644531,84.1517562866211,13.795722961425781,17.83133316040039,146.876953125,37.68570327758789,30.02129364013672,58.272029876708984
2019-03-20,44.835628509521484,58.69825744628906,259.739990234375,89.8635025024414,24.030981063842773,214.18804931640625,160.7293243408203,42.91754150390625,90.87937927246094,105.35469055175781,60.782527923583984,155.64572143554688,46.61223220825195,85.38363647460938,36.54389572143555,220.34494018554688,156.2635498046875,163.99981689453125,62.56170654296875,109.93722534179688,78.10979461669922,4.322908401489258,94.62639617919922,84.00312805175781,13.719279289245605,18.239999771118164,146.07884216308594,37.79711151123047,29.657493591308594,58.59630584716797
2019-03-21,46.486942291259766,59.2894172668457,264.17999267578125,90.96299743652344,23.645009994506836,216.5017852783203,164.11080932617188,43.46550369262695,91.73213958740234,104.08074188232422,61.26326370239258,158.88243103027344,47.32241439819336,84.03573608398438,36.52783966064453,226.07662963867188,157.4462890625,164.63426208496094,63.22486114501953,112.46299743652344,79.29915618896484,4.5593791007995605,95.52212524414062,84.63899993896484,13.966598510742188,18.26799964904785,148.02658081054688,38.20347213745117,29.783763885498047,58.93496322631836
2019-03-22,45.5242805480957,58.20929718017578,259.69000244140625,88.2385025024414,22.663297653198242,214.71229553222656,158.7534637451172,42.498531341552734,89.71321868896484,103.66887664794922,59.851776123046875,157.86203002929688,46.127220153808594,81.49512481689453,36.864952087402344,221.17877197265625,157.8179931640625,162.90940856933594,62.72180938720703,109.49755859375,74.05517578125,4.3997483253479,96.54579162597656,83.95356750488281,13.97109317779541,17.635332107543945,145.4328155517578,39.166908264160156,29.549253463745117,57.99102783203125
2019-03-25,44.97383499145508,58.02684783935547,262.2699890136719,88.71299743652344,22.520652770996094,214.1790008544922,158.14404296875,42.490478515625,89.56745910644531,103.24740600585938,59.342796325683594,158.6398468017578,45.711509704589844,80.81709289550781,36.94521713256836,220.85289001464844,156.89718627929688,164.84242248535156,62.76754379272461,110.06822204589844,74.1812973022461,4.307540416717529,96.64977264404297,84.2012939453125,13.83619499206543,17.3613338470459,145.3947296142578,39.37664794921875,29.516178131103516,57.58750534057617
2019-03-26,44.50918197631836,58.9390983581543,265.5899963378906,89.18800354003906,22.83110809326172,216.07708740234375,156.68919372558594,42.893367767333984,90.47122192382812,105.49837493896484,58.9691047668457,158.35548400878906,46.28312301635742,81.62582397460938,37.43482208251953,223.60374450683594,158.3839874267578,166.22032165527344,63.20198440551758,110.30206298828125,75.12740325927734,4.384132385253906,97.58546447753906,85.07669067382812,14.114985466003418,17.851333618164062,147.55152893066406,39.737117767333984,29.561281204223633,58.336891174316406
2019-03-27,44.90950012207031,58.304176330566406,262.3399963378906,88.28500366210938,22.680072784423828,216.3843231201172,152.4820098876953,42.82085418701172,89.49459838867188,105.63247680664062,58.3828125,158.2802276611328,46.040626525878906,81.34807586669922,37.410743713378906,222.86578369140625,158.40933227539062,164.42608642578125,62.72180938720703,109.23560333251953,74.86608123779297,4.374960422515869,97.48150634765625,84.97759246826172,14.119482040405273,18.32200050354004,146.525390625,39.90097427368164,29.227540969848633,57.89014434814453
2019-03-28,44.96906280517578,58.355262756347656,263.5299987792969,88.6709976196289,22.931798934936523,218.02023315429688,152.5409698486328,42.998130798339844,89.6622085571289,106.04434967041016,58.09832763671875,158.95765686035156,45.9973258972168,82.27118682861328,37.38665771484375,225.1085662841797,159.9976043701172,164.10890197753906,62.980953216552734,109.38529205322266,75.72205352783203,4.393552303314209,97.44151306152344,85.51437377929688,13.944110870361328,18.57466697692871,146.95291137695312,38.72124481201172,29.203487396240234,58.17836380004883
2019-03-29,45.26216506958008,58.81503677368164,266.489990234375,89.0374984741211,23.149953842163086,218.85179138183594,155.6767120361328,43.50579833984375,89.77884674072266,106.35086822509766,58.327301025390625,160.48818969726562,46.50830078125,82.69599151611328,37.61140441894531,225.6740264892578,160.42843627929688,165.23895263671875,63.392555236816406,110.33011627197266,75.875244140625,4.450809955596924,98.00933837890625,85.92729949951172,14.101492881774902,18.657333374023438,148.39706420898438,38.75400924682617,29.32375144958496,58.22160720825195
2019-04-01,45.56953811645508,58.95368576049805,272.1700134277344,90.70950317382812,23.94707679748535,220.70462036132812,158.43890380859375,44.303550720214844,91.06159210205078,107.76849365234375,59.42209243774414,163.62454223632812,47.209815979003906,85.48165893554688,37.49903106689453,229.1245880126953,159.15281677246094,167.2314453125,63.49163055419922,111.34042358398438,76.7942886352539,4.518232345581055,97.56946563720703,85.58870697021484,14.366801261901855,19.278667449951172,149.41366577148438,38.72779083251953,29.410945892333984,58.891719818115234
2019-04-02,46.23197937011719,60.624977111816406,271.3500061035156,90.6989974975586,24.22397232055664,217.36953735351562,157.7803192138672,44.5533447265625,91.05432891845703,107.2416763305664,59.74721145629883,162.51220703125,47.07990646362305,85.89009094238281,37.37863540649414,229.32591247558594,159.11898803710938,172.68356323242188,63.42304992675781,111.49947357177734,76.0194091796875,4.536077499389648,97.31356811523438,85.6795425415039,14.222907066345215,19.058666229248047,149.90777587890625,38.36076736450195,29.1463565826416,58.639530181884766
2019-04-03,46.54889678955078,60.63226318359375,271.5,91.03500366210938,24.19879913330078,219.15907287597656,159.8544464111328,44.82731628417969,90.29631805419922,107.77806854248047,60.00838851928711,166.1085205078125,48.04991149902344,86.0616455078125,37.065608978271484,229.00958251953125,159.11898803710938,172.02931213378906,63.4001579284668,112.22914123535156,76.1094970703125,4.675382614135742,97.21758270263672,85.62999725341797,14.330825805664062,19.45400047302246,150.5537872314453,38.58361053466797,29.22153091430664,58.29365539550781
2019-04-04,46.629905700683594,60.4351921081543,267.8900146484375,90.94300079345703,24.458904266357422,220.89442443847656,155.82415771484375,44.71379852294922,90.95955657958984,109.91409301757812,60.43659591674805,167.6474151611328,48.430992126464844,86.8930435180664,37.30640411376953,226.2587127685547,160.40310668945312,174.48773193359375,62.38642883300781,111.65847778320312,76.83934020996094,4.6664605140686035,97.1456069946289,85.415283203125,14.380291938781738,17.851999282836914,149.7747344970703,38.662254333496094,29.49814224243164,59.1223030090332
2019-04-05,46.94206619262695,60.902278900146484,267.45001220703125,91.86399841308594,24.400171279907227,222.22299194335938,155.8634796142578,44.77056121826172,92.14027404785156,110.15354919433594,60.04011154174805,168.9939422607422,48.15385055541992,86.68726348876953,37.29836654663086,226.80508422851562,161.11270141601562,174.19032287597656,61.852882385253906,112.1543197631836,76.94747924804688,4.733138084411621,97.26557159423828,85.59695434570312,14.546662330627441,18.33066749572754,149.78424072265625,38.72779083251953,29.714614868164062,59.439353942871094
2019-04-08,47.680755615234375,61.28908157348633,268.80999755859375,92.49299621582031,24.47568702697754,222.81051635742188,155.77503967285156,44.997623443603516,92.32976531982422,110.11524200439453,59.88300323486328,170.2401123046875,48.22312545776367,86.96714782714844,37.36258316040039,226.77622985839844,160.38623046875,173.4071807861328,61.70042419433594,112.19171142578125,76.34378814697266,4.753961086273193,97.56946563720703,86.68704223632812,14.564652442932129,18.213333129882812,149.87928771972656,38.75400924682617,29.834882736206055,59.806827545166016
2019-04-09,47.53776931762695,60.34762954711914,268.989990234375,91.79199981689453,24.24074935913086,221.35540771484375,154.300537109375,44.7462272644043,91.49889373779297,111.93517303466797,59.60595703125,168.0237274169922,47.911346435546875,86.3250732421875,37.45890808105469,226.4307403564453,160.58053588867188,176.0341339111328,61.58610916137695,111.58367156982422,75.93832397460938,4.691246032714844,97.70542907714844,86.43106079101562,14.580838203430176,18.15399932861328,149.6322479248047,38.669925689697266,29.67252540588379,59.03584671020508
2019-04-10,47.80465316772461,60.53737258911133,271.5799865722656,92.36650085449219,24.39177703857422,221.98802185058594,157.5149383544922,45.26521682739258,91.46246337890625,112.2225341796875,59.79230880737305,166.79429626464844,48.28375244140625,86.71195983886719,37.43482208251953,227.53451538085938,159.85400390625,176.27206420898438,61.60134506225586,112.43494415283203,76.47894287109375,4.761642932891846,97.60147094726562,86.42279815673828,14.640538215637207,18.40399932861328,150.6488494873047,38.8089714050293,29.94612693786621,58.76923370361328
2019-04-11,47.40672302246094,59.67619323730469,271.8999938964844,92.20349884033203,24.39177703857422,218.03834533691406,157.99658203125,45.08681106567383,91.8268814086914,111.6861343383789,59.94792938232422,168.50881958007812,48.32706069946289,87.44457244873047,37.49100875854492,226.5554962158203,159.56678771972656,175.9647674560547,60.85440444946289,112.56591796875,76.58706665039062,4.747763633728027,97.30555725097656,86.50537872314453,14.787489891052246,17.89466667175293,149.98382568359375,38.7758674621582,30.306917190551758,59.050235748291016
2019-04-12,47.38764572143555,59.73537063598633,271.8599853515625,92.15299987792969,25.31476402282715,218.68003845214844,157.97694396972656,45.64635467529297,87.28619384765625,124.57888793945312,60.59915542602539,170.4910125732422,48.86403274536133,91.5439224243164,37.515079498291016,229.23338317871094,161.8646240234375,177.5409393310547,60.54189682006836,113.14591217041016,77.70433807373047,4.709838390350342,97.75341033935547,86.7613754272461,14.787489891052246,17.84666633605957,151.67495727539062,38.89505386352539,30.535432815551758,58.30806350708008
2019-04-15,47.47343444824219,59.92024612426758,272.2200012207031,92.24349975585938,25.03786277770996,222.63880920410156,157.36744689941406,45.86529541015625,87.56312561035156,126.47542572021484,60.787479400634766,171.33570861816406,48.74277877807617,90.4985122680664,37.72377395629883,229.54052734375,162.07582092285156,178.08612060546875,59.855926513671875,113.23944854736328,78.2359390258789,4.57821798324585,98.89705657958984,87.31468200683594,14.704828262329102,17.7586669921875,152.43504333496094,38.87519073486328,30.797012329101562,58.113525390625
2019-04-16,47.47820281982422,59.31386184692383,271.42999267578125,93.1520004272461,25.071426391601562,221.74398803710938,155.99127197265625,46.18156051635742,88.31385040283203,124.42562103271484,61.05411911010742,171.00955200195312,49.11519241333008,91.45337677001953,37.683631896972656,230.4427947998047,161.9491424560547,177.31289672851562,59.11655807495117,112.97752380371094,79.10992431640625,4.665221214294434,97.89738464355469,87.88450622558594,14.810453414916992,18.224000930786133,152.23548889160156,38.92815399169922,30.94734001159668,58.50981140136719
2019-04-17,48.40275573730469,57.66482925415039,269.45001220703125,93.24099731445312,25.197288513183594,221.94285583496094,152.69822692871094,45.66257095336914,87.65789031982422,126.1976547241211,61.46200180053711,172.7491912841797,50.71743392944336,94.08749389648438,37.94850158691406,231.3162078857422,161.873046875,177.22369384765625,56.3421516418457,113.91303253173828,79.94786071777344,4.642416954040527,101.57620239257812,88.03089141845703,14.672683715820312,18.082000732421875,152.43504333496094,38.259376525878906,31.016496658325195,58.675540924072266
2019-04-18,48.576698303222656,57.36162567138672,270.57000732421875,93.08450317382812,25.197288513183594,222.16883850097656,153.33721923828125,45.73556137084961,87.35906219482422,126.86817169189453,61.52791976928711,172.0048065185547,50.65681457519531,93.39604187011719,38.10903549194336,231.21060180664062,164.66090393066406,176.72804260253906,55.78573226928711,115.4097671508789,80.371337890625,4.617877006530762,101.64022064208984,88.19721221923828,14.70942211151123,18.21733283996582,152.1690673828125,38.43154525756836,31.02251625061035,58.45938491821289
2019-04-22,48.736351013183594,57.79051971435547,272.2099914550781,94.3655014038086,25.21407127380371,220.00868225097656,156.06008911132812,45.686885833740234,88.84590148925781,126.13058471679688,62.13701248168945,171.26881408691406,50.94260787963867,93.51129913330078,38.04481887817383,233.2838134765625,163.8245391845703,179.8605499267578,55.99153518676758,115.77460479736328,78.71348571777344,4.671665668487549,101.12035369873047,88.1639633178711,14.732386589050293,17.516666412353516,152.3970184326172,38.65005111694336,30.778968811035156,59.734764099121094
2019-04-23,49.43928909301758,58.16766357421875,278.489990234375,96.1884994506836,25.230854034423828,221.9609375,158.4880828857422,45.97071075439453,88.93336486816406,127.73982238769531,62.97111892700195,172.33096313476562,50.9079704284668,93.62651824951172,38.69496536254883,233.70620727539062,164.9565887451172,182.18017578125,56.86043930053711,117.3462142944336,78.77655029296875,4.726197719573975,101.64022064208984,85.79373931884766,14.741570472717285,17.593332290649414,153.5941925048828,37.842227935791016,30.98943519592285,60.08063888549805
2019-04-24,49.3630485534668,58.175048828125,275.45001220703125,95.0875015258789,25.18889617919922,224.112060546875,156.84645080566406,46.124786376953125,86.20748901367188,129.40650939941406,62.44874954223633,172.891357421875,50.85601043701172,93.4701156616211,38.51034164428711,235.43380737304688,166.9587860107422,180.99061584472656,56.95952606201172,116.94396209716797,79.64152526855469,4.738592624664307,101.50425720214844,86.2344970703125,14.13996410369873,17.243999481201172,153.43260192871094,37.795875549316406,31.127744674682617,58.91333770751953
2019-04-25,48.91505813598633,58.670501708984375,277.6600036621094,95.11250305175781,25.239242553710938,221.97900390625,160.3164520263672,45.67877960205078,85.9305191040039,131.456298828125,62.81005096435547,172.70730590820312,49.894657135009766,93.51952362060547,38.39798355102539,235.740966796875,167.21221923828125,191.57765197753906,58.18667984008789,120.81681060791016,78.89366912841797,4.632997512817383,100.8724594116211,85.89351654052734,13.933308601379395,16.5086669921875,152.9861297607422,36.981414794921875,31.12473487854004,59.244789123535156
2019-04-26,48.681541442871094,58.93672561645508,281.9599914550781,97.53150177001953,25.465789794921875,220.3701629638672,163.13763427734375,45.31386947631836,85.34747314453125,134.0233612060547,63.30961227416992,170.29029846191406,45.40837860107422,94.22742462158203,38.735084533691406,236.7679901123047,166.78140258789062,189.8230438232422,58.407745361328125,121.50907897949219,79.56946563720703,4.414373397827148,101.08837127685547,88.0391845703125,14.089448928833008,15.675999641418457,154.80078125,37.46479797363281,30.526411056518555,57.99820327758789
2019-04-29,48.75540542602539,59.38042449951172,286.1400146484375,96.92150115966797,25.818201065063477,220.78599548339844,162.5478515625,45.5166015625,85.79935455322266,133.4294891357422,64.24037170410156,169.0775604248047,44.265159606933594,95.58564758300781,38.86350631713867,237.1999053955078,166.52792358398438,193.0844268798828,58.52204132080078,121.39681243896484,79.52439880371094,4.445109844207764,101.32032012939453,87.14102172851562,14.181299209594727,16.097999572753906,155.95993041992188,37.63695526123047,30.535432815551758,57.62351608276367
2019-04-30,47.81657028198242,58.70747756958008,289.25,96.32599639892578,25.658777236938477,221.9157257080078,162.53802490234375,45.370628356933594,87.50484466552734,131.19766235351562,59.42110061645508,170.36553955078125,44.20453643798828,95.52802276611328,39.377193450927734,244.02418518066406,166.90809631347656,191.71641540527344,59.99311065673828,122.17327880859375,79.13695526123047,4.486504554748535,102.40795135498047,88.5548324584961,14.218035697937012,15.912667274475098,156.22593688964844,37.86870574951172,30.9202823638916,57.846900939941406
2019-05-01,50.16366958618164,58.3377571105957,283.3500061035156,95.57599639892578,25.39027214050293,218.35467529296875,159.39242553710938,45.07060623168945,85.8649673461914,130.63253784179688,58.15036392211914,166.26742553710938,43.9620361328125,94.79541015625,38.99995803833008,238.75479125976562,164.0357666015625,191.3496551513672,60.000728607177734,119.62875366210938,77.39796447753906,4.473367691040039,101.76017761230469,87.26573181152344,14.13996410369873,15.600666999816895,154.66775512695312,37.42506790161133,30.47530174255371,56.686798095703125
2019-05-02,49.83721923828125,58.02717590332031,279.6400146484375,95.04100036621094,25.59164810180664,219.34890747070312,159.07789611816406,44.55161666870117,84.82271575927734,128.48692321777344,57.812862396240234,168.11573791503906,43.78016662597656,95.00121307373047,38.83943557739258,237.2574920654297,164.40748596191406,190.85401916503906,60.610477447509766,118.0665054321289,76.83032989501953,4.540788173675537,101.43228149414062,87.7896957397461,14.06189250946045,16.273332595825195,153.08111572265625,37.73628616333008,30.41216468811035,55.692420959472656
2019-05-03,50.456764221191406,58.20462417602539,285.5799865722656,98.12300109863281,25.767852783203125,221.09329223632812,160.5621795654297,44.55161666870117,85.47136688232422,128.66893005371094,58.954734802246094,167.73941040039062,44.8194465637207,95.58564758300781,39.10429382324219,237.98690795898438,166.8658905029297,193.76840209960938,60.976341247558594,120.58295440673828,77.21776580810547,4.536326885223389,102.10404968261719,88.22215270996094,14.0986328125,17.00200080871582,153.95521545410156,37.90180969238281,30.691774368286133,55.82210922241211
2019-05-06,49.67757797241211,58.611358642578125,283.6600036621094,97.52749633789062,25.56648063659668,220.7407684326172,159.73646545410156,44.26780700683594,86.29498291015625,129.31068420410156,59.148521423339844,166.96157836914062,44.632102966308594,94.73779296875,38.90363693237305,238.64923095703125,168.03164672851562,192.1922607421875,60.58000564575195,119.88134002685547,75.2986068725586,4.457998752593994,101.7841567993164,87.88947296142578,14.048117637634277,17.022666931152344,154.18321228027344,37.68330383300781,30.8060302734375,55.57711410522461
2019-05-07,48.338409423828125,57.642642974853516,277.07000732421875,96.05000305175781,25.104991912841797,217.08030700683594,154.231689453125,43.343353271484375,86.20022583007812,127.81643676757812,58.4249267578125,162.89691162109375,43.98728942871094,93.19023895263672,38.52640151977539,235.21302795410156,167.3051300048828,188.11802673339844,59.37571716308594,117.42103576660156,74.37054443359375,4.290931701660156,100.75247192382812,87.07447814941406,14.020562171936035,16.470666885375977,152.216552734375,37.497901916503906,30.45726203918457,55.28168869018555
2019-05-08,48.34794235229492,57.67221450805664,276.7699890136719,95.88849639892578,25.004302978515625,218.1287078857422,154.1923828125,43.35958480834961,85.6390151977539,129.30111694335938,58.02448654174805,163.23143005371094,42.90677261352539,92.69635772705078,38.406009674072266,235.47219848632812,167.29673767089844,187.8900146484375,59.589107513427734,117.41165924072266,74.5777816772461,4.311010360717773,100.78449249267578,87.3822021484375,13.914937973022461,16.32266616821289,152.73907470703125,37.33235549926758,30.15659523010254,55.368167877197266
2019-05-09,47.82847595214844,57.6130485534668,275.7900085449219,94.99349975585938,24.928789138793945,220.64808654785156,153.65176391601562,42.91356658935547,88.32843780517578,127.96012115478516,57.88521957397461,162.7379913330078,40.623756408691406,92.62223815917969,38.04481887817383,235.45303344726562,167.0432586669922,187.0077667236328,59.70347595214844,117.40232849121094,74.76699829101562,4.218552589416504,100.8084716796875,86.69190216064453,13.951678276062012,16.131999969482422,151.83644104003906,37.398582458496094,30.087078094482422,55.317710876464844
2019-05-10,47.1658821105957,57.27288055419922,278.4800109863281,94.4990005493164,24.8197078704834,223.86538696289062,157.2200164794922,43.270362854003906,88.91150665283203,128.39114379882812,57.86886978149414,162.7379913330078,40.257781982421875,92.61404418945312,38.67889404296875,237.4878692626953,168.95252990722656,186.70046997070312,59.59674835205078,118.9271469116211,75.64097595214844,4.184594631195068,102.3759765625,88.1639633178711,14.06189250946045,15.968000411987305,152.69158935546875,37.68330383300781,30.803430557250977,55.79875183105469
2019-05-13,44.42464065551758,56.84401321411133,267.70001220703125,91.13400268554688,23.7037410736084,219.2434539794922,150.54547119140625,41.599884033203125,87.78181457519531,125.804931640625,56.33000564575195,159.1918182373047,39.00298309326172,90.09516143798828,38.566532135009766,231.68092346191406,168.14149475097656,179.95965576171875,58.81931686401367,115.39107513427734,74.36152648925781,3.927551031112671,101.69617462158203,88.24711608886719,13.993011474609375,15.133999824523926,149.48023986816406,37.57735824584961,30.19286346435547,55.179237365722656
2019-05-14,45.12790298461914,58.0049934387207,271.8599853515625,92.00599670410156,24.014202117919922,219.9775390625,155.3818359375,42.18375015258789,88.65641784667969,127.58655548095703,55.74866485595703,160.26235961914062,39.36025619506836,90.81130981445312,39.08022689819336,236.05772399902344,167.27980041503906,179.15672302246094,59.00986862182617,116.6820068359375,75.38867950439453,4.016536712646484,101.89611053466797,87.82296752929688,14.27773666381836,15.487333297729492,152.216552734375,37.44491958618164,30.313772201538086,55.25212097167969
2019-05-15,45.66849136352539,58.256404876708984,276.82000732421875,93.55750274658203,23.737300872802734,221.7356414794922,152.4230194091797,42.52433395385742,89.02083587646484,129.0041961669922,58.025474548339844,160.3794708251953,39.75238037109375,90.46556854248047,39.473506927490234,239.1387481689453,168.17527770996094,184.64852905273438,59.108943939208984,118.32515716552734,75.6950454711914,3.9555602073669434,103.44763946533203,88.73777770996094,14.351219177246094,15.463333129882812,154.66775512695312,37.61709213256836,30.18983268737793,55.6602668762207
2019-05-16,45.46755599975586,58.788818359375,283.54998779296875,95.37850189208984,23.989032745361328,224.24600219726562,155.78485107421875,45.35441970825195,88.91045379638672,129.78961181640625,58.70445251464844,160.89804077148438,39.673954010009766,91.62622833251953,39.794559478759766,243.2371826171875,168.95252990722656,185.36221313476562,60.313228607177734,121.05748748779297,75.93832397460938,3.9706802368164062,104.18341827392578,89.9104232788086,14.52113151550293,15.222000122070312,156.8849334716797,37.9945182800293,30.622079849243164,55.652976989746094
2019-05-17,45.20921325683594,58.759254455566406,279.8500061035156,93.44999694824219,23.82960319519043,225.07070922851562,151.9413604736328,45.695003509521484,88.70435333251953,129.3489990234375,57.92536163330078,161.06529235839844,39.11626434326172,91.18171691894531,39.48956298828125,242.40211486816406,168.30201721191406,183.6869354248047,60.000728607177734,120.24999237060547,76.19960021972656,3.8799586296081543,104.3753433227539,89.36152648925781,14.603799819946289,14.0686674118042,156.14271545410156,38.46464920043945,30.486061096191406,55.325008392333984
2019-05-20,43.7955322265625,59.02547836303711,275.45001220703125,92.94850158691406,23.82960319519043,225.5691375732422,153.3273468017578,45.419288635253906,88.93986511230469,128.26663208007812,56.72996520996094,159.70204162597656,37.957332611083984,91.65917205810547,39.208648681640625,243.30441284179688,168.1077423095703,181.12940979003906,60.12266540527344,118.51294708251953,74.64984130859375,3.7614758014678955,103.9594955444336,89.26172637939453,14.782904624938965,13.690667152404785,155.55279541015625,39.073822021484375,30.685550689697266,55.317718505859375
2019-05-21,44.63513946533203,59.80931091308594,278.07000732421875,92.8759994506836,24.07293701171875,226.50257873535156,153.13076782226562,45.832862854003906,89.30789184570312,128.43905639648438,57.214664459228516,160.12020874023438,38.741573333740234,91.97196960449219,39.00796890258789,245.0991973876953,168.82579040527344,183.21112060546875,60.59524917602539,119.15144348144531,75.36164855957031,3.8435213565826416,103.20771026611328,88.46332550048828,14.883934020996094,13.67199993133545,155.9238739013672,39.39828872680664,30.56464958190918,55.57279586791992
2019-05-22,43.72138214111328,60.334354400634766,281.82000732421875,92.98400115966797,23.905122756958008,226.12193298339844,154.9591064453125,45.15980529785156,88.74115753173828,128.2091827392578,57.284542083740234,157.99586486816406,38.34073257446289,91.22286224365234,39.85074234008789,246.57733154296875,168.92718505859375,183.70677185058594,61.723297119140625,119.87440490722656,74.9652099609375,3.772629976272583,104.02347564697266,88.75442504882812,14.824233055114746,12.84866714477539,156.2854461669922,39.23274612426758,30.900156021118164,55.069915771484375
2019-05-23,42.97507095336914,60.00899124145508,274.25,90.77400207519531,23.2925968170166,225.23382568359375,151.09597778320312,43.94342803955078,86.75391387939453,127.1363754272461,56.7636604309082,160.58021545410156,38.80257797241211,89.42838287353516,40.01127624511719,239.6953887939453,168.09083557128906,179.29551696777344,61.75379943847656,118.47537994384766,74.46064758300781,3.6516687870025635,103.94348907470703,88.7876968383789,14.759940147399902,13.03266716003418,153.6876983642578,38.98112869262695,30.78831672668457,53.77989196777344
2019-05-24,42.810020446777344,59.202945709228516,274.7699890136719,91.16400146484375,23.645009994506836,224.119140625,151.88233947753906,44.08938980102539,87.37217712402344,127.19384002685547,56.43012237548828,161.9100341796875,38.83742141723633,90.30918884277344,39.818634033203125,241.37509155273438,167.07704162597656,179.48385620117188,61.86813735961914,118.5317153930664,74.02816772460938,3.597879409790039,103.56759643554688,88.7294921875,14.8196382522583,12.708666801452637,154.76295471191406,39.27909469604492,31.033143997192383,54.005836486816406
2019-05-28,42.63301467895508,57.701786041259766,278.25,91.82150268554688,23.410064697265625,223.22195434570312,152.55079650878906,43.73258972167969,87.0777359008789,127.031005859375,56.477203369140625,160.2038116455078,37.9660530090332,89.3296127319336,39.40929412841797,243.2467498779297,166.14776611328125,182.70556640625,61.174530029296875,118.45661163330078,73.16317749023438,3.5527665615081787,102.07206726074219,86.87487030029297,14.663496017456055,12.579999923706055,155.78111267089844,38.88842010498047,30.957582473754883,52.91990280151367
2019-05-29,42.4296989440918,57.72396469116211,273.3800048828125,90.95950317382812,23.28420639038086,218.12872314453125,150.28990173339844,43.1244010925293,85.94429016113281,126.02526092529297,55.50482940673828,158.8991241455078,38.54115676879883,89.08267211914062,39.01600646972656,243.3715057373047,165.59866333007812,180.60401916503906,60.48851776123047,117.31109619140625,71.06378936767578,3.478651762008667,102.50393676757812,86.65032958984375,14.654313087463379,12.657333374023438,154.8485870361328,38.52424621582031,30.866912841796875,52.59193801879883
2019-05-30,42.649749755859375,57.391197204589844,274.510009765625,90.81600189208984,22.789159774780273,218.8990478515625,153.0127716064453,43.4406623840332,84.9212417602539,126.6286849975586,55.57767868041992,159.8107147216797,38.976844787597656,88.12777709960938,39.52969741821289,243.9762420654297,168.31893920898438,181.41685485839844,60.73244094848633,118.0528564453125,71.41517639160156,3.452099561691284,102.85582733154297,87.598388671875,14.631352424621582,12.54800033569336,154.87710571289062,37.630332946777344,30.88806915283203,52.45344543457031
2019-05-31,41.877140045166016,56.725677490234375,270.8999938964844,88.75350189208984,22.31927490234375,217.12281799316406,148.8350830078125,42.19185256958008,83.7951431274414,126.47542572021484,54.8387336730957,158.78201293945312,38.37559509277344,87.22233581542969,39.433380126953125,241.38473510742188,168.48037719726562,175.92510986328125,60.37419509887695,116.12804412841797,69.69847106933594,3.361522674560547,102.36795806884766,85.58578491210938,14.04352855682373,12.343999862670898,153.5164031982422,35.98818588256836,30.661367416381836,51.57884979248047
2019-06-03,41.45374298095703,55.97880554199219,259.0299987792969,84.6344985961914,22.38640022277832,218.47311401367188,142.6324005126953,41.98912811279297,85.37020111083984,126.88731384277344,51.480506896972656,158.54786682128906,37.87019729614258,87.63389587402344,40.11561965942383,232.52552795410156,168.9137420654297,162.72105407714844,61.174530029296875,112.52251434326172,70.43934631347656,3.3198325634002686,103.1517333984375,86.32598114013672,14.27773666381836,11.9313325881958,150.9186553955078,37.33235549926758,30.818553924560547,52.38784408569336
2019-06-04,42.97029113769531,56.7552604675293,268.7099914550781,86.47799682617188,23.426849365234375,222.5875244140625,148.2452850341797,43.164947509765625,86.33438110351562,129.13829040527344,52.261085510253906,163.29835510253906,39.029136657714844,90.3338851928711,40.13167190551758,239.16754150390625,169.63600158691406,166.04190063476562,61.79952621459961,115.6397933959961,73.74629211425781,3.5486319065093994,103.22370147705078,87.05781555175781,14.456838607788086,12.90666675567627,154.4679718017578,37.22642517089844,30.999902725219727,53.634151458740234
2019-06-05,43.66396713256836,56.98448944091797,272.8599853515625,86.92500305175781,23.418458938598633,224.71725463867188,155.7455291748047,44.397544860839844,86.59197998046875,130.21112060546875,51.77291488647461,165.65658569335938,38.81999588012695,90.65489959716797,40.757720947265625,245.9630584716797,170.06089782714844,166.7060546875,62.26444625854492,118.14678192138672,74.74017333984375,3.505949020385742,105.07913970947266,88.76273345947266,14.54869270324707,13.105999946594238,157.3797149658203,37.762760162353516,31.562110900878906,53.18955612182617
2019-06-06,44.30503463745117,56.991912841796875,274.79998779296875,87.71800231933594,23.519697189331055,227.66262817382812,156.60076904296875,44.681365966796875,88.82209777832031,131.42759704589844,51.92755126953125,166.06080627441406,39.299259185791016,90.85247039794922,41.25535202026367,247.46987915039062,172.5421905517578,166.86468505859375,62.07393264770508,120.0152587890625,74.49620819091797,3.567988157272339,106.32379150390625,89.30330657958984,14.741570472717285,13.729999542236328,158.83567810058594,38.1004753112793,31.77066993713379,54.15888214111328
2019-06-07,45.484310150146484,57.25811004638672,278.1600036621094,90.20149993896484,23.224430084228516,232.01272583007812,158.5274200439453,45.35441970825195,89.4109115600586,132.2225799560547,52.9489860534668,166.17031860351562,40.109642028808594,89.85643768310547,41.32758712768555,255.11973571777344,174.6071319580078,171.8409881591797,62.85136795043945,123.37664794921875,75.36360168457031,3.6106715202331543,107.52412414550781,90.45930480957031,14.920673370361328,13.633333206176758,161.8140869140625,37.90180969238281,32.05781173706055,54.355674743652344
2019-06-10,46.0655632019043,56.90314483642578,280.3399963378906,93.03150177001953,23.679975509643555,232.77398681640625,150.19161987304688,45.751766204833984,90.0071029663086,131.29347229003906,53.662166595458984,166.80201721191406,40.78059387207031,90.82776641845703,41.239295959472656,255.40769958496094,171.0551300048828,173.29820251464844,62.86662673950195,124.5033950805664,74.61371612548828,3.6833815574645996,107.62081146240234,90.41773986816406,14.663496017456055,14.192000389099121,162.54676818847656,37.18007278442383,32.49911880493164,54.59619903564453
2019-06-11,46.59899139404297,57.80531311035156,275.989990234375,93.18499755859375,23.823389053344727,233.00955200195312,147.59649658203125,46.31129455566406,89.1827621459961,129.38734436035156,53.57691955566406,166.7682647705078,40.82417678833008,91.1076431274414,41.19916915893555,253.06570434570312,172.7206268310547,176.54962158203125,63.24769973754883,124.03390502929688,75.22807312011719,3.740953207015991,107.30662536621094,90.96662139892578,14.746164321899414,14.473333358764648,162.0614776611328,37.630332946777344,32.626068115234375,54.545162200927734
2019-06-12,46.4506950378418,58.101112365722656,276.8399963378906,92.76599884033203,23.578746795654297,233.1183319091797,148.70730590820312,45.29766082763672,88.46146392822266,130.00035095214844,53.480770111083984,167.55160522460938,40.36233139038086,89.94697570800781,41.44798278808594,253.24810791015625,174.13970947265625,173.51626586914062,63.80412673950195,123.46114349365234,74.65885162353516,3.628042459487915,107.25829315185547,91.21610260009766,14.778303146362305,13.950667381286621,163.2794647216797,37.98127365112305,32.892066955566406,53.954830169677734
2019-06-13,46.441104888916016,58.38209915161133,276.29998779296875,93.51499938964844,23.570308685302734,235.36587524414062,148.7662811279297,45.54903793334961,88.99139404296875,135.76666259765625,54.071044921875,170.42355346679688,40.69346237182617,90.16925811767578,41.359012603759766,250.70460510253906,173.76580810546875,175.92510986328125,63.186744689941406,124.240478515625,75.54432678222656,3.6791629791259766,107.09716796875,92.23905944824219,14.828825950622559,14.260666847229004,161.14796447753906,38.15343475341797,32.840675354003906,54.42856979370117
2019-06-14,46.10383987426758,58.18985366821289,274.2799987792969,93.4834976196289,23.654672622680664,235.7646484375,147.45889282226562,44.397544860839844,88.91779327392578,135.68045043945312,53.83761215209961,173.30393981933594,40.24906539916992,90.39972686767578,41.504608154296875,249.6487579345703,174.4456329345703,179.75152587890625,63.51667785644531,124.36251068115234,75.39073944091797,3.589329719543457,106.9280014038086,92.48023223876953,14.856376647949219,14.32800006866455,161.44297790527344,38.59046173095703,32.967620849609375,54.188045501708984
2019-06-17,46.37892150878906,58.16027069091797,275.6000061035156,94.30149841308594,23.561874389648438,236.9246368408203,147.73411560058594,44.92463684082031,89.34467315673828,135.0290985107422,54.21377182006836,174.3230743408203,40.19678497314453,89.90583038330078,41.1486930847168,248.78494262695312,173.18801879882812,187.36465454101562,63.9156494140625,124.73808288574219,74.18904113769531,3.5990076065063477,106.75880432128906,92.30559539794922,14.833412170410156,15.001999855041504,161.34779357910156,38.160064697265625,32.994815826416016,54.72736740112305
2019-06-18,47.46968078613281,57.864479064941406,276.7799987792969,95.06849670410156,24.14396095275879,238.11187744140625,148.02902221679688,45.45172119140625,90.4781265258789,133.37200927734375,54.776283264160156,174.74415588378906,41.27729797363281,91.13233184814453,40.962650299072266,248.41055297851562,173.7828369140625,186.82933044433594,64.82875061035156,126.9071044921875,76.16775512695312,3.7938106060028076,106.38823699951172,91.14958190917969,14.897709846496582,14.982666969299316,161.0813446044922,37.96141052246094,33.14292907714844,55.20111083984375
2019-06-19,47.3309326171875,57.391197204589844,291.2099914550781,95.43949890136719,23.89088249206543,238.94561767578125,151.51866149902344,45.5166015625,90.44869995117188,134.98121643066406,54.74010467529297,175.13156127929688,41.01587677001953,90.47380065917969,41.35091781616211,249.42794799804688,173.8168487548828,185.84796142578125,65.49632263183594,127.40469360351562,75.4901123046875,3.799766778945923,107.0246810913086,91.83152770996094,14.883934020996094,15.095333099365234,162.42308044433594,38.160064697265625,33.13386154174805,54.89499282836914
2019-06-20,47.71128463745117,57.9310188293457,302.1099853515625,95.90950012207031,23.848697662353516,242.28973388671875,154.52662658691406,46.55458068847656,91.47174835205078,136.0348358154297,55.1707878112793,177.9193115234375,41.12044143676758,90.70429992675781,41.787723541259766,256.0699768066406,174.30117797851562,187.880126953125,64.91316223144531,128.58775329589844,77.01705169677734,3.824084997177124,108.08000946044922,92.9293212890625,14.943633079528809,14.641332626342773,165.32537841796875,37.96803665161133,33.3454475402832,55.83518600463867
2019-06-21,47.548614501953125,58.256404876708984,299.3299865722656,95.56500244140625,23.7221622467041,241.18408203125,154.1727294921875,46.246421813964844,91.9501724243164,134.3202667236328,55.7739372253418,176.35281372070312,41.355712890625,90.0869369506836,41.69874572753906,253.8431396484375,173.57037353515625,189.47610473632812,64.89013671875,128.6065216064453,77.47787475585938,3.766016960144043,107.91890716552734,92.48023223876953,14.902303695678711,14.790666580200195,165.03990173339844,38.25275802612305,33.59027862548828,56.6223258972168
2019-06-24,47.50078201293945,58.01236343383789,299.8699951171875,95.69499969482422,23.604049682617188,241.76406860351562,149.96551513671875,46.368064880371094,91.93547058105469,133.35287475585938,55.34425354003906,173.07655334472656,41.503841400146484,89.44485473632812,41.99803161621094,254.63983154296875,173.28146362304688,190.92340087890625,65.61138916015625,129.36708068847656,76.34845733642578,3.7883517742156982,108.06390380859375,93.4200210571289,14.962005615234375,14.909333229064941,165.43003845214844,38.58384323120117,33.623531341552734,56.0829963684082
2019-06-25,46.780784606933594,48.5839729309082,287.9700012207031,93.91349792480469,23.418458938598633,241.39248657226562,146.80027770996094,45.4760627746582,91.00070190429688,134.04249572753906,53.90105056762695,172.43643188476562,40.82417678833008,88.7040023803711,41.86861038208008,249.2936248779297,174.80252075195312,187.19610595703125,65.40421295166016,125.28269958496094,74.64981842041016,3.759068727493286,107.79804992675781,92.91270446777344,14.948230743408203,14.650667190551758,162.98451232910156,38.40505599975586,33.46636199951172,55.587379455566406
2019-06-26,47.7926025390625,50.28477096557617,288.7200012207031,94.8915023803711,23.544998168945312,239.6252899169922,146.50535583496094,45.89773178100586,91.21414184570312,134.48312377929688,53.541236877441406,173.8513641357422,41.9918212890625,89.29669189453125,41.35091781616211,250.80052185058594,173.8168487548828,186.0264129638672,64.09981536865234,125.75216674804688,74.58656311035156,3.952134370803833,106.59769439697266,91.25770568847656,14.939044952392578,14.618000030517578,162.775146484375,37.73628616333008,33.29710006713867,55.827903747558594
2019-06-27,47.77825164794922,51.76375198364258,293.2300109863281,95.21399688720703,23.798078536987305,240.68565368652344,148.1273193359375,45.19223403930664,90.61060333251953,133.4294891357422,53.35835647583008,174.35671997070312,41.355712890625,89.5930404663086,41.318572998046875,250.6085968017578,175.2783660888672,187.85037231445312,64.32231903076172,125.9587173461914,75.58950805664062,4.0506510734558105,106.09017181396484,91.2992935180664,15.14570426940918,14.855999946594238,162.93690490722656,37.9084358215332,33.27894973754883,55.25941848754883
2019-06-28,47.34288787841797,53.77515411376953,294.6499938964844,94.68150329589844,24.46453094482422,239.48936462402344,149.1496124267578,44.381324768066406,91.58952331542969,133.75514221191406,53.66415023803711,175.1568145751953,41.71298599243164,92.02957153320312,41.18914794921875,253.90069580078125,176.45956420898438,191.31991577148438,64.33769989013672,125.78035736083984,75.85150909423828,4.075467586517334,105.63902282714844,91.1911849975586,15.3890962600708,14.897333145141602,165.14453125,37.82897186279297,33.396827697753906,55.84975051879883
2019-07-01,48.21120071411133,54.27799606323242,300.9700012207031,96.1094970703125,24.81884002685547,238.8458709716797,151.4400177001953,44.389427185058594,91.88392639160156,135.68045043945312,54.51658630371094,177.10231018066406,41.86982727050781,93.57713317871094,41.73918533325195,256.05078125,175.30389404296875,191.31991577148438,65.02824401855469,127.39533996582031,77.17066955566406,4.123610019683838,106.23519134521484,91.88976287841797,15.352356910705566,15.14466667175293,165.51568603515625,37.517765045166016,33.436126708984375,55.79875183105469
2019-07-02,48.493473052978516,54.89177322387695,301.3900146484375,96.71549987792969,24.591066360473633,240.5859832763672,151.49899291992188,45.25710678100586,90.4781265258789,136.5233917236328,55.141056060791016,176.98448181152344,41.930824279785156,93.67591094970703,42.046573638916016,259.697998046875,178.09107971191406,193.30252075195312,65.61138916015625,128.24037170410156,76.7640609741211,4.025835990905762,106.6863021850586,92.7131118774414,15.540648460388184,14.970000267028809,166.790771484375,38.49113082885742,33.73233413696289,55.186546325683594
2019-07-03,48.895328521728516,55.431583404541016,305.70001220703125,96.94999694824219,24.506711959838867,243.9119110107422,152.94400024414062,46.08945846557617,90.7872543334961,136.95437622070312,55.65598678588867,178.6352081298828,42.27937316894531,93.52668762207031,42.14365005493164,262.1071472167969,180.8357696533203,195.48330688476562,66.67793273925781,129.066650390625,77.88445281982422,4.038740158081055,107.94306945800781,94.87541961669922,15.604939460754395,15.65999984741211,168.3037567138672,38.49113082885742,33.9499626159668,55.71128845214844
2019-07-05,48.85226058959961,53.97480392456055,303.9800109863281,97.14550018310547,24.683862686157227,243.10536193847656,151.951171875,46.1873893737793,90.92708587646484,137.29171752929688,56.1357307434082,178.09619140625,41.89597702026367,94.08209991455078,42.151729583740234,261.2049560546875,179.501708984375,194.6903076171875,65.68045043945312,128.69107055664062,78.44464111328125,3.976205348968506,107.16162872314453,94.10197448730469,15.751900672912598,15.539999961853027,168.1039581298828,38.610328674316406,33.84720230102539,55.485355377197266
2019-07-08,47.84522247314453,52.66592025756836,302.9200134277344,97.61599731445312,24.633249282836914,244.14759826660156,150.21127319335938,45.852821350097656,90.97126007080078,135.91351318359375,55.34870910644531,179.31736755371094,41.66942596435547,93.56815338134766,42.062747955322266,260.6475524902344,180.28343200683594,194.0558624267578,64.48345947265625,128.59716796875,79.94453430175781,3.9012622833251953,106.79104614257812,94.8504867553711,15.728933334350586,15.355999946594238,167.65667724609375,38.332210540771484,34.07088088989258,55.740440368652344
2019-07-09,48.13705062866211,52.68070602416992,304.20001220703125,99.41500091552734,24.759790420532227,244.66415405273438,151.33187866210938,45.97521209716797,90.7872543334961,136.48214721679688,55.72041702270508,178.55096435546875,41.608421325683594,93.966064453125,41.731109619140625,262.67529296875,180.22396850585938,197.4758758544922,65.1126480102539,128.12771606445312,79.54695129394531,3.9037435054779053,106.13043975830078,93.90235900878906,15.712645530700684,15.337332725524902,169.1220703125,37.74539566040039,34.119239807128906,55.70400619506836
2019-07-10,48.61306381225586,52.98390197753906,306.9800109863281,100.87049865722656,24.481401443481445,245.97821044921875,153.6124267578125,46.61989212036133,92.3255386352539,138.3422393798828,56.54411315917969,177.49822998046875,42.00925064086914,93.6924819946289,41.917144775390625,264.6356201171875,180.9972381591797,200.96519470214844,65.08195495605469,129.43283081054688,79.00483703613281,3.971986770629883,108.2813949584961,94.6009521484375,15.815711975097656,15.928000450134277,170.62562561035156,38.14018249511719,34.14945983886719,56.49113464355469
2019-07-11,48.259056091308594,52.68070602416992,307.6000061035156,100.05349731445312,24.768224716186523,250.61837768554688,156.19769287109375,46.75861358642578,92.31819915771484,138.3615264892578,56.70121383666992,180.26913452148438,42.34908676147461,94.58782196044922,42.095115661621094,267.4609680175781,180.73382568359375,199.478271484375,62.150882720947266,129.94924926757812,79.77285766601562,4.126339912414551,108.23307800292969,95.12491607666016,15.6751708984375,15.90666675567627,171.98634338378906,38.08665466308594,34.43358612060547,56.53487014770508
2019-07-12,48.62981033325195,52.76329040527344,309.4200134277344,100.55000305175781,24.844148635864258,253.2465362548828,155.3916473388672,47.28902816772461,92.72298431396484,139.63372802734375,56.7636604309082,183.79800415039062,43.49930953979492,95.58260345458984,42.159812927246094,268.63336181640625,180.98870849609375,203.08660888671875,61.17641830444336,130.4187469482422,80.52275848388672,4.1593451499938965,107.3710708618164,95.63221740722656,15.764179229736328,16.338666915893555,171.59617614746094,38.26731872558594,34.639129638671875,56.57859420776367
2019-07-15,49.086700439453125,52.75578689575195,308.760009765625,101.04949951171875,24.65011978149414,254.27952575683594,156.93492126464844,47.37063980102539,92.5316162109375,139.80722045898438,57.019893646240234,184.19387817382812,43.673587799072266,94.42198181152344,42.16790771484375,268.469970703125,182.02545166015625,202.13491821289062,62.12018585205078,130.4187469482422,80.84806060791016,4.15090799331665,108.0719223022461,96.03972625732422,15.792292594909668,16.899999618530273,171.8245849609375,38.52827835083008,34.75398635864258,56.17772674560547
2019-07-16,48.91685485839844,51.92243957519531,305.70001220703125,100.49500274658203,24.45609474182129,254.34303283691406,154.45779418945312,47.01974105834961,91.82504272460938,139.07472229003906,57.16609573364258,182.98110961914062,42.84577560424805,95.43338775634766,42.17599868774414,265.8272705078125,181.60906982421875,202.0655517578125,62.603607177734375,128.70980834960938,80.05293273925781,4.1461920738220215,107.78998565673828,96.3807144165039,15.731388092041016,16.825332641601562,170.62562561035156,38.414527893066406,34.6874885559082,55.33958435058594
2019-07-17,48.64177703857422,51.29180145263672,309.3900146484375,99.60150146484375,24.624813079833984,255.16773986816406,155.54891967773438,46.68517303466797,91.36870574951172,137.4073944091797,56.83304977416992,181.5913848876953,43.03746795654297,94.49661254882812,42.20835494995117,264.5395202636719,181.60055541992188,200.04331970214844,62.85683059692383,127.94927978515625,79.05906677246094,4.211458683013916,106.96826171875,96.42228698730469,15.58147144317627,16.99066734313965,170.47337341308594,38.28738784790039,34.639129638671875,55.01163101196289
2019-07-18,49.194332122802734,51.23925018310547,310.0799865722656,98.8949966430664,24.86945915222168,256.39111328125,155.29335021972656,47.11767578125,91.76615905761719,136.50140380859375,56.85783004760742,180.6060028076172,43.51673889160156,95.06033325195312,42.08701705932617,265.98101806640625,183.4700164794922,199.0321807861328,63.447608947753906,128.0901336669922,79.00483703613281,4.223120212554932,107.04884338378906,96.6281967163086,15.501829147338867,16.902666091918945,171.7864990234375,38.28070068359375,34.67539978027344,54.545162200927734
2019-07-19,48.4599723815918,51.45697021484375,306.8699951171875,98.22599792480469,24.80197525024414,255.12242126464844,154.0842742919922,46.80757141113281,92.03112030029297,134.78587341308594,56.08022689819336,179.42686462402344,43.80430603027344,94.12357330322266,41.56932067871094,264.84710693359375,181.7365264892578,196.63323974609375,62.45013427734375,128.27793884277344,78.2007064819336,4.1799421310424805,104.80118560791016,96.26826477050781,15.361289024353027,17.211999893188477,170.55897521972656,37.865840911865234,34.42754364013672,54.65447998046875
2019-07-22,49.567481994628906,51.051551818847656,308.54998779296875,99.28150177001953,24.945383071899414,253.9081268310547,155.01809692382812,47.10951232910156,92.2298583984375,135.74002075195312,56.45985794067383,177.93617248535156,44.74538803100586,94.728759765625,41.43181228637695,267.73968505859375,182.69671630859375,200.5587921142578,62.312042236328125,129.9773406982422,77.67664337158203,4.251410484313965,104.95426177978516,96.51102447509766,15.05209732055664,17.045333862304688,171.8245849609375,37.136497497558594,34.101097106933594,54.712799072265625
2019-07-23,49.954986572265625,50.8488655090332,307.8800048828125,99.72450256347656,25.519031524658203,253.84451293945312,153.59278869628906,47.09318161010742,92.60520935058594,136.14480590820312,56.897972106933594,179.4606170654297,45.09393310546875,96.4613265991211,43.94748306274414,268.0854797363281,182.1103973388672,200.5984344482422,62.94119644165039,130.78488159179688,78.33623504638672,4.3591108322143555,105.32484436035156,95.29728698730469,15.033360481262207,17.344667434692383,172.13858032226562,37.12310791015625,33.88044738769531,54.93144989013672
2019-07-24,49.91432189941406,50.646148681640625,310.2699890136719,100.04049682617188,25.873342514038086,254.50616455078125,157.0332489013672,46.70150375366211,93.13516235351562,136.1737060546875,56.485633850097656,180.8333740234375,46.11344909667969,96.8509521484375,43.502593994140625,269.3156433105469,180.81028747558594,202.87838745117188,62.72635269165039,132.12757873535156,78.33623504638672,4.433557510375977,104.09226989746094,94.25098419189453,15.572108268737793,17.658666610717773,174.45091247558594,37.45098114013672,33.85325241088867,54.924163818359375
2019-07-25,49.51964569091797,50.045555114746094,308.7300109863281,98.69100189208984,25.594961166381836,253.57273864746094,156.6400909423828,46.20370864868164,92.46537017822266,138.02423095703125,56.297794342041016,181.54087829589844,45.451210021972656,95.92247772216797,42.92827606201172,268.4507141113281,182.22088623046875,198.9628143310547,62.72635269165039,131.62989807128906,78.86026763916016,4.302529811859131,103.91502380371094,94.39329528808594,15.83913803100586,15.254667282104492,172.79518127441406,37.711944580078125,33.91973876953125,54.61075973510742
2019-07-26,49.69187545776367,50.87138366699219,311.2699890136719,97.15249633789062,25.95770835876465,254.9955291748047,157.24948120117188,46.130271911621094,91.05958557128906,139.4120635986328,61.713775634765625,182.68630981445312,44.95450973510742,96.34525299072266,43.818058013916016,271.0646057128906,183.1895751953125,198.01113891601562,62.48081588745117,132.7096710205078,79.09519958496094,4.3444695472717285,105.71154022216797,96.03390502929688,15.998414039611816,15.202667236328125,174.79348754882812,38.1937141418457,34.161563873291016,54.52330017089844
2019-07-29,50.15592575073242,50.43593978881836,307.2200012207031,95.62249755859375,25.74680519104004,253.87176513671875,153.55343627929688,46.45668411254883,91.43495178222656,141.0890655517578,61.54624938964844,183.6380157470703,45.75618362426758,96.0385513305664,43.672462463378906,270.4592590332031,182.67974853515625,194.23431396484375,63.29417037963867,132.4186553955078,79.16749572753906,4.338266372680664,105.9612808227539,97.0969467163086,16.08742904663086,15.718000411987305,174.33668518066406,38.38776397705078,33.93485641479492,54.90957260131836
2019-07-30,49.94063949584961,50.43593978881836,303.6400146484375,94.92649841308594,26.058942794799805,253.30081176757812,154.29071044921875,46.081295013427734,91.51590728759766,139.68190002441406,60.86033630371094,183.0653076171875,45.05036544799805,95.822998046875,43.45405578613281,267.30718994140625,180.4364013671875,195.3247528076172,63.89265823364258,131.78016662597656,78.78800964355469,4.3538994789123535,105.11537170410156,100.78829193115234,16.01247215270996,16.150667190551758,172.738037109375,37.892601013183594,33.87138366699219,54.9168701171875
2019-07-31,50.95964050292969,50.01552200317383,298.8599853515625,93.33899688720703,25.88178062438965,249.7936248779297,151.8725128173828,45.208152770996094,90.61060333251953,137.83143615722656,60.37464141845703,179.97434997558594,44.04827880859375,96.16288757324219,42.572349548339844,261.6469421386719,179.05978393554688,192.53921508789062,63.67780685424805,127.94927978515625,77.73084259033203,4.186890125274658,102.96441650390625,98.80451202392578,15.951569557189941,16.107332229614258,169.3790740966797,36.98260498046875,33.36357879638672,54.195335388183594
2019-08-01,49.85692596435547,49.399898529052734,298.44000244140625,92.76599884033203,24.87789535522461,248.83291625976562,148.2452850341797,45.199989318847656,88.86627197265625,136.7134552001953,60.05646896362305,179.25,43.13333511352539,93.62618255615234,42.08701705932617,263.4632873535156,179.51014709472656,191.05227661132812,64.21492767333984,129.63002014160156,75.10160064697266,4.092590808868408,102.42467498779297,97.70800018310547,15.984367370605469,15.59000015258789,170.49234008789062,36.97590637207031,33.06132125854492,52.810577392578125
2019-08-02,48.80203628540039,49.06205749511719,293.7099914550781,91.16200256347656,24.78509521484375,246.95703125,143.22218322753906,43.45368194580078,88.8589096069336,136.5785369873047,59.290260314941406,178.6772918701172,42.418800354003906,93.61787414550781,42.329689025878906,258.93695068359375,182.2548370361328,187.3745574951172,64.81340026855469,128.5408477783203,73.31258392333984,4.000028133392334,103.05304718017578,97.46524810791016,16.007789611816406,15.62266731262207,168.82708740234375,37.19671630859375,33.0673713684082,52.2931022644043
2019-08-05,46.247352600097656,48.97197341918945,280.3599853515625,88.25650024414062,23.688413619995117,240.25064086914062,140.39117431640625,41.91954040527344,87.39424896240234,133.29200744628906,57.23002624511719,172.6049041748047,40.928741455078125,90.83248138427734,41.77962875366211,246.8190460205078,178.83035278320312,180.1480255126953,63.77753448486328,124.13721466064453,71.35191345214844,3.74194598197937,100.2173080444336,94.65279388427734,15.689227104187012,15.221332550048828,160.6816864013672,36.949134826660156,31.985271453857422,51.22173309326172
2019-08-06,47.12283706665039,48.62662124633789,286.2099914550781,89.3915023803711,23.975242614746094,244.06600952148438,140.3715057373047,42.92325973510742,87.86528778076172,136.7327423095703,58.03935623168945,175.85589599609375,41.19630432128906,91.54539489746094,42.28114700317383,254.35308837890625,181.91493225097656,182.90379333496094,64.7213363647461,126.46578216552734,73.45716094970703,3.78065824508667,101.86878204345703,95.6572265625,15.909408569335938,15.383333206176758,164.12637329101562,36.83538055419922,32.42354965209961,51.71733093261719
2019-08-07,47.61080551147461,48.39387130737305,289.0199890136719,89.66999816894531,23.528127670288086,248.5882568359375,139.23123168945312,42.71107864379883,87.6592025756836,129.97657775878906,58.27873229980469,175.10629272460938,40.99454116821289,89.55583953857422,43.01724624633789,258.802490234375,184.2517547607422,183.53823852539062,64.64461517333984,127.01972198486328,73.43909454345703,3.8188741207122803,102.94026184082031,96.69518280029297,15.956257820129395,15.561332702636719,166.82884216308594,36.862152099609375,32.704654693603516,51.3820686340332
2019-08-08,48.66090393066406,49.137123107910156,297.7799987792969,91.64450073242188,23.941492080688477,249.0413360595703,141.37416076660156,43.38022994995117,90.6989517211914,132.8968505859375,59.779422760009766,178.1888427734375,41.380516052246094,91.0728988647461,43.429786682128906,267.19183349609375,185.25450134277344,188.50462341308594,65.01289367675781,130.4093475341797,74.9931640625,3.927318572998047,104.30172729492188,98.30232238769531,16.18112564086914,15.886667251586914,171.18702697753906,37.350608825683594,32.96285629272461,52.75225067138672
2019-08-09,48.259918212890625,49.23472213745117,294.8299865722656,90.37899780273438,23.899314880371094,248.26206970214844,140.93179321289062,42.784542083740234,90.10277557373047,133.50404357910156,58.922515869140625,176.88336181640625,40.33658981323242,90.97340393066406,43.21139144897461,264.2224426269531,187.9226837158203,186.21475219726562,65.61906433105469,129.3013916015625,74.07157135009766,3.826070785522461,103.60084533691406,97.74983978271484,16.18112564086914,15.667332649230957,170.37818908691406,37.3238410949707,32.58619689941406,51.629859924316406
2019-08-12,48.137474060058594,48.44643020629883,288.6499938964844,89.24600219726562,23.317230224609375,245.8784942626953,138.32687377929688,42.058265686035156,89.46243286132812,130.83432006835938,58.20884704589844,174.34829711914062,40.00322341918945,89.26567840576172,43.03342819213867,259.465576171875,184.5322265625,183.75631713867188,65.23541259765625,127.49857330322266,73.7734146118164,3.758324384689331,103.39944458007812,97.1220703125,16.153013229370117,15.267333030700684,167.7994384765625,37.263633728027344,31.960466384887695,51.37900161743164
2019-08-13,50.175994873046875,48.80679702758789,293.1700134277344,91.21700286865234,23.384716033935547,250.36451721191406,141.43313598632812,43.02118682861328,90.08069610595703,132.0487060546875,59.31058120727539,175.46002197265625,41.09103775024414,90.64183044433594,43.27610397338867,263.8188781738281,186.716064453125,186.80953979492188,66.04875183105469,130.13705444335938,75.28229522705078,3.872476100921631,104.67230224609375,98.14325714111328,16.331029891967773,15.666666984558105,169.95947265625,37.718624114990234,32.62567901611328,52.013572692871094
2019-08-14,48.6825065612793,47.67314147949219,283.6600036621094,88.14800262451172,22.28802490234375,243.01478576660156,137.34388732910156,41.29935836791992,86.6582260131836,128.03933715820312,57.70085906982422,169.7834930419922,40.240089416503906,86.8781967163086,42.86355972290039,256.7267761230469,183.9543914794922,178.14559936523438,63.99237823486328,126.21796417236328,73.21321105957031,3.7240796089172363,104.0197525024414,96.92115783691406,15.970312118530273,14.641332626342773,165.10647583007812,37.28369903564453,32.25814437866211,49.91798400878906
2019-08-15,48.44000244140625,47.282745361328125,282.7099914550781,88.80599975585938,22.14461326599121,246.06887817382812,139.71290588378906,37.7414665222168,86.07678985595703,128.5790557861328,57.95212173461914,169.95188903808594,40.09095001220703,87.20980072021484,43.57538986206055,261.2818908691406,185.4754180908203,181.0005340576172,64.03843688964844,125.93538665771484,71.83983612060547,3.6918184757232666,105.30872344970703,98.26045989990234,16.08742904663086,14.37600040435791,167.97486877441406,37.671783447265625,34.22947311401367,49.62282180786133
2019-08-16,49.58293151855469,48.3713493347168,287.45001220703125,89.62850189208984,22.80262565612793,248.40696716308594,141.4429473876953,38.32084655761719,86.11394500732422,130.3042449951172,58.44227981567383,171.51841735839844,40.792762756347656,89.29884338378906,44.01219177246094,263.6554260253906,185.6453399658203,182.10089111328125,65.26611328125,128.2434539794922,72.53553771972656,3.959578514099121,106.14656829833984,99.75873565673828,16.3825626373291,14.662667274475098,169.8426055908203,37.90599060058594,34.320587158203125,50.39760971069336
2019-08-19,50.507354736328125,49.97048568725586,287.9700012207031,90.80599975585938,23.005098342895508,249.7754364013672,141.22669982910156,39.57752990722656,87.22932434082031,130.3909912109375,59.49444580078125,175.1399688720703,41.433170318603516,90.10297393798828,44.23869323730469,267.22076416015625,185.90882873535156,184.5493621826172,66.13314056396484,130.39138793945312,73.30355072021484,4.238010406494141,106.79911041259766,100.64601135253906,16.574642181396484,15.121999740600586,171.28158569335938,38.14018249511719,34.569679260253906,51.24616241455078
2019-08-20,50.509761810302734,49.85786056518555,285.7099914550781,90.06900024414062,22.541109085083008,247.3829345703125,143.06488037109375,39.11238479614258,86.3519058227539,130.23678588867188,58.656375885009766,182.837890625,40.880496978759766,88.95896911621094,43.58346939086914,266.23089599609375,185.6453399658203,182.2099151611328,65.71880340576172,129.30804443359375,72.76144409179688,4.165797233581543,106.38823699951172,99.52438354492188,16.387252807617188,15.057332992553711,170.80506896972656,37.65171813964844,34.03507995605469,50.93626022338867
2019-08-21,51.05721664428711,50.706214904785156,291.5299987792969,91.177001953125,22.718265533447266,249.8388671875,144.8736114501953,39.7978515625,87.65315246582031,130.8439483642578,59.05534362792969,185.62564086914062,41.36298751831055,89.20765686035156,43.761444091796875,271.0069885253906,187.54885864257812,181.95217895507812,66.68560791015625,130.7493438720703,74.75825500488281,4.249176025390625,106.61380767822266,99.7754898071289,16.47157859802246,14.722000122070312,172.42506408691406,37.865840911865234,34.02595901489258,51.445404052734375
2019-08-22,51.013999938964844,50.69118881225586,287.69000244140625,90.23300170898438,22.937602996826172,253.68141174316406,145.718994140625,39.3163948059082,87.54163360595703,131.15237426757812,59.052371978759766,186.1478271484375,41.038387298583984,90.12782287597656,44.076900482177734,269.81536865234375,186.5121307373047,180.45529174804688,66.5398178100586,129.79786682128906,75.27326965332031,4.2553815841674805,106.87159729003906,99.95964813232422,16.579326629638672,14.8100004196167,171.61509704589844,37.99296569824219,33.992557525634766,51.334720611572266
2019-08-23,48.65610122680664,49.52752685546875,282.44000244140625,87.48100280761719,22.330211639404297,248.32546997070312,148.99234008789062,38.03522872924805,85.64549255371094,126.9020767211914,57.17204284667969,183.15794372558594,39.441776275634766,87.88956451416016,43.47023391723633,261.2818908691406,182.40785217285156,176.20266723632812,65.17403411865234,125.66218566894531,72.68011474609375,4.031047821044922,104.94621276855469,98.20185089111328,16.312297821044922,14.09333324432373,166.9838104248047,37.41752624511719,33.66450500488281,49.7999153137207
2019-08-26,49.58053970336914,49.895389556884766,288.739990234375,88.44349670410156,22.59172821044922,252.3583221435547,152.50164794921875,38.43509292602539,86.06189727783203,129.73562622070312,58.044307708740234,184.1517333984375,39.9681282043457,88.5942153930664,44.11735534667969,265.6446533203125,184.31980895996094,178.78994750976562,65.89530181884766,127.60287475585938,74.31552124023438,4.105742931365967,107.74166107177734,99.8759536743164,16.363826751708984,14.333333015441895,169.2327117919922,37.946136474609375,34.01685333251953,50.065555572509766
2019-08-27,49.02108383178711,49.30229187011719,289.45001220703125,88.09149932861328,22.330211639404297,264.9736022949219,150.95835876464844,38.182125091552734,86.12883758544922,129.61996459960938,58.02647018432617,183.7811737060547,40.16991424560547,87.65744018554688,44.262962341308594,265.84649658203125,183.58895874023438,179.72177124023438,65.61906433105469,127.87609100341797,74.11674499511719,4.015166282653809,108.56336975097656,100.90552520751953,16.26544952392578,14.272000312805176,169.9855194091797,38.260623931884766,34.1474494934082,49.578548431396484
2019-08-28,49.350032806396484,49.602596282958984,282.1300048828125,88.2125015258789,22.650779724121094,266.8857421875,149.24795532226562,38.247406005859375,86.87240600585938,131.60537719726562,58.17167663574219,186.93109130859375,40.16991424560547,88.53617095947266,44.578426361083984,267.38409423828125,185.3054656982422,180.17774963378906,66.35565948486328,127.70646667480469,75.42686462402344,4.004733085632324,108.9097900390625,101.61698150634766,16.377885818481445,14.37266731262207,170.2619171142578,38.775856018066406,34.238590240478516,49.94009780883789
2019-08-29,50.18561553955078,49.7152099609375,286.6300048828125,89.31999969482422,23.055707931518555,269.3652648925781,153.27821350097656,38.573822021484375,87.38548278808594,132.84866333007812,59.18717575073242,191.45382690429688,41.11735916137695,90.5423355102539,44.52989959716797,270.40155029296875,187.404296875,183.95462036132812,66.5398178100586,130.11817932128906,77.14358520507812,4.148309230804443,109.57843017578125,101.4328384399414,16.466896057128906,14.780667304992676,172.6442413330078,38.7691535949707,34.65168380737305,50.4935417175293
2019-08-30,50.120792388916016,49.3548583984375,284.510009765625,88.81449890136719,23.207557678222656,267.7213439941406,153.4158477783203,38.19844436645508,87.53419494628906,132.28965759277344,59.0033073425293,191.95074462890625,41.5910758972168,91.0728988647461,44.521812438964844,270.3919677734375,186.19984436035156,184.05372619628906,66.34800720214844,129.8732452392578,76.54568481445312,4.160977363586426,110.15040588378906,100.63764190673828,16.5184268951416,15.040666580200195,172.3107147216797,38.91636276245117,34.70636749267578,50.53042221069336
2019-09-03,49.39085006713867,49.099586486816406,282.45001220703125,89.49199676513672,22.819499969482422,265.25994873046875,150.1326446533203,37.945472717285156,86.45598602294922,131.3740692138672,57.963531494140625,188.7165985107422,41.21385192871094,89.99520111083984,44.732120513916016,269.1810607910156,185.48233032226562,180.80227661132812,66.48611450195312,128.15866088867188,76.69969177246094,4.0780110359191895,110.738525390625,101.58348083496094,16.574642181396484,15.000666618347168,170.76699829101562,38.8360710144043,34.82177734375,50.58946228027344
2019-09-04,50.22882843017578,49.83533477783203,284.6000061035156,90.03099822998047,23.190690994262695,268.9566650390625,149.86721801757812,38.61461639404297,87.1847152709961,132.8968505859375,58.59393310546875,189.93678283691406,42.915748596191406,91.0811767578125,45.11229705810547,274.93743896484375,186.65264892578125,185.51092529296875,66.02572631835938,129.65655517578125,78.22156524658203,4.192026615142822,112.09996032714844,103.13202667236328,16.733924865722656,14.711999893188477,173.21604919433594,38.929752349853516,35.207550048828125,51.128116607666016
2019-09-05,51.21088409423828,50.323326110839844,287.75,92.03600311279297,23.87851333618164,269.7286682128906,151.1549530029297,39.51225280761719,87.47470092773438,133.8124237060547,60.076786041259766,193.32623291015625,43.95090866088867,93.1536636352539,44.586517333984375,280.6840515136719,187.49832153320312,189.2382049560547,66.06409454345703,131.93637084960938,80.09671783447266,4.464773654937744,110.30323028564453,102.75536346435547,16.813566207885742,15.305333137512207,176.03672790527344,39.20409393310547,35.064788818359375,51.85123825073242
2019-09-06,51.206077575683594,50.76628494262695,284.94000244140625,91.67549896240234,23.54732894897461,275.8957824707031,148.50083923339844,39.854984283447266,87.93572235107422,134.49673461914062,59.78586959838867,195.8513946533203,44.67026138305664,93.35260009765625,44.675498962402344,280.0113220214844,187.95962524414062,185.85787963867188,66.42475128173828,131.04144287109375,80.3412857055664,4.437697410583496,111.4307632446289,102.84742736816406,16.982208251953125,15.16333293914795,176.9991912841797,39.51858901977539,34.84912109375,52.3382453918457
2019-09-09,51.424583435058594,50.07558059692383,279.29998779296875,91.56749725341797,24.311588287353516,271.57232666015625,146.99685668945312,39.64281463623047,88.77596282958984,133.8028106689453,59.733829498291016,197.3258056640625,45.258026123046875,95.66549682617188,44.10117721557617,272.3042907714844,185.5933837890625,187.11683654785156,64.04611206054688,129.55296325683594,80.32317352294922,4.483651161193848,110.6439208984375,102.26150512695312,17.23519515991211,15.452667236328125,173.0063934326172,39.25092697143555,35.33511734008789,52.7514533996582
2019-09-10,52.03206253051758,51.18669509887695,276.1400146484375,91.02749633789062,24.9229793548584,269.7558898925781,147.10501098632812,40.156917572021484,90.6052017211914,130.87289428710938,59.755130767822266,197.4359893798828,45.45981216430664,96.88412475585938,44.00410461425781,261.7046813964844,179.1182098388672,184.5493621826172,62.68031692504883,128.19635009765625,78.65638732910156,4.550222873687744,110.20589447021484,100.34466552734375,17.605287551879883,15.702667236328125,168.05108642578125,39.95350646972656,35.25008010864258,53.17945098876953
2019-09-11,53.686431884765625,52.170188903808594,277.7799987792969,91.14949798583984,25.016387939453125,264.0246887207031,151.46951293945312,40.82605743408203,90.18132019042969,131.2584228515625,60.46384811401367,197.14788818359375,46.31074523925781,97.1493911743164,44.30339813232422,259.4175109863281,179.5623779296875,186.8491668701172,63.62412643432617,128.23399353027344,78.58389282226562,4.578790187835693,110.6114730834961,101.5081558227539,18.148717880249023,16.47333335876465,166.74559020996094,40.23455047607422,35.24095916748047,53.07612609863281
2019-09-12,53.56637954711914,53.17620849609375,278.0199890136719,92.17749786376953,25.194713592529297,263.2980651855469,152.11827087402344,40.744449615478516,90.28543090820312,132.5209503173828,61.205772399902344,198.1138916015625,46.503746032714844,97.74626159667969,44.578426361083984,265.6158447265625,181.22816467285156,185.83804321289062,63.9233512878418,129.55296325683594,79.41730499267578,4.577298164367676,111.36587524414062,102.76374816894531,17.980066299438477,16.391332626342773,169.60438537597656,40.43528366088867,35.51433563232422,53.113033294677734
2019-09-13,52.5242919921875,52.935970306396484,278.3500061035156,91.96700286865234,25.61929702758789,265.12371826171875,150.3783721923828,40.82605743408203,90.34491729736328,133.02215576171875,61.45655059814453,198.26638793945312,46.09143829345703,99.66950225830078,44.21176528930664,265.5389404296875,179.229248046875,185.56048583984375,63.807498931884766,129.36451721191406,79.10023498535156,4.5194220542907715,110.6763916015625,102.21965789794922,17.75988006591797,16.34666633605957,168.927734375,40.12079620361328,35.66924285888672,53.600013732910156
2019-09-16,52.800411224365234,52.98851013183594,282.92999267578125,90.39199829101562,25.585329055786133,262.2080993652344,150.4078826904297,40.76893997192383,92.2931137084961,130.88253784179688,61.040245056152344,195.7327880859375,45.79316711425781,98.78247833251953,43.96731948852539,263.38641357421875,177.17051696777344,184.59893798828125,63.359493255615234,128.431884765625,79.054931640625,4.476448059082031,109.41095733642578,100.2358627319336,17.478796005249023,16.187332153320312,167.82237243652344,39.8129997253418,35.104270935058594,54.40431213378906
2019-09-17,52.99251174926758,53.75428009033203,284.69000244140625,91.12750244140625,25.423986434936523,264.6786804199219,150.2211151123047,40.32011795043945,92.12210083007812,131.3740692138672,60.95350646972656,195.07186889648438,45.573856353759766,98.29339599609375,44.195465087890625,265.4717102050781,179.26339721679688,186.4427490234375,63.730247497558594,129.43048095703125,79.34483337402344,4.497809886932373,110.07608795166016,101.41612243652344,17.408531188964844,16.319332122802734,168.14634704589844,40.060577392578125,35.389801025390625,53.991111755371094
2019-09-18,53.48954772949219,53.50654983520508,279.7200012207031,90.87300109863281,25.47493553161621,265.6050720214844,150.17198181152344,40.26300811767578,92.33771514892578,131.8463134765625,61.09080123901367,195.59718322753906,45.38963317871094,99.2798843383789,44.187320709228516,264.3665466308594,179.75885009765625,186.50222778320312,64.12418365478516,130.4950408935547,79.78871154785156,4.470733642578125,109.91387176513672,101.6253433227539,17.221139907836914,16.232667922973633,167.0409393310547,40.1007194519043,35.58723449707031,53.73284912109375
2019-09-19,53.05494689941406,53.80684280395508,281.260009765625,91.07499694824219,25.32208824157715,261.42706298828125,150.98785400390625,40.14059066772461,91.95105743408203,128.47305297851562,61.39311599731445,193.3008575439453,45.24049377441406,98.96488189697266,44.42361068725586,265.1449890136719,179.8357391357422,188.48483276367188,64.85795593261719,132.89727783203125,79.44446563720703,4.39522123336792,109.89764404296875,102.03549194335938,17.403844833374023,16.440000534057617,167.67942810058594,40.134178161621094,35.57205581665039,53.37128448486328
2019-09-20,52.27938461303711,54.34738540649414,277.9100036621094,89.70800018310547,25.12678337097168,260.0918273925781,152.56063842773438,40.475162506103516,92.44181060791016,127.4803695678711,60.951534271240234,190.37745666503906,44.494815826416016,98.56695556640625,43.926578521728516,260.5899353027344,178.8704376220703,188.276611328125,65.777099609375,131.3616943359375,78.5204849243164,4.289649486541748,109.27305603027344,102.32009887695312,17.75988006591797,16.041332244873047,165.86883544921875,40.341609954833984,35.532554626464844,53.18681716918945
2019-09-23,52.517093658447266,54.7527961730957,277.44000244140625,89.26499938964844,25.067338943481445,261.19091796875,152.0199737548828,40.32828140258789,92.87310791015625,127.66348266601562,61.19190216064453,191.71627807617188,44.65272903442383,98.5503921508789,44.113983154296875,262.49261474609375,180.70706176757812,185.1937255859375,65.1591796875,131.07908630371094,79.43541717529297,4.343055725097656,109.86519622802734,103.140380859375,17.614660263061523,16.082000732421875,166.67886352539062,40.28806686401367,35.72695541381836,53.22370529174805
2019-09-24,52.26736068725586,54.7678108215332,272.4700012207031,87.08049774169922,24.574827194213867,261.4997863769531,149.4641876220703,40.083465576171875,92.01054382324219,127.19120788574219,60.38108444213867,191.0044708251953,43.70528793334961,97.26544189453125,44.244361877441406,260.5418701171875,181.1171417236328,179.70193481445312,64.5721435546875,129.42105102539062,78.97343444824219,4.285675048828125,109.80033111572266,103.46685791015625,17.5115966796875,14.880666732788086,166.2690887451172,40.48881149291992,35.96389389038086,52.49319839477539
2019-09-25,53.07174301147461,54.122154235839844,277.42999267578125,88.41649627685547,24.838064193725586,262.0446472167969,150.38819885253906,40.48332595825195,91.83951568603516,128.2706298828125,61.74945068359375,193.283935546875,44.757999420166016,97.82087707519531,44.138427734375,262.10833740234375,181.63818359375,181.20872497558594,64.18595886230469,131.28636169433594,82.26171112060547,4.427265167236328,109.58129119873047,102.97296905517578,17.5115966796875,15.24666690826416,167.03140258789062,40.328216552734375,35.985137939453125,52.64813995361328
2019-09-26,52.79801940917969,55.578636169433594,283.80999755859375,86.99199676513672,24.736162185668945,261.8176574707031,149.74925231933594,39.846824645996094,89.34852600097656,126.5165786743164,61.56855773925781,194.7158966064453,44.67026138305664,97.01676940917969,44.31768798828125,263.20391845703125,181.612548828125,178.54209899902344,64.78843688964844,131.4558868408203,83.49370574951172,4.405156135559082,110.09233856201172,104.05278015136719,17.5115966796875,16.17066764831543,167.38401794433594,40.441978454589844,35.93350601196289,52.36775207519531
2019-09-27,52.541107177734375,56.19424819946289,277.5400085449219,86.27249908447266,24.9229793548584,259.7195129394531,145.7386474609375,39.854984283447266,88.18853759765625,125.25402069091797,60.75873947143555,194.7752685546875,44.547447204589844,97.58876037597656,44.25250244140625,258.6295471191406,182.09092712402344,175.55831909179688,64.03921508789062,129.75076293945312,83.62051391601562,4.266549110412598,109.99500274658203,104.2704086303711,17.53501319885254,16.142000198364258,165.81166076660156,40.34830093383789,35.979068756103516,52.74408721923828
2019-09-30,53.77767562866211,56.847412109375,276.25,86.79550170898438,24.77013397216797,261.6813659667969,145.9156036376953,40.32011795043945,88.18853759765625,125.60095977783203,60.520347595214844,196.6055908203125,45.20539474487305,97.56388092041016,44.358421325683594,260.9743347167969,183.4150390625,176.52976989746094,65.0201416015625,130.97544860839844,85.0789566040039,4.323927879333496,111.21176147460938,104.11135864257812,17.727088928222656,16.058000564575195,163.91526794433594,40.38845443725586,36.04893493652344,52.102115631103516
2019-10-01,53.926551818847656,54.97802734375,272.7099914550781,86.78250122070312,24.150243759155273,257.8847961425781,145.17832946777344,38.95734405517578,86.2626953125,124.85884094238281,59.7700080871582,195.80908203125,44.529903411865234,95.78984069824219,44.529541015625,260.36883544921875,178.55435180664062,174.279541015625,64.57989501953125,129.12905883789062,83.59333801269531,4.3221893310546875,111.4307632446289,103.66771697998047,17.52564811706543,16.312667846679688,166.0880584716797,40.04719543457031,35.796810150146484,50.877227783203125
2019-10-02,52.57472229003906,54.15218734741211,266.6600036621094,85.6614990234375,23.6407413482666,258.9565124511719,141.76739501953125,37.99443435668945,83.4965591430664,124.46369171142578,58.37834930419922,191.12313842773438,43.32804870605469,93.8831558227539,43.250282287597656,254.16099548339844,176.2052001953125,173.08009338378906,63.042816162109375,126.84921264648438,82.87770080566406,4.298344612121582,108.64844512939453,101.34913635253906,17.371051788330078,16.208667755126953,161.8379669189453,39.418212890625,35.271339416503906,49.549041748046875
2019-10-03,53.02131271362305,55.443477630615234,272.3999938964844,86.22100067138672,23.615266799926758,262.48974609375,144.5000762939453,38.69330596923828,84.13603210449219,123.50955200195312,58.948787689208984,192.1907958984375,43.889503479003906,93.74946594238281,43.86954116821289,257.822265625,179.41717529296875,177.8184814453125,63.907901763916016,128.38478088378906,83.53900146484375,4.503771781921387,111.88500213623047,101.90158081054688,17.422578811645508,15.535332679748535,164.73484802246094,39.48511505126953,35.329044342041016,50.161476135253906
2019-10-04,54.507606506347656,56.0516242980957,276.9599914550781,86.98249816894531,24.09079933166504,264.914794921875,145.5125732421875,39.071529388427734,84.65654754638672,125.55278015136719,60.01583480834961,193.1398162841797,44.67026138305664,95.78005981445312,44.43990707397461,263.3671875,180.83518981933594,178.879150390625,65.65351104736328,130.11817932128906,84.30896759033203,4.520166873931885,113.791259765625,103.79328918457031,17.572494506835938,15.428667068481445,167.69851684570312,40.08064651489258,35.89097595214844,50.8919792175293
2019-10-07,54.51961898803711,55.80387878417969,276.8999938964844,86.63300323486328,24.039844512939453,266.4952087402344,146.2694854736328,39.27708053588867,84.21783447265625,126.15996551513672,59.88151550292969,192.1314697265625,44.40708541870117,95.57113647460938,43.89398193359375,261.5700988769531,181.03167724609375,178.1158447265625,65.1823501586914,129.17608642578125,84.39954376220703,4.578790187835693,112.21760559082031,102.82231140136719,17.642765045166016,15.847999572753906,166.6693115234375,40.31483840942383,35.60849380493164,50.19099044799805
2019-10-08,53.88092041015625,55.203269958496094,270.8299865722656,85.27549743652344,23.462421417236328,265.1146240234375,143.42861938476562,38.14242172241211,83.0652847290039,123.81796264648438,58.983482360839844,192.07217407226562,43.62632369995117,93.44027709960938,43.65769577026367,256.9614562988281,180.33975219726562,176.20266723632812,64.33271789550781,127.81012725830078,83.11324310302734,4.402424335479736,111.32530975341797,101.22354888916016,17.558435440063477,16.003332138061523,164.3060302734375,39.960208892822266,35.71479797363281,49.21698760986328
2019-10-09,54.512413024902344,55.030574798583984,274.2699890136719,86.09950256347656,23.683198928833008,269.6650390625,144.54925537109375,38.5124397277832,84.12859344482422,124.64682006835938,59.591583251953125,193.9956817626953,44.28427505493164,94.11712646484375,43.86138916015625,261.9356994628906,181.8090362548828,178.28439331054688,65.0201416015625,130.231201171875,83.81073760986328,4.488868713378906,111.82010650634766,102.10247039794922,17.675434112548828,16.302000045776367,166.65023803710938,40.03795623779297,36.124874114990234,49.76301956176758
2019-10-10,55.24715042114258,55.89395523071289,274.9800109863281,86.01300048828125,24.15873146057129,269.883056640625,143.9201202392578,37.94510269165039,85.20680236816406,124.65644836425781,59.94198226928711,196.25816345214844,44.83694076538086,95.43744659423828,43.72288131713867,263.4654846191406,180.89498901367188,178.4628143310547,64.69573974609375,131.04144287109375,84.24555206298828,4.546497344970703,111.8525619506836,102.06898498535156,17.851951599121094,16.31599998474121,166.65023803710938,40.45037078857422,36.3314208984375,50.3607063293457
2019-10-11,56.716636657714844,56.08436584472656,278.2900085449219,86.59600067138672,24.549348831176758,270.3008728027344,146.82977294921875,38.28219223022461,86.36676025390625,125.31182861328125,60.25123977661133,198.84263610839844,45.6966667175293,97.05018615722656,43.429534912109375,265.4668273925781,178.55435180664062,182.58660888671875,65.14372253417969,131.58778381347656,85.04273986816406,4.620025634765625,111.64981079101562,101.35749053955078,17.928279876708984,16.525999069213867,168.7276611328125,40.51797866821289,36.52278137207031,50.89936828613281
2019-10-14,56.63499450683594,56.18339920043945,277.7799987792969,86.82150268554688,24.744657516479492,270.22821044921875,146.82977294921875,37.862876892089844,86.38908386230469,125.00341796875,60.353336334228516,198.4358367919922,45.30189895629883,97.30924987792969,43.429534912109375,265.9190673828125,178.00765991210938,181.6845245361328,65.41407775878906,131.46531677246094,85.94857025146484,4.633439064025879,111.49564361572266,100.48699188232422,17.875804901123047,17.130666732788086,169.01351928710938,40.29486083984375,36.19776916503906,51.04694366455078
2019-10-15,56.50293731689453,56.74706268310547,279.3900146484375,88.36900329589844,25.24565887451172,271.0184020996094,150.14247131347656,38.117767333984375,86.48574829101562,125.06122589111328,61.56607437133789,199.65611267089844,46.18793869018555,100.24234771728516,43.600650787353516,268.0165100097656,177.0167236328125,187.24569702148438,65.68439483642578,133.3683319091797,85.8670425415039,4.877864360809326,110.58714294433594,98.10140228271484,18.08094596862793,17.19266700744629,170.338134765625,40.93715286254883,36.30712127685547,51.224037170410156
2019-10-16,56.27483367919922,56.9374885559082,272.70001220703125,88.87149810791016,25.61929702758789,271.3725280761719,144.47061157226562,38.4713134765625,85.59345245361328,126.12140655517578,61.60374450683594,199.89332580566406,46.012481689453125,100.00834655761719,43.58435821533203,267.73748779296875,177.93927001953125,187.89996337890625,65.22867584228516,132.27554321289062,85.94857025146484,4.824210166931152,110.66012573242188,98.37762451171875,18.028467178344727,17.316667556762695,169.49954223632812,40.761375427246094,36.27370834350586,50.345951080322266
2019-10-17,56.493324279785156,57.23455810546875,269.239990234375,89.3740005493164,25.69571876525879,274.66058349609375,143.68418884277344,38.668643951416016,85.77188873291016,127.57672882080078,62.089439392089844,200.63058471679688,45.494895935058594,100.56822204589844,43.82879638671875,266.0440673828125,176.70069885253906,188.73260498046875,64.72663116455078,131.59722900390625,86.5645751953125,4.826198101043701,111.09817504882812,98.24789428710938,18.038009643554688,17.46466636657715,169.56625366210938,40.842506408691406,36.401275634765625,50.279541015625
2019-10-18,56.76465606689453,58.239994049072266,265.5199890136719,87.87550354003906,25.772144317626953,275.07843017578125,141.6395721435547,38.4055290222168,85.31834411621094,126.15030670166016,61.67362594604492,201.61343383789062,45.05626678466797,100.74369812011719,44.635459899902344,260.38671875,178.11013793945312,184.23216247558594,65.40633392333984,129.44932556152344,87.05374908447266,4.731805324554443,110.5222396850586,98.95549011230469,18.352872848510742,17.1299991607666,167.4412078857422,41.27518844604492,36.18865966796875,49.888465881347656
2019-10-21,57.749114990234375,58.87984085083008,266.8399963378906,89.28299713134766,26.341087341308594,273.46160888671875,142.09173583984375,38.964637756347656,86.70880889892578,125.54312896728516,61.66718673706055,200.5712432861328,45.73175811767578,103.24225616455078,44.187320709228516,263.91778564453125,179.26339721679688,188.10809326171875,65.28276824951172,130.41024780273438,87.16243743896484,4.868923664093018,110.41679382324219,100.31175231933594,18.23837661743164,16.899999618530273,168.12730407714844,41.0723762512207,36.37091064453125,50.722267150878906
2019-10-22,57.6170539855957,59.313995361328125,261.0899963378906,88.2864990234375,26.493938446044922,272.4534912109375,139.90951538085938,39.096195220947266,87.59368896484375,127.60565948486328,61.51453399658203,200.99488830566406,45.62649154663086,104.2784194946289,43.877685546875,251.37135314941406,170.2254638671875,180.75271606445312,62.79563903808594,128.4695281982422,86.600830078125,4.8589863777160645,110.85481262207031,102.92314910888672,18.209753036499023,17.038667678833008,162.81942749023438,41.08588790893555,36.32231521606445,50.98053741455078
2019-10-23,58.390201568603516,59.222591400146484,261.32000732421875,88.1084976196289,26.680753707885742,270.04644775390625,142.66189575195312,38.685089111328125,87.72752380371094,126.38166046142578,62.32881164550781,198.85104370117188,45.37208938598633,104.55416870117188,44.52138900756836,250.97686767578125,170.1742401123047,184.52952575683594,64.00830078125,129.28915405273438,83.62957763671875,4.846070289611816,111.49564361572266,103.6139144897461,18.00461196899414,16.978666305541992,163.25784301757812,41.16026306152344,36.25244903564453,51.467533111572266
2019-10-24,58.486244201660156,58.49897384643555,269.70001220703125,89.03900146484375,26.629804611206055,269.80133056640625,145.60101318359375,38.15887451171875,87.43011474609375,125.54312896728516,62.40217208862305,198.19015502929688,45.81948471069336,104.47898864746094,44.4969482421875,258.5778503417969,167.44918823242188,184.75755310058594,63.7843132019043,131.83279418945312,82.88676452636719,4.890036582946777,111.8525619506836,105.12178802490234,17.565710067749023,19.978666305541992,167.8700408935547,40.957435607910156,36.17650604248047,50.98053741455078
2019-10-25,59.20658874511719,58.29332733154297,270.9800109863281,88.06649780273438,26.935501098632812,269.30169677734375,147.93072509765625,38.5617561340332,88.2406005859375,126.15996551513672,62.65938186645508,198.60537719726562,49.53031539916992,105.31459045410156,43.796207427978516,259.9633483886719,166.2447052001953,186.25437927246094,63.537139892578125,132.5769805908203,82.36133575439453,5.080809593200684,110.83859252929688,103.82451629638672,17.6086483001709,21.875333786010742,169.48049926757812,40.815460205078125,36.15828323364258,51.09859848022461
2019-10-28,59.799659729003906,59.664405822753906,271.3500061035156,88.85399627685547,27.037405014038086,271.5179443359375,152.1575927734375,38.78376388549805,88.09931945800781,125.8033676147461,63.882530212402344,200.65599060058594,49.793487548828125,105.71570587158203,43.649532318115234,265.486083984375,163.8271942138672,187.75125122070312,63.49081039428711,135.83653259277344,82.29796600341797,5.13670015335083,110.78182983398438,104.01828002929688,18.36241912841797,21.847333908081055,171.3768310546875,40.687007904052734,36.21295166015625,50.64848709106445
2019-10-29,58.41661071777344,59.771053314208984,271.45001220703125,88.135498046875,27.232709884643555,268.7203674316406,152.45249938964844,38.841312408447266,87.83906555175781,124.79137420654297,62.47898864746094,198.40196228027344,49.4250373840332,105.64884185791016,43.5191764831543,263.908203125,164.5447540283203,187.66204833984375,65.7307357788086,134.55532836914062,80.8757553100586,5.040567874908447,110.38435363769531,104.11936950683594,18.157272338867188,21.08133316040039,169.2708282470703,40.693756103515625,35.584197998046875,50.50090408325195
2019-10-30,58.40941619873047,60.67744445800781,278.4100036621094,88.99949645996094,26.8505859375,272.3353576660156,155.58822631835938,39.10442352294922,86.52294158935547,124.90703582763672,62.480960845947266,200.18145751953125,49.65312194824219,105.06390380859375,43.95101547241211,266.65985107421875,168.19236755371094,186.61126708984375,66.59581756591797,136.23219299316406,81.7000732421875,5.042555809020996,111.04950714111328,105.24816131591797,18.22406578063965,21.000667572021484,170.8146209716797,41.11969757080078,35.87276840209961,49.96963882446289
2019-10-31,59.73003387451172,60.59367752075195,277.92999267578125,88.83300018310547,26.553377151489258,270.4419860839844,153.82870483398438,39.06330490112305,86.35934448242188,125.21544647216797,62.386802673339844,198.77481079101562,49.591712951660156,104.38704681396484,44.35027313232422,266.33282470703125,168.03005981445312,189.98167419433594,66.9356918334961,135.06402587890625,81.12033081054688,4.993371963500977,111.2685317993164,104.88594055175781,18.36241912841797,20.994667053222656,170.44296264648438,40.8830680847168,35.617610931396484,49.85894012451172
2019-11-01,61.42521667480469,62.26942825317383,277.82000732421875,89.5719985961914,27.003433227539062,269.5135803222656,157.02342224121094,38.668643951416016,86.41139221191406,127.94298553466797,63.05339050292969,201.11355590820312,49.57416534423828,106.79367065429688,43.918434143066406,268.488037109375,165.67234802246094,191.93450927734375,65.60716247558594,135.39378356933594,80.78514862060547,5.0323710441589355,111.07386016845703,104.34680938720703,18.581867218017578,20.887332916259766,172.41549682617188,40.815460205078125,35.72695541381836,51.35686492919922
2019-11-04,61.82859420776367,63.21394729614258,277.5,90.23300170898438,27.512929916381836,270.1780700683594,154.91981506347656,39.03864288330078,90.39695739746094,128.1068115234375,63.91376495361328,199.06289672851562,50.53915786743164,107.64600372314453,43.299171447753906,265.87091064453125,161.16195678710938,193.02496337890625,64.80387115478516,136.17568969726562,81.40115356445312,5.228858470916748,109.63809204101562,100.30332946777344,18.553245544433594,21.1646671295166,170.52871704101562,40.477413177490234,35.711769104003906,52.88428497314453
2019-11-05,61.73975372314453,62.33798599243164,289.2900085449219,90.08550262451172,27.86958122253418,272.32623291015625,155.46046447753906,39.26885223388672,90.67210388183594,126.69005584716797,64.00445556640625,196.7581024169922,50.48653030395508,107.87998962402344,42.71250534057617,258.818359375,164.1688690185547,192.62843322753906,64.04695129394531,136.09088134765625,81.41925048828125,5.20674991607666,108.70521545410156,100.1601333618164,18.68682289123535,21.148000717163086,168.07012939453125,40.227264404296875,36.103614807128906,53.93206787109375
2019-11-06,61.76616668701172,62.52079391479492,287.3999938964844,89.78849792480469,27.8441104888916,274.501708984375,156.22720336914062,39.68819046020508,89.15520477294922,126.5165786743164,63.983158111572266,198.2917938232422,50.80849075317383,108.047119140625,43.02213668823242,259.64581298828125,165.8773651123047,189.88253784179688,64.30182647705078,135.7140350341797,81.05692291259766,5.157564640045166,109.05399322509766,101.3563003540039,18.724990844726562,21.77199935913086,168.45132446289062,40.6531982421875,36.298004150390625,52.7514533996582
2019-11-07,62.47903823852539,62.467464447021484,290.7699890136719,89.41000366210938,28.217737197875977,277.81512451171875,156.78750610351562,39.81150817871094,90.63490295410156,128.14537048339844,64.77265167236328,197.38516235351562,51.2054328918457,108.63203430175781,42.606571197509766,262.4649963378906,164.9376983642578,188.76235961914062,64.01602935791016,135.9024658203125,81.89031219482422,5.175202369689941,108.14553833007812,100.76664733886719,18.806093215942383,22.369333267211914,170.03323364257812,40.92363357543945,36.519744873046875,53.873043060302734
2019-11-08,62.65003204345703,64.90492248535156,292.4599914550781,89.29399871826172,28.243221282958984,275.4574890136719,158.37013244628906,40.14862823486328,89.92108917236328,132.9643096923828,64.87474060058594,197.3004150390625,51.39949035644531,108.94959259033203,42.5413932800293,264.4854736328125,165.3904266357422,189.17869567871094,64.56444549560547,137.5039825439453,81.3558349609375,5.161291599273682,107.99140930175781,100.83404541015625,18.78700828552246,22.47599983215332,170.5478057861328,40.1258544921875,36.2797737121582,52.84994888305664
2019-11-11,63.146156311035156,65.2477035522461,290.2699890136719,88.5824966430664,28.1752872467041,273.83721923828125,159.0287322998047,39.54841613769531,89.83184051513672,131.78851318359375,64.34345245361328,196.41912841796875,51.470054626464844,108.56520080566406,42.23991012573242,266.51556396484375,164.5618133544922,187.9594268798828,64.32499694824219,137.64527893066406,81.57325744628906,5.171227931976318,107.39114379882812,100.5223388671875,18.78223991394043,23.006000518798828,171.09100341796875,40.301631927490234,36.15828323364258,52.52882385253906
2019-11-12,63.088348388671875,65.84182739257812,291.7200012207031,88.9000015258789,28.098857879638672,273.5277404785156,160.0903778076172,39.77041244506836,89.94337463378906,133.56187438964844,64.29042053222656,197.53765869140625,51.337745666503906,107.93013763427734,42.13398742675781,266.6503601074219,165.10858154296875,192.77711486816406,64.97380065917969,138.54966735839844,81.07503509521484,5.20674991607666,107.05854034423828,100.47180938720703,18.68682289123535,23.32866668701172,171.28158569335938,40.10556411743164,36.182586669921875,51.8044548034668
2019-11-13,63.69282150268555,66.0093994140625,293.5400085449219,87.65550231933594,27.8441104888916,275.7123718261719,159.83477783203125,39.84441375732422,90.92491149902344,143.33468627929688,64.23937225341797,198.9612579345703,51.064300537109375,107.36189270019531,42.70435333251953,267.5450744628906,166.5778350830078,191.5082550048828,65.51446533203125,138.77577209472656,82.696533203125,5.180916786193848,108.12118530273438,101.63430786132812,18.68205451965332,23.073999404907227,170.967041015625,40.166412353515625,36.747554779052734,51.378787994384766
2019-11-14,63.252105712890625,66.7482681274414,294.5299987792969,87.7300033569336,27.767681121826172,277.2506408691406,160.27711486816406,36.92555618286133,90.68695831298828,141.82151794433594,64.88215637207031,200.44410705566406,50.99373245239258,107.46217346191406,42.88360595703125,269.0459899902344,165.72360229492188,191.46861267089844,65.3059310913086,139.48228454589844,82.67840576171875,5.211219787597656,108.15364074707031,101.5079345703125,18.581867218017578,23.290000915527344,171.57798767089844,40.11909103393555,36.64731979370117,51.154747009277344
2019-11-15,64.00350189208984,67.50996398925781,297.5,86.97450256347656,27.962993621826172,276.4040832519531,160.43441772460938,37.07355499267578,90.5893325805664,139.43133544921875,66.09095764160156,201.0711669921875,51.126041412353516,108.23931121826172,42.91619873046875,270.1525573730469,165.69798278808594,193.40162658691406,65.5762939453125,141.28167724609375,84.28179168701172,5.072114944458008,108.5429916381836,101.54163360595703,18.844257354736328,23.47800064086914,171.59710693359375,40.23401641845703,36.10663986206055,51.67002868652344
2019-11-18,64.32621002197266,67.58613586425781,297.1600036621094,87.62650299072266,27.988460540771484,277.2051696777344,160.0019073486328,37.12288284301758,89.01995086669922,142.3034210205078,65.41197967529297,202.39303588867188,51.38184356689453,109.15013122558594,43.20954513549805,270.22943115234375,165.9628143310547,195.68161010742188,64.98152160644531,141.63021850585938,85.31448364257812,5.273073673248291,108.74580383300781,102.67887115478516,18.90627670288086,23.332666397094727,171.49205017089844,40.186702728271484,36.52581787109375,51.169677734375
2019-11-19,64.13114166259766,67.80703735351562,300.6000061035156,87.6395034790039,27.971479415893555,275.1116027832031,161.17164611816406,37.38600540161133,87.44304656982422,143.00698852539062,65.05266571044922,191.3858184814453,51.470054626464844,109.11672973632812,43.250282287597656,274.51104736328125,165.24525451660156,197.5849151611328,65.38317108154297,141.6773223876953,84.79814147949219,5.166507720947266,109.15950012207031,102.282958984375,18.128650665283203,23.968000411987305,174.460693359375,40.227264404296875,36.41646957397461,50.646942138671875
2019-11-20,63.38456344604492,66.42071533203125,300.1000061035156,87.27649688720703,27.759193420410156,273.5915222167969,161.40757751464844,37.065330505371094,88.11135864257812,141.6094970703125,64.5208969116211,187.182861328125,51.073123931884766,108.3228759765625,43.364356994628906,274.5783996582031,165.83470153808594,195.79063415527344,65.86205291748047,141.4315185546875,84.2908706665039,5.2457475662231445,108.48622131347656,103.0158462524414,17.737451553344727,23.481332778930664,173.401123046875,40.21372985839844,36.18561935424805,50.80376052856445
2019-11-21,63.100379943847656,65.90277099609375,298.79998779296875,86.7354965209961,27.886568069458008,273.3183288574219,160.11004638671875,36.868003845214844,89.18515014648438,141.58058166503906,64.4356460571289,185.18313598632812,51.35540008544922,108.57355499267578,43.152496337890625,273.6836242675781,164.31411743164062,196.2069854736328,66.00879669189453,141.2992401123047,83.48465728759766,5.2209086418151855,108.62410736083984,101.3731689453125,17.937822341918945,23.655332565307617,171.7116241455078,40.301631927490234,36.407352447509766,52.02847671508789
2019-11-22,63.04498291015625,65.54476928710938,299.29998779296875,87.28600311279297,28.1752872467041,272.444580078125,160.04119873046875,36.87621307373047,89.08003234863281,142.92025756835938,64.11498260498047,184.75094604492188,50.81730651855469,109.29219055175781,43.20954513549805,271.8747863769531,164.9889678955078,197.0892791748047,66.00109100341797,141.40321350097656,84.55355072021484,5.238544464111328,108.75389862060547,101.33104705810547,18.009384155273438,22.202667236328125,171.3106689453125,40.39627456665039,36.25547409057617,51.8044548034668
2019-11-25,64.15040588378906,66.84728240966797,305.2799987792969,88.69200134277344,28.421537399291992,272.2078857421875,158.95993041992188,37.36955261230469,88.89230346679688,144.2695770263672,64.7082290649414,185.064453125,51.875816345214844,109.87714385986328,43.364356994628906,276.72393798828125,163.921142578125,198.05078125,66.1941909790039,142.9534454345703,84.15497589111328,5.4948954582214355,108.5592269897461,101.51638793945312,17.775615692138672,22.422666549682617,172.74253845214844,40.14613342285156,36.12183380126953,51.46092987060547
2019-11-26,63.64945983886719,66.81680297851562,307.8999938964844,89.84700012207031,28.31964111328125,274.2012939453125,159.77578735351562,37.25443649291992,88.44926452636719,146.14892578125,65.07298278808594,187.0642547607422,51.95521926879883,110.02755737304688,43.918434143066406,278.4269714355469,165.7321319580078,197.23793029785156,67.4609146118164,143.70965576171875,84.54448699951172,5.390317916870117,110.07608795166016,102.99054718017578,17.842411041259766,21.92799949645996,174.2506866455078,40.49094009399414,36.2038459777832,51.3339729309082
2019-11-27,64.50444030761719,67.28144836425781,309.05999755859375,90.92549896240234,28.37907600402832,273.76446533203125,158.7633056640625,37.19689178466797,88.65953063964844,145.99473571777344,65.02986907958984,188.96231079101562,51.61119842529297,110.35345458984375,43.95916748046875,280.65924072265625,167.68836975097656,200.2415771484375,67.6694564819336,143.98382568359375,85.27823638916016,5.425118923187256,110.24645233154297,102.56936645507812,17.966453552246094,22.086000442504883,175.98794555664062,40.63291549682617,36.07322311401367,51.30410385131836
2019-11-29,64.36234283447266,66.82442474365234,309.5299987792969,90.04000091552734,28.29416847229004,272.899658203125,160.11985778808594,37.25443649291992,87.95368194580078,146.09109497070312,64.63138580322266,186.8524169921875,51.2054328918457,110.10277557373047,43.836036682128906,281.1691589355469,167.19834899902344,199.88470458984375,67.33732604980469,143.0952606201172,84.91041564941406,5.387831687927246,110.18157958984375,102.82205963134766,17.832866668701172,21.996000289916992,176.12159729003906,40.727561950683594,36.1734733581543,50.87843704223633
2019-12-02,63.61818313598633,66.2912368774414,302.75,89.08000183105469,28.387577056884766,270.6968688964844,158.26199340820312,36.752899169921875,87.70587158203125,145.16586303710938,63.876583099365234,184.4034881591797,50.861412048339844,109.86041259765625,44.123355865478516,275.6272277832031,167.80015563964844,197.96157836914062,67.22918701171875,141.3654022216797,84.97399139404297,5.20164155960083,110.22210693359375,103.37804412841797,17.80424690246582,22.32466697692871,173.5252227783203,40.53825759887695,36.231178283691406,51.095001220703125
2019-12-03,62.48385238647461,65.46859741210938,303.9100036621094,88.49800109863281,27.886568069458008,269.1312255859375,158.82228088378906,36.407562255859375,87.02255249023438,143.19976806640625,64.16800689697266,181.33604431152344,49.45888900756836,108.44820404052734,44.164398193359375,276.2237243652344,166.02911376953125,197.0892791748047,67.49181365966797,141.13851928710938,83.9749526977539,5.162117004394531,109.88142395019531,103.57179260253906,17.913972854614258,22.413333892822266,173.63021850585938,40.659950256347656,36.04589080810547,50.691741943359375
2019-12-04,63.03535842895508,66.42071533203125,302.510009765625,88.03450012207031,28.149808883666992,269.9050598144531,153.76968383789062,36.086891174316406,87.81099700927734,142.91061401367188,65.36737823486328,182.5811309814453,49.41477966308594,110.58740997314453,44.5666389465332,275.9831237792969,167.05218505859375,196.980224609375,68.48820495605469,141.64898681640625,85.11931610107422,5.205868244171143,111.37398529052734,104.90277862548828,18.176359176635742,22.20199966430664,172.38934326171875,40.92363357543945,36.05195617675781,51.266761779785156
2019-12-05,63.96015930175781,66.05510711669922,303.0299987792969,87.02400207519531,28.25226593017578,266.7919921875,155.52926635742188,35.78268051147461,87.35295104980469,142.10104370117188,65.76485443115234,181.64306640625,49.46772003173828,111.18907928466797,44.48453140258789,278.8792419433594,166.96615600585938,197.62452697753906,68.54998779296875,141.72457885742188,86.9993667602539,5.188963890075684,111.36988830566406,104.97859954833984,18.219297409057617,22.024667739868164,173.6206817626953,41.11969757080078,36.20452117919922,51.08753967285156
2019-12-06,65.19558715820312,66.2531509399414,306.2300109863281,87.58000183105469,28.747467041015625,268.47607421875,155.3228302001953,36.045780181884766,88.61446380615234,142.3130645751953,66.38087463378906,182.73464965820312,50.111637115478516,112.84363555908203,44.67335510253906,279.4084167480469,167.9462890625,199.2998504638672,68.62722778320312,143.4450225830078,88.09830474853516,5.274229049682617,112.20307159423828,104.61637878417969,18.22406578063965,22.392667770385742,173.88792419433594,41.369850158691406,36.54624938964844,51.90901565551758
2019-12-09,64.28285217285156,65.84182739257812,307.04998779296875,87.47550201416016,28.610857009887695,268.66705322265625,154.80184936523438,36.09511947631836,88.0813217163086,140.91555786132812,66.5593032836914,184.65342712402344,49.864646911621094,112.31719207763672,44.38602828979492,278.1190490722656,167.3702850341797,199.5873260498047,68.52680969238281,143.0763397216797,87.76224517822266,5.274229049682617,112.03972625732422,105.18919372558594,18.147737503051758,22.635332107543945,174.60386657714844,41.248146057128906,36.418087005615234,52.02102279663086
2019-12-10,64.65857696533203,65.9332275390625,304.1700134277344,86.96050262451172,28.6279354095459,269.23150634765625,153.74021911621094,36.25956726074219,88.52435302734375,140.80953979492188,66.5543441772461,184.1161346435547,49.91758346557617,112.39239501953125,44.139766693115234,277.68609619140625,167.6024169921875,199.1214141845703,68.82032012939453,142.85890197753906,88.10739135742188,5.319222927093506,111.312744140625,104.6837387084961,18.157272338867188,23.256000518798828,173.97389221191406,41.39690017700195,36.350982666015625,51.57294845581055
2019-12-11,65.21007537841797,66.03986358642578,303.739990234375,87.43599700927734,28.72185516357422,268.7945251464844,153.7303924560547,36.407562255859375,87.2778549194336,142.24559020996094,66.62175750732422,180.790283203125,50.340980529785156,112.12499237060547,44.28752517700195,279.07159423828125,167.40467834472656,200.49929809570312,68.7276382446289,143.39767456054688,88.26178741455078,5.40274715423584,111.99073791503906,105.01229095458984,18.209753036499023,23.51333236694336,173.73519897460938,41.29547119140625,36.308265686035156,51.49826431274414
2019-12-12,65.37623596191406,67.58613586425781,305.9599914550781,88.0165023803711,29.60980796813965,270.6513977050781,155.8929443359375,37.55042266845703,89.21519470214844,142.40945434570312,66.83189392089844,180.82440185546875,50.76438903808594,115.3338394165039,44.44350051879883,281.14984130859375,168.77159118652344,195.03724670410156,69.1833267211914,144.8533935546875,88.75223541259766,5.570043563842773,112.05606842041016,104.93647003173828,18.29562759399414,23.978666305541992,174.33660888671875,41.35633087158203,36.54014205932617,52.52882385253906
2019-12-13,66.26490020751953,66.90821838378906,317.94000244140625,88.0469970703125,29.40489387512207,265.67242431640625,158.38978576660156,37.24622344970703,88.57691192626953,141.92465209960938,66.7515869140625,182.56405639648438,50.97609329223633,114.32271575927734,44.67335510253906,284.8830261230469,169.46800231933594,192.42025756835938,69.36222076416016,146.07284545898438,88.79763793945312,5.568056106567383,112.6768569946289,105.69462585449219,18.252687454223633,23.892667770385742,176.72293090820312,41.112937927246094,36.70185470581055,51.69990539550781
2019-12-16,67.39920806884766,68.11931610107422,323.79998779296875,88.46050262451172,29.62688636779785,267.1559753417969,159.20567321777344,37.805328369140625,89.62818145751953,143.94134521484375,67.4370346069336,183.8005828857422,50.89670181274414,114.76557159423828,44.67335510253906,285.7200927734375,170.12139892578125,196.1970977783203,69.43998718261719,147.01809692382812,89.74221801757812,5.596891403198242,111.95802307128906,105.77043914794922,18.410120010375977,25.433332443237305,177.77294921875,41.39690017700195,36.778133392333984,52.274932861328125
2019-12-17,67.53169250488281,68.61443328857422,322.8500061035156,89.53299713134766,29.917173385620117,269.0220947265625,158.8812713623047,38.183536529541016,89.05750274658203,143.2335662841797,67.1490707397461,185.66819763183594,50.543861389160156,115.4675064086914,44.67335510253906,284.79644775390625,168.95216369628906,196.66299438476562,69.2300033569336,146.22412109375,90.505126953125,5.674947261810303,111.23102569580078,105.55985260009766,18.367185592651367,25.266000747680664,177.08563232421875,41.57268142700195,37.00392150878906,52.035953521728516
2019-12-18,67.3703384399414,68.04316711425781,324.3800048828125,89.20149993896484,29.97694206237793,265.67242431640625,158.73382568359375,38.34798049926758,89.01995086669922,141.80831909179688,67.00138092041016,185.90699768066406,50.42919158935547,115.35049438476562,44.254695892333984,283.5841064453125,168.18704223632812,200.7372283935547,69.6966323852539,145.9215850830078,91.34069061279297,5.70527458190918,111.06767272949219,104.46472930908203,18.481679916381836,26.209999084472656,176.49380493164062,41.146732330322266,36.570655822753906,52.17784118652344
2019-12-19,67.43775939941406,67.61659240722656,327.6300048828125,89.61399841308594,29.840341567993164,267.3471984863281,160.55235290527344,39.367523193359375,88.7045669555664,141.70164489746094,67.22588348388672,187.8001708984375,51.126041412353516,114.77395629882812,44.59126281738281,286.2684020996094,169.41639709472656,204.2662353515625,69.98436737060547,147.1882781982422,91.86746978759766,5.853183269500732,111.47608184814453,105.23129272460938,18.57232666015625,26.93600082397461,178.05929565429688,41.10616683959961,36.637786865234375,51.81937789916992
2019-12-20,67.29808044433594,68.0126953125,327.6099853515625,89.32499694824219,29.84886932373047,268.3666687011719,161.7516326904297,39.013973236083984,89.86846923828125,142.4094696044922,66.96717834472656,188.62734985351562,51.99932098388672,114.68203735351562,45.12485122680664,287.2691650390625,169.4851837158203,204.50413513183594,71.22093200683594,148.7952423095703,90.78665924072266,5.950379848480225,112.66053009033203,105.60197448730469,18.677284240722656,27.03933334350586,179.45289611816406,41.964813232421875,36.70185470581055,52.23011779785156
2019-12-23,68.39627075195312,68.7439193725586,328.95001220703125,89.6500015258789,30.02815818786621,266.983154296875,160.95538330078125,39.54841613769531,90.35657501220703,140.27638244628906,66.93794250488281,186.93885803222656,52.24630355834961,114.64859771728516,45.07558822631836,286.01837158203125,168.6770477294922,204.38519287109375,71.3453369140625,148.7952423095703,90.85932159423828,5.936708927154541,111.94169616699219,105.2144546508789,18.63912010192871,27.947999954223633,178.57469177246094,41.511817932128906,36.317420959472656,52.491493225097656
2019-12-24,68.46128845214844,68.43922424316406,329.6400146484375,89.46050262451172,30.070858001708984,267.8205261230469,160.47373962402344,39.285301208496094,90.36407470703125,140.86782836914062,66.63067626953125,188.18389892578125,52.40507888793945,114.96612548828125,44.91140365600586,286.22039794921875,169.0811004638672,203.33438110351562,71.11201477050781,148.76683044433594,90.95011138916016,5.931735992431641,111.8191909790039,105.48401641845703,18.586645126342773,28.350000381469727,179.0424346923828,41.43069839477539,36.4638671875,52.28986358642578
2019-12-26,69.81958770751953,68.42401885986328,331.20001220703125,93.4384994506836,30.327007293701172,269.1859436035156,161.7122802734375,39.342857360839844,90.55931091308594,141.26536560058594,67.52474212646484,188.31185913085938,52.76673889160156,116.18614959716797,45.16590118408203,287.87542724609375,169.41639709472656,205.98117065429688,71.03426361083984,149.98626708984375,91.46784210205078,5.9459052085876465,111.65579986572266,105.48401641845703,18.68205451965332,28.729333877563477,180.5601806640625,41.43745803833008,36.4669189453125,52.372005462646484
2019-12-27,69.79308319091797,67.94413757324219,330.7900085449219,93.48999786376953,30.181852340698242,267.7112121582031,162.17428588867188,39.27708053588867,90.33403778076172,141.3138427734375,67.13668060302734,187.5869598388672,52.99607849121094,116.26971435546875,45.43678283691406,289.3570556640625,170.37071228027344,206.28848266601562,71.15867614746094,150.26039123535156,92.2489242553711,5.888233184814453,112.35011291503906,106.2168960571289,18.720224380493164,28.691999435424805,180.77975463867188,41.5997200012207,36.48828125,52.19277572631836
2019-12-30,70.20733642578125,67.42615509033203,328.3399963378906,92.34449768066406,30.011091232299805,268.64892578125,159.677490234375,39.12907791137695,89.99613952636719,139.39410400390625,66.39673614501953,185.3185577392578,52.59032440185547,115.84355926513672,45.37111282348633,286.4513244628906,169.2874755859375,202.6305694580078,70.79317474365234,148.96536254882812,91.5495834350586,5.77512788772583,111.75382232666016,104.85223388671875,18.62480354309082,27.64666748046875,179.29066467285156,41.38336944580078,36.43030548095703,51.886600494384766
2019-12-31,70.72029113769531,67.44140625,329.80999755859375,92.39199829101562,30.070858001708984,267.5383605957031,159.8740997314453,39.43330001831055,90.49173736572266,140.22793579101562,66.38087463378906,186.2310028076172,52.79319763183594,116.48699188232422,45.43678283691406,287.2884216308594,169.88925170898438,203.46327209472656,70.73097229003906,149.06935119628906,92.01276397705078,5.84920597076416,111.63947296142578,105.2144546508789,18.643890380859375,27.8886661529541,179.35743713378906,41.511817932128906,36.25944519042969,52.11063003540039
2020-01-02,72.33386993408203,68.21073150634766,334.42999267578125,94.90049743652344,30.429454803466797,265.32647705078125,164.15011596679688,40.10418701171875,91.18257904052734,143.6892547607422,67.83250427246094,187.32261657714844,53.666465759277344,117.89920806884766,45.141265869140625,291.9067687988281,172.6231689453125,207.95382690429688,71.57865142822266,151.8295440673828,92.82109832763672,5.963803768157959,110.94512176513672,103.95929718017578,18.538930892944336,28.68400001525879,182.43106079101562,41.27518844604492,36.28996276855469,52.94703674316406
2020-01-03,71.6306381225586,67.56327056884766,331.80999755859375,93.74849700927734,29.797643661499023,265.54498291015625,163.34405517578125,39.449867248535156,90.86720275878906,142.04100036621094,67.4776611328125,186.70005798339844,53.01372146606445,116.34336853027344,44.894989013671875,289.0586853027344,172.01275634765625,206.85353088378906,70.96426391601562,149.93898010253906,92.5667953491211,5.86834716796875,110.7899398803711,103.2601318359375,18.63434410095215,29.534000396728516,180.9801788330078,40.83574676513672,35.96958541870117,52.521366119384766
2020-01-06,72.20140838623047,68.09648895263672,333.7099914550781,95.14399719238281,29.75494956970215,265.6177062988281,170.500244140625,39.59067153930664,90.55931091308594,141.21688842773438,69.2762222290039,187.57846069335938,52.86376190185547,116.25086212158203,44.87857437133789,289.8285217285156,173.94712829589844,210.7493133544922,71.2675552368164,150.32656860351562,92.48505401611328,5.892955780029297,111.21470642089844,103.40332794189453,18.653427124023438,30.1026668548584,180.58880615234375,40.747840881347656,35.8963623046875,52.924625396728516
2020-01-07,71.86183166503906,67.7080078125,333.3900146484375,95.34300231933594,29.55858039855957,265.1990661621094,173.00689697265625,39.33391571044922,89.40290832519531,141.26536560058594,69.14240264892578,186.35044860839844,51.981666564941406,114.2745132446289,44.5338020324707,288.84710693359375,174.20506286621094,211.2052764892578,69.3699951171875,148.95596313476562,92.43963623046875,5.964301109313965,109.46662139892578,102.76310729980469,18.724990844726562,31.270666122436523,180.1115264892578,40.29486083984375,35.563777923583984,52.491493225097656
2020-01-08,73.0178451538086,68.18787384033203,337.8699951171875,94.59850311279297,29.857410430908203,268.23931884765625,174.31427001953125,39.35875701904297,88.38168334960938,140.9744873046875,69.63453674316406,189.13905334472656,52.01696014404297,115.16598510742188,44.61589050292969,293.94366455078125,177.02491760253906,213.3464813232422,68.90337371826172,151.32855224609375,92.23078155517578,5.975488662719727,110.0302505493164,103.20115661621094,18.78223991394043,32.80933380126953,183.1947021484375,40.369232177734375,35.44174575805664,51.69990539550781
2020-01-09,74.56878662109375,68.71345520019531,340.45001220703125,95.05249786376953,29.90863800048828,272.5447082519531,176.5457000732422,39.193111419677734,88.239013671875,140.42184448242188,70.36555480957031,192.0384521484375,52.30804443359375,115.58647918701172,45.42857360839844,297.79742431640625,179.12265014648438,216.3997039794922,69.50997161865234,153.21908569335938,92.16718292236328,6.041112899780273,110.10375213623047,104.3299331665039,18.83976936340332,32.089332580566406,184.46421813964844,40.201866149902344,35.8078727722168,52.095703125
2020-01-10,74.73738098144531,67.83749389648438,339.80999755859375,94.15799713134766,29.661033630371094,270.5603942871094,177.1354522705078,39.03573989868164,87.435546875,140.2182159423828,70.82002258300781,191.21131896972656,51.99049758911133,114.43431854248047,45.58455276489258,299.7916259765625,178.19410705566406,216.1617431640625,69.62664031982422,152.5101776123047,91.64039611816406,6.073428153991699,109.8913803100586,104.43103790283203,18.728086471557617,31.876667022705078,184.96054077148438,40.297508239746094,35.50886154174805,51.632686614990234
2020-01-13,76.33409881591797,67.42615509033203,345.6300048828125,94.56500244140625,29.934242248535156,272.9543151855469,180.72337341308594,39.73147201538086,87.60074615478516,139.50076293945312,71.36866760253906,190.4608612060547,52.56385040283203,115.38462829589844,46.077091217041016,303.6839294433594,177.54075622558594,219.9782257080078,69.611083984375,154.34397888183594,92.78477478027344,6.263845443725586,111.52508544921875,105.1976089477539,18.499874114990234,34.990665435791016,186.4496612548828,40.40681457519531,35.35633087158203,52.125572204589844
2020-01-14,75.30333709716797,68.090087890625,344.6300048828125,93.47200012207031,30.15624237060547,272.8450622558594,179.02281188964844,39.58238983154297,87.3304214477539,140.7805633544922,70.90081024169922,190.00888061523438,52.4227180480957,116.73020935058594,45.970375061035156,299.28106689453125,178.2371368408203,217.15306091308594,69.93769836425781,153.25692749023438,93.47501373291016,6.14700984954834,111.78650665283203,105.03755950927734,18.49502182006836,35.861331939697266,187.13693237304688,40.3316764831543,35.44785690307617,51.6774787902832
2020-01-15,74.9806137084961,68.90840911865234,342.94000244140625,93.10099792480469,29.601266860961914,273.81903076171875,177.9808349609375,39.764610290527344,87.20276641845703,139.92735290527344,71.32752990722656,191.5268096923828,51.99049758911133,114.98094177246094,46.54500961303711,302.7591552734375,180.3434295654297,219.22486877441406,71.1897964477539,154.2494354248047,93.35694122314453,6.104503154754639,113.70608520507812,106.1073989868164,18.388195037841797,34.56666564941406,190.71646118164062,40.372650146484375,35.17325210571289,51.59535598754883
2020-01-16,75.91986083984375,68.90840911865234,345.3800048828125,93.89700317382812,29.643962860107422,275.8306579589844,179.5831298828125,40.6259880065918,87.77346801757812,140.70301818847656,71.87071990966797,195.13406372070312,52.6255989074707,115.42667388916016,46.64351272583008,308.5878601074219,181.2719268798828,219.83946228027344,70.90982055664062,157.07583618164062,93.88373565673828,6.188028335571289,114.041015625,106.20005798339844,18.465883255004883,34.232666015625,191.81414794921875,40.762027740478516,35.362422943115234,51.39371871948242
2020-01-17,76.76036834716797,67.9356918334961,349.739990234375,93.23600006103516,29.635417938232422,277.33258056640625,179.13096618652344,40.60114288330078,86.7897720336914,139.93704223632812,73.32579803466797,197.7692413330078,52.57266616821289,116.22561645507812,46.74201965332031,311.8250732421875,182.243408203125,220.20626831054688,70.74649047851562,157.95486450195312,94.9372787475586,6.196727275848389,115.38880920410156,106.48649597167969,18.635831832885742,34.03333282470703,195.3936767578125,41.07627487182617,35.075618743896484,51.199562072753906
2020-01-21,76.24016571044922,67.9279556274414,350.0,94.5999984741211,29.25121307373047,285.1424560546875,182.1192626953125,40.41893005371094,85.085205078125,139.19049072265625,73.46112060546875,198.65609741210938,53.41065979003906,115.08184814453125,46.93083190917969,310.158203125,181.5384979248047,219.51234436035156,69.96882629394531,157.38772583007812,94.98270416259766,6.163418769836426,115.8789291381836,106.2168960571289,18.703813552856445,36.47999954223633,197.86590576171875,41.2060661315918,35.26783752441406,50.467716217041016
2020-01-22,76.51231384277344,67.3258056640625,350.05999755859375,94.37300109863281,29.336584091186523,283.8954772949219,179.64208984375,40.64255905151367,84.77734375,139.6267852783203,73.54138946533203,198.6134490966797,55.333621978759766,114.94730377197266,47.292022705078125,312.4512023925781,181.77919006347656,219.3933868408203,69.71994018554688,156.63156127929688,94.90094757080078,6.217360019683838,117.12053680419922,106.4022216796875,18.956298828125,37.97066879272461,198.4481658935547,41.315364837646484,35.423431396484375,50.17646026611328
2020-01-23,76.88079071044922,65.82813262939453,351.760009765625,94.22899627685547,29.131671905517578,284.7966613769531,180.85118103027344,40.5845832824707,84.9275131225586,137.87188720703125,73.58201599121094,199.25306701660156,55.854061126708984,114.82958984375,47.47262191772461,313.0967102050781,183.48143005371094,217.84693908691406,68.87226867675781,157.5957489013672,93.56584167480469,6.285721302032471,117.34111785888672,105.91580963134766,18.757217407226562,38.14666748046875,197.13095092773438,41.33586120605469,35.334957122802734,49.86281204223633
2020-01-24,76.65922546386719,64.49258422851562,351.3699951171875,93.08200073242188,28.636472702026367,282.6393127441406,179.0129852294922,40.460330963134766,83.98888397216797,135.81640625,72.66416931152344,197.84596252441406,60.39682388305664,111.97858428955078,47.3494873046875,311.83453369140625,181.60728454589844,216.0428009033203,66.8658218383789,156.0076141357422,92.66669464111328,6.226559638977051,116.74478912353516,106.04293823242188,18.6940975189209,37.654666900634766,195.6800537109375,41.178741455078125,34.89559555053711,49.526763916015625
2020-01-27,74.40503692626953,64.86315155029297,346.8999938964844,91.41699981689453,28.047348022460938,281.674560546875,177.63681030273438,39.317352294921875,82.8925552368164,131.7636260986328,70.9572982788086,197.1551971435547,57.944618225097656,111.03666687011719,47.185302734375,304.2235107421875,179.9737548828125,212.99951171875,66.95915985107422,153.39871215820312,91.04098510742188,5.971012115478516,116.1076431274414,106.50898742675781,18.572710037231445,37.201332092285156,192.5205078125,40.92598342895508,35.35021209716797,48.34683609008789
2020-01-28,76.50990295410156,64.6701431274414,354.6300048828125,92.6624984741211,28.380338668823242,282.9487609863281,179.7404022216797,39.565818786621094,83.44071197509766,134.15846252441406,71.88756561279297,199.43214416503906,59.37360382080078,113.05506896972656,46.79948425292969,308.5589294433594,180.87646484375,215.8940887451172,67.0758056640625,156.40467834472656,91.19536590576172,6.164163589477539,116.35272216796875,106.797119140625,18.732940673828125,37.793331146240234,193.6278076171875,41.46565246582031,35.57600021362305,48.27963638305664
2020-01-29,78.1114273071289,64.23011016845703,351.6600036621094,92.9000015258789,28.1839542388916,281.79278564453125,178.6787567138672,38.969482421875,82.87754821777344,131.91876220703125,72.19482421875,199.56854248046875,58.509159088134766,112.88687133789062,46.79948425292969,308.6070861816406,184.35838317871094,221.28675842285156,67.84571838378906,158.84344482421875,90.67766571044922,6.103758811950684,115.77276611328125,105.97513580322266,17.990032196044922,38.732666015625,195.5464324951172,40.66639709472656,35.359375,47.876373291015625
2020-01-30,77.99822235107422,63.13388442993164,356.739990234375,93.53399658203125,28.585247039794922,281.6927185058594,182.51243591308594,39.126853942871094,83.65098571777344,133.61550903320312,72.07341003417969,198.51963806152344,58.63264465332031,114.28291320800781,48.318145751953125,312.5956726074219,185.85426330566406,207.7060089111328,67.27020263671875,163.32408142089844,89.17910766601562,6.110468864440918,117.48812103271484,106.72929382324219,18.174549102783203,42.72066879272461,198.7440948486328,40.55026626586914,35.56990051269531,48.38417434692383
2020-01-31,74.5398941040039,62.547142028808594,351.1400146484375,100.43599700927734,28.030271530151367,278.0971984863281,179.20957946777344,38.0749626159668,80.4521255493164,134.1002960205078,71.00934600830078,194.52015686035156,56.392127990722656,111.3141860961914,47.94053268432617,304.3872985839844,183.95425415039062,200.15232849121094,66.44588470458984,160.91363525390625,87.46255493164062,5.877295970916748,116.0096206665039,105.60230255126953,18.266803741455078,43.371334075927734,189.92416381835938,40.60490798950195,34.93220520019531,46.39025115966797
2020-02-03,74.3351821899414,63.535308837890625,358.0,100.20999908447266,28.149812698364258,274.89312744140625,182.26670837402344,38.538780212402344,79.80634307861328,137.01866149902344,73.47845458984375,197.4536590576172,56.82435989379883,112.16362762451172,48.08829879760742,312.6534118652344,184.9945068359375,202.4125213623047,67.92350769042969,164.8365020751953,90.15998077392578,5.974245071411133,116.4098892211914,106.01748657226562,17.946331024169922,52.0,191.68052673339844,39.65537643432617,34.865089416503906,45.35223388671875
2020-02-04,76.78927612304688,65.12562561035156,366.739990234375,102.4834976196289,28.704776763916016,277.53277587890625,185.1370391845703,39.44157791137695,80.23434448242188,140.3248748779297,71.63528442382812,200.4043426513672,57.74173355102539,113.77832794189453,48.30172348022461,317.0851745605469,184.51307678222656,208.00340270996094,68.71675872802734,170.26234436035156,92.07636260986328,6.14328145980835,116.98983764648438,106.48358154296875,18.27165985107422,59.137332916259766,194.30551147460938,39.8193244934082,35.17020034790039,44.7846794128418
2020-02-05,77.41542053222656,66.87804412841797,365.54998779296875,101.99349975585938,29.635417938232422,281.2193603515625,182.3354949951172,40.12904739379883,82.80995178222656,137.06715393066406,71.66700744628906,203.05650329589844,59.40006637573242,115.71260833740234,48.30992889404297,316.3146057128906,184.2981414794922,208.28097534179688,66.74918365478516,170.0543975830078,91.31343078613281,6.233517169952393,117.87203979492188,107.45807647705078,18.359060287475586,48.97999954223633,193.58958435058594,40.393150329589844,35.640079498291016,46.84579849243164
2020-02-06,78.3209457397461,67.30266571044922,367.4599914550781,102.5114974975586,29.601266860961914,283.3263854980469,183.5543975830078,40.327823638916016,82.21672821044922,138.35665893554688,73.14987182617188,203.6790008544922,59.47098159790039,115.72943878173828,48.42485809326172,317.25872802734375,183.00856018066406,209.01451110839844,66.63253021240234,173.58023071289062,91.06822967529297,6.320274353027344,117.89657592773438,107.73772430419922,18.66496467590332,49.930667877197266,193.8091583251953,40.60490798950195,35.487510681152344,46.211036682128906
2020-02-07,77.25635528564453,71.24756622314453,366.0899963378906,103.96399688720703,29.55003547668457,286.0810852050781,182.5615997314453,39.73147201538086,81.80374145507812,136.72779846191406,73.30548095703125,202.36570739746094,58.522499084472656,115.35938262939453,48.58904266357422,315.0428466796875,181.92532348632812,210.4816436767578,66.16590881347656,173.82606506347656,90.31437683105469,6.254151821136475,118.74605560302734,106.8395004272461,18.66982078552246,49.871334075927734,193.52281188964844,40.94647216796875,35.53023147583008,45.904850006103516
2020-02-10,77.62330627441406,73.14667510986328,370.0,106.69550323486328,29.61834144592285,286.22711181640625,185.90377807617188,40.476890563964844,82.44203186035156,138.25001525878906,74.7699966430664,205.18844604492188,58.8504753112793,115.8387680053711,49.048744201660156,318.202880859375,183.30087280273438,211.2052764892578,66.6169662475586,178.37278747558594,90.84115600585938,6.537041664123535,118.98297119140625,106.91574096679688,18.616409301757812,51.41866683959961,196.62503051757812,41.151424407958984,35.16408920288086,45.420047760009766
2020-02-11,77.15497589111328,74.11166381835938,369.2799987792969,107.54000091552734,29.6866455078125,283.390380859375,185.89395141601562,40.6922607421875,83.50830841064453,136.7180938720703,74.8393783569336,206.06678771972656,59.75464630126953,116.05740356445312,48.917396545410156,318.8195495605469,185.46734619140625,205.38636779785156,66.29814147949219,174.34591674804688,90.84115600585938,6.659345626831055,119.32606506347656,105.21247863769531,18.533863067626953,51.62533187866211,194.66822814941406,40.09257507324219,35.20985794067383,45.85183334350586
2020-02-12,78.98725128173828,75.49353790283203,374.2900085449219,108.0,29.814720153808594,287.440185546875,186.23797607421875,41.354862213134766,84.13156127929688,137.53253173828125,75.26412200927734,206.02413940429688,59.7989616394043,116.05740356445312,48.76963806152344,321.9411315917969,186.95468139648438,208.92529296875,64.74272918701172,174.60116577148438,93.5477294921875,6.774937629699707,119.32606506347656,104.61083221435547,18.47074317932129,51.15266799926758,198.0092010498047,39.77832794189453,35.34716796875,46.41238784790039
2020-02-13,78.42475128173828,73.60987091064453,374.8399963378906,107.49349975585938,29.806180953979492,290.2497863769531,185.4319305419922,39.193111419677734,83.84622192382812,136.61146545410156,75.0044174194336,206.68081665039062,59.7812385559082,115.95651245117188,48.933815002441406,323.5596008300781,186.92030334472656,211.28456115722656,63.74727249145508,173.65586853027344,93.88373565673828,6.7311859130859375,119.64461517333984,105.8904037475586,18.601842880249023,53.599998474121094,198.25762939453125,40.065250396728516,35.83229446411133,46.15482711791992
2020-02-14,78.4440689086914,72.60626983642578,379.6700134277344,106.74349975585938,29.75494956970215,290.35003662109375,186.71963500976562,38.90321731567383,83.62590026855469,135.2928466796875,75.26907348632812,208.95774841308594,59.63053512573242,115.60326385498047,49.21292495727539,328.4828796386719,186.63656616210938,212.31553649902344,64.27613830566406,175.2061309814453,94.03813934326172,7.203745365142822,120.06940460205078,106.89031982421875,18.572710037231445,53.33533477783203,201.02023315429688,39.96961212158203,35.96958541870117,45.942726135253906
2020-02-18,77.0077133178711,72.2665786743164,378.8500061035156,107.78350067138672,29.259748458862305,293.7615051269531,187.8402862548828,38.5884895324707,83.7474594116211,134.905029296875,75.30425262451172,208.02821350097656,58.62886428833008,114.07270050048828,48.868141174316406,328.76214599609375,185.82846069335938,215.90403747558594,64.12836456298828,176.9832000732422,92.63945007324219,7.372287273406982,118.93395233154297,105.81414031982422,18.577560424804688,57.22666549682617,201.89010620117188,39.55973815917969,36.50048828125,45.35944366455078
2020-02-19,78.12300872802734,72.67573547363281,383.2799987792969,108.51100158691406,29.643962860107422,294.6463623046875,189.58998107910156,38.34000778198242,84.1272964477539,136.99928283691406,75.57337188720703,207.77232360839844,59.488704681396484,115.62852478027344,49.06515884399414,331.960693359375,185.38140869140625,215.59671020507812,63.77060317993164,177.5139923095703,93.05724334716797,7.822970390319824,118.87680053710938,106.29716491699219,18.66496467590332,61.16133117675781,203.9071044921875,39.77151107788086,35.905513763427734,45.70790481567383
2020-02-20,77.32154083251953,72.7452392578125,378.9599914550781,107.65499877929688,29.75494956970215,295.61328125,190.07168579101562,38.80381393432617,83.4207992553711,136.09759521484375,75.1828384399414,210.65476989746094,58.01721954345703,115.62852478027344,49.02412414550781,331.8547668457031,184.9085693359375,212.71206665039062,64.15170288085938,174.80316162109375,93.12080383300781,7.673820495605469,118.57454681396484,107.26317596435547,18.747512817382812,59.96066665649414,202.12911987304688,39.68269729614258,35.90856170654297,45.344303131103516
2020-02-21,75.57135009765625,73.30879974365234,372.95001220703125,104.79850006103516,29.336584091186523,293.67034912109375,186.27728271484375,38.34828186035156,82.81304168701172,134.7401885986328,73.52106475830078,209.2220916748047,57.03327941894531,114.21565246582031,49.360687255859375,327.27850341796875,185.58775329589844,208.35035705566406,64.0350341796875,169.2771759033203,91.050048828125,7.310140609741211,119.13817596435547,107.36486053466797,18.7183780670166,60.06666564941406,199.60549926757812,39.75784683227539,36.18012619018555,44.79132080078125
2020-02-24,71.9817123413086,71.90377044677734,357.4100036621094,100.4645004272461,27.944902420043945,286.0719909667969,182.77784729003906,36.44329071044922,79.5464096069336,128.9615936279297,70.3690185546875,204.4123992919922,54.746273040771484,111.14599609375,48.1457633972168,312.7980651855469,183.5673828125,198.9727020263672,63.24957275390625,161.97869873046875,87.10832977294922,6.793332099914551,116.51609802246094,104.4837417602539,18.475597381591797,55.58599853515625,190.02716064453125,39.6143798828125,35.49056625366211,42.693023681640625
2020-02-25,69.54351806640625,68.84664916992188,347.79998779296875,98.63700103759766,26.53612518310547,278.09063720703125,178.1873016357422,35.39969253540039,76.5076904296875,124.28831481933594,68.7067642211914,202.43394470214844,52.94681167602539,106.18415069580078,47.46440887451172,291.8145446777344,182.3466033935547,195.0570831298828,62.42522430419922,159.3057861328125,84.37458038330078,6.514171123504639,115.25810241699219,102.89910125732422,18.13570213317871,53.32733154296875,180.09519958496094,39.02006530761719,34.90169906616211,41.05681610107422
2020-02-26,70.64674377441406,68.25220489501953,351.3399963378906,98.97949981689453,26.151914596557617,278.8385314941406,175.82809448242188,34.9193000793457,74.47931671142578,119.60531616210938,68.91243743896484,200.64309692382812,52.87590026855469,106.50371551513672,47.28382110595703,287.1418151855469,180.62716674804688,195.48330688476562,62.16859436035156,161.2962188720703,83.55715942382812,6.653378963470459,115.97695922851562,101.82290649414062,18.014314651489258,51.91999816894531,178.9575958251953,39.03373336791992,34.71558380126953,40.1553840637207
2020-02-27,66.02869415283203,65.94393920898438,337.5199890136719,94.21499633789062,24.871213912963867,267.38189697265625,169.2223663330078,33.16339874267578,71.50894927978516,114.44723510742188,65.16962432861328,191.64622497558594,49.489715576171875,102.07168579101562,45.09200668334961,275.36865234375,172.8037109375,188.09820556640625,60.722084045410156,149.93148803710938,80.42375183105469,6.283013820648193,111.39439392089844,96.17926788330078,17.34909439086914,45.266666412353516,172.074951171875,37.612831115722656,33.68430709838867,37.73893356323242
2020-02-28,65.99003601074219,66.16780853271484,345.1199951171875,94.1875,24.33331298828125,256.4450378417969,167.5021209716797,33.07229232788086,70.90880584716797,114.06912231445312,66.37393951416016,185.77056884765625,49.21492385864258,97.64801788330078,43.909915924072266,279.63671875,167.97647094726562,190.79452514648438,59.53998565673828,153.56178283691406,81.40281677246094,6.7175517082214355,107.84925079345703,95.9504623413086,17.10145378112793,44.53266525268555,173.7478790283203,36.99802017211914,32.854408264160156,38.96609878540039
2020-03-02,72.1337890625,68.46837615966797,360.2799987792969,97.69750213623047,25.076126098632812,281.9855041503906,173.75399780273438,34.099327087402344,73.37776947021484,116.32818603515625,68.7067642211914,196.08921813964844,51.572845458984375,102.19781494140625,45.904701232910156,295.5236511230469,175.2259979248047,194.7299346923828,63.28068542480469,163.77960205078125,84.40827941894531,6.87574577331543,112.38280487060547,101.31446838378906,18.05315589904785,49.574668884277344,183.85194396972656,39.15668869018555,35.35633087158203,40.814422607421875
2020-03-03,69.84284973144531,67.6037368774414,348.3399963378906,95.44950103759766,23.69296646118164,276.1385803222656,166.48963928222656,33.16339874267578,71.70648193359375,112.90563201904297,66.2981185913086,194.3836669921875,49.61381530761719,98.36285400390625,46.019622802734375,281.3226623535156,172.5960693359375,184.27178955078125,61.53865432739258,155.93141174316406,82.8144760131836,6.613580703735352,110.74907684326172,100.1365737915039,17.625864028930664,49.70066833496094,177.54281616210938,38.050025939941406,34.45012283325195,38.86004638671875
2020-03-04,73.0824966430664,70.83068084716797,363.8500061035156,98.79149627685547,24.23940086364746,292.5666198730469,172.70213317871094,34.28154754638672,74.85157012939453,115.55254364013672,68.47282409667969,205.58924865722656,52.01605987548828,100.79335021972656,48.367401123046875,291.3038635253906,179.0929718017578,190.0906982421875,64.52498626708984,161.65646362304688,85.41921997070312,7.076722621917725,116.31185150146484,105.50060272216797,18.53872299194336,49.96666717529297,185.7255401611328,39.70319747924805,35.62785720825195,39.70845031738281
2020-03-05,70.71190643310547,69.95060729980469,351.0299987792969,96.20149993896484,23.010679244995117,288.0240478515625,166.7157440185547,32.77411651611328,73.83360290527344,110.51081848144531,65.16020202636719,200.2422637939453,50.49137878417969,95.84829711914062,46.57784652709961,280.0991516113281,171.56661987304688,183.55809020996094,63.444000244140625,157.59962463378906,82.49571990966797,6.79764461517334,113.56929779052734,103.06857299804688,18.05315589904785,48.30266571044922,178.7186737060547,39.04738998413086,35.3685188293457,37.958621978759766
2020-03-06,69.7728500366211,68.56873321533203,336.7699890136719,95.05449676513672,22.091278076171875,283.9923095703125,161.2896270751953,32.86522674560547,72.41297149658203,111.76155090332031,64.21757507324219,194.8697052001953,49.436527252197266,90.89483642578125,45.362911224365234,276.51507568359375,172.03378295898438,179.51356506347656,63.92615509033203,153.1447296142578,80.47383880615234,6.617312431335449,112.87848663330078,103.0940170288086,17.98032569885254,46.89866638183594,176.23329162597656,38.849273681640625,35.76821517944336,36.125457763671875
2020-03-09,64.25436401367188,65.82813262939453,305.7900085449219,90.03050231933594,18.84331512451172,275.4544372558594,148.6385040283203,31.44062042236328,61.28363800048828,101.17391204833984,60.25520324707031,179.4770050048828,45.075260162353516,78.5826416015625,42.57185363769531,252.42935180664062,161.65255737304688,168.02447509765625,61.40644454956055,142.76576232910156,76.6031723022461,6.104920864105225,107.0396499633789,98.34856414794922,16.844112396240234,40.53333282470703,163.58645629882812,38.13884735107422,35.746856689453125,31.70919418334961
2020-03-10,68.88207244873047,67.57284545898438,332.3800048828125,94.59100341796875,20.28685188293457,282.2226867675781,158.59619140625,33.196537017822266,64.55787658691406,108.06751251220703,63.19811248779297,192.47340393066406,47.84981155395508,84.68824768066406,44.04946517944336,270.3106384277344,172.8988494873047,176.63882446289062,63.78617858886719,152.5286407470703,80.41920471191406,6.4939398765563965,110.31267547607422,102.15339660644531,17.407363891601562,43.02199935913086,174.5508270263672,38.61019515991211,36.54928970336914,32.88333511352539
2020-03-11,66.48976135253906,65.50389862060547,315.2300109863281,91.04299926757812,19.479162216186523,271.30413818359375,151.9413604736328,30.686914443969727,63.07648468017578,102.29861450195312,60.012847900390625,182.763916015625,45.79327392578125,80.70195007324219,42.859161376953125,259.89593505859375,162.85507202148438,168.758056640625,61.631980895996094,145.61880493164062,76.50298309326172,6.1305413246154785,106.70246887207031,94.56073760986328,16.761564254760742,42.28200149536133,165.3262481689453,37.45570755004883,34.913902282714844,31.80009651184082
2020-03-12,59.92359924316406,60.6866569519043,285.0,83.83049774169922,17.62318992614746,255.2682647705078,138.19908142089844,27.498125076293945,57.933433532714844,89.01558685302734,55.089012145996094,163.61956787109375,40.3682861328125,74.04969024658203,38.713623046875,232.6692352294922,147.17942810058594,153.12533569335938,57.89906311035156,131.8085174560547,67.57762908935547,5.380359649658203,94.85212707519531,86.29862976074219,15.212626457214355,37.369998931884766,153.0235595703125,34.97596740722656,31.746849060058594,28.164064407348633
2020-03-13,67.10293579101562,65.90534973144531,335.5,89.25,20.759441375732422,275.7189025878906,145.26683044433594,31.175586700439453,63.37275314331055,99.39961242675781,60.17987060546875,176.5655975341797,48.24870300292969,87.38787841796875,40.13794708251953,260.13671875,153.23516845703125,168.79769897460938,60.18083190917969,150.547607421875,68.83446502685547,5.990503311157227,104.81101989746094,96.66227722167969,16.737285614013672,36.44133377075195,168.0792694091797,37.004844665527344,34.81321334838867,28.876117706298828
2020-03-16,58.4703483581543,57.33617401123047,286.0299987792969,84.4574966430664,17.56304359436035,258.3058166503906,122.18611907958984,27.9205265045166,52.94989776611328,92.11819458007812,53.17844772338867,141.61647033691406,39.54390335083008,74.31039428710938,37.47975540161133,227.0331268310547,128.90853881835938,144.73895263671875,54.82533264160156,128.35833740234375,60.828983306884766,4.885129451751709,93.00178527832031,91.94229125976562,15.445693969726562,29.67133331298828,145.30923461914062,34.832515716552734,32.573692321777344,26.126375198364258
2020-03-17,61.041297912597656,56.371192932128906,311.80999755859375,90.39199829101562,18.886276245117188,280.0243225097656,133.11697387695312,29.40311622619629,53.701995849609375,90.68324279785156,55.411651611328125,149.0681915283203,44.39270782470703,78.85177612304688,39.06970977783203,229.18161010742188,127.7060546875,148.11929321289062,58.40089797973633,138.92694091796875,63.60676956176758,5.404237747192383,105.03306579589844,100.19591522216797,16.382829666137695,28.68000030517578,150.93006896972656,37.10049057006836,36.387596130371094,27.883790969848633
2020-03-18,59.5470085144043,54.834903717041016,294.6099853515625,91.5,17.863773345947266,280.4895935058594,129.99110412597656,30.74489974975586,41.82054901123047,86.09721374511719,54.07996368408203,133.60678100585938,42.203216552734375,70.5511474609375,37.14023208618164,219.59542846679688,118.77819061279297,145.6807098388672,56.166168212890625,133.07864379882812,61.96742630004883,5.0448174476623535,99.4409408569336,99.52645111083984,15.950678825378418,24.08133316040039,141.93490600585938,37.10731506347656,37.40056228637695,25.088594436645508
2020-03-19,59.090755462646484,54.858070373535156,307.510009765625,94.04650115966797,18.216068267822266,278.40985107421875,137.0883026123047,31.233562469482422,43.598209381103516,92.04063415527344,55.0949592590332,138.32847595214844,40.72285461425781,71.73695373535156,34.63937759399414,218.843994140625,129.33242797851562,151.79698181152344,55.4604606628418,135.26815795898438,64.0621337890625,5.297283172607422,96.49687957763672,93.91670989990234,15.125227928161621,28.50933265686035,145.53871154785156,36.62913513183594,36.6068229675293,26.080923080444336
2020-03-20,55.33934020996094,53.12880325317383,295.3399963378906,92.30449676513672,16.901412963867188,264.90997314453125,136.9801788330078,29.48593521118164,45.11756896972656,83.363037109375,52.94106674194336,130.61923217773438,40.6253547668457,70.22314453125,31.716190338134766,203.6891632080078,128.4586944580078,148.42657470703125,55.95446014404297,130.18771362304688,61.43006896972656,5.117694854736328,85.4688720703125,86.79861450195312,13.81421184539795,28.50200080871582,140.35763549804688,35.38583755493164,34.92741775512695,24.80074119567871
2020-03-23,54.163700103759766,49.79377746582031,307.2699890136719,95.1415023803711,15.535212516784668,260.449462890625,138.13027954101562,28.65767478942871,41.19001388549805,83.14972686767578,52.243247985839844,139.41014099121094,43.94948959350586,66.46389770507812,31.1033935546875,195.86611938476562,118.60521697998047,146.81076049804688,52.06524658203125,128.8891143798828,57.1950798034668,5.290316104888916,86.4968490600586,82.79043579101562,12.998469352722168,28.952667236328125,129.7564697265625,34.36799621582031,35.02241134643555,23.823556900024414
2020-03-24,59.59770584106445,52.10205841064453,310.0,97.00499725341797,18.06999397277832,259.9112548828125,151.02716064453125,31.970712661743164,50.556907653808594,95.133544921875,56.003902435302734,158.5802459716797,46.449249267578125,74.36924743652344,32.668495178222656,228.4012451171875,140.10296630859375,159.57864379882812,54.14314651489258,140.60458374023438,65.87454223632812,6.197947025299072,93.61856842041016,87.51042175292969,13.639408111572266,33.66666793823242,147.71820068359375,34.149391174316406,35.25225830078125,26.84600830078125
2020-03-25,59.26939392089844,52.4262809753418,305.9100036621094,94.29199981689453,18.13014030456543,256.1895751953125,144.55905151367188,31.200422286987305,52.62324142456055,97.66410827636719,54.59687805175781,156.03912353515625,45.43870544433594,77.1445541381836,34.457191467285156,247.1014862060547,140.9939727783203,154.8501739501953,53.49233627319336,139.2586669921875,71.95834350585938,6.109397888183594,92.5166015625,85.51905059814453,13.789929389953613,35.95000076293945,154.64859008789062,34.1152458190918,33.52688217163086,28.24738883972168
2020-03-26,62.388328552246094,56.99650192260742,322.6700134277344,97.77449798583984,19.52212905883789,266.62481689453125,152.09861755371094,33.61066436767578,58.02457046508789,102.1531753540039,57.63493347167969,167.5858154296875,49.23265075683594,82.51850128173828,36.67648696899414,253.55654907226562,144.77447509765625,161.9180908203125,57.655982971191406,147.9694366455078,76.77620697021484,6.3984270095825195,98.89818572998047,90.99320983886719,14.858163833618164,35.21066665649414,161.43560791015625,36.57448959350586,33.65561294555664,29.406370162963867
2020-03-27,59.80530548095703,56.10099411010742,305.8299865722656,95.00499725341797,18.55976676940918,259.3548278808594,143.51710510253906,32.15292739868164,52.25100326538086,93.46589660644531,55.02507400512695,163.5852508544922,46.422645568847656,76.63993835449219,35.45090866088867,238.59437561035156,141.88504028320312,155.42510986328125,56.24457931518555,141.8937225341797,75.80171203613281,6.286248207092285,99.0626449584961,93.35743713378906,14.489137649536133,34.29066848754883,154.4382781982422,36.04847717285156,33.582054138183594,27.989835739135742
2020-03-30,61.512020111083984,58.085018157958984,318.3900146484375,98.19750213623047,18.937843322753906,265.5484313964844,147.3016357421875,33.39531326293945,54.65920639038086,96.76242065429688,56.811737060546875,168.34986877441406,49.188331604003906,78.63311767578125,37.26444625854492,243.98963928222656,145.4492645263672,164.50540161132812,60.33765411376953,151.8745574951172,77.75981903076172,6.606119155883789,103.19097137451172,97.45033264160156,14.678512573242188,33.47533416748047,158.2715606689453,37.41472244262695,35.30130386352539,28.40646743774414
2020-03-31,61.38649368286133,58.818416595458984,318.239990234375,97.48600006103516,18.241846084594727,260.0845642089844,141.53143310546875,32.55876922607422,55.046627044677734,93.65980529785156,57.58686828613281,160.2886199951172,47.97390365600586,75.71485137939453,36.64337158203125,232.72706604003906,143.04429626464844,165.34799194335938,60.32982635498047,149.4860076904297,75.35543823242188,6.556621074676514,98.76659393310547,93.21336364746094,14.15410041809082,34.93333435058594,154.0177001953125,36.704280853271484,34.82014846801758,28.762495040893555
2020-04-01,58.156517028808594,56.679988861083984,301.2099914550781,95.38500213623047,16.987337112426758,261.5896911621094,131.78013610839844,31.747081756591797,52.083858489990234,92.03093719482422,54.62066650390625,153.35203552246094,45.98828125,70.94640350341797,34.8795166015625,220.25059509277344,136.83287048339844,158.21066284179688,57.86769104003906,144.17803955078125,72.15869903564453,6.045970916748047,97.13829803466797,92.6456298828125,13.619983673095703,32.104000091552734,146.36074829101562,36.150936126708984,34.97951889038086,28.429197311401367
2020-04-02,59.126956939697266,58.00011444091797,303.9599914550781,95.94149780273438,17.674741744995117,265.8768310546875,132.0357208251953,33.27716827392578,57.82707977294922,94.01853942871094,55.36061477661133,155.6527862548828,48.17778778076172,73.59553527832031,36.394935607910156,230.14508056640625,139.71365356445312,156.81295776367188,60.274932861328125,147.1637420654297,72.98748016357422,6.354400634765625,101.85871124267578,96.9419174194336,13.964736938476562,30.29800033569336,150.45213317871094,37.74262237548828,36.36164474487305,30.60323715209961
2020-04-03,58.2772216796875,56.64139938354492,293.6099853515625,95.32949829101562,17.210752487182617,263.2953186035156,132.02586364746094,32.65843963623047,57.059791564941406,91.02259063720703,54.1547966003418,153.41217041015625,47.98276901245117,71.42022705078125,36.29557418823242,228.36276245117188,138.70147705078125,152.8378448486328,59.78877639770508,145.80833435058594,71.82173156738281,6.066864013671875,102.45904541015625,97.51813507080078,13.333505630493164,32.000667572021484,145.15634155273438,37.36690139770508,36.61602020263672,29.70179557800293
2020-04-06,63.36118698120117,58.463314056396484,319.1300048828125,99.87950134277344,18.37932586669922,278.3186340332031,145.0407257080078,34.64002227783203,61.07089614868164,96.54910278320312,58.6395263671875,164.2548828125,51.79444122314453,76.01727294921875,38.647377014160156,256.21563720703125,153.1572723388672,164.10890197753906,62.9722900390625,156.6518096923828,77.07675170898438,6.676012992858887,107.8620376586914,99.8315200805664,14.294915199279785,34.41600036621094,161.97093200683594,38.733150482177734,38.635589599609375,30.656269073486328
2020-04-07,62.62731170654297,58.2007942199707,308.92999267578125,100.58000183105469,19.02376365661621,276.9595642089844,142.6029052734375,33.97948455810547,61.473548889160156,98.1585693359375,58.608306884765625,165.07901000976562,51.767860412597656,77.01997375488281,38.51486587524414,249.6064453125,151.90293884277344,167.36033630371094,61.60009765625,154.96458435058594,76.64869689941406,6.442949295043945,107.30278778076172,95.5606460571289,14.605674743652344,36.36333465576172,161.15841674804688,38.92443084716797,37.3852424621582,31.239545822143555
2020-04-08,64.230224609375,60.64805221557617,317.17999267578125,102.1500015258789,20.14937973022461,279.0939636230469,148.5500030517578,34.89922332763672,65.31754302978516,97.99374389648438,59.81956481933594,167.2510223388672,52.28199005126953,80.1300048828125,39.59968948364258,261.446044921875,153.5465850830078,172.7628631591797,63.99947738647461,156.51904296875,77.68697357177734,6.639945983886719,109.05445861816406,97.53509521484375,14.853386878967285,36.589332580566406,167.22853088378906,39.48458480834961,37.339263916015625,33.21662139892578
2020-04-09,64.6937255859375,61.56671905517578,318.70001220703125,102.13800048828125,21.360918045043945,273.6575012207031,151.92169189453125,34.44771194458008,64.04886627197266,101.31934356689453,59.798255920410156,173.0114288330078,50.65093231201172,87.31875610351562,40.576847076416016,259.9504699707031,158.9188690185547,173.6649627685547,64.6816635131836,156.52854919433594,79.0439682006836,6.540453910827637,109.89328002929688,97.1622314453125,15.27081298828125,38.20000076293945,166.0336456298828,39.660667419433594,37.32700729370117,32.67121887207031
2020-04-13,65.96349334716797,61.99131774902344,320.6499938964844,108.44349670410156,20.553224563598633,273.3017883300781,149.90655517578125,34.464439392089844,64.50467681884766,100.34979248046875,59.98856735229492,170.65921020507812,52.03378677368164,83.43547821044922,38.862674713134766,254.10299682617188,155.82180786132812,173.26840209960938,63.15264892578125,156.87925720214844,76.92191314697266,6.712080478668213,107.6399917602539,98.25537872314453,15.002469062805176,43.39666748046875,161.54078674316406,39.128990173339844,38.399627685546875,32.39094161987305
2020-04-14,69.29486083984375,64.34968566894531,340.7699890136719,114.16600036621094,20.38996696472168,286.54632568359375,155.02796936035156,35.76875686645508,64.27680206298828,102.80278015136719,62.705474853515625,177.8533477783203,53.77119827270508,81.14967346191406,40.51059341430664,261.22412109375,159.16973876953125,176.61898803710938,64.95608520507812,164.64215087890625,79.66328430175781,7.0627946853637695,113.81595611572266,102.50081634521484,15.469584465026855,47.32600021362305,166.922607421875,40.14399337768555,39.53353500366211,32.14096450805664
2020-04-15,68.66239166259766,64.10678100585938,332.54998779296875,115.38400268554688,19.066722869873047,283.01617431640625,152.9833221435547,34.715274810791016,62.66624450683594,100.2237548828125,62.312461853027344,170.39306640625,52.184478759765625,77.14743041992188,39.42578887939453,248.12046813964844,153.849365234375,175.429443359375,64.3523178100586,162.9171142578125,77.45015716552734,6.985436916351318,111.04458618164062,102.72114562988281,14.952775955200195,48.65533447265625,158.64437866210938,39.30852127075195,39.459983825683594,30.663841247558594
2020-04-16,69.20797729492188,64.13813018798828,342.70001220703125,120.40950012207031,18.405105590820312,293.31463623046875,154.3889617919922,34.69854736328125,60.767024993896484,98.91483306884766,62.31889724731445,171.56918334960938,53.88644027709961,74.20735168457031,39.003448486328125,238.10455322265625,155.28541564941406,174.7157440185547,65.0815658569336,167.8079833984375,78.59772491455078,7.33018159866333,111.54621887207031,102.95841217041016,14.987558364868164,49.680667877197266,155.26036071777344,39.81256866455078,40.554046630859375,29.65635108947754
2020-04-17,68.26891326904297,65.38390350341797,344.1099853515625,118.75,20.00330352783203,289.9942321777344,159.8544464111328,35.51793670654297,66.2215576171875,103.384521484375,63.38792419433594,179.78494262695312,53.5052604675293,80.87776184082031,39.79842758178711,250.85121154785156,160.99508666992188,177.67970275878906,65.44225311279297,169.28663635253906,81.88550567626953,7.270983695983887,113.11698913574219,105.66161346435547,15.519281387329102,50.259334564208984,162.0665740966797,40.364952087402344,40.48969650268555,32.739402770996094
2020-04-20,66.85185241699219,65.8070068359375,344.8800048828125,119.68049621582031,19.333091735839844,284.667236328125,159.9920654296875,35.568111419677734,63.486717224121094,99.14753723144531,62.50326919555664,176.89186096191406,52.45927047729492,77.92918395996094,38.53142547607422,242.90020751953125,157.14540100097656,176.68841552734375,65.15996551513672,165.9312744140625,80.05490112304688,7.1399006843566895,110.64984130859375,102.19575500488281,15.395047187805176,49.75733184814453,156.98106384277344,40.137088775634766,39.79402542114258,31.194093704223633
2020-04-21,64.78545379638672,62.96287536621094,328.989990234375,116.40599822998047,18.594135284423828,274.8615417480469,147.99952697753906,33.904239654541016,62.02052688598633,97.4798812866211,60.07530212402344,172.2216339111328,49.95953369140625,75.66891479492188,37.579132080078125,236.7439727783203,153.62442016601562,169.3131561279297,61.60009765625,159.06881713867188,77.59588623046875,6.703622817993164,107.68109130859375,101.41616821289062,14.8434476852417,45.781333923339844,153.4537353515625,39.232574462890625,39.597877502441406,31.02743148803711
2020-04-22,66.65151977539062,63.83259582519531,336.7699890136719,118.17449951171875,18.731618881225586,282.2409362792969,151.51866149902344,34.91593933105469,64.14762878417969,97.91619110107422,62.36747741699219,175.27786254882812,53.27479553222656,75.91531372070312,37.82755661010742,247.89852905273438,161.32382202148438,180.69322204589844,62.71353530883789,164.47154235839844,80.84725189208984,7.117516040802002,109.06267547607422,101.17890167236328,14.64467716217041,48.807334899902344,159.24658203125,40.04042053222656,40.327266693115234,31.91372299194336
2020-04-23,66.39320373535156,64.27916717529297,335.3699951171875,119.97250366210938,18.791765213012695,278.5740661621094,149.13978576660156,34.79888916015625,65.94049835205078,97.92587280273438,62.99986267089844,173.68966674804688,52.33517074584961,75.95780181884766,37.322418212890625,246.88534545898438,157.48272705078125,183.51841735839844,63.41923522949219,162.4810333251953,79.55399322509766,7.064286231994629,107.12187194824219,101.85365295410156,14.659582138061523,47.04199981689453,159.04580688476562,39.76423263549805,39.389495849609375,32.91362762451172
2020-04-24,68.30997467041016,65.49360656738281,344.1000061035156,120.51100158691406,19.058128356933594,283.2716369628906,151.3614044189453,35.55137252807617,66.10000610351562,98.11009216308594,63.26898193359375,182.1543426513672,52.53018569946289,77.07945251464844,37.62052917480469,249.6836395263672,159.19570922851562,188.41543579101562,63.8504753112793,165.44786071777344,80.48298645019531,7.203079700469971,110.49361419677734,101.32476043701172,14.76393985748291,48.34333419799805,159.94444274902344,39.99899673461914,39.668373107910156,33.125732421875
2020-04-27,68.3582534790039,66.35546875,348.5,118.80000305175781,20.16656494140625,281.65716552734375,154.9492950439453,36.00288391113281,68.15115356445312,102.83186340332031,62.98450469970703,186.94476318359375,52.71633529663086,80.40190887451172,38.738460540771484,255.82057189941406,160.8134002685547,185.8677978515625,65.8499984741211,164.9739532470703,81.3936996459961,7.389380931854248,110.57585906982422,100.1902084350586,15.176392555236816,53.25,164.18862915039062,39.91614532470703,39.319000244140625,33.28480911254883
2020-04-28,67.25019073486328,64.84329223632812,333.45001220703125,115.7040023803711,20.527446746826172,278.16363525390625,151.8332061767578,35.52629852294922,68.30309295654297,102.97731018066406,61.08781814575195,186.83314514160156,52.078102111816406,80.97126770019531,38.70533752441406,255.31878662109375,160.84800720214844,181.31776428222656,63.65448760986328,160.95504760742188,80.87457275390625,7.247106552124023,112.10545349121094,99.71249389648438,15.231060981750488,51.27466583251953,163.70114135742188,39.92995071411133,39.227073669433594,34.065040588378906
2020-04-29,69.45903778076172,65.6268081665039,349.1700134277344,118.635498046875,21.292177200317383,280.1156311035156,157.70166015625,36.23698806762695,71.8812026977539,108.83346557617188,66.5191650390625,190.42161560058594,54.781734466552734,83.15506744384766,39.02001953125,273.73907470703125,162.48304748535156,192.49954223632812,63.33298110961914,168.17767333984375,80.20973205566406,7.423707008361816,109.67122650146484,99.87458801269531,15.618666648864746,53.367332458496094,173.7765655517578,40.13018035888672,37.878639221191406,35.95122146606445
2020-04-30,70.9243392944336,64.4045181274414,353.6400146484375,123.69999694824219,20.664928436279297,277.01629638671875,159.19583129882812,35.434326171875,69.89083099365234,104.8582534790039,66.7431640625,188.7218475341797,53.168418884277344,81.3706283569336,38.00144958496094,265.324951171875,162.25816345214844,202.92799377441406,62.211692810058594,169.86489868164062,79.39917755126953,7.269988059997559,108.79129791259766,100.54849243164062,15.141611099243164,52.12533187866211,170.8418426513672,39.667564392089844,37.25040054321289,35.2012939453125
2020-05-01,69.78250885009766,64.9059829711914,343.8399963378906,114.302001953125,19.831457138061523,276.0289611816406,153.71075439453125,34.21360397338867,67.94605255126953,102.2889175415039,65.28707885742188,187.64010620117188,50.94346618652344,79.23779296875,37.76130676269531,259.31353759765625,158.01913452148438,200.50921630859375,60.9022331237793,165.46682739257812,77.90552520751953,7.033692836761475,107.02320861816406,99.65280151367188,14.858357429504395,46.75466537475586,167.83071899414062,39.23946762084961,37.670249938964844,32.67879867553711
2020-05-04,70.76983642578125,64.13813018798828,349.1099853515625,115.79949951171875,19.702564239501953,278.37860107421875,158.72398376464844,34.57312774658203,69.46539306640625,100.03952026367188,65.56362915039062,190.44737243652344,51.40441131591797,78.2945785522461,37.38037872314453,259.81524658203125,157.33572387695312,203.47315979003906,60.267086029052734,169.51414489746094,78.09680938720703,7.245365142822266,107.6646499633789,98.7571029663086,14.70927619934082,50.74599838256836,168.38516235351562,38.832096099853516,37.90928649902344,33.99686813354492
2020-05-05,71.83202362060547,66.88825988769531,356.1300048828125,115.88999938964844,19.47057342529297,281.5144348144531,160.47373962402344,34.665103912353516,70.56696319580078,97.98404693603516,66.858154296875,193.6838836669922,52.078102111816406,78.17562103271484,37.5956916809082,264.3697814941406,155.0605010986328,205.26744079589844,61.1688232421875,171.3340301513672,79.41738891601562,7.306304931640625,108.28142547607422,98.96183013916016,14.77884578704834,51.2140007019043,170.57420349121094,39.01852035522461,38.224937438964844,33.958988189697266
2020-05-06,72.57313537597656,66.92742919921875,362.5199890136719,117.56300354003906,19.204200744628906,282.4012145996094,160.8865966796875,34.405906677246094,68.40945434570312,97.80953216552734,66.68022918701172,192.2330322265625,52.75560760498047,76.70558166503906,37.057430267333984,262.88372802734375,153.09671020507812,206.65524291992188,60.470951080322266,173.02122497558594,80.54670715332031,7.407040596008301,107.54952239990234,96.4794692993164,14.306756019592285,52.172000885009766,170.89920043945312,38.41781234741211,37.786705017089844,33.32268142700195
2020-05-07,73.32389831542969,65.98722839355469,366.7799987792969,118.38050079345703,19.6252384185791,278.84478759765625,167.01065063476562,34.589847564697266,70.37704467773438,102.3567886352539,67.86224365234375,196.98046875,52.74668884277344,77.50431823730469,36.933204650878906,268.70233154296875,156.68687438964844,209.4209442138672,59.27910232543945,174.02597045898438,80.65601348876953,7.583144664764404,108.1827392578125,95.6861343383789,14.356451034545898,52.00266647338867,174.66555786132812,38.37638854980469,37.51890563964844,33.512054443359375
2020-05-08,75.06913757324219,65.78350830078125,367.510009765625,118.98049926757812,20.252487182617188,279.7042236328125,172.90859985351562,35.944339752197266,72.52693939208984,105.8375244140625,68.60865020751953,201.25575256347656,53.192413330078125,78.77041625976562,38.18363952636719,272.53302001953125,156.78207397460938,210.50146484375,59.906410217285156,175.04959106445312,82.38642883300781,7.77293062210083,110.38668823242188,98.91063690185547,14.803689956665039,54.62799835205078,176.93109130859375,39.35685348510742,37.842098236083984,34.98162078857422
2020-05-11,76.2503662109375,68.87052154541016,371.4200134277344,120.44999694824219,19.40183448791504,283.7178039550781,179.5634765625,36.22026062011719,70.93159484863281,104.48980712890625,69.56266784667969,203.08433532714844,53.60247039794922,76.45065307617188,37.71162033081055,271.365478515625,156.47923278808594,211.32423400878906,61.09040069580078,177.00218200683594,82.8144760131836,8.024646759033203,110.51004028320312,98.36469268798828,14.59994888305664,54.08599853515625,175.468505859375,38.94257736206055,38.066802978515625,34.648319244384766
2020-05-12,75.37895202636719,70.87630462646484,365.1000061035156,117.84750366210938,18.791765213012695,278.6985778808594,174.5206756591797,36.13665771484375,69.2071304321289,101.37752532958984,68.15467071533203,199.94227600097656,52.051361083984375,73.95243072509766,37.11539077758789,262.5652770996094,152.72471618652344,208.2710723876953,60.525848388671875,172.9927520751953,80.3827896118164,7.762979984283447,109.32582092285156,97.71640014648438,14.356451034545898,53.96066665649414,171.55882263183594,38.29352951049805,38.10066604614258,34.06916427612305
2020-05-13,74.46882629394531,69.63054656982422,358.55999755859375,118.39600372314453,17.932514190673828,276.2300720214844,166.75506591796875,35.07479476928711,67.38387298583984,99.78743743896484,66.82396697998047,197.53851318359375,51.471923828125,71.40322875976562,36.38666534423828,259.7188415527344,149.50657653808594,203.31459045410156,61.0747184753418,170.37669372558594,78.34268951416016,7.740593433380127,109.34228515625,97.17893981933594,13.958902359008789,52.73066711425781,169.567138671875,37.87233352661133,38.079124450683594,32.37807083129883
2020-05-14,74.92633819580078,70.46891021728516,355.3900146484375,119.44249725341797,18.65428352355957,274.0358581542969,164.15997314453125,36.66339874267578,68.40945434570312,102.68643951416016,67.2467041015625,201.29873657226562,52.66646194458008,74.36881256103516,36.18791961669922,267.58294677734375,151.74717712402344,205.00967407226562,62.7684211730957,171.1160125732422,78.82538604736328,7.9898247718811035,109.44098663330078,97.08512878417969,14.202402114868164,53.55533218383789,173.21536254882812,37.91377258300781,37.989845275878906,32.663780212402344
2020-05-15,74.48333740234375,71.07219696044922,365.29998779296875,120.48899841308594,18.42228889465332,273.5514221191406,168.4163360595703,37.01457595825195,67.73335266113281,105.73086547851562,68.0495834350586,205.46237182617188,51.95330810546875,72.99223327636719,35.82355880737305,269.1557922363281,150.36300659179688,209.0442657470703,62.556705474853516,173.60890197753906,79.22611236572266,8.447744369506836,111.8011703491211,97.76759338378906,14.06822681427002,53.27799987792969,175.69528198242188,37.77567672729492,38.765533447265625,32.43212127685547
2020-05-18,76.23824310302734,71.66767883300781,367.9700012207031,121.31300354003906,19.702564239501953,276.7969055175781,169.56640625,37.67509841918945,71.34085083007812,113.29345703125,68.65025329589844,210.6304931640625,53.4152717590332,76.85853576660156,37.23960876464844,279.73126220703125,155.57090759277344,211.3341522216797,62.5096435546875,175.2676544189453,82.91466522216797,8.705930709838867,111.44756317138672,99.13243865966797,14.634737968444824,54.242000579833984,183.25015258789062,38.47304916381836,39.29496765136719,35.01124572753906
2020-05-19,75.7977294921875,71.45611572265625,372.20001220703125,122.46649932861328,19.083908081054688,278.50653076171875,173.04620361328125,37.298851013183594,69.08229064941406,110.8889389038086,68.1159896850586,204.40640258789062,53.7451057434082,75.34600067138672,36.883522033691406,280.5322265625,155.34600830078125,214.99203491210938,60.80812072753906,174.05438232421875,83.34272766113281,8.760899543762207,108.33076477050781,95.91642761230469,14.391237258911133,53.867332458496094,181.3159637451172,37.547813415527344,38.460811614990234,33.930179595947266
2020-05-20,77.27185821533203,71.44829559326172,383.6300048828125,124.89700317382812,19.685382843017578,278.7625732421875,173.9210968017578,37.992820739746094,71.6877212524414,116.27001190185547,69.83871459960938,204.4836883544922,56.25006103515625,77.60628509521484,38.00144958496094,288.3193054199219,159.26490783691406,227.96807861328125,60.29061508178711,176.46864318847656,84.65418243408203,8.924567222595215,107.94422149658203,96.6330337524414,14.704306602478027,54.37066650390625,185.6248016357422,37.4649658203125,38.61471939086914,35.034420013427734
2020-05-21,76.69574737548828,72.8821029663086,382.1700134277344,122.33699798583984,19.676788330078125,276.07464599609375,172.27947998046875,37.32392501831055,70.94770812988281,114.24363708496094,69.71928405761719,206.7930450439453,55.25163269042969,76.62060546875,37.40523147583008,283.9383544921875,160.11270141601562,229.37570190429688,60.02402114868164,174.34902954101562,85.8472900390625,8.730802536010742,107.08077239990234,95.21694946289062,14.793758392333984,55.17333221435547,182.52243041992188,37.26471710205078,38.473121643066406,34.408939361572266
2020-05-22,77.18955993652344,72.1612777709961,385.260009765625,121.84400177001953,19.47057342529297,276.49517822265625,174.825439453125,37.54132080078125,69.591064453125,114.4278564453125,70.04093933105469,207.65151977539062,55.50124740600586,76.02578735351562,37.28928756713867,284.5656433105469,159.5330810546875,232.86509704589844,59.882896423339844,174.425048828125,85.38279724121094,8.980530738830566,107.30278778076172,96.05293273925781,14.848420143127441,54.45866775512695,182.75221252441406,37.354496002197266,38.26996612548828,34.439815521240234
2020-05-26,76.66669464111328,71.07219696044922,376.6300048828125,121.09300231933594,20.862552642822266,278.6619567871094,173.51806640625,37.49115753173828,71.91897583007812,117.26866149902344,70.44385528564453,208.1665802001953,55.57256317138672,81.42160034179688,38.167083740234375,292.6902770996094,159.9050750732422,230.1786651611328,60.58074188232422,172.58106994628906,87.99665069580078,8.673590660095215,106.70246887207031,95.56670379638672,15.315539360046387,54.591331481933594,185.01197814941406,37.49258804321289,38.12529373168945,35.45140075683594
2020-05-27,77.0007553100586,70.500244140625,375.1700134277344,120.51950073242188,22.323274612426758,279.7682189941406,173.5966796875,38.42759323120117,72.38146209716797,117.83101654052734,70.38983917236328,212.35601806640625,56.66012191772461,86.13764190673828,38.697059631347656,289.255126953125,162.39651489257812,227.1453094482422,60.80812072753906,172.80921936035156,90.95658874511719,8.482068061828613,107.57418060302734,97.15337371826172,15.82737922668457,54.68199920654297,184.62893676757812,38.07258605957031,37.70051193237305,35.70621871948242
2020-05-28,77.03463745117188,70.5394058227539,379.8299865722656,120.05500030517578,21.360918045043945,283.0137023925781,178.02015686035156,38.12660217285156,70.04585266113281,113.19649505615234,70.28874206542969,210.45022583007812,55.00204086303711,84.8545150756836,38.995174407958984,291.6963195800781,163.27029418945312,223.4973602294922,61.97644805908203,172.41952514648438,89.67242431640625,8.444010734558105,108.79129791259766,99.00444793701172,15.43480396270752,53.72066879272461,186.00778198242188,38.47304916381836,38.07296371459961,34.77959060668945
2020-05-29,76.95958709716797,72.6078872680664,386.6000061035156,122.11849975585938,20.72507095336914,282.01727294921875,171.81744384765625,39.982757568359375,70.68565368652344,113.72976684570312,71.04602813720703,213.3175506591797,56.0985221862793,82.68769836425781,38.65564727783203,290.3359069824219,162.26011657714844,223.1305694580078,63.293758392333984,174.17794799804688,90.00569152832031,8.830543518066406,108.1827392578125,98.88504028320312,15.33541202545166,55.66666793823242,186.9461669921875,39.61924362182617,38.18684768676758,35.11164093017578
2020-06-01,77.9060287475586,71.06436920166016,389.67999267578125,123.552001953125,21.146106719970703,281.8526306152344,173.3607635498047,38.71186828613281,71.52584838867188,115.15502166748047,71.1129150390625,212.2959442138672,55.14467239379883,83.78385925292969,38.91236114501953,290.82794189453125,163.2093048095703,229.8911895751953,62.38419723510742,173.77871704101562,90.8821792602539,8.761646270751953,109.36697387695312,100.01959228515625,15.370203018188477,59.87333297729492,186.09397888183594,38.51448440551758,38.15607452392578,35.73710250854492
2020-06-02,78.2667007446289,71.33075714111328,390.44000244140625,123.62049865722656,21.343732833862305,280.755615234375,171.26698303222656,39.205177307128906,72.99043273925781,115.13562774658203,71.48165893554688,216.94898986816406,55.376441955566406,84.06426239013672,38.83784103393555,292.9411315917969,163.36610412597656,230.6941375732422,63.38786315917969,175.7557830810547,91.9778060913086,8.78054428100586,109.0708999633789,100.71055603027344,15.400018692016602,58.770668029785156,188.0185546875,38.94257736206055,38.14991760253906,36.53246307373047
2020-06-03,78.69757843017578,71.2132339477539,389.9200134277344,123.91999816894531,22.331867218017578,280.3441467285156,172.01406860351562,39.24698257446289,74.90979766845703,118.46123504638672,71.32999420166016,216.76760864257812,55.20707321166992,88.60185241699219,39.665931701660156,296.2991638183594,168.33004760742188,228.1564483642578,64.3445053100586,176.18345642089844,95.0546875,8.725080490112305,109.2271728515625,101.11150360107422,15.658419609069824,58.86399841308594,188.5068817138672,39.23946762084961,38.0052490234375,38.022804260253906
2020-06-04,78.01980590820312,72.89778137207031,385.79998779296875,123.02999877929688,23.171152114868164,284.1017150878906,168.52444458007812,39.18009567260742,74.21605682373047,119.9252700805664,70.0934829711914,214.99722290039062,56.134178161621094,90.44580841064453,39.682498931884766,290.799072265625,168.28652954101562,224.3201141357422,63.9445686340332,173.86428833007812,92.47084045410156,8.726076126098633,108.21027374267578,98.9959487915039,15.802530288696289,57.62533187866211,185.41412353515625,39.508758544921875,37.586631774902344,37.91468811035156
2020-06-05,80.24188232421875,73.53244018554688,392.8999938964844,124.1500015258789,24.321922302246094,285.28106689453125,170.9229736328125,39.99113082885742,77.70796203613281,121.02088165283203,71.3681640625,220.1356964111328,57.355445861816406,94.5160140991211,40.6513671875,300.9403381347656,171.70030212402344,228.76113891601562,64.50130462646484,177.93234252929688,93.77645111083984,8.878870010375977,109.76005554199219,100.94091033935547,16.284555435180664,59.04399871826172,191.13052368164062,39.86780548095703,37.417320251464844,40.98802185058594
2020-06-08,80.71632385253906,74.11222076416016,397.7799987792969,126.2030029296875,24.69397735595703,280.8470153808594,173.54757690429688,40.2419548034668,79.58108520507812,123.40601348876953,71.76563262939453,221.7506561279297,56.75818634033203,96.40240478515625,41.28072738647461,299.5219421386719,176.4813232421875,229.38565063476562,65.00313568115234,179.03492736816406,95.21900939941406,8.764400482177734,109.56941223144531,101.55509185791016,16.51314926147461,63.327999114990234,191.12094116210938,40.109466552734375,37.31883239746094,42.269866943359375
2020-06-09,83.26519012451172,75.35015106201172,397.1600036621094,130.04299926757812,24.417097091674805,279.34759521484375,171.59136962890625,40.17506408691406,78.2629623413086,120.11917877197266,71.96585845947266,221.74209594726562,56.19657897949219,93.92969512939453,40.576847076416016,300.5641174316406,173.75555419921875,236.5923614501953,64.50130462646484,180.40365600585938,93.70340728759766,9.004288673400879,110.19931030273438,100.94942474365234,16.210020065307617,62.711334228515625,190.62303161621094,39.950653076171875,37.352699279785156,41.327789306640625
2020-06-10,85.40736389160156,75.92213439941406,406.82000732421875,132.37249755859375,23.01540756225586,280.9750061035156,179.00318908691406,39.648311614990234,75.21815490722656,118.46123504638672,72.59131622314453,219.7470703125,56.93647384643555,90.12286376953125,40.26216506958008,302.1658020019531,170.5159149169922,234.6692352294922,64.11711120605469,187.09515380859375,93.23777770996094,9.32356071472168,111.1606216430664,101.70863342285156,15.971489906311035,68.336669921875,191.9635772705078,40.08185577392578,37.294212341308594,39.111595153808594
2020-06-11,81.30693054199219,72.2866439819336,387.6700134277344,127.89800262451172,20.705211639404297,275.0323791503906,169.12405395507812,36.51289749145508,68.88959503173828,109.21159362792969,69.4789047241211,206.8101043701172,53.219154357910156,82.60275268554688,37.71162033081055,281.0339050292969,163.29640197753906,222.47633361816406,60.65130615234375,177.0484161376953,86.89227294921875,8.755688667297363,105.94776153564453,99.17509460449219,14.99252700805664,64.85600280761719,180.85635375976562,38.97709655761719,36.96485137939453,35.65989303588867
2020-06-12,82.00891876220703,72.44334411621094,406.5400085449219,127.2509994506836,21.4406681060791,273.0851135253906,172.1320343017578,37.6834602355957,71.21751403808594,111.974853515625,70.02507781982422,209.38369750976562,52.889320373535156,84.86302947998047,38.1043701171875,287.34454345703125,164.74205017089844,226.5901641845703,60.303550720214844,178.44564819335938,88.04265594482422,8.891312599182129,106.90911865234375,98.62914276123047,15.15651798248291,62.35200119018555,184.09271240234375,39.03234100341797,36.24149703979492,36.42436218261719
2020-06-15,83.02311706542969,72.92911529541016,401.3399963378906,128.63400268554688,21.760807037353516,271.6954040527344,175.57252502441406,37.91756820678711,70.3233413696289,113.51646423339844,70.41263580322266,208.44235229492188,53.57573318481445,86.03565979003906,38.68930435180664,286.74627685546875,165.02073669433594,230.47605895996094,58.501548767089844,179.58619689941406,89.3300552368164,9.131448745727539,108.13568878173828,99.5418930053711,15.15651798248291,66.05999755859375,183.6139678955078,38.769954681396484,36.346168518066406,36.40119934082031
2020-06-16,85.22343444824219,75.26397705078125,411.6700134277344,130.7635040283203,22.323219299316406,275.5169372558594,177.41070556640625,38.862369537353516,72.481689453125,114.8350601196289,71.68783569335938,215.86080932617188,53.84317398071289,86.72395324707031,39.0820426940918,293.7999572753906,165.7435302734375,233.5986328125,60.833099365234375,183.9870147705078,90.42566680908203,9.026686668395996,109.12190246582031,100.77027893066406,15.295658111572266,65.47533416748047,184.68641662597656,39.30161666870117,36.829410552978516,37.2197265625
2020-06-17,85.10481262207031,75.01324462890625,413.489990234375,132.0489959716797,21.631019592285156,273.9170837402344,178.31504821777344,38.603179931640625,70.56231689453125,114.06912231445312,71.9886703491211,216.6381072998047,53.92338943481445,84.53165435791016,38.923274993896484,293.105224609375,166.1528778076172,233.4796905517578,60.29563522338867,184.62388610839844,90.58087158203125,9.193412780761719,109.19648742675781,100.59968566894531,15.037252426147461,66.11933135986328,185.33753967285156,39.11519241333008,36.638580322265625,36.00737380981445
2020-06-18,85.1386947631836,75.39717864990234,420.4599914550781,132.69900512695312,21.665634155273438,273.8804016113281,184.46859741210938,38.318904876708984,70.87063598632812,114.76719665527344,71.07575225830078,215.22174072265625,53.55790328979492,84.07276916503906,39.2658805847168,294.156982421875,165.02073669433594,233.8861083984375,60.2403450012207,186.6009063720703,89.88700103759766,9.175496101379395,110.04181671142578,101.75128173828125,15.081977844238281,66.9306640625,185.6726837158203,39.28090286254883,36.31846237182617,36.23130798339844
2020-06-19,84.65216827392578,75.77324676513672,428.010009765625,133.75050354003906,21.847333908081055,274.1821594238281,183.77066040039062,37.89249038696289,69.86084747314453,110.86955261230469,70.60592651367188,213.0108642578125,53.14784622192383,83.1125717163086,38.455326080322266,286.0998229980469,162.46910095214844,236.71131896972656,61.56810760498047,185.4888153076172,87.44921112060547,9.218546867370605,108.7986831665039,101.4441909790039,15.06209659576416,66.72666931152344,184.03529357910156,38.77686309814453,36.89098358154297,35.50544738769531
2020-06-22,86.86698150634766,76.21200561523438,438.6400146484375,135.6909942626953,21.302227020263672,274.6849670410156,188.39076232910156,37.75871276855469,70.600830078125,112.39176177978516,71.89547729492188,215.1785430908203,53.56680679321289,82.21185302734375,38.221343994140625,293.7613220214844,163.2528533935547,237.13758850097656,60.65920639038086,190.64047241210938,90.85479736328125,9.482821464538574,108.60806274414062,100.44611358642578,14.962708473205566,66.28800201416016,186.67807006835938,38.43162155151367,37.454280853271484,35.845218658447266
2020-06-23,88.72113800048828,76.24337005615234,440.54998779296875,138.2205047607422,21.449321746826172,275.4529724121094,185.84478759765625,38.01791000366211,70.48521423339844,113.04136657714844,72.55563354492188,216.1717529296875,53.4152717590332,83.21453094482422,38.13780212402344,296.11572265625,162.52134704589844,240.13128662109375,60.95162582397461,191.9141387939453,93.0551528930664,9.406425476074219,108.86499786376953,100.4290771484375,15.032280921936035,66.78533172607422,189.5602264404297,37.93449020385742,37.266502380371094,36.061424255371094
2020-06-24,87.155029296875,74.54314422607422,431.67999267578125,136.72000122070312,20.601388931274414,272.4634704589844,182.39450073242188,37.41590881347656,67.55606079101562,108.65894317626953,71.00538635253906,212.56182861328125,52.67536926269531,80.4359130859375,37.31052017211914,283.6971740722656,160.4922332763672,231.9828338623047,59.96369934082031,188.045654296875,91.3752212524414,9.192913055419922,107.37324523925781,99.31157684326172,14.619827270507812,64.0566635131836,183.27890014648438,37.23710250854492,37.02949142456055,34.362606048583984
2020-06-25,88.31204986572266,75.9926528930664,436.95001220703125,137.72900390625,21.388757705688477,274.7581481933594,185.1370391845703,37.808876037597656,68.76624298095703,107.9705581665039,71.42169952392578,211.91409301757812,52.15833282470703,83.24003601074219,37.544498443603516,287.5568542480469,159.15980529785156,233.62838745117188,60.51693344116211,190.421875,92.58038330078125,9.44624137878418,108.90641784667969,100.5655288696289,14.768909454345703,65.73200225830078,185.73963928222656,37.47876739501953,36.84788513183594,34.87997817993164
2020-06-26,85.59860229492188,75.31881713867188,426.9200134277344,134.64349365234375,20.03032875061035,271.128662109375,180.05496215820312,38.720245361328125,66.6464614868164,105.77934265136719,67.52821350097656,208.1400604248047,51.257972717285156,78.67696380615234,36.408058166503906,279.1910400390625,156.52976989746094,214.198974609375,59.426265716552734,186.6104278564453,85.52274322509766,9.112784385681152,106.85111236572266,98.29644012451172,14.450867652893066,63.982666015625,181.22976684570312,36.705440521240234,36.42002487182617,33.683067321777344
2020-06-29,87.57136535644531,75.56172180175781,424.20001220703125,134.0189971923828,20.23798370361328,275.7273254394531,180.2122344970703,38.58646774291992,67.57916259765625,108.12569427490234,69.24449157714844,212.55311584472656,51.944393157958984,79.02535247802734,37.06820297241211,282.65496826171875,159.1946258544922,218.7192840576172,60.16128921508789,188.6159210205078,87.53137969970703,9.157578468322754,108.6329574584961,100.3693618774414,14.863324165344238,67.29000091552734,183.25015258789062,37.761871337890625,36.64781188964844,34.22361373901367
2020-06-30,88.3023910522461,76.92503356933594,435.30999755859375,137.9409942626953,20.549474716186523,277.2082824707031,184.1442108154297,38.99615478515625,68.78168487548828,108.1159896850586,70.27931213378906,216.34442138671875,53.33504867553711,79.92606353759766,37.335594177246094,285.3278503417969,160.64903259277344,225.09335327148438,61.117610931396484,193.43492126464844,89.52176666259766,9.453954696655273,109.6108627319336,101.99866485595703,15.022348403930664,71.98733520507812,184.964111328125,38.06568145751953,36.86943817138672,34.53248596191406
2020-07-01,88.13536834716797,77.67717742919922,439.80999755859375,143.93499755859375,20.125505447387695,278.61627197265625,188.6266632080078,38.511207580566406,67.54063415527344,109.5703353881836,71.46629333496094,214.30630493164062,52.42577362060547,79.24629211425781,37.45258331298828,290.6060485839844,160.814453125,235.48211669921875,61.741981506347656,194.56600952148438,88.92830657958984,9.486056327819824,109.6937255859375,102.34841918945312,14.858357429504395,74.64199829101562,185.5481719970703,37.74806213378906,36.841732025146484,33.75257110595703
2020-07-02,88.13536834716797,77.47347259521484,442.95001220703125,144.51499938964844,20.151460647583008,279.5213928222656,189.25579833984375,38.452213287353516,68.07250213623047,108.76560974121094,72.85050964355469,214.60858154296875,52.711029052734375,79.50369262695312,37.502723693847656,291.8122253417969,159.82168579101562,231.38804626464844,62.263614654541016,196.0487823486328,89.86872863769531,9.567928314208984,110.09986114501953,103.11618041992188,14.947805404663086,80.57733154296875,187.35787963867188,37.830909729003906,36.69398498535156,34.03828048706055
2020-07-06,90.49298858642578,77.57534790039062,452.5899963378906,152.8520050048828,20.471603393554688,284.77825927734375,194.35751342773438,39.11794662475586,68.2729263305664,110.94711303710938,74.3234634399414,215.515380859375,53.07652282714844,81.51144409179688,37.7951774597168,294.8516845703125,164.15859985351562,238.18832397460938,62.89589309692383,200.26898193359375,91.25650024414062,9.7938814163208,110.47276306152344,103.75593566894531,15.151546478271484,91.43866729736328,189.35911560058594,38.14162063598633,36.59547805786133,34.277652740478516
2020-07-07,90.21222686767578,77.84173583984375,449.3599853515625,150.00599670410156,19.90919303894043,289.1117248535156,193.04031372070312,38.452213287353516,66.53083038330078,110.17146301269531,73.84123992919922,213.61541748046875,51.98005294799805,79.21195983886719,37.778480529785156,289.39019775390625,161.82467651367188,238.76329040527344,62.21620178222656,197.94027709960938,88.62699890136719,9.8262357711792,110.6965560913086,104.25923919677734,15.067071914672852,92.65733337402344,185.95030212402344,38.00352478027344,39.0764274597168,33.389644622802734
2020-07-08,92.31327056884766,77.7868881225586,457.67999267578125,154.0554962158203,19.98706817626953,289.19403076171875,196.87400817871094,38.603912353515625,66.5616683959961,113.10924530029297,74.51921844482422,215.18716430664062,52.24748229980469,80.05282592773438,37.661476135253906,290.0086669921875,161.85079956054688,241.45962524414062,61.58391189575195,202.2935028076172,90.24305725097656,10.168891906738281,111.23521423339844,104.83078002929688,15.136638641357422,91.05867004394531,186.7833709716797,38.23828887939453,38.30382537841797,33.31242370605469
2020-07-09,92.71023559570312,76.73698425292969,460.8399963378906,159.13150024414062,19.7015380859375,297.6234130859375,197.326171875,39.35390853881836,63.77894973754883,113.25467681884766,75.26560974121094,214.1422119140625,52.078102111816406,78.31962585449219,36.692161560058594,284.6363525390625,160.52706909179688,242.37161254882812,60.61178970336914,203.70980834960938,88.55397033691406,10.460541725158691,109.98383331298828,104.48103332519531,15.018926620483398,92.9520034790039,184.04486083984375,37.662261962890625,39.322669982910156,31.93791961669922
2020-07-10,92.87242889404297,75.86727142333984,466.20001220703125,160.0,20.783090591430664,298.2543029785156,195.49783325195312,39.320194244384766,65.69832611083984,115.7076644897461,76.2741470336914,215.99900817871094,53.067604064941406,82.60112762451172,37.72834014892578,285.6896057128906,161.00607299804688,242.93663024902344,60.643402099609375,203.09190368652344,89.46698760986328,10.430931091308594,111.43413543701172,105.68382263183594,15.31889820098877,102.97666931152344,184.37045288085938,38.04628372192383,40.22455596923828,32.934051513671875
2020-07-13,92.44400787353516,76.67428588867188,442.4700012207031,155.1999969482422,20.9301815032959,295.22808837890625,185.1370391845703,38.70503234863281,65.82937622070312,112.6826400756836,74.94694519042969,215.5758056640625,52.220741271972656,83.7851791381836,37.8119010925293,280.3754577636719,161.04087829589844,236.9194793701172,61.133419036865234,196.8186798095703,88.07007598876953,10.005898475646973,111.80709838867188,105.82032775878906,15.130779266357422,99.80400085449219,180.99041748046875,38.01835632324219,39.86749267578125,32.941776275634766
2020-07-14,93.97378540039062,78.41111755371094,433.7799987792969,154.1999969482422,20.88691520690918,299.8724670410156,186.33628845214844,38.983116149902344,68.10333251953125,115.0483627319336,75.37462615966797,222.63157653808594,52.57732009887695,84.26567840576172,38.32998275756836,288.84912109375,166.0919189453125,237.64309692382812,61.84474182128906,198.0353546142578,88.34400177001953,10.32914924621582,112.31262969970703,106.70748138427734,15.232468605041504,101.12000274658203,185.11729431152344,38.7095832824707,40.633949279785156,34.03056335449219
2020-07-15,94.62007141113281,79.68797302246094,433.010009765625,150.44349670410156,21.284929275512695,298.68389892578125,184.89126586914062,39.101097106933594,68.51958465576172,117.2201919555664,75.1773910522461,222.6401824951172,52.62187957763672,85.56987762451172,38.772857666015625,295.39044189453125,167.00634765625,238.18832397460938,62.785240173339844,197.74063110351562,89.96915435791016,10.180089950561523,110.79598236083984,106.20417022705078,15.257887840270996,103.06732940673828,188.2005157470703,38.44427490234375,40.63086700439453,34.462989807128906
2020-07-16,93.45578002929688,79.24386596679688,426.2900085449219,149.9949951171875,20.705211639404297,298.2908020019531,182.3551483154297,38.57862091064453,68.11103820800781,115.79493713378906,75.08024597167969,222.8820037841797,52.71994400024414,85.81011962890625,38.563968658447266,289.2357177734375,166.2660675048828,238.83265686035156,62.75362777709961,193.82461547851562,88.80049133300781,10.088017463684082,110.95344543457031,106.42597198486328,15.451090812683105,100.04266357421875,185.2800750732422,38.946990966796875,40.69242477416992,34.19271469116211
2020-07-17,93.26698303222656,79.96553802490234,432.4200134277344,148.09849548339844,20.090890884399414,296.9377746582031,184.5865478515625,39.39603042602539,67.20918273925781,115.03866577148438,75.17589569091797,224.86834716796875,53.48659133911133,84.2227783203125,39.12382125854492,293.7864685058594,166.75375366210938,239.923095703125,63.125091552734375,192.83616638183594,87.90572357177734,10.154458045959473,111.59986877441406,107.16812896728516,15.37990951538086,100.05599975585938,186.8025360107422,39.31006622314453,40.55084228515625,33.60585021972656
2020-07-20,95.23247528076172,78.9424819946289,455.2699890136719,159.8419952392578,20.402385711669922,298.51025390625,191.77224731445312,39.581424713134766,65.72915649414062,114.20484161376953,77.50474548339844,224.68699645996094,54.51175308227539,83.48489379882812,38.538883209228516,301.4195861816406,166.86697387695312,243.28359985351562,62.76155471801758,201.1244354248047,87.33051300048828,10.462285041809082,110.3153305053711,106.83544158935547,15.176543235778809,109.53333282470703,190.0389862060547,39.00983810424805,40.46772003173828,32.81821823120117
2020-07-21,93.91810607910156,77.24531555175781,444.2799987792969,156.9145050048828,21.12918472290039,299.63470458984375,187.55523681640625,39.62356185913086,70.44667053222656,115.00958251953125,77.11222076416016,226.630126953125,54.110599517822266,85.2952880859375,39.44136047363281,297.2069091796875,168.0601043701172,239.64553833007812,62.35055923461914,198.41552734375,89.80481719970703,10.28087329864502,111.40928649902344,106.69039916992188,15.37990951538086,104.55733489990234,188.13348388671875,38.9888801574707,40.732444763183594,34.47843933105469
2020-07-22,94.18193817138672,77.48323822021484,445.04998779296875,154.99549865722656,21.03400421142578,300.14666748046875,188.05653381347656,39.52244567871094,70.17689514160156,115.40709686279297,77.55480194091797,229.00502014160156,54.422603607177734,84.67755126953125,40.51095199584961,302.78192138671875,172.9717559814453,237.7819061279297,62.263614654541016,201.26698303222656,90.3069839477539,10.390617370605469,112.71868896484375,107.6031723022461,15.33415412902832,106.15533447265625,190.412353515625,38.92604064941406,40.83403015136719,33.675350189208984
2020-07-23,89.89512634277344,77.74494171142578,431.739990234375,149.32749938964844,21.233013153076172,298.1445617675781,185.3336181640625,39.95221710205078,70.15375518798828,114.5248031616211,75.17095184326172,227.83055114746094,53.84317398071289,84.92634582519531,40.34383010864258,299.42926025390625,172.03994750976562,230.57521057128906,61.69456481933594,192.512939453125,89.75003814697266,10.083041191101074,113.60543823242188,108.29936218261719,15.201963424682617,100.87133026123047,189.04315185546875,38.99586486816406,40.52005386352539,33.74484634399414
2020-07-24,89.67243957519531,77.01531982421875,430.30999755859375,150.44549560546875,21.068614959716797,297.8427429199219,185.2844696044922,39.101097106933594,69.47541809082031,114.03032684326172,74.74768829345703,229.12594604492188,45.09810256958008,84.32572937011719,40.51931381225586,296.54986572265625,173.05886840820312,228.70164489746094,60.935813903808594,191.3343505859375,89.86872863769531,10.14749526977539,112.7601089477539,108.12767028808594,15.034181594848633,94.46666717529297,186.8599853515625,39.69408416748047,40.39692306518555,33.53635787963867
2020-07-27,91.79768371582031,77.05498504638672,437.1000061035156,152.760498046875,20.88691520690918,299.5068054199219,187.71250915527344,39.766822814941406,70.17689514160156,112.76988983154297,75.79936218261719,230.94822692871094,44.18883514404297,83.14167022705078,40.51095199584961,298.42425537109375,175.2621612548828,231.46734619140625,62.38217544555664,193.7581024169922,88.75484466552734,10.373446464538574,114.09442901611328,108.43671417236328,14.891820907592773,102.63999938964844,188.5452423095703,39.70804977416992,40.3876953125,34.03056335449219
2020-07-28,90.28965759277344,76.69808197021484,432.260009765625,150.01649475097656,21.077268600463867,299.4793395996094,186.27728271484375,38.99996566772461,68.68916320800781,112.64384460449219,74.52169799804688,229.10008239746094,43.894649505615234,83.50201416015625,40.2602653503418,295.97979736328125,170.89907836914062,228.1167755126953,62.98281478881836,192.01870727539062,87.8966064453125,10.16839599609375,113.8541030883789,109.77586364746094,15.095193862915039,98.43267059326172,188.3824920654297,40.133968353271484,40.55699157714844,33.6290168762207
2020-07-29,92.02037811279297,76.93603515625,436.29998779296875,151.67649841308594,21.864639282226562,298.1719665527344,190.31741333007812,39.36233139038086,69.42916107177734,112.09120178222656,75.50597381591797,228.56463623046875,42.85167694091797,85.52694702148438,40.1265754699707,298.84942626953125,170.8730010986328,231.2591552734375,62.71413040161133,193.9577178955078,88.53571319580078,10.417243003845215,114.30988311767578,110.14497375488281,15.029098510742188,99.94066619873047,190.14431762695312,40.1130256652832,40.227630615234375,33.99967575073242
2020-07-30,93.13385772705078,76.1667251586914,438.8800048828125,152.593994140625,21.492584228515625,297.6039123535156,188.43991088867188,39.134796142578125,66.49998474121094,112.13968658447266,76.24243927001953,229.98956298828125,42.780357360839844,83.24463653564453,39.850826263427734,298.55950927734375,170.17628479003906,232.45864868164062,62.429595947265625,193.80560302734375,88.39874267578125,10.565058708190918,114.11099243164062,112.814697265625,15.034181594848633,99.16600036621094,185.8162841796875,40.008296966552734,40.052181243896484,32.33173370361328
2020-07-31,102.88389587402344,75.27056121826172,444.32000732421875,158.23399353027344,21.527193069458008,298.2543640136719,191.5363311767578,39.69099426269531,64.7039566040039,113.38072204589844,73.74359130859375,229.28138732910156,42.548583984375,82.91858673095703,39.47478103637695,298.10546875,169.1922149658203,251.46176147460938,63.417518615722656,194.86068725585938,89.12004089355469,10.565802574157715,114.08612823486328,112.5571517944336,15.039263725280762,95.38400268554688,182.311767578125,40.133968353271484,39.8305549621582,32.493896484375
2020-08-03,105.47631072998047,76.0874252319336,447.9700012207031,155.59449768066406,21.622371673583984,301.7269287109375,199.73451232910156,39.741539001464844,65.37457275390625,112.80867767333984,73.48637390136719,229.8772430419922,43.056705474853516,82.45525360107422,38.68930435180664,302.0282897949219,169.29672241210938,249.7666473388672,65.23531341552734,205.81985473632812,89.77742767333984,10.95948314666748,113.29053497314453,112.70310974121094,15.059603691101074,99.0,182.5894775390625,39.966392517089844,39.799774169921875,32.62516403198242
2020-08-04,106.18071746826172,74.77884674072266,446.9200134277344,156.94149780273438,21.639678955078125,311.3195495605469,197.98475646972656,40.17131423950195,66.66960144042969,113.72007751464844,73.01753997802734,231.33677673339844,43.79659652709961,81.98333740234375,39.01519012451172,303.7674865722656,173.61619567871094,247.65521240234375,64.54772186279297,202.7307891845703,88.86441040039062,11.175979614257812,113.92866516113281,114.84916687011719,15.257887840270996,99.13333129882812,184.12147521972656,40.4342155456543,40.52005386352539,33.56724166870117
2020-08-05,106.56558227539062,73.95406341552734,449.510009765625,160.25149536132812,21.96846580505371,311.4845275878906,199.19384765625,39.88481140136719,67.21688079833984,123.72595977783203,73.30448150634766,230.99998474121094,43.60939025878906,83.40767669677734,39.458072662353516,316.9176025390625,173.5290985107422,246.95138549804688,64.52400207519531,202.39808654785156,92.16040802001953,11.234705924987793,112.9176025390625,114.54872131347656,15.176543235778809,99.00133514404297,187.7696533203125,40.175865173339844,39.95675277709961,33.86067199707031
2020-08-06,110.28356170654297,73.41476440429688,464.1099853515625,161.25,22.03768539428711,314.54473876953125,204.25628662109375,40.255592346191406,67.42500305175781,126.8382568359375,74.58612823486328,232.63223266601562,43.59144592285156,83.43338775634766,39.67533493041992,318.9853515625,176.94290161132812,262.970703125,64.05770111083984,205.6392822265625,91.71300506591797,11.283230781555176,112.59437561035156,113.92206573486328,15.171451568603516,99.30533599853516,190.32618713378906,40.378353118896484,39.815162658691406,33.698516845703125
2020-08-07,107.77618408203125,73.69233703613281,449.57000732421875,158.3730010986328,22.591442108154297,312.3457336425781,197.6309051513672,39.96907043457031,66.90853881835938,125.97533416748047,74.26002502441406,234.59263610839844,43.10679626464844,85.26956176757812,39.94272994995117,316.9369201660156,178.1796112060547,266.1031799316406,64.03400421142578,201.9608917236328,93.00039672851562,11.147859573364258,113.32367706298828,114.6431655883789,15.262971878051758,96.84733581542969,188.0185546875,40.86711883544922,40.00601577758789,33.54408264160156
2020-08-10,109.34268951416016,73.26409149169922,443.2900085449219,157.4080047607422,22.980796813964844,311.5119934082031,193.8070526123047,40.22187423706055,69.16710662841797,124.87002563476562,74.1832046508789,237.26123046875,44.1748161315918,86.35066223144531,39.875885009765625,311.97064208984375,177.7615203857422,260.7105712890625,63.947052001953125,197.94027709960938,96.24163055419922,11.113516807556152,112.69381713867188,115.11531066894531,15.354490280151367,94.57133483886719,188.4303436279297,41.18829345703125,40.59392547607422,34.370323181152344
2020-08-11,106.09086608886719,73.49407958984375,435.2300109863281,154.0334930419922,23.29228401184082,304.5762939453125,188.72496032714844,39.766822814941406,69.08229064941406,126.518310546875,73.37635040283203,237.42529296875,43.250396728515625,89.07913208007812,40.051368713378906,317.4393310546875,178.52793884277344,253.90036010742188,63.947052001953125,193.31137084960938,95.97685241699219,10.799969673156738,111.98111724853516,114.36843872070312,15.354490280151367,91.6259994506836,189.36866760253906,40.853145599365234,40.07680892944336,34.72554397583008
2020-08-12,109.61669921875,75.74639892578125,445.3599853515625,158.11199951171875,23.12789535522461,308.5434875488281,189.34423828125,40.53368377685547,69.93022918701172,127.77871704101562,74.69962310791016,243.1769256591797,44.147891998291016,88.32408142089844,40.46916961669922,316.5600891113281,179.4161834716797,257.62762451171875,65.34597778320312,198.83375549316406,96.0681381225586,11.38749885559082,114.20216369628906,116.28277587890625,15.34432315826416,103.65066528320312,190.2975311279297,40.915985107421875,40.59699630737305,34.71766662597656
2020-08-13,111.55667114257812,75.08816528320312,450.0199890136719,158.05099487304688,22.79909896850586,307.572265625,191.82139587402344,35.99998092651367,69.2364501953125,126.97399139404297,75.16597747802734,243.24606323242188,43.58246994018555,87.83500671386719,40.42739486694336,315.168701171875,179.8254852294922,259.025390625,66.0256576538086,198.3679656982422,97.25506591796875,11.39023494720459,114.45079803466797,116.55745697021484,15.207042694091797,108.06666564941406,189.4727783203125,40.860130310058594,40.75154113769531,33.86723709106445
2020-08-14,111.45726013183594,75.39743041992188,447.6000061035156,157.4010009765625,22.90292739868164,308.10369873046875,190.16995239257812,35.8145751953125,69.64502716064453,126.55709075927734,74.57027435302734,242.28738403320312,43.87864685058594,87.86933135986328,40.48588943481445,315.7580871582031,180.2957305908203,258.9658508300781,65.97826385498047,198.55810546875,97.17289733886719,11.510679244995117,114.00328063964844,115.97371673583984,15.257887840270996,110.04733276367188,188.57130432128906,41.04865264892578,40.98335266113281,34.01685333251953
2020-08-17,111.166259765625,76.41258239746094,451.5799865722656,159.12049865722656,22.40974235534668,311.4753723144531,193.39419555664062,35.46907424926758,69.96875762939453,125.43238830566406,75.14566802978516,248.92868041992188,43.91454315185547,85.55269622802734,40.285335540771484,319.072265625,181.72398376464844,258.8865661621094,66.98988342285156,199.8697967529297,96.46988677978516,12.28011417388916,114.30162048339844,116.31708526611328,15.176543235778809,122.3759994506836,191.24685668945312,41.041664123535156,41.910579681396484,33.575889587402344
2020-08-18,112.09259033203125,75.85743713378906,463.510009765625,165.62449645996094,22.089599609375,312.19927978515625,200.54052734375,35.37636947631836,68.52217102050781,124.99607849121094,77.10529327392578,246.1305389404297,43.663246154785156,84.36006164550781,40.460819244384766,319.81622314453125,183.16094970703125,260.0563659667969,66.83183288574219,201.01986694335938,97.66592407226562,12.204216003417969,114.45906066894531,117.18409729003906,15.146035194396973,125.80599975585938,190.8441162109375,41.32095718383789,41.635498046875,33.41053771972656
2020-08-19,112.23323059082031,76.21430969238281,462.010009765625,163.0240020751953,22.06364631652832,312.3365783691406,201.62185668945312,35.28367233276367,67.55254364013672,123.8810806274414,76.55168151855469,244.2824249267578,43.37604904174805,84.55738830566406,39.58341979980469,321.1689758300781,182.45553588867188,260.3041076660156,67.20330810546875,199.80030822753906,98.96241760253906,12.082527160644531,113.08334350585938,116.54886627197266,15.115530967712402,125.23533630371094,192.74282836914062,41.23018264770508,40.92462921142578,33.040443420410156
2020-08-20,114.72364044189453,75.50055694580078,478.4800109863281,164.86849975585938,21.71755027770996,312.3091735839844,205.94700622558594,35.65446853637695,66.31705474853516,124.22042846679688,78.11979675292969,242.39971923828125,44.12994384765625,83.54496002197266,39.56670379638672,325.92266845703125,182.7777099609375,266.6682434082031,67.20330810546875,204.44993591308594,98.61547088623047,12.085018157958984,113.30711364746094,117.47598266601562,15.085022926330566,133.45533752441406,195.77313232421875,41.167354583740234,40.35592269897461,32.5364875793457
2020-08-21,120.63562774658203,75.23089599609375,473.2200012207031,164.23599243164062,21.61371612548828,315.7357482910156,204.00067138671875,35.603912353515625,66.52820587158203,123.5611343383789,78.08609008789062,244.60194396972656,44.228668212890625,83.50201416015625,39.508209228515625,325.7101745605469,184.24948120117188,264.6856689453125,67.16378021240234,202.9635772705078,100.20413208007812,12.625012397766113,113.09162139892578,117.982421875,15.095193862915039,136.6653289794922,195.75401306152344,41.18829345703125,40.68354034423828,32.29238510131836
2020-08-24,122.07845306396484,74.95333099365234,476.29998779296875,165.3730010986328,22.228036880493164,315.2958679199219,204.91488647460938,35.54490661621094,68.18592071533203,126.71221160888672,78.5608901977539,247.641845703125,44.1030158996582,85.8530044555664,40.08478546142578,332.0291442871094,185.1638946533203,269.02752685546875,67.51152801513672,203.6019287109375,102.10322570800781,12.661596298217773,114.06958770751953,118.90093994140625,15.268058776855469,134.27999877929688,197.94046020507812,41.593265533447266,40.590824127197266,33.24516296386719
2020-08-25,121.07695770263672,74.596435546875,484.42999267578125,167.32449340820312,22.496261596679688,315.8273620605469,212.37576293945312,35.359519958496094,67.34922790527344,125.83958435058594,79.58679962158203,247.10646057128906,44.36329650878906,86.23052978515625,40.03465270996094,335.91339111328125,185.1900177001953,278.37542724609375,67.71703338623047,206.2506561279297,101.81103515625,12.691210746765137,113.78777313232422,119.37310791015625,15.201963424682617,134.8893280029297,199.5611114501953,41.48854064941406,40.374473571777344,32.190025329589844
2020-08-26,122.7234878540039,74.82642364501953,528.489990234375,172.09249877929688,22.115554809570312,315.4241943359375,267.6888732910156,35.603912353515625,66.29360961914062,128.1568603515625,81.48396301269531,252.1154022216797,44.47099685668945,85.0207290649414,40.24356460571289,339.1597595214844,186.1566925048828,301.264404296875,67.60637664794922,210.7097625732422,101.82931518554688,12.714101791381836,114.75741577148438,118.7979507446289,15.247722625732422,143.54466247558594,201.63246154785156,41.51645278930664,40.39611053466797,31.50495719909668
2020-08-27,121.25641632080078,74.78678131103516,510.32000732421875,170.0,22.539531707763672,317.33905029296875,271.6208190917969,35.63761901855469,66.39524841308594,129.65966796875,80.71031951904297,249.2654571533203,44.336360931396484,87.8178482055664,40.30204772949219,343.9715576171875,184.78941345214844,290.66754150390625,67.82767486572266,215.8834228515625,101.1993179321289,12.570019721984863,114.69938659667969,118.64342498779297,15.201963424682617,149.25,202.3708953857422,41.495521545410156,42.228912353515625,31.2923526763916
2020-08-28,121.05998992919922,74.6836929321289,516.4400024414062,170.08999633789062,22.755836486816406,319.1806640625,266.4895935058594,35.561771392822266,66.958251953125,131.4145965576172,81.25102996826172,247.24465942382812,45.26079559326172,88.17823028564453,41.63904571533203,353.74957275390625,187.15821838378906,291.1036682128906,67.69329833984375,218.10345458984375,102.75033569335938,13.087125778198242,115.97565460205078,119.12413787841797,15.273144721984863,147.55999755859375,206.8588409423828,41.376808166503906,43.363216400146484,32.040409088134766
2020-08-31,125.16539764404297,75.95259857177734,513.3900146484375,172.54800415039062,22.271305084228516,318.5301818847656,268.0132141113281,35.5786247253418,65.62895202636719,127.85628509521484,80.7603759765625,246.1651153564453,45.72749710083008,85.96453857421875,41.38835525512695,346.0875549316406,187.0355682373047,290.64764404296875,67.3929672241211,214.88299560546875,102.38429260253906,13.312828063964844,116.07510375976562,118.74642944335938,15.156206130981445,166.10667419433594,203.29148864746094,41.38379669189453,42.91506576538086,31.449831008911133
2020-09-01,130.15106201171875,73.1530532836914,527.9500122070312,174.95599365234375,22.245344161987305,321.93853759765625,276.4670104980469,35.418514251708984,64.96427154541016,129.48516845703125,82.02664947509766,246.9423065185547,45.58389663696289,85.92163848876953,41.04576110839844,344.841064453125,186.3085174560547,292.8681640625,66.72908782958984,216.54083251953125,105.08369445800781,13.761387825012207,115.3541488647461,118.61767578125,14.983336448669434,158.35000610351562,204.59567260742188,41.3069953918457,45.61637878417969,31.04825210571289
2020-09-02,127.45455169677734,74.50919342041016,533.7999877929688,176.57249450683594,22.513568878173828,328.7917785644531,271.9845275878906,35.747169494628906,65.05030059814453,131.26918029785156,85.1147689819336,249.33848571777344,46.89422607421875,87.21723937988281,42.775489807128906,348.51275634765625,189.409423828125,299.8666687011719,68.70494079589844,220.71408081054688,106.8771743774414,14.28462028503418,118.75201416015625,120.61781311035156,15.100274085998535,149.1233367919922,207.59725952148438,42.26355743408203,45.64419174194336,30.859264373779297
2020-09-03,117.25041961669922,72.85961151123047,507.79998779296875,168.39999389648438,22.35674285888672,319.1165771484375,260.5032043457031,34.50840377807617,64.3387222290039,129.18458557128906,80.7593765258789,238.42562866210938,45.224891662597656,86.94266510009766,42.18220520019531,332.2224426269531,187.28085327148438,288.5857238769531,67.56686401367188,207.04151916503906,103.26273345947266,12.95936107635498,116.33385467529297,118.68635559082031,15.044352531433105,135.6666717529297,200.38584899902344,42.31941604614258,44.673702239990234,30.796279907226562
2020-09-04,117.3280029296875,72.85961151123047,491.94000244140625,164.7310028076172,23.123462677001953,317.5314636230469,250.36849975585938,34.39885330200195,64.06505584716797,127.9726333618164,78.36561584472656,234.1107940673828,44.94667053222656,88.82173919677734,42.650142669677734,323.6907653808594,185.46762084960938,280.2688293457031,67.36925506591797,204.13548278808594,102.85098266601562,12.56805419921875,115.82466888427734,118.42881774902344,14.957915306091309,139.44000244140625,196.2622833251953,42.2286491394043,44.145179748535156,30.77265739440918
2020-09-08,109.43241882324219,71.55104064941406,462.1300048828125,157.49200439453125,22.199914932250977,310.4674987792969,237.16690063476562,33.70783615112305,61.750465393066406,130.1154022216797,75.51043701171875,233.76356506347656,43.8965950012207,85.73286437988281,41.622337341308594,318.734130859375,187.08815002441406,268.7994689941406,65.85970306396484,193.09268188476562,103.14378356933594,11.861615180969238,113.14525604248047,116.6948013305664,15.003674507141113,110.06999969482422,191.90855407714844,41.86558151245117,42.79142761230469,30.063962936401367
2020-09-09,113.79731750488281,72.66928100585938,479.4599914550781,163.4304962158203,22.226049423217773,317.4031677246094,246.17111206054688,33.817386627197266,62.57936096191406,129.30093383789062,76.68155670166016,240.5178680419922,44.5338134765625,86.54798889160156,41.939876556396484,328.1642761230469,188.95391845703125,271.3373107910156,67.0847396850586,201.31521606445312,105.13859558105469,12.660157203674316,114.44740295410156,118.59191131591797,14.932500839233398,122.09333038330078,195.68687438964844,41.92142868041992,43.236507415771484,29.882858276367188
2020-09-10,110.0822982788086,71.09898376464844,476.260009765625,158.7554931640625,21.9036865234375,311.0814208984375,243.58583068847656,33.345481872558594,61.109283447265625,129.1652069091797,75.63185119628906,236.7500762939453,43.941471099853516,85.6556625366211,41.781097412109375,321.6326599121094,190.294189453125,265.7562255859375,66.04936981201172,195.67474365234375,105.03793334960938,12.258649826049805,112.48583221435547,117.34719848632812,14.698616027832031,123.77999877929688,193.270263671875,41.565338134765625,42.284549713134766,29.13480567932129
2020-09-11,108.63705444335938,71.13862609863281,471.3500061035156,155.81100463867188,22.21733856201172,310.7149353027344,238.9657745361328,33.606719970703125,60.749595642089844,127.73995971679688,75.12187194824219,239.9014892578125,44.228668212890625,86.71959686279297,42.666866302490234,318.99493408203125,190.95986938476562,264.2890930175781,66.76860809326172,194.39794921875,107.9752197265625,12.112031936645508,113.36229705810547,118.58332061767578,14.744377136230469,124.23999786376953,192.44557189941406,41.74687576293945,42.25056076049805,29.056066513061523
2020-09-14,111.89616394042969,71.76516723632812,485.9100036621094,155.14849853515625,22.43515396118164,314.1873474121094,242.445556640625,34.0196418762207,60.43681716918945,127.25515747070312,74.77841186523438,243.65194702148438,44.345333099365234,87.92082214355469,42.7174072265625,327.159423828125,193.2023468017578,263.8330993652344,66.99947357177734,195.7128143310547,109.14649200439453,12.816729545593262,114.08016204833984,119.00397491455078,14.815559387207031,139.8733367919922,196.56910705566406,42.11693572998047,42.44218063354492,28.867076873779297
2020-09-15,112.07076263427734,72.0982894897461,497.6700134277344,157.80650329589844,22.025659561157227,315.0944519042969,247.39984130859375,34.21345520019531,59.701759338378906,127.2454833984375,76.08136749267578,247.93203735351562,44.87487030029297,85.18374633789062,43.003814697265625,327.6812744140625,194.78782653808594,270.0485534667969,67.03925323486328,198.9237518310547,109.13733673095703,12.934965133666992,113.20367431640625,119.00397491455078,14.805390357971191,149.9199981689453,196.96224975585938,42.312435150146484,42.45454406738281,28.559978485107422
2020-09-16,108.76315307617188,71.20209503173828,476.0,153.90499877929688,22.304466247558594,314.929443359375,246.33824157714844,34.06177520751953,61.42987823486328,128.06959533691406,74.93999481201172,244.50279235839844,45.206932067871094,85.54411315917969,42.78479766845703,330.2996520996094,196.9252166748047,261.2260437011719,68.12197875976562,195.3698272705078,108.51508331298828,12.460524559020996,112.66947174072266,118.20562744140625,14.866400718688965,147.25332641601562,196.71299743652344,42.1518440246582,42.11455535888672,29.772615432739258
2020-09-17,107.02688598632812,71.08314514160156,474.29998779296875,150.43649291992188,22.086647033691406,310.48577880859375,240.3714599609375,34.0196418762207,61.6097297668457,126.25651550292969,73.6985092163086,243.05288696289062,45.16206359863281,84.56597900390625,42.5826301574707,327.9614562988281,194.97178649902344,252.6017608642578,68.17770385742188,193.33087158203125,106.47454833984375,12.40973949432373,111.18366241455078,118.05110931396484,14.779969215393066,141.14332580566406,196.8472137451172,42.30545425415039,42.24746322631836,29.76474380493164
2020-09-18,103.6319808959961,71.46380615234375,467.54998779296875,147.74549865722656,21.964670181274414,307.8104553222656,238.65122985839844,33.5477294921875,61.156185150146484,124.71492004394531,71.91680145263672,238.9117889404297,44.7761344909668,84.38578796386719,42.49837875366211,323.9323425292969,192.9483184814453,250.33168029785156,68.31302642822266,190.92982482910156,104.9189682006836,12.136676788330078,109.7396240234375,117.92239379882812,14.70879077911377,147.38333129882812,194.29638671875,42.13787078857422,41.81476593017578,29.284408569335938
2020-09-21,106.77468872070312,70.65486145019531,475.6400146484375,148.02349853515625,21.319929122924805,311.1180419921875,240.88259887695312,32.89884948730469,59.662662506103516,121.5929183959961,70.87850952148438,236.44615173339844,44.623565673828125,81.77742004394531,41.35273742675781,316.7727355957031,189.56712341308594,245.98980712890625,66.17948913574219,192.97830200195312,103.73857879638672,12.463260650634766,109.5476303100586,117.35579681396484,14.556262016296387,149.79666137695312,189.34811401367188,41.62119674682617,42.36491012573242,28.685972213745117
2020-09-22,108.4527359008789,70.26625061035156,486.7799987792969,156.44949340820312,20.8581600189209,315.5892028808594,243.56619262695312,33.134796142578125,59.060577392578125,123.338134765625,72.3494644165039,237.27964782714844,44.82999038696289,80.88510131835938,41.83289337158203,323.9806213378906,189.56712341308594,252.5323944091797,66.02821350097656,197.62796020507812,106.94123077392578,12.583242416381836,110.3072280883789,118.42881774902344,14.495248794555664,141.41000366210938,192.3304901123047,41.76782989501953,42.748165130615234,27.977291107177734
2020-09-23,103.9035873413086,69.10836791992188,470.3900146484375,149.9929962158203,20.26569938659668,315.7540588378906,231.97669982910156,32.25840377807617,56.261199951171875,119.52774810791016,69.85010528564453,231.41082763671875,43.815826416015625,79.57234954833984,40.6114387512207,313.5648498535156,188.3057098388672,246.85226440429688,65.78142547607422,191.1204071044922,116.31129455566406,12.071455955505371,109.34732055664062,117.01240539550781,14.169857025146484,126.78666687011719,187.35342407226562,41.1324348449707,42.0311164855957,27.079626083374023
2020-09-24,104.97055053710938,68.13288879394531,467.6700134277344,150.989501953125,20.335403442382812,317.9254455566406,233.5101776123047,31.896045684814453,56.14391326904297,118.76179504394531,70.5177001953125,230.6728057861328,44.1209716796875,79.50369262695312,41.024208068847656,317.1205139160156,189.31307983398438,247.35780334472656,66.19541931152344,193.59762573242188,114.15177917480469,12.29473876953125,109.8314437866211,117.53604888916016,14.256285667419434,129.26333618164062,187.4972381591797,41.32794189453125,42.25056076049805,27.024497985839844
2020-09-25,108.90863037109375,68.38668060302734,479.7799987792969,154.75650024414062,20.46609115600586,313.8758544921875,238.6118927001953,32.40166091918945,56.16737747192383,120.225830078125,71.32059478759766,233.1470947265625,44.821022033691406,80.19869232177734,41.04105758666992,320.56988525390625,191.11758422851562,252.6017608642578,66.02024841308594,198.00904846191406,113.67594909667969,12.818222999572754,111.47581481933594,118.13695526123047,14.256285667419434,135.77999877929688,189.15631103515625,41.46757888793945,42.42673110961914,27.276477813720703
2020-09-28,111.50816345214844,69.21941375732422,488.510009765625,158.70249938964844,20.988849639892578,320.3259582519531,242.4750518798828,32.974700927734375,57.80947494506836,122.15525817871094,72.29196166992188,236.4287567138672,46.15829086303711,82.5067367553711,41.51279067993164,326.9565734863281,192.93954467773438,254.58438110351562,65.88492584228516,199.55259704589844,113.75830078125,12.978777885437012,115.16523742675781,118.47175598144531,14.429155349731445,140.39999389648438,192.10031127929688,41.446632385253906,42.42053985595703,27.804058074951172
2020-09-29,110.6642837524414,68.91009521484375,489.3299865722656,157.24400329589844,20.710046768188477,322.6348571777344,243.24176025390625,32.915706634521484,56.22209548950195,121.5832290649414,72.65673828125,236.23785400390625,45.94289016723633,81.81175994873047,41.20952606201172,324.86956787109375,191.55552673339844,259.5111083984375,65.2002944946289,197.4754638671875,115.61585235595703,13.168704986572266,114.48915100097656,117.82789611816406,14.388476371765137,139.69000244140625,191.25650024414062,41.36284637451172,42.38655471801758,26.993000030517578
2020-09-30,112.33264923095703,69.46525573730469,490.42999267578125,157.43649291992188,20.988849639892578,325.2552185058594,247.04598999023438,33.19379425048828,56.30031204223633,120.30340576171875,72.63591766357422,241.0995330810547,46.472408294677734,82.60112762451172,41.58859634399414,326.7439880371094,192.26507568359375,259.6201477050781,66.03620147705078,200.40057373046875,114.87466430664062,13.472140312194824,115.69111633300781,119.31304168701172,14.495248794555664,143.00332641601562,191.76470947265625,41.53741455078125,43.242679595947266,27.03237533569336
2020-10-01,113.28321075439453,69.10836791992188,499.510009765625,161.06300354003906,20.9975643157959,328.42523193359375,249.13975524902344,32.998191833496094,55.0648193359375,119.55683135986328,73.74111938476562,241.02145385742188,46.8852653503418,83.20171356201172,41.42854690551758,331.76824951171875,192.35263061523438,264.3089904785156,64.99329376220703,202.43002319335938,115.88118743896484,13.55577564239502,117.5274887084961,119.52764129638672,14.48508071899414,149.3866729736328,195.0059814453125,41.50947570800781,44.22246551513672,26.087453842163086
2020-10-02,109.62642669677734,68.29944610595703,478.989990234375,156.25,21.093400955200195,325.26434326171875,243.63499450683594,32.54743576049805,55.666927337646484,118.8199691772461,72.14031219482422,242.48863220214844,45.781341552734375,83.99110412597656,41.58018493652344,327.3816223144531,195.05062866210938,257.6772155761719,64.3245849609375,196.45602416992188,115.88118743896484,13.00590991973877,115.24038696289062,118.56615447998047,14.58167839050293,138.3633270263672,193.19357299804688,41.36284637451172,43.4250373840332,25.969345092773438
2020-10-05,113.00194549560547,69.73492431640625,486.4700012207031,159.9600067138672,21.450620651245117,328.53521728515625,247.25241088867188,32.802574157714844,56.84766387939453,119.61502075195312,73.4898452758789,244.910888671875,46.391632080078125,85.76637268066406,41.5970344543457,331.6523742675781,198.0289306640625,262.34625244140625,64.67486572265625,200.44821166992188,117.04331970214844,13.583656311035156,115.13184356689453,119.65638732910156,14.576594352722168,141.89332580566406,195.188232421875,41.65610122680664,43.82683181762695,26.567787170410156
2020-10-06,109.76220703125,68.11702728271484,478.9800109863281,154.9980010986328,21.23280906677246,328.32452392578125,245.8860626220703,32.802574157714844,56.53489685058594,117.24927520751953,71.91332244873047,240.02305603027344,46.10443878173828,84.88304138183594,41.226375579833984,326.0290222167969,196.2945098876953,256.4082946777344,63.39318084716797,196.18923950195312,116.80540466308594,13.677249908447266,113.27043914794922,119.84524536132812,14.59693431854248,137.9933319091797,192.2250213623047,41.51645278930664,43.46522903442383,26.292186737060547
2020-10-07,111.62456512451172,69.0528564453125,493.1499938964844,159.7845001220703,21.677152633666992,332.6031799316406,255.55874633789062,33.50846481323242,57.692169189453125,119.16902160644531,72.31576538085938,245.5098876953125,47.27118682861328,86.36390686035156,41.748661041259766,332.2803955078125,198.38804626464844,255.87306213378906,63.719566345214844,199.92417907714844,119.01066589355469,13.90377140045166,114.36392211914062,120.78089141845703,14.642696380615234,141.76666259765625,194.16213989257812,41.62119674682617,43.545589447021484,26.378808975219727
2020-10-08,111.51786804199219,69.2669677734375,490.8399963378906,159.52749633789062,21.990812301635742,334.4997253417969,255.79458618164062,33.84014129638672,58.81819152832031,119.3435287475586,73.51959228515625,247.0116729736328,47.899436950683594,88.1391372680664,42.50680923461914,333.8764343261719,197.79241943359375,261.46392822265625,64.06983947753906,200.63876342773438,118.69039154052734,13.779061317443848,115.0650634765625,121.59640502929688,14.90234088897705,141.97332763671875,194.65118408203125,41.76796340942383,43.690834045410156,27.764680862426758
2020-10-09,113.45780944824219,69.552490234375,502.1600036621094,164.33250427246094,22.095361709594727,338.5035400390625,261.4566345214844,33.89117431640625,57.864192962646484,121.17601013183594,74.85871124267578,248.22726440429688,47.40581130981445,87.63687896728516,42.80164337158203,340.8800048828125,196.9427490234375,262.1479797363281,63.97430419921875,205.62184143066406,119.85249328613281,13.703384399414062,115.55756378173828,122.68663024902344,14.751286506652832,144.6666717529297,198.16099548339844,41.86676788330078,44.129730224609375,27.355220794677734
2020-10-12,120.66472625732422,70.04420471191406,510.8900146484375,172.14649963378906,22.37416648864746,344.9353942871094,262.5281677246094,34.324920654296875,58.26298141479492,121.16632080078125,77.54191589355469,249.08673095703125,48.357154846191406,88.71068572998047,43.037506103515625,340.5414123535156,198.06393432617188,273.34954833984375,63.97430419921875,210.94798278808594,118.46163177490234,14.164640426635742,118.63764953613281,124.03437042236328,14.652316093444824,147.43333435058594,197.93084716796875,42.02200698852539,44.584075927734375,27.268600463867188
2020-10-13,117.46380615234375,69.65559387207031,514.3099975585938,172.18150329589844,21.738142013549805,348.78350830078125,262.29217529296875,33.857154846191406,57.395042419433594,125.03487396240234,77.66482543945312,252.08187866210938,48.312286376953125,87.27315521240234,42.304630279541016,334.5439453125,199.150146484375,273.7361755371094,64.2529525756836,212.33905029296875,118.22373962402344,14.186792373657227,119.81461334228516,123.79401397705078,14.454387664794922,148.88333129882812,195.9362335205078,41.88793182373047,45.19603729248047,26.94576072692871
2020-10-14,117.55110168457031,69.1893539428711,506.30999755859375,168.1855010986328,20.579355239868164,346.6395568847656,257.37725830078125,33.92519760131836,57.043148040771484,122.73699951171875,77.48492431640625,249.24302673339844,48.06098175048828,86.7882080078125,42.220401763916016,331.50653076171875,199.38665771484375,269.45379638671875,64.09371948242188,210.43344116210938,116.81455993652344,14.034451484680176,118.96320343017578,123.64803314208984,14.318954467773438,153.76666259765625,193.90318298339844,41.23167419433594,44.48826217651367,26.89063262939453
2020-10-15,117.08551788330078,68.51409912109375,501.1499938964844,166.9324951171875,21.04113006591797,345.02703857421875,253.33714294433594,33.99323654174805,57.48104476928711,123.48356628417969,77.08993530273438,249.6336669921875,48.33023452758789,88.08718872070312,42.11088943481445,327.5113830566406,201.15609741210938,264.398193359375,62.939369201660156,209.29013061523438,118.04072570800781,13.909744262695312,118.05335998535156,123.46781158447266,14.298121452331543,149.6266632080078,191.3619384765625,41.0411376953125,44.67061233520508,27.126859664916992
2020-10-16,115.44624328613281,69.3501205444336,502.82000732421875,163.635498046875,21.119537353515625,349.5714111328125,254.15301513671875,34.15483474731445,56.99623489379883,122.95030975341797,77.69605255126953,249.7379150390625,48.60844802856445,87.90534210205078,42.14458084106445,328.3143005371094,200.9196014404297,263.614990234375,63.5523567199707,209.29013061523438,117.12567901611328,13.751925468444824,118.30377960205078,123.94850158691406,14.235614776611328,146.55667114257812,192.04281616210938,40.96352005004883,44.72624588012695,26.851261138916016
2020-10-19,112.49756622314453,67.77452850341797,495.20001220703125,160.36050415039062,20.666481018066406,344.09246826171875,250.67323303222656,33.423423767089844,55.7373046875,120.44884490966797,75.82514190673828,246.32598876953125,48.98540496826172,86.42449188232422,41.79920196533203,320.8367919921875,197.9675750732422,259.12445068359375,62.62890625,204.10693359375,116.6041030883789,13.439530372619629,116.59262084960938,121.81959533691406,14.00121784210205,143.61000061035156,188.8878173828125,40.43428039550781,44.18227005004883,26.31580924987793
2020-10-20,113.98160552978516,67.72632598876953,494.5799865722656,160.85049438476562,21.03241539001465,346.61212158203125,251.61691284179688,33.33837890625,56.05008316040039,121.14691925048828,76.87236022949219,248.33143615722656,47.95328140258789,86.91812896728516,42.32990646362305,320.88519287109375,199.2377166748047,265.23089599609375,62.31047439575195,204.5166473388672,117.57404327392578,13.586642265319824,116.61766052246094,122.30889129638672,13.938714981079102,140.64666748046875,189.58778381347656,40.398990631103516,44.475887298583984,26.536296844482422
2020-10-21,113.36080932617188,66.63304901123047,495.9599914550781,159.2469940185547,20.953998565673828,346.1631774902344,249.90650939941406,33.21931457519531,55.416709899902344,122.7757797241211,78.60250854492188,247.00306701660156,48.01611328125,86.05213165283203,42.11088943481445,322.52960205078125,199.88595581054688,276.3036804199219,62.15125274658203,204.65953063964844,118.43417358398438,13.466415405273438,116.52584075927734,122.96991729736328,13.917878150939941,140.8800048828125,190.2878875732422,40.04616165161133,44.630428314208984,26.111083984375
2020-10-22,112.2744369506836,67.77452850341797,483.6000061035156,158.82000732421875,21.668439865112305,344.26654052734375,245.424072265625,33.015193939208984,57.395042419433594,123.67747497558594,79.6269302368164,244.0947723388672,48.3751106262207,89.0916976928711,42.692134857177734,322.7037353515625,200.72683715820312,275.69891357421875,63.05879592895508,204.74526977539062,118.97406005859375,13.303373336791992,116.5341796875,122.09893798828125,14.730453491210938,141.92999267578125,189.86593627929688,40.455440521240234,44.36771774291992,27.449708938598633
2020-10-23,111.58577728271484,67.79866027832031,488.5,160.22000122070312,21.694576263427734,343.21295166015625,246.2595977783203,33.015193939208984,56.746009826660156,124.44342803955078,80.93136596679688,245.6922607421875,43.25937271118164,89.89706420898438,42.55735778808594,318.8440856933594,200.34141540527344,282.31085205078125,63.5523567199707,206.02203369140625,118.94660186767578,13.531634330749512,116.49248504638672,122.9017333984375,14.490845680236816,140.2100067138672,189.88514709472656,40.90001678466797,44.4604377746582,26.89851188659668
2020-10-26,111.59547424316406,67.46102142333984,475.20001220703125,160.3520050048828,21.380922317504883,339.64892578125,237.8648223876953,32.03715515136719,55.471439361572266,120.28400421142578,78.51825714111328,239.64974975585938,41.93107223510742,87.67151641845703,41.950836181640625,307.67138671875,196.45217895507812,274.69769287109375,62.76424789428711,200.16236877441406,117.46424102783203,13.08457088470459,115.24038696289062,121.96945190429688,14.2616605758667,140.0933380126953,185.1478729248047,40.794158935546875,43.93810272216797,26.26068878173828
2020-10-27,113.09892272949219,66.48834991455078,478.55999755859375,164.31649780273438,20.779747009277344,341.490478515625,246.04335021972656,31.35677719116211,54.35324478149414,119.55683135986328,79.24134826660156,240.34422302246094,40.96177673339844,86.0174789428711,42.03506851196289,306.75238037109375,195.3134307861328,280.82391357421875,62.087554931640625,203.18270874023438,117.11651611328125,13.338967323303223,116.12516021728516,122.88446044921875,14.022052764892578,141.55999755859375,182.26133728027344,40.49072265625,44.157554626464844,25.84335708618164
2020-10-28,107.86105346679688,64.7037353515625,456.9700012207031,158.13900756835938,20.448665618896484,334.380615234375,234.37518310546875,30.3702392578125,52.296730041503906,114.86415100097656,74.87605285644531,234.1628875732422,39.714263916015625,83.60140991210938,40.40083694458008,281.8627624511719,188.06045532226562,265.33990478515625,60.6466178894043,193.1116943359375,111.70860290527344,12.572538375854492,111.99333953857422,118.82743072509766,13.803285598754883,135.33999633789062,173.44839477539062,39.73566436767578,43.28287124633789,24.859073638916016
2020-10-29,111.85736083984375,64.84845733642578,461.1099853515625,160.55050659179688,20.509653091430664,334.9314270019531,233.10711669921875,30.353214263916016,53.798065185546875,117.84071350097656,77.15980529785156,234.084716796875,39.5886116027832,84.14698791503906,40.451385498046875,283.60394287109375,188.28822326660156,278.3853454589844,60.41574478149414,195.05540466308594,112.42234802246094,12.967825889587402,111.8431167602539,118.74977111816406,13.938714981079102,136.94332885742188,177.28427124023438,40.05321502685547,43.24577331542969,25.96147346496582
2020-10-30,105.5913314819336,68.40959930419922,447.1000061035156,151.8074951171875,20.64905548095703,328.2853088378906,228.31996154785156,30.531829833984375,54.345428466796875,117.5595474243164,80.09528350830078,231.54966735839844,39.741180419921875,84.90037536621094,40.48508071899414,279.2122802734375,186.580078125,260.8195495605469,59.87440872192383,192.91160583496094,109.87852478027344,12.479938507080078,111.2587890625,118.34407043457031,14.074140548706055,129.34666442871094,174.25396728515625,40.21552658081055,42.88416290283203,25.685871124267578
2020-11-02,105.5040283203125,70.94178771972656,444.94000244140625,150.2239990234375,20.980138778686523,334.5,228.4968719482422,30.531829833984375,56.41759490966797,116.47362518310547,80.5021743774414,235.04843139648438,39.9027214050293,86.81417846679688,40.95681381225586,280.4988708496094,186.19468688964844,259.08477783203125,61.06854248046875,192.7782440185547,111.99225616455078,12.526487350463867,112.81136322021484,119.55255889892578,14.240824699401855,133.50332641601562,177.15960693359375,40.716529846191406,43.39413070678711,26.7646484375
2020-11-03,107.12389373779297,70.70868682861328,454.0199890136719,152.42050170898438,21.511613845825195,341.44903564453125,233.09730529785156,31.195188522338867,56.096981048583984,120.24523162841797,81.5597915649414,240.8043670654297,40.25275802612305,89.55068969726562,41.57175064086914,285.7418212890625,189.90875244140625,262.9905090332031,61.2357292175293,196.68467712402344,114.00537872314453,12.963340759277344,114.38897705078125,121.900390625,14.303330421447754,141.3000030517578,180.61187744140625,40.75181198120117,44.129730224609375,26.30793571472168
2020-11-04,111.49847412109375,75.96599578857422,487.2300109863281,162.05799865722656,20.63163185119629,345.3136901855469,246.47584533691406,31.101633071899414,56.120460510253906,121.26325988769531,86.5252685546875,245.44908142089844,41.01563262939453,86.81417846679688,41.42013931274414,297.1659851074219,188.21812438964844,284.8782958984375,64.18130493164062,206.1744384765625,116.52173614501953,13.734750747680664,115.07345581054688,121.39976501464844,14.084561347961426,140.32666015625,186.01087951660156,40.37782669067383,43.876285552978516,26.16620445251465
2020-11-05,115.45597839355469,75.31488037109375,496.4700012207031,166.10000610351562,21.44190788269043,353.63055419921875,255.79458618164062,31.662952423095703,56.409767150878906,123.09574890136719,87.3504409790039,248.16650390625,41.29587173461914,90.36470031738281,41.6475715637207,306.1912841796875,189.47952270507812,292.11474609375,64.05392456054688,212.7487335205078,118.68124389648438,14.098925590515137,115.23204040527344,122.9017333984375,14.329373359680176,146.02999877929688,189.53033447265625,41.034080505371094,44.342994689941406,26.11895751953125
2020-11-06,115.32479858398438,74.63961029052734,494.6300048828125,165.56849670410156,21.18052864074707,354.0252685546875,255.72584533691406,31.918092727661133,55.63565444946289,123.58052825927734,87.21317291259766,246.76869201660156,41.03371047973633,89.16099548339844,41.65599060058594,303.3956604003906,189.69850158691406,290.8558044433594,63.97430419921875,213.15846252441406,117.94921112060547,14.499190330505371,115.50750732421875,123.63540649414062,14.292914390563965,143.31666564941406,190.32623291015625,41.3022346496582,45.05386734008789,25.811859130859375
2020-11-09,113.02198791503906,76.46440124511719,471.1400146484375,157.18699645996094,24.186403274536133,335.0599670410156,254.87060546875,32.48790740966797,62.08671951293945,138.25001525878906,87.29691314697266,234.37997436523438,41.22355270385742,101.23270416259766,44.284244537353516,333.30572509765625,186.7727813720703,276.3432312011719,64.08575439453125,208.08009338378906,117.99493408203125,13.571954727172852,115.5658950805664,119.1123275756836,14.740867614746094,140.4199981689453,203.95314025878906,42.22665023803711,44.36463928222656,29.079683303833008
2020-11-10,112.68192291259766,79.47894287109375,452.0,151.75100708007812,24.09927749633789,336.54705810546875,243.4482421875,32.93014907836914,64.95648193359375,137.7846221923828,86.12232971191406,239.2416229248047,41.07890319824219,100.90364837646484,45.472007751464844,323.84515380859375,186.86041259765625,270.0584411621094,64.57136535644531,201.04843139648438,116.86030578613281,12.714920043945312,118.2954330444336,121.07174682617188,15.027350425720215,136.7866668701172,204.55731201171875,43.115787506103516,44.98895263671875,29.724824905395508
2020-11-11,116.10211944580078,78.90013885498047,467.75,156.8695068359375,23.82047462463379,342.330322265625,249.8573455810547,33.448936462402344,64.47947692871094,133.6251983642578,86.59365844726562,241.13426208496094,41.901573181152344,99.39684295654297,45.13505554199219,321.5333251953125,190.97740173339844,274.07318115234375,64.53155517578125,206.32693481445312,116.81455993652344,13.360124588012695,120.11506652832031,122.6341323852539,14.964847564697266,139.0433349609375,203.9723663330078,43.04521179199219,45.736934661865234,29.418384552001953
2020-11-12,115.83006286621094,78.4580078125,462.5799865722656,155.51400756835938,23.254154205322266,344.8915100097656,245.17828369140625,32.88762664794922,63.079803466796875,131.39520263671875,86.3750991821289,239.82334899902344,40.63593673706055,98.17581939697266,44.654884338378906,317.5671691894531,186.6414031982422,272.6853942871094,63.57624816894531,205.26934814453125,115.88118743896484,13.398707389831543,120.0650405883789,122.7031478881836,14.81379222869873,137.25332641601562,200.0154571533203,42.89702606201172,45.81419372558594,28.410354614257812
2020-11-13,115.87863159179688,79.61559295654297,469.3399963378906,156.4405059814453,23.524240493774414,347.7646789550781,245.2667694091797,35.209407806396484,64.92520904541016,134.14874267578125,87.83415985107422,240.6307373046875,41.09698486328125,98.79066467285156,45.02553939819336,324.08709716796875,186.8253936767578,274.5390625,64.5554428100586,206.2887725830078,117.38188171386719,13.239646911621094,120.79122161865234,124.54178619384766,15.05860424041748,136.1666717529297,202.14755249023438,43.087547302246094,46.52815628051758,29.095813751220703
2020-11-16,116.88915252685547,79.0689468383789,460.95001220703125,156.55299377441406,24.02957534790039,348.63677978515625,245.64028930664062,36.178951263427734,69.5621337890625,140.26669311523438,87.92188262939453,242.71438598632812,41.75692367553711,101.57910919189453,45.36249542236328,324.49334716796875,189.847412109375,276.5316467285156,63.83100128173828,206.9748077392578,119.056396484375,13.456955909729004,121.66764068603516,122.94485473632812,15.089858055114746,136.02999877929688,204.2797088623047,42.96759033203125,47.115394592285156,30.773176193237305
2020-11-17,116.00493621826172,79.75225067138672,467.95001220703125,156.7830047607422,24.003440856933594,350.592041015625,251.81350708007812,35.61763381958008,69.06229400634766,140.1018829345703,87.3088150024414,236.55038452148438,41.160282135009766,100.548583984375,45.21929168701172,325.50897216796875,189.21670532226562,272.60601806640625,64.88184356689453,204.3356170654297,120.97802734375,13.364356994628906,121.23362731933594,122.47010803222656,15.121109008789062,147.20333862304688,202.3684844970703,42.86880111694336,46.16653060913086,31.184444427490234
2020-11-18,114.68350982666016,79.35836791992188,459.4700012207031,155.2729949951172,23.50681495666504,350.87652587890625,252.78668212890625,35.14137268066406,66.8723373413086,139.5201416015625,86.26705169677734,234.25831604003906,40.73538589477539,99.8038558959961,44.31794357299805,324.96734619140625,188.78749084472656,269.6024475097656,63.88673782348633,201.64166259765625,120.44728088378906,13.370828628540039,119.68104553222656,120.58836364746094,14.907548904418945,162.2133331298828,199.6024627685547,42.565364837646484,46.079978942871094,30.00707244873047
2020-11-19,115.27619934082031,80.12202453613281,466.4100036621094,155.8509979248047,23.50681495666504,352.0792236328125,260.1492614746094,35.01380157470703,68.0228500366211,137.40647888183594,87.15567779541016,235.21339416503906,41.24163055419922,100.0722885131836,44.75597381591797,322.9746398925781,188.42837524414062,270.5640563964844,63.998165130615234,202.92178344726562,120.7034683227539,13.382279396057129,119.63096618652344,120.4416275024414,14.730453491210938,166.42333984375,199.35275268554688,42.48774337768555,47.01649475097656,30.160297393798828
2020-11-20,114.0130615234375,81.06257629394531,462.9200134277344,154.97000122070312,23.358699798583984,349.8576354980469,253.65170288085938,34.84370803833008,68.0704574584961,136.77627563476562,86.05591583251953,234.2410430908203,41.03371047973633,99.2149887084961,44.36848449707031,312.449951171875,187.53489685058594,267.35223388671875,64.04594421386719,200.9825439453125,121.68257141113281,13.031298637390137,119.71444702148438,120.2430648803711,14.751286506652832,163.20333862304688,195.808837890625,42.36778259277344,46.435428619384766,29.78934097290039
2020-11-23,110.62201690673828,82.13975524902344,460.6099853515625,154.91949462890625,23.864030838012695,350.3992614746094,253.25856018066406,35.41351318359375,72.2281723022461,141.53680419921875,85.6187973022461,235.6213836669922,41.639404296875,102.07271575927734,44.37690734863281,321.1947326660156,190.08395385742188,266.0932922363281,63.910587310791016,200.71507263183594,122.73489379882812,13.083325386047363,119.38054656982422,119.77694702148438,14.907548904418945,173.9499969482422,199.91943359375,42.501853942871094,46.64869689941406,31.740886688232422
2020-11-24,111.90459442138672,83.57063293457031,462.70001220703125,155.9029998779297,25.24935531616211,352.703369140625,256.40411376953125,36.23847961425781,75.87010955810547,146.87913513183594,87.4198226928711,237.27964782714844,42.49822998046875,106.79227447509766,44.831790924072266,331.2066345214844,192.45777893066406,274.5093688964844,63.79914474487305,204.29736328125,123.25646209716797,12.901862144470215,120.22361755371094,119.38853454589844,15.225286483764648,185.1266632080078,201.37921142578125,42.791168212890625,46.781593322753906,33.85371780395508
2020-11-25,112.7402114868164,83.76356506347656,470.0799865722656,159.2534942626953,25.29291534423828,355.9438171386719,242.62252807617188,36.14491653442383,73.10887908935547,144.5521697998047,87.43121337890625,237.8439483642578,42.534385681152344,105.67516326904297,44.58749771118164,330.171630859375,192.1337127685547,273.19097900390625,63.73546600341797,204.3069305419922,124.02509307861328,13.177664756774902,120.33209991455078,119.70793151855469,15.100272178649902,191.3333282470703,202.54136657714844,42.628875732421875,46.926856994628906,32.91019821166992
2020-11-27,113.28433227539062,84.3182373046875,477.0299987792969,159.76699829101562,25.25806427001953,356.5313720703125,243.4187469482422,36.31501007080078,72.4503173828125,142.65182495117188,88.56566619873047,239.60633850097656,42.895999908447266,104.97372436523438,44.39374542236328,327.9950256347656,191.24893188476562,275.3915710449219,63.57624816894531,205.60610961914062,122.84471130371094,13.204050064086914,120.69938659667969,119.64746856689453,15.121109008789062,195.25332641601562,202.64698791503906,42.74883270263672,46.85576629638672,32.410213470458984
2020-11-30,115.6745834350586,84.06905364990234,478.4700012207031,158.40199279785156,24.534908294677734,359.6340637207031,241.61985778808594,36.58716583251953,69.1733627319336,143.5050506591797,86.94900512695312,240.83909606933594,43.709625244140625,102.08135223388672,43.807952880859375,325.5187072753906,191.60147094726562,274.5589599609375,63.998165130615234,204.49798583984375,123.25646209716797,13.343693733215332,120.39054870605469,119.87190246582031,14.975263595581055,189.1999969482422,202.02272033691406,42.628875732421875,47.223567962646484,30.74898338317871
2020-12-01,119.24053192138672,83.63495635986328,479.1499938964844,161.00399780273438,24.996685028076172,365.0883483886719,237.2455596923828,37.0294075012207,69.38758850097656,144.8915252685547,88.97901916503906,240.13592529296875,44.803497314453125,103.69209289550781,44.18150329589844,327.8112487792969,190.4558868408203,284.0555114746094,64.92163848876953,206.5423126220703,123.93363189697266,13.332243919372559,121.92644500732422,120.30348205566406,15.037769317626953,194.9199981689453,202.83901977539062,42.74883270263672,47.177215576171875,31.04736328125
2020-12-02,119.59033203125,84.39862823486328,481.260009765625,160.17649841308594,25.319049835205078,361.26373291015625,217.0253448486328,37.32706069946289,71.30774688720703,148.9346160888672,90.44648742675781,236.64425659179688,45.110862731933594,105.683837890625,44.240943908691406,329.1075134277344,185.8033447265625,285.01708984375,65.14456176757812,205.73985290527344,124.06168365478516,13.486079216003418,120.7160873413086,119.4316635131836,15.152362823486328,189.60667419433594,201.8594512939453,43.29924774169922,46.52197265625,32.20860290527344
2020-12-03,119.45430755615234,84.19766235351562,484.2799987792969,159.3365020751953,25.345352172851562,352.36163330078125,217.21214294433594,37.5141716003418,71.25220489501953,148.57586669921875,90.2913818359375,234.0604705810547,46.09625244140625,104.99104309082031,44.80976104736328,324.1933898925781,186.37606811523438,279.3964538574219,64.84204864501953,204.66041564941406,125.324462890625,13.342162132263184,121.43314361572266,118.55120849609375,15.225286483764648,197.7933349609375,199.8137969970703,43.56740951538086,46.1448974609375,32.42634582519531
2020-12-04,118.78385925292969,86.23951721191406,486.0,158.12899780273438,25.678499221801758,351.777587890625,222.0189666748047,37.743804931640625,74.01344299316406,149.44847106933594,90.38652038574219,230.43789672851562,47.000282287597656,105.94361877441406,45.718177795410156,333.1026916503906,185.69761657714844,277.26519775390625,65.23213195800781,204.77500915527344,125.78746032714844,13.503761291503906,122.6100845336914,118.66341400146484,15.386754989624023,199.67999267578125,204.2604522705078,43.433326721191406,46.02436065673828,33.61178970336914
2020-12-07,120.24132537841797,85.0819320678711,492.25,157.89999389648438,25.503162384033203,351.6833801269531,223.8276824951172,37.71828842163086,72.01392364501953,149.00247192382812,90.05298614501953,229.25950622558594,45.38207244873047,105.54528045654297,44.9880485534668,329.8232727050781,184.0674285888672,283.0939636230469,65.68592071533203,204.7081298828125,127.21781158447266,13.55206298828125,122.20655822753906,118.84468078613281,15.438844680786133,213.9199981689453,204.2316436767578,43.29219055175781,45.777103424072266,32.982784271240234
2020-12-08,120.85347747802734,86.569091796875,495.2799987792969,158.864501953125,25.36288833618164,355.7059020996094,223.98497009277344,37.735294342041016,72.63282775878906,149.04124450683594,89.7704849243164,228.45643615722656,45.825035095214844,105.64918518066406,45.149349212646484,329.65887451171875,183.62684631347656,280.93292236328125,66.21929168701172,206.3512420654297,127.55705261230469,13.296347618103027,122.3326644897461,119.16409301757812,16.04827308654785,216.6266632080078,204.34689331054688,43.36276626586914,46.191261291503906,34.063392639160156
2020-12-09,118.32717895507812,87.35689544677734,483.739990234375,155.2100067138672,25.248912811279297,352.5877380371094,216.81890869140625,38.00743865966797,71.76002502441406,149.72962951660156,88.11168670654297,231.82582092285156,45.26454544067383,104.82650756835938,45.27670669555664,325.8475646972656,183.89120483398438,275.5007019042969,66.45014190673828,202.32952880859375,127.25453186035156,12.878779411315918,122.47560119628906,117.74845123291016,16.3868465423584,201.4933319091797,201.28321838378906,43.369815826416016,45.82656478881836,34.51499938964844
2020-12-10,119.74579620361328,86.40831756591797,476.8699951171875,155.07449340820312,25.520694732666016,351.1747741699219,219.12893676757812,37.69277572631836,74.06895446777344,149.9817352294922,87.60568237304688,231.15371704101562,45.436309814453125,104.15104675292969,45.03898620605469,320.6916198730469,183.3184051513672,274.7076110839844,66.06803131103516,201.10670471191406,126.14505767822266,12.920112609863281,121.61811828613281,116.97158813476562,15.985767364501953,209.02333068847656,199.3911590576172,42.699432373046875,45.612510681152344,35.49075698852539
2020-12-11,118.93931579589844,85.48384857177734,475.9100036621094,155.8209991455078,25.04728126525879,353.350830078125,218.63746643066406,37.69277572631836,73.35487365722656,170.3716278076172,87.96003723144531,230.9267578125,44.95718002319336,103.53621673583984,45.29368209838867,316.7255859375,183.0717010498047,271.1686706542969,66.04413604736328,203.72418212890625,125.98921203613281,12.960949897766113,121.87031555175781,117.83474731445312,16.152446746826172,203.3300018310547,198.07542419433594,42.5865364074707,45.60010528564453,35.3214111328125
2020-12-14,118.32717895507812,83.76356506347656,486.4200134277344,157.84849548339844,24.740427017211914,352.6725769042969,217.5070343017578,37.62474060058594,70.96656036376953,164.1470489501953,86.84294128417969,231.82582092285156,45.626155853271484,102.4450912475586,45.225765228271484,320.3337097167969,186.7373809814453,271.8031005859375,64.44740295410156,204.62217712402344,124.95314025878906,13.255261421203613,121.24820709228516,117.26506042480469,15.912843704223633,213.27667236328125,199.04542541503906,42.325439453125,45.181331634521484,34.0472526550293
2020-12-15,124.25422668457031,82.65424346923828,482.6400146484375,158.25599670410156,25.1086483001709,350.31744384765625,216.40603637695312,38.032958984375,70.91101837158203,168.64581298828125,87.28006744384766,233.92080688476562,45.80695724487305,104.19435119628906,45.70969009399414,322.7520751953125,189.32798767089844,273.1513366699219,64.57579040527344,204.55528259277344,127.80462646484375,13.306801795959473,121.70219421386719,117.95559692382812,15.928472518920898,211.0833282470703,200.1115264892578,42.72766876220703,45.15961456298828,34.708534240722656
2020-12-16,124.18621063232422,84.11726379394531,489.8999938964844,162.04800415039062,25.178781509399414,348.01904296875,219.8170623779297,38.032958984375,70.3714599609375,167.8507537841797,87.08726501464844,235.3261260986328,46.21376419067383,104.4974594116211,45.0474739074707,321.2527770996094,188.39395141601562,273.2702941894531,64.05423736572266,209.4750213623047,126.84188842773438,13.18928050994873,121.80305480957031,118.49081420898438,15.777417182922363,207.58999633789062,200.0250701904297,42.27605056762695,45.11308670043945,35.240779876708984
2020-12-17,125.05097961425781,84.3182373046875,495.3599853515625,161.8040008544922,25.27521324157715,348.8197021484375,222.07794189453125,38.118011474609375,70.1493148803711,168.26768493652344,86.2605972290039,239.1495361328125,45.78888702392578,103.6314697265625,45.225765228271484,325.89593505859375,188.7904815673828,272.09063720703125,64.04622650146484,209.60877990722656,128.82237243652344,13.287629127502441,122.4924087524414,119.33670806884766,15.428428649902344,218.63333129882812,202.81985473632812,42.346614837646484,45.3209228515625,35.063358306884766
2020-12-18,123.06881713867188,83.96453857421875,502.95001220703125,160.08250427246094,25.13494300842285,345.72039794921875,223.56224060058594,38.64529800415039,69.18130493164062,167.62777709960938,85.55238342285156,236.076904296875,42.90504455566406,103.12054443359375,45.62479019165039,329.21392822265625,189.5218963623047,273.9938659667969,63.81352996826172,208.81585693359375,125.8699951171875,13.218660354614258,123.51799774169922,120.01864624023438,15.313834190368652,231.6666717529297,202.94473266601562,42.664154052734375,45.274383544921875,34.45854187011719
2020-12-21,124.59429168701172,83.36967468261719,498.3900146484375,160.3090057373047,26.073009490966797,343.80810546875,222.61859130859375,38.16904067993164,68.30848693847656,165.4947509765625,85.9657211303711,236.5482635498047,41.91061019897461,106.99146270751953,44.835227966308594,323.44854736328125,186.5170440673828,270.41534423828125,63.62095260620117,212.6370391845703,132.0498046875,13.278665542602539,122.23179626464844,118.70659637451172,15.110690116882324,216.6199951171875,200.73573303222656,41.97966766357422,45.28059005737305,33.82952880859375
2020-12-22,128.1408233642578,82.63814544677734,504.1700134277344,160.3260040283203,25.608366012573242,341.03863525390625,227.2386474609375,38.00743865966797,66.9358139038086,165.2620391845703,85.2550277709961,235.71902465820312,41.73884963989258,105.36339569091797,44.79277801513672,321.38818359375,186.7373809814453,264.764892578125,63.72526168823242,213.92665100097656,130.6102752685547,13.224884986877441,121.07171630859375,117.8692855834961,14.792956352233887,213.44667053222656,197.69129943847656,41.62683868408203,44.73153305053711,33.25697326660156
2020-12-23,127.24688720703125,83.02401733398438,496.9100036621094,159.2635040283203,26.34478759765625,340.90673828125,223.56224060058594,37.743804931640625,67.99109649658203,168.26768493652344,85.65200805664062,235.5182647705078,42.1004638671875,108.30775451660156,45.06446075439453,318.4764709472656,186.82553100585938,265.77606201171875,63.99807357788086,211.13723754882812,129.97769165039062,12.956964492797852,121.39955139160156,117.68801879882812,14.975263595581055,215.32666015625,197.17263793945312,41.60566711425781,44.42753601074219,33.68437194824219
2020-12-24,128.2283172607422,83.00794982910156,499.8599853515625,158.63450622558594,26.26588249206543,343.4407043457031,221.9403076171875,37.8798828125,67.7054672241211,168.4422149658203,85.94588470458984,236.48719787597656,42.552467346191406,107.83146667480469,45.37008285522461,325.0252990722656,186.27032470703125,265.07220458984375,64.30298614501953,212.78990173339844,129.83094787597656,12.94152545928955,121.94598388671875,118.87921142578125,14.944012641906738,220.58999633789062,200.43801879882812,41.52099609375,44.514381408691406,33.547271728515625
2020-12-28,132.81442260742188,83.1606674194336,498.95001220703125,164.197998046875,26.4149227142334,349.5450744628906,220.81968688964844,38.20305633544922,67.3642807006836,173.41607666015625,87.91839599609375,235.02940368652344,42.552467346191406,108.54155731201172,45.98136901855469,333.2185974121094,188.5878143310547,274.58868408203125,64.55172729492188,214.9010467529297,130.5919189453125,12.848153114318848,123.50118255615234,119.70793151855469,14.871086120605469,221.22999572753906,204.2124481201172,41.61978530883789,45.047943115234375,33.66017150878906
2020-12-29,131.04605102539062,84.16551208496094,502.1099853515625,166.10000610351562,26.309722900390625,351.1087951660156,218.67681884765625,37.96492385864258,67.1341781616211,171.90354919433594,87.11553955078125,232.35833740234375,44.64980697631836,108.25578308105469,45.95589828491211,335.3372497558594,187.4334716796875,274.37054443359375,65.33002471923828,214.12725830078125,129.803466796875,12.891229629516602,123.92994689941406,119.48348236083984,14.865878105163574,221.99667358398438,205.88357543945312,41.499813079833984,44.76254653930664,33.281150817871094
2020-12-30,129.92864990234375,84.62371826171875,497.45001220703125,164.29249572753906,26.283418655395508,352.7385559082031,218.6177978515625,37.82884216308594,67.7054672241211,175.65576171875,86.04947662353516,231.54653930664062,44.07123947143555,108.55886840820312,46.21907424926758,343.9367980957031,186.42015075683594,269.50335693359375,64.66407012939453,211.76771545410156,129.81260681152344,13.092915534973145,123.83743286132812,118.92240142822266,14.839838027954102,231.5933380126953,209.71563720703125,41.02702713012695,44.72533416748047,33.547271728515625
2020-12-31,128.92784118652344,86.13500213623047,500.1199951171875,162.84649658203125,26.572731018066406,354.9333801269531,218.74560546875,38.05847930908203,67.0072250366211,175.6654510498047,86.86177062988281,231.8607635498047,45.03853988647461,110.03971099853516,46.55867385864258,345.2814025878906,189.08128356933594,270.78216552734375,65.63492584228516,212.47463989257812,129.71177673339844,13.002531051635742,124.6697006225586,120.10498809814453,14.980475425720215,235.22332763671875,210.07095336914062,41.45747756958008,44.71602249145508,33.24083709716797
2021-01-04,125.74087524414062,84.73625946044922,485.3399963378906,159.3314971923828,26.327255249023438,358.1080017089844,216.56332397460938,37.68981170654297,67.21353149414062,172.27198791503906,85.54792022705078,230.3768768310547,44.902931213378906,109.00052642822266,44.79277801513672,340.0093994140625,185.23941040039062,266.598876953125,64.9609146118164,207.95611572265625,128.45565795898438,13.060794830322266,121.28185272216797,118.96558380126953,15.334670066833496,243.2566680908203,209.13937377929688,41.52804183959961,45.45430374145508,33.466636657714844
2021-01-05,127.29547882080078,85.61249542236328,485.69000244140625,160.92550659179688,26.528898239135742,353.95361328125,217.75274658203125,37.70695495605469,69.0305404663086,173.0088653564453,86.23780059814453,232.23609924316406,45.752716064453125,109.5936279296875,44.30036544799805,336.0723571777344,186.3496551513672,268.6111755371094,65.07325744628906,208.15673828125,129.49169921875,13.350875854492188,121.64332580566406,119.72515869140625,15.240913391113281,245.0366668701172,206.01803588867188,41.33750915527344,45.21235275268555,35.07948684692383
2021-01-06,123.0105209350586,84.87293243408203,466.30999755859375,156.91900634765625,28.185855865478516,348.5652770996094,212.4740753173828,38.06705093383789,71.25220489501953,173.6681671142578,85.38684844970703,233.5629425048828,46.19568634033203,114.73968505859375,42.89104461669922,336.1980285644531,185.92669677734375,261.017822265625,66.1003189086914,202.75938415527344,130.51864624023438,12.563801765441895,120.15534210205078,120.98542785644531,15.537813186645508,251.9933319091797,204.20286560058594,41.838531494140625,45.494632720947266,35.97462463378906
2021-01-07,127.20806121826172,85.78129577636719,477.739990234375,158.10800170898438,28.80831527709961,346.5870666503906,214.27296447753906,38.54718017578125,71.58546447753906,173.14459228515625,87.9372329711914,232.41944885253906,47.18107604980469,118.50765991210938,42.41560745239258,338.8616943359375,186.7902374267578,266.4006042480469,67.41622161865234,208.52932739257812,132.9025115966797,13.29036808013916,119.7686538696289,119.85466003417969,15.579483032226562,272.0133361816406,205.3457794189453,41.74439239501953,45.49153518676758,36.256858825683594
2021-01-08,128.30599975585938,86.23145294189453,485.1000061035156,159.13499450683594,28.518999099731445,348.49005126953125,218.263916015625,38.63291549682617,72.267822265625,173.25125122070312,89.10140991210938,234.88973999023438,46.692909240722656,118.63847351074219,43.36648178100586,342.72625732421875,190.2179718017578,265.24078369140625,66.62188720703125,209.79983520507812,134.18617248535156,13.223389625549316,121.20616912841797,119.80281829833984,15.472043991088867,293.3399963378906,206.92083740234375,41.22373962402344,45.485328674316406,36.66007614135742
2021-01-11,125.32304382324219,87.63825225830078,474.239990234375,155.7104949951172,28.99242401123047,342.9038391113281,214.53839111328125,38.890113830566406,72.68041229248047,173.63906860351562,87.04267883300781,236.75779724121094,46.59346008300781,120.40910339355469,42.619361877441406,337.2538146972656,188.77284240722656,254.60418701171875,68.20255279541016,207.7650909423828,134.82798767089844,13.566753387451172,119.44923400878906,118.991455078125,15.392068862915039,270.39666748046875,204.46218872070312,40.98125076293945,45.690059661865234,37.77295684814453
2021-01-12,125.1481704711914,88.24917602539062,471.6499938964844,156.04150390625,29.509675979614258,343.0827941894531,211.8548126220703,39.258785247802734,74.06103515625,170.63345336914062,86.10795593261719,241.20956420898438,48.130306243896484,122.30179595947266,42.542945861816406,332.1397399902344,186.4553985595703,248.9042205810547,66.66999816894531,205.31951904296875,132.99420166015625,13.430554389953613,118.89439392089844,118.3009033203125,15.32809066772461,283.14666748046875,200.59170532226562,40.8386116027832,46.211212158203125,38.61162567138672
2021-01-13,127.1788558959961,90.39552307128906,472.04998779296875,158.29449462890625,29.334333419799805,345.67333984375,214.46957397460938,38.890113830566406,73.98963928222656,170.75946044921875,86.59465026855469,239.21929931640625,51.4842414855957,122.41519165039062,42.58539962768555,335.442626953125,186.88719177246094,249.44944763183594,66.06822967529297,206.66648864746094,131.15130615234375,13.477365493774414,119.86955261230469,118.48213195800781,15.253451347351074,284.8033447265625,201.06231689453125,40.69596481323242,45.73969650268555,39.047096252441406
2021-01-14,125.2550277709961,90.78590393066406,463.2699890136719,156.37350463867188,29.798988342285156,341.340087890625,211.93344116210938,38.7100715637207,75.76696014404297,168.15135192871094,85.78531646728516,234.23509216308594,53.563499450683594,123.13040161132812,41.79584503173828,316.6524353027344,183.72378540039062,243.50169372558594,65.93180847167969,203.49496459960938,129.555908203125,13.147195816040039,119.17180633544922,117.22190856933594,15.615991592407227,281.6666564941406,193.86886596679688,40.681705474853516,45.59080123901367,40.57124328613281
2021-01-15,123.53520965576172,89.88314056396484,458.0799865722656,155.21249389648438,28.939815521240234,341.1611022949219,209.51528930664062,38.95014190673828,73.0692138671875,166.22189331054688,85.62177276611328,240.56358337402344,52.05377960205078,120.9237060546875,41.34587097167969,313.09783935546875,184.9662322998047,249.171875,66.9027099609375,203.1414794921875,129.02410888671875,12.807815551757812,118.8607406616211,116.34147644042969,15.552018165588379,275.38665771484375,193.6094970703125,40.924190521240234,44.868019104003906,38.619693756103516
2021-01-19,124.20564270019531,91.23319244384766,456.5,156.03799438476562,28.729412078857422,333.91693115234375,213.07371520996094,38.7443733215332,74.9893569946289,167.0169677734375,88.43930053710938,238.46864318847656,52.4244270324707,120.40035247802734,41.1845703125,315.69366455078125,184.24366760253906,258.82708740234375,66.750244140625,206.7620086669922,127.69463348388672,12.972901344299316,119.42399597167969,115.32286071777344,15.434718132019043,281.51666259765625,193.67672729492188,40.6888313293457,44.480262756347656,39.385799407958984
2021-01-20,128.28656005859375,91.59105682373047,469.7300109863281,163.16900634765625,28.352428436279297,340.35101318359375,219.64012145996094,38.87297821044922,75.67967987060547,168.3549346923828,93.1772689819336,239.43756103515625,53.03916931152344,118.59487915039062,41.328887939453125,324.3815612792969,188.24417114257812,265.1515197753906,66.16449737548828,214.3087615966797,130.9312286376953,13.312030792236328,118.81033325195312,113.88133239746094,15.440053939819336,283.48333740234375,197.85452270507812,40.8386116027832,45.13789367675781,39.942222595214844
2021-01-21,132.98928833007812,90.4849853515625,472.0199890136719,165.34950256347656,27.852706909179688,341.76397705078125,218.3917236328125,38.675785064697266,73.00574493408203,166.0667724609375,93.37948608398438,243.58383178710938,56.46541976928711,117.60055541992188,41.55812454223633,323.9263610839844,188.1560516357422,270.4945983886719,65.137451171875,214.9105987548828,129.8401336669922,13.811765670776367,117.3643798828125,113.76930236816406,15.370743751525879,281.663330078125,197.0189971923828,40.845741271972656,44.93316650390625,38.7971076965332
2021-01-22,135.12696838378906,90.15967559814453,472.44000244140625,164.6114959716797,27.659841537475586,341.2929382324219,221.93048095703125,38.38427734375,72.78357696533203,167.52110290527344,93.79629516601562,247.90475463867188,51.222076416015625,116.69346618652344,41.16758728027344,318.647705078125,188.02386474609375,272.1103820800781,64.97695922851562,215.8467559814453,127.76798248291016,13.657386779785156,116.50688934326172,112.89220428466797,15.42406177520752,282.21331787109375,194.02249145507812,40.988380432128906,45.392276763916016,38.24873733520508
2021-01-25,138.86778259277344,89.86688995361328,473.44000244140625,164.6999969482422,27.31792640686035,340.8972473144531,222.07794189453125,38.60719299316406,72.125,166.65821838378906,93.88153076171875,248.847412109375,50.11915588378906,115.2368392944336,41.41379165649414,318.8414611816406,187.98866271972656,275.58990478515625,65.1134033203125,219.26669311523438,126.11754608154297,13.598376274108887,117.84353637695312,114.83744049072266,15.520026206970215,293.6000061035156,193.02365112304688,41.66594314575195,45.35193634033203,37.82133483886719
2021-01-26,139.10096740722656,88.48432922363281,476.2799987792969,166.30650329589844,27.125051498413086,343.817626953125,222.41213989257812,38.804386138916016,70.90306854248047,164.39913940429688,94.55902862548828,246.6826629638672,49.911231994628906,114.76585388183594,41.84678268432617,317.3983154296875,189.78623962402344,279.5946960449219,64.3912353515625,221.94151306152344,123.87123107910156,13.381250381469727,119.20545196533203,115.57556915283203,15.861242294311523,294.36334228515625,194.0128936767578,40.346492767333984,45.758304595947266,36.99071502685547
2021-01-27,138.03221130371094,83.5965347290039,460.0,161.62899780273438,26.15191650390625,335.7256774902344,220.95733642578125,39.18162536621094,69.98268127441406,158.06787109375,90.14763641357422,239.21929931640625,48.44671630859375,111.5212173461914,41.20155715942383,305.5721740722656,182.4020233154297,269.7710266113281,61.839656829833984,222.48599243164062,120.13030242919922,12.86583423614502,116.04454040527344,111.48541259765625,15.536019325256348,288.0533447265625,187.2515869140625,39.3194580078125,44.61985397338867,36.571372985839844
2021-01-28,133.2030792236328,84.75139617919922,465.6700134277344,161.88099670410156,26.58150291442871,336.3568115234375,222.6480712890625,38.87297821044922,70.63328552246094,166.64852905273438,91.84558868408203,242.7109832763672,50.688697814941406,113.48371124267578,41.72792434692383,314.0858154296875,182.243408203125,262.693115234375,62.521690368652344,228.2463836669922,123.52279663085938,12.998546600341797,117.01133728027344,113.20484924316406,15.354747772216797,278.4766540527344,190.37289428710938,39.490631103515625,44.591941833496094,37.1439323425293
2021-01-29,128.21859741210938,83.34442901611328,458.7699890136719,160.30999755859375,25.994112014770508,331.995361328125,221.7240447998047,38.221378326416016,67.60231018066406,163.05142211914062,90.56492614746094,236.39988708496094,50.18244552612305,112.22769927978516,40.878936767578125,306.3470153808594,183.1422119140625,256.0811767578125,61.839656829833984,221.58807373046875,122.48668670654297,12.937542915344238,114.80879211425781,111.33777618408203,15.264115333557129,264.510009765625,185.59967041015625,39.048439025878906,43.58066940307617,36.160091400146484
2021-02-01,130.3367462158203,83.19803619384766,470.0,167.1439971923828,26.26588249206543,330.1960144042969,224.57472229003906,38.924415588378906,68.56240844726562,165.7662353515625,93.82156372070312,235.7451934814453,51.24919128417969,113.05631256103516,41.159088134765625,311.4512634277344,183.22152709960938,259.72918701171875,62.07236862182617,228.93417358398438,124.43048858642578,13.183799743652344,115.15343475341797,111.99777221679688,15.274775505065918,279.9366760253906,190.50738525390625,38.713226318359375,43.20222473144531,36.22460174560547
2021-02-02,131.16261291503906,84.14956665039062,484.92999267578125,169.0,27.20395278930664,334.96258544921875,230.2171173095703,39.293087005615234,69.0781478881836,171.57391357421875,95.11260986328125,237.56961059570312,52.43346405029297,116.53644561767578,41.566612243652344,323.85858154296875,184.83404541015625,264.7550048828125,62.40131759643555,228.80047607421875,127.98802947998047,13.502264022827148,116.33037567138672,111.84146881103516,15.216130256652832,290.92999267578125,194.5891571044922,38.87014389038086,43.66752624511719,36.79717254638672
2021-02-03,130.1423797607422,86.9797592163086,481.9200134277344,165.62649536132812,27.686138153076172,334.61407470703125,230.8265838623047,39.241641998291016,70.58568572998047,171.06002807617188,102.0392074584961,239.32408142089844,52.14417266845703,117.87093353271484,41.40530014038086,322.3573303222656,183.90878295898438,264.3287658691406,62.040260314941406,232.1343994140625,127.10782623291016,13.476120948791504,116.02775573730469,111.98040771484375,15.200135231018066,284.89666748046875,193.3885955810547,39.07697677612305,43.8009147644043,38.24067306518555
2021-02-04,133.49462890625,88.26473999023438,489.3800048828125,166.5500030517578,28.492698669433594,335.87890625,233.93283081054688,40.51054382324219,70.61744689941406,174.74435424804688,101.77899932861328,243.3831329345703,53.47024917602539,120.58349609375,41.60906982421875,330.11553955078125,185.95314025878906,264.170166015625,61.005165100097656,231.1886749267578,128.9416046142578,13.609332084655762,117.4232406616211,112.04988098144531,15.402729034423828,283.3299865722656,200.9662628173828,39.32659912109375,44.213497161865234,38.974525451660156
2021-02-05,133.0810089111328,88.42741394042969,492.1199951171875,167.6074981689453,28.378732681274414,335.23699951171875,234.8273468017578,41.22214889526367,70.8237533569336,175.64608764648438,103.5235366821289,243.41802978515625,52.915443420410156,120.34803009033203,42.15242385864258,328.1008605957031,187.3189239501953,265.76617431640625,60.820648193359375,231.37014770507812,133.04922485351562,13.536376953125,118.49928283691406,112.51881408691406,15.42406177520752,284.07666015625,200.50527954101562,39.45497512817383,44.781158447265625,40.28092956542969
2021-02-08,133.22695922851562,86.89030456542969,493.760009765625,166.14700317382812,29.009958267211914,339.63543701171875,234.86668395996094,41.95948791503906,72.58521270751953,184.2169952392578,103.3099365234375,244.4393310546875,53.80677032470703,122.23201751708984,42.38164520263672,326.43499755859375,186.4377899169922,264.2593688964844,60.210819244384766,231.6280975341797,131.49053955078125,14.380721092224121,118.02847290039062,112.17144775390625,15.338753700256348,287.8066711425781,198.69967651367188,39.26240921020508,44.98899459838867,42.014739990234375
2021-02-09,132.3511962890625,85.71920776367188,496.04998779296875,165.25,28.887216567993164,339.38055419921875,232.67462158203125,41.582244873046875,72.1726303100586,182.4814910888672,102.85743713378906,241.59361267089844,53.46114730834961,121.74356079101562,42.194862365722656,322.9578552246094,190.31491088867188,267.1044006347656,60.210819244384766,232.86993408203125,130.00515747070312,14.205925941467285,117.35598754882812,111.73723602294922,15.258783340454102,283.1533203125,198.34439086914062,39.226741790771484,45.23716735839844,41.52265548706055
2021-02-10,131.74786376953125,84.62127685546875,492.6700134277344,164.32899475097656,28.913509368896484,336.13372802734375,232.69427490234375,40.5019645690918,73.41040802001953,183.85826110839844,103.40705871582031,243.26962280273438,53.533912658691406,121.81331634521484,42.109962463378906,323.70361328125,188.9226837158203,269.50335693359375,60.090484619140625,231.96249389648438,130.61949157714844,14.704909324645996,115.75871276855469,111.34646606445312,15.221461296081543,268.2733459472656,198.26751708984375,39.19821548461914,44.70981216430664,41.92451858520508
2021-02-11,131.49488830566406,84.3772964477539,496.6199951171875,163.10650634765625,28.825851440429688,332.4337158203125,237.13739013671875,40.793479919433594,73.013671875,185.09930419921875,103.51956939697266,241.84678649902344,55.171043395996094,121.4731674194336,42.704261779785156,332.0914001464844,188.80810546875,268.03619384765625,59.9701042175293,233.55780029296875,131.6096954345703,15.189455032348633,113.46371459960938,111.44198608398438,15.296104431152344,270.5533447265625,202.6345672607422,38.941463470458984,44.67570495605469,40.8747673034668
2021-02-12,131.72836303710938,84.93846893310547,498.8399963378906,163.885498046875,29.25543212890625,332.95281982421875,236.28219604492188,40.54484176635742,73.4342041015625,181.9579315185547,103.83081817626953,242.23963928222656,56.216976165771484,123.2001724243164,43.03536605834961,330.2801208496094,188.48207092285156,268.1452941894531,60.17873764038086,234.03543090820312,130.30772399902344,14.901116371154785,112.53898620605469,110.825439453125,15.354747772216797,272.0400085449219,201.9612274169922,38.65618133544922,44.81528091430664,41.43245315551758
2021-02-16,129.6070556640625,84.74327850341797,501.6400146484375,163.44749450683594,30.044458389282227,334.1327209472656,244.36239624023438,39.87609100341797,74.93893432617188,180.67808532714844,104.607421875,240.3890838623047,56.817256927490234,126.1656723022461,42.67879104614258,330.48358154296875,189.4778289794922,271.5850524902344,59.576942443847656,232.8031005859375,129.93177795410156,15.268632888793945,112.96774291992188,111.08595275878906,15.445384979248047,265.40667724609375,199.9796600341797,38.620513916015625,45.18443298339844,42.67903518676758
2021-02-17,127.3202896118164,86.44300842285156,491.2300109863281,165.4320068359375,30.167192459106445,337.94598388671875,243.4482421875,39.653175354003906,77.18396759033203,180.76536560058594,104.99994659423828,245.2162322998047,56.25335693359375,126.5582275390625,42.55994415283203,326.7255554199219,188.08555603027344,271.18853759765625,60.61201477050781,233.81802368164062,132.0223388671875,14.846091270446777,113.0350112915039,111.55489349365234,15.765275001525879,266.04998779296875,199.6045379638672,40.64604949951172,45.662139892578125,43.34333419799805
2021-02-18,126.22065734863281,86.25596618652344,488.3699951171875,166.4114990234375,29.974323272705078,336.8887939453125,242.80926513671875,39.7303466796875,76.44368743896484,177.4300537109375,104.36507415771484,247.07550048828125,56.03506851196289,126.98555755615234,43.103294372558594,327.82000732421875,189.83026123046875,267.044921875,60.507713317871094,233.4254608154297,133.03086853027344,14.769402503967285,113.79997253417969,112.48410034179688,15.584003448486328,262.4599914550781,201.3744659423828,40.638912200927734,42.70279312133789,42.662635803222656
2021-02-19,126.37635040283203,85.40200805664062,479.1199951171875,162.4949951171875,30.281158447265625,334.8594970703125,242.36691284179688,39.16448211669922,77.0874252319336,178.06027221679688,103.52253723144531,244.09881591796875,57.308387756347656,129.1050262451172,42.542945861816406,322.6963806152344,187.01934814453125,259.2830810546875,59.62506866455078,230.72532653808594,130.21603393554688,14.866508483886719,111.39569854736328,110.3912353515625,15.461374282836914,260.4333190917969,196.9304656982422,40.26089859008789,42.91373062133789,42.949676513671875
2021-02-22,122.61048126220703,87.06922149658203,467.3299865722656,159.03700256347656,30.81595230102539,330.55535888671875,236.85232543945312,38.95014190673828,79.1715087890625,185.92343139648438,101.81022644042969,240.7906036376953,55.21651077270508,130.31739807128906,42.984432220458984,329.9508361816406,186.86073303222656,258.06378173828125,60.12255859375,224.54002380371094,125.31068420410156,14.298055648803711,110.95856475830078,109.92229461669922,15.631986618041992,238.1666717529297,200.38368225097656,40.26089859008789,42.71209716796875,44.53250503540039
2021-02-23,122.4742202758789,86.4267349243164,467.79998779296875,159.72500610351562,31.140335083007812,322.9477844238281,231.63262939453125,39.01872253417969,80.16930389404297,191.09121704101562,102.10065460205078,233.2748565673828,55.589420318603516,131.3640899658203,42.90802001953125,339.4040832519531,186.2086639404297,263.545654296875,59.809627532958984,223.3527069091797,124.81558227539062,14.085163116455078,111.6226806640625,110.73860931396484,15.55734634399414,232.94667053222656,204.029296875,40.67457962036133,42.023441314697266,45.14759826660156
2021-02-24,121.97795104980469,88.39486694335938,476.6199951171875,157.97650146484375,31.894283294677734,321.5791320800781,236.38047790527344,39.21592330932617,83.13047790527344,191.49839782714844,103.27473449707031,226.9288330078125,57.47210693359375,133.67544555664062,43.052345275878906,355.7727966308594,187.9269256591797,262.0091857910156,59.83370590209961,224.5782928466797,124.3755111694336,14.440727233886719,111.04264068603516,110.86017608642578,15.663975715637207,247.33999633789062,211.0704803466797,40.7387580871582,41.3223762512207,46.50079345703125
2021-02-25,117.7352294921875,87.28881072998047,459.1600036621094,152.85800170898438,31.499784469604492,315.16070556640625,227.15020751953125,39.02730178833008,82.35799407958984,185.1671905517578,99.91155242919922,222.8087615966797,54.934566497802734,131.86123657226562,42.593894958496094,343.4236145019531,185.8826446533203,252.47288513183594,59.87384033203125,219.25469970703125,124.27465057373047,13.254016876220703,109.28565216064453,109.92229461669922,15.264115333557129,227.4066619873047,205.60678100585938,40.296566009521484,40.9315299987793,45.72987747192383
2021-02-26,117.99799346923828,87.62225341796875,459.6700134277344,154.64649963378906,30.430204391479492,312.4234924316406,212.81814575195312,38.47000503540039,80.46702575683594,183.28623962402344,100.20693969726562,225.50601196289062,55.28017807006836,128.3636932373047,41.59208679199219,342.72625732421875,182.76182556152344,255.37741088867188,58.26905059814453,222.50054931640625,123.82903289794922,13.659380912780762,108.6047134399414,107.2736587524414,14.86957836151123,225.1666717529297,204.29864501953125,39.44070053100586,40.30180740356445,44.58991622924805
2021-03-01,124.35234069824219,88.16714477539062,469.57000732421875,157.3070068359375,31.377052307128906,313.1502990722656,213.84042358398438,39.37024688720703,82.11658477783203,189.04541015625,102.5734634399414,228.36915588378906,57.19015884399414,131.2681121826172,42.36466598510742,351.4916687011719,184.63253784179688,262.60394287109375,58.07648468017578,226.86669921875,126.4658432006836,13.786118507385254,109.80686950683594,107.93365478515625,14.976212501525879,239.47666931152344,208.3771209716797,39.48350524902344,40.75160217285156,46.25476837158203
2021-03-02,121.75415802001953,87.71170806884766,466.5899963378906,154.72650146484375,31.14909553527832,310.0260314941406,209.83966064453125,39.02730178833008,82.430419921875,188.03707885742188,102.31674194335938,227.20822143554688,55.698551177978516,130.84075927734375,42.53445816040039,351.41424560546875,185.00491333007812,256.745361328125,58.45361328125,223.92724609375,125.88704681396484,13.35236930847168,110.1851806640625,107.594970703125,15.045523643493652,228.81333923339844,207.5498809814453,39.21247863769531,40.36075210571289,45.98412322998047
2021-03-03,118.7764663696289,86.78459167480469,448.45001220703125,150.25,31.929363250732422,305.7408142089844,202.49671936035156,38.692935943603516,83.35578918457031,186.40823364257812,99.68656158447266,224.65057373046875,54.47980499267578,133.3701934814453,42.43259048461914,348.925048828125,182.4781036376953,253.1866455078125,58.81468200683594,217.8854522705078,123.35127258300781,12.753287315368652,108.56269073486328,106.95237731933594,15.31209659576416,217.73333740234375,206.66494750976562,39.49776840209961,39.57902908325195,46.35317611694336
2021-03-04,116.89838409423828,85.92250061035156,439.05999755859375,148.8784942626953,32.15842819213867,301.1346740722656,201.8380889892578,38.2042350769043,84.0880355834961,182.3069610595703,100.80266571044922,219.03781127929688,53.0518798828125,131.3204803466797,42.39863204956055,338.5129699707031,181.6092987060547,255.39718627929688,57.90797805786133,217.0907440185547,121.3116455078125,12.32053279876709,109.16687774658203,106.07527923583984,15.418725967407227,207.14666748046875,203.44256591796875,39.084102630615234,39.56040573120117,48.14923095703125
2021-03-05,118.15367889404297,86.7764663696289,440.8299865722656,150.0229949951172,32.53728103637695,299.51129150390625,207.17575073242188,39.653175354003906,87.70904541015625,184.20730590820312,103.93191528320312,221.2986297607422,55.243797302246094,131.6257781982422,43.120269775390625,349.5351867675781,183.85232543945312,261.9793701171875,58.678279876708984,221.75369262695312,122.51520538330078,12.411417007446289,112.72583770751953,109.40123748779297,15.7919340133667,199.31666564941406,207.20359802246094,39.9399528503418,40.05364990234375,49.969905853271484
2021-03-08,113.22978973388672,86.29662322998047,421.20001220703125,147.59750366210938,32.7135009765625,293.9423828125,204.18746948242188,40.733455657958984,88.31256103515625,195.76451110839844,99.49276733398438,226.10829162597656,54.434329986572266,133.3701934814453,43.8419075012207,359.6567077636719,185.39501953125,253.08750915527344,59.512752532958984,217.7227020263672,123.62690734863281,11.54665756225586,111.96318054199219,110.55621337890625,15.98919677734375,187.6666717529297,211.8784637451172,40.50339889526367,39.668983459472656,49.92068862915039
2021-03-09,117.8325424194336,86.84964752197266,439.17999267578125,153.1425018310547,31.999835968017578,300.8893127441406,207.9326629638672,41.05925750732422,88.11139678955078,188.58973693847656,101.12133026123047,231.28463745117188,56.99915313720703,132.4281463623047,43.179683685302734,364.68353271484375,184.89854431152344,263.4266662597656,59.48868179321289,223.84104919433594,124.90396118164062,12.474234580993652,112.06485748291016,109.57492065429688,15.802595138549805,224.52667236328125,211.9649658203125,40.08260726928711,39.9822883605957,49.14978790283203
2021-03-10,116.75243377685547,87.83370971679688,437.010009765625,152.8820037841797,32.924949645996094,305.6559143066406,208.35536193847656,41.40220642089844,89.61610412597656,189.12298583984375,100.91466522216797,233.85826110839844,56.617164611816406,135.3064727783203,43.672115325927734,369.7007141113281,189.1186981201172,262.593994140625,59.98616027832031,222.53883361816406,126.41069030761719,12.42242431640625,113.19186401367188,110.58226776123047,15.98919677734375,222.68666076660156,214.66795349121094,40.71022033691406,41.00286865234375,50.6588020324707
2021-03-11,118.67916870117188,87.72798919677734,451.05999755859375,155.67950439453125,32.8104133605957,310.205322265625,212.27749633789062,41.8394660949707,89.47128295898438,190.76156616210938,104.1038818359375,236.15084838867188,57.58124923706055,134.60000610351562,43.196678161621094,372.2965087890625,187.5760040283203,271.4958190917969,59.88185501098633,227.04859924316406,129.7182159423828,12.9457426071167,112.8868408203125,110.20885467529297,15.749277114868164,233.1999969482422,217.53440856933594,39.59048843383789,40.987361907958984,50.28154754638672
2021-03-12,117.77417755126953,88.01262664794922,444.29998779296875,154.47450256347656,33.42714309692383,312.55560302734375,208.60110473632812,41.85661697387695,89.76899719238281,191.15907287597656,101.59911346435547,239.88397216796875,57.20834732055664,136.1961212158203,43.11106872558594,370.678955078125,188.25872802734375,266.0635070800781,60.383697509765625,225.72727966308594,129.038330078125,12.808749198913574,112.73430633544922,111.27700805664062,15.893232345581055,231.2433319091797,215.81260681152344,39.67607116699219,41.60466766357422,50.82282638549805
2021-03-15,120.65453338623047,89.67170715332031,447.5899963378906,154.08399963378906,33.25974655151367,311.9609375,209.18104553222656,42.362449645996094,88.71488189697266,190.77122497558594,101.81914520263672,244.66226196289062,58.0178108215332,135.51580810546875,43.68463134765625,369.7587585449219,195.45782470703125,271.36700439453125,61.703067779541016,224.82720947265625,133.1635284423828,13.142769813537598,112.72583770751953,111.64173889160156,15.957206726074219,235.97999572753906,214.76414489746094,39.683197021484375,41.390628814697266,49.52703857421875
2021-03-16,122.19205474853516,90.1434097290039,450.5400085449219,154.59300231933594,33.16283416748047,308.8839416503906,210.83250427246094,42.58536911010742,86.61471557617188,188.3279571533203,103.27871704101562,247.77174377441406,58.91822814941406,133.8935089111328,43.84728240966797,370.35931396484375,194.92587280273438,276.8488464355469,62.172550201416016,227.6039581298828,132.89712524414062,13.242401123046875,113.55622100830078,111.97172546386719,15.98919677734375,225.6266632080078,216.13966369628906,39.683197021484375,41.37821578979492,48.47728729248047
2021-03-17,121.40383911132812,85.42642211914062,451.010009765625,156.7864990234375,33.43595886230469,310.7151184082031,209.49560546875,42.37101745605469,86.92854309082031,189.2975311279297,103.19593811035156,245.97105407714844,59.8277473449707,135.27157592773438,43.86439514160156,366.7756042480469,198.69387817382812,281.5376892089844,62.56916046142578,226.9624481201172,133.0532989501953,13.292216300964355,113.22576141357422,111.52014923095703,16.07450294494629,233.93666076660156,214.523681640625,39.761661529541016,41.03389358520508,48.69049835205078
2021-03-18,117.2876205444336,84.3935546875,439.17999267578125,151.39950561523438,34.30819320678711,304.8536376953125,205.91749572753906,41.8394660949707,83.78227233886719,186.42762756347656,100.1786880493164,248.72036743164062,57.96324157714844,137.50442504882812,43.290828704833984,355.4628601074219,197.62107849121094,276.194580078125,62.544883728027344,220.91111755371094,131.53732299804688,12.675741195678711,112.30215454101562,111.76329040527344,15.999861717224121,217.72000122070312,212.2535858154297,40.161048889160156,40.498104095458984,46.59099578857422
2021-03-19,116.76214599609375,84.1089096069336,441.5,153.7480010986328,33.94697189331055,310.4508056640625,208.59124755859375,41.99379348754883,83.18681335449219,185.3223114013672,100.45722198486328,253.93795776367188,57.99052429199219,135.31524658203125,43.49629592895508,345.3026428222656,197.21328735351562,287.58453369140625,62.73917007446289,220.55690002441406,126.31885528564453,12.798538208007812,113.9714584350586,111.16410827636719,15.866570472717285,218.2899932861328,199.01776123046875,40.11113739013672,41.037010192871094,46.328575134277344
2021-03-22,120.07068634033203,86.1258316040039,452.4100036621094,155.5435028076172,33.180458068847656,315.7176818847656,211.5107421875,43.12550735473633,82.5108871459961,186.98997497558594,100.64208984375,253.7974090576172,59.691307067871094,131.67807006835938,43.65894317626953,347.1331481933594,199.5449981689453,290.9847106933594,62.73917007446289,225.95706176757812,127.03545379638672,13.137784957885742,116.76780700683594,113.04852294921875,15.98919677734375,223.3333282470703,200.07595825195312,40.36076354980469,41.233245849609375,45.85289764404297
2021-03-23,119.24354553222656,85.26376342773438,460.20001220703125,156.875,32.51085662841797,321.2392883300781,211.34364318847656,42.87688446044922,82.05223846435547,182.98565673828125,101.16940307617188,254.71092224121094,57.73585891723633,130.3610382080078,43.992820739746094,344.10150146484375,198.9243927001953,288.10003662109375,61.73545455932617,227.47946166992188,125.97891998291016,13.022712707519531,118.17445373535156,115.15010070800781,15.994532585144043,220.72000122070312,200.22018432617188,40.5889892578125,41.72230529785156,45.28701400756836
2021-03-24,116.85945892333984,83.81614685058594,451.510009765625,154.35350036621094,32.51085662841797,319.068359375,205.96665954589844,42.56822204589844,84.24897766113281,179.0977020263672,100.7332763671875,257.1440124511719,56.42616271972656,131.37278747558594,44.10409927368164,348.3438720703125,198.64071655273438,279.6839599609375,61.711158752441406,225.4496307373047,122.3406753540039,12.596531867980957,117.62364196777344,115.11536407470703,15.98919677734375,210.08999633789062,200.14321899414062,40.66029739379883,41.4637565612793,46.20555877685547
2021-03-25,117.34600067138672,84.48301696777344,450.989990234375,152.31300354003906,33.180458068847656,326.902587890625,201.9462432861328,43.30555725097656,84.54669189453125,181.2210693359375,100.72979736328125,261.0352478027344,56.40796661376953,133.05615234375,44.532127380371094,347.0944519042969,198.77369689941406,276.3134765625,61.57355499267578,222.46226501464844,118.18791961669922,12.489179611206055,118.3184814453125,115.91423797607422,16.03718376159668,213.4633331298828,200.0469970703125,40.924190521240234,41.744102478027344,46.074337005615234
2021-03-26,117.9493408203125,86.19087982177734,469.0899963378906,152.60150146484375,34.07913589477539,332.26385498046875,205.53414916992188,45.07172775268555,86.4859619140625,180.2611846923828,100.34671020507812,266.8587646484375,59.00008773803711,135.27157592773438,45.405303955078125,354.6299133300781,199.6691436767578,280.5562438964844,62.64201354980469,226.4262237548828,122.18446350097656,12.792059898376465,120.9198989868164,117.62503814697266,16.159807205200195,206.23666381835938,205.39523315429688,41.49477005004883,42.09298324584961,47.32911682128906
2021-03-29,118.12449645996094,86.80085754394531,469.32000732421875,153.7864990234375,33.75313949584961,336.1619873046875,207.1855926513672,45.02886962890625,86.03532409667969,179.2237548828125,101.39043426513672,265.4446105957031,58.66356658935547,133.1695556640625,46.09870910644531,351.5013732910156,201.56646728515625,288.2883605957031,63.378570556640625,225.2389373779297,122.6438980102539,12.900660514831543,122.7078857421875,119.46603393554688,16.2930965423584,203.76333618164062,206.3378448486328,41.95834732055664,42.57270050048828,47.07487869262695
2021-03-30,116.67457580566406,86.84964752197266,465.4599914550781,152.76449584960938,34.35226058959961,330.1212158203125,206.42869567871094,44.38583755493164,85.23870086669922,179.883056640625,101.42414093017578,267.7459716796875,57.9996223449707,134.73951721191406,45.49946594238281,346.9395446777344,199.46517944335938,285.492919921875,62.29396438598633,221.99307250976562,122.14775085449219,12.824444770812988,120.7843017578125,117.62503814697266,16.383729934692383,211.8733367919922,203.82728576660156,41.78718566894531,42.28300476074219,46.492591857910156
2021-03-31,118.86405181884766,88.01262664794922,475.3699951171875,154.70399475097656,34.08793640136719,332.6980285644531,208.26687622070312,44.33440017700195,84.32140350341797,178.90380859375,102.21959686279297,268.1236877441406,58.208805084228516,132.777099609375,45.122798919677734,344.8570251464844,198.720458984375,291.9660949707031,62.3991813659668,225.74639892578125,122.09259796142578,13.29919147491455,119.8607177734375,117.60763549804688,16.13848114013672,222.64332580566406,203.66378784179688,41.473365783691406,42.311038970947266,45.78729248046875
2021-04-01,119.69117736816406,88.25660705566406,483.3399963378906,158.0500030517578,34.79277420043945,335.0198974609375,215.00038146972656,44.56589126586914,85.09388732910156,183.21835327148438,105.55303192138672,270.31964111328125,58.70904541015625,134.06797790527344,44.951595306396484,351.87908935546875,199.6691436767578,296.06011962890625,62.3991813659668,232.04669189453125,121.76184844970703,13.760986328125,119.71664428710938,116.60899353027344,16.24510955810547,220.5833282470703,208.59832763671875,41.58034896850586,42.24562072753906,47.066673278808594
2021-04-05,122.51314544677734,86.3210220336914,491.6199951171875,161.3365020751953,35.06591033935547,340.5699768066406,216.54368591308594,45.25669479370117,84.09610748291016,182.76266479492188,109.97283935546875,277.0391845703125,60.51897048950195,134.77859497070312,45.20841598510742,356.7413635253906,202.8963165283203,306.22088623046875,62.326332092285156,238.48098754882812,124.14140319824219,13.936090469360352,121.30970764160156,118.49344635009766,16.373065948486328,230.35000610351562,210.69532775878906,41.98688507080078,43.43243408203125,46.336769104003906
2021-04-06,122.8148193359375,85.70292663574219,491.3399963378906,161.1909942626953,34.968990325927734,339.9092102050781,217.330078125,44.928558349609375,83.34774780273438,183.95523071289062,109.49211120605469,275.61614990234375,59.627647399902344,133.83103942871094,45.533714294433594,357.9520263671875,205.6092529296875,303.5939636230469,61.3469352722168,237.3223876953125,126.01570892333984,13.810553550720215,121.74183654785156,118.53683471679688,16.51702117919922,230.5399932861328,210.32017517089844,42.158058166503906,43.641151428222656,46.20555877685547
2021-04-07,124.45936584472656,85.56466674804688,493.4100036621094,163.96949768066406,35.28617477416992,338.6726989746094,217.03517150878906,44.70404815673828,83.83859252929688,181.85125732421875,110.967529296875,274.4655456542969,60.25522232055664,135.92788696289062,45.61076354980469,359.41455078125,206.2299041748047,310.364501953125,61.61404037475586,239.2757110595703,125.446044921875,14.091519355773926,121.52149963378906,118.74524688720703,16.4903564453125,223.6566619873047,210.91651916503906,42.07960510253906,43.547691345214844,46.41058349609375
2021-04-08,126.85322570800781,86.28850555419922,499.8399963378906,164.96499633789062,34.97779846191406,340.9473876953125,220.6329345703125,44.82493209838867,82.89712524414062,181.6185760498047,111.53252410888672,276.1871032714844,60.98283386230469,136.09461975097656,45.473785400390625,366.299560546875,204.1375274658203,310.29510498046875,61.10408020019531,242.4832763671875,122.81844329833984,14.264381408691406,120.7843017578125,119.1968002319336,16.358665466308594,227.93333435058594,212.29205322265625,41.5230827331543,43.5196533203125,45.92671203613281
2021-04-09,129.4221954345703,87.45960998535156,504.0400085449219,168.61000061035156,35.233314514160156,342.82586669921875,227.34678649902344,44.980369567871094,82.8166732788086,182.17123413085938,112.5356216430664,280.4032897949219,62.08333969116211,137.1123504638672,45.525146484375,368.56866455078125,205.22802734375,309.73992919921875,61.767822265625,244.9727325439453,124.44458770751953,14.347074508666992,120.80976104736328,118.42393493652344,16.380477905273438,225.67333984375,214.042724609375,41.443782806396484,43.541473388671875,45.82010269165039
2021-04-12,127.70951080322266,88.03702545166016,506.0299987792969,168.96949768066406,35.294979095458984,344.33599853515625,224.86965942382812,44.53135299682617,81.89933776855469,180.81382751464844,111.24456787109375,281.7735595703125,59.4912223815918,136.8228302001953,45.670677185058594,368.3358459472656,204.76699829101562,308.8280029296875,61.69498825073242,245.03018188476562,125.53791046142578,15.153101921081543,121.1910629272461,118.90159606933594,16.336851119995117,233.9933319091797,213.03273010253906,41.47982406616211,43.547691345214844,45.51665496826172
2021-04-13,130.813720703125,88.01262664794922,514.8599853515625,170.0,34.64300537109375,344.7135009765625,228.05453491210938,44.60906219482422,82.26947784423828,179.84426879882812,111.73075103759766,281.4309997558594,59.318416595458984,135.19093322753906,45.44810104370117,366.67779541015625,205.08619689941406,307.0635070800781,61.864952087402344,247.50050354003906,122.6897964477539,15.62187385559082,121.21650695800781,117.32977294921875,16.156906127929688,254.10667419433594,212.599853515625,41.537498474121094,43.41374969482422,45.688873291015625
2021-04-14,128.47825622558594,87.1729965209961,510.6300048828125,166.64999389648438,35.13639450073242,342.7880554199219,224.14224243164062,44.358638763427734,83.9029769897461,181.7543182373047,111.11026763916016,281.0972595214844,58.381622314453125,132.66416931152344,45.439552307128906,366.86199951171875,204.1907501220703,300.1839294433594,61.84067153930664,244.72377014160156,121.5137710571289,15.22085189819336,120.4199447631836,117.75526428222656,16.21143341064453,244.07666015625,213.5232696533203,41.59516143798828,43.39817428588867,47.0092658996582
2021-04-15,130.8818359375,87.98793029785156,523.25,168.95449829101562,34.13199996948242,348.10211181640625,229.03753662109375,44.59178161621094,83.218994140625,180.2708740234375,113.2582015991211,283.48638916015625,59.13650894165039,133.5064239501953,45.653564453125,374.78448486328125,205.05072021484375,305.140380859375,62.05112838745117,248.46759033203125,122.8092269897461,16.07794189453125,120.58943939208984,119.179443359375,16.222339630126953,246.28334045410156,217.65948486328125,41.59516143798828,43.65983200073242,46.73042678833008
2021-04-16,130.55099487304688,88.82756042480469,525.0800170898438,169.9720001220703,34.493228912353516,349.9143371582031,227.96609497070312,45.59347152709961,82.8488540649414,181.5603790283203,113.13430786132812,288.1769104003906,58.89094161987305,134.4978485107422,45.953182220458984,374.4742431640625,206.6466064453125,303.5146789550781,62.70675277709961,249.65481567382812,123.39720153808594,15.854016304016113,122.15705108642578,119.1881103515625,16.331396102905273,246.5933380126953,217.78453063964844,42.01327896118164,43.800010681152344,46.46799087524414
2021-04-19,131.212646484375,89.40377807617188,516.1699829101562,168.60049438476562,34.51084899902344,348.8099670410156,226.580078125,45.63663864135742,83.09025573730469,181.7252197265625,113.48173522949219,287.0965881347656,57.872291564941406,133.92758178710938,46.22712326049805,370.58563232421875,205.52066040039062,299.60894775390625,62.86056137084961,247.7398681640625,121.7986068725586,15.305292129516602,122.6570053100586,118.6323471069336,16.353206634521484,238.2100067138672,217.18814086914062,42.09257507324219,43.5196533203125,46.32037353515625
2021-04-20,129.52920532226562,89.74951171875,514.2100219726562,166.7344970703125,33.55049514770508,350.86761474609375,224.08326721191406,44.7213134765625,81.53723907470703,177.22645568847656,112.94895935058594,284.5580749511719,57.02644348144531,130.96212768554688,46.372650146484375,365.2231750488281,206.58448791503906,300.015380859375,63.59715270996094,247.28028869628906,116.78224182128906,15.11549186706543,123.47047424316406,119.62234497070312,16.29867935180664,239.663330078125,214.77374267578125,42.09257507324219,43.85607147216797,45.344425201416016
2021-04-21,129.90872192382812,91.20651245117188,512.3400268554688,168.1009979248047,34.11437225341797,353.0951843261719,226.63902282714844,44.842201232910156,82.66378784179688,177.53671264648438,112.91625213623047,286.3059997558594,57.93596267700195,132.07635498046875,46.74931335449219,371.4972229003906,205.9195556640625,298.8456726074219,64.13136291503906,249.50160217285156,119.34555053710938,15.304047584533691,124.546630859375,118.84078979492188,16.41864013671875,248.0399932861328,218.78488159179688,41.912353515625,43.98379135131836,45.92671203613281
2021-04-22,128.3907012939453,90.5891342163086,507.2900085449219,165.45199584960938,33.79719543457031,350.4239807128906,227.41563415527344,44.47089385986328,81.23146057128906,177.19735717773438,111.63610076904297,282.36212158203125,56.90821075439453,129.29519653320312,46.60377883911133,371.7493591308594,206.5402069091797,293.9387512207031,63.10338592529297,246.23658752441406,118.68404388427734,14.795673370361328,123.77556610107422,117.66094970703125,17.100257873535156,239.89666748046875,218.9003448486328,41.29239273071289,43.50719451904297,45.32802200317383
2021-04-23,130.70664978027344,91.68394470214844,515.8400268554688,167.04400634765625,34.51966094970703,352.3306579589844,229.53887939453125,44.82493209838867,81.7142562866211,177.44944763183594,113.98575592041016,284.49652099609375,53.87952423095703,131.76930236816406,46.62947082519531,375.33734130859375,207.9765167236328,298.5086669921875,63.038631439208984,250.04745483398438,119.61199188232422,15.209146499633789,123.57218933105469,117.05790710449219,17.122068405151367,243.13333129882812,221.2377471923828,41.306819915771484,43.57884216308594,45.574058532714844
2021-04-26,131.09593200683594,91.69216918945312,515.7000122070312,170.4499969482422,34.7223014831543,347.8377380371094,231.4556884765625,44.59178161621094,81.69010925292969,178.66139221191406,114.48136138916016,281.07086181640625,53.44296646118164,132.09388732910156,45.93606185913086,375.73486328125,205.9639434814453,300.4019470214844,62.75533676147461,250.43040466308594,120.90742492675781,15.421113967895508,121.47916412353516,114.71569061279297,16.854875564575195,246.06666564941406,221.56480407714844,41.04728698730469,42.958961486816406,45.664276123046875
2021-04-27,130.7747802734375,91.73332214355469,517.3200073242188,170.8715057373047,35.13639450073242,349.4328918457031,230.22695922851562,44.358638763427734,82.63963317871094,179.02012634277344,113.54219055175781,281.5979309082031,52.72444534301758,132.69927978515625,45.867576599121094,377.28643798828125,208.33106994628906,300.9273986816406,62.61772918701172,250.83248901367188,121.37596893310547,15.325216293334961,121.08091735839844,114.64579010009766,16.778533935546875,234.913330078125,221.1511688232422,40.600337982177734,43.105369567871094,46.26295471191406
2021-04-28,129.98655700683594,92.13666534423828,515.47998046875,172.9250030517578,35.2685546875,348.84783935546875,232.8515625,44.13412857055664,84.66741943359375,177.80819702148438,116.91529083251953,280.8249206542969,52.4061164855957,133.5590362548828,45.876129150390625,383.66717529296875,206.0525665283203,304.4266662597656,62.3991813659668,243.73756408691406,120.0897445678711,15.220602989196777,120.18270874023438,114.83804321289062,16.882137298583984,231.46665954589844,224.5563201904297,40.67964172363281,42.95273208618164,47.657169342041016
2021-04-29,129.88925170898438,91.28058624267578,516.0900268554688,173.5655059814453,36.22008514404297,353.3313293457031,230.37440490722656,44.43635559082031,86.01924133300781,179.6891326904297,118.58646392822266,285.7702331542969,53.00639724731445,136.15603637695312,46.4496955871582,377.1700439453125,208.5350341796875,326.64154052734375,59.6390266418457,241.77471923828125,122.43254852294922,15.268426895141602,121.97065734863281,115.80814361572266,17.089345932006836,225.6666717529297,227.83642578125,41.32123565673828,43.49473571777344,48.33787155151367
2021-04-30,127.92361450195312,91.78272247314453,508.3399963378906,173.37100219726562,35.709068298339844,351.9597473144531,226.40310668945312,43.9614143371582,82.9373779296875,180.35813903808594,116.6407241821289,284.3033142089844,52.32426071166992,134.94528198242188,46.209999084472656,370.4886169433594,209.30636596679688,322.2501220703125,60.30274200439453,241.45875549316406,121.84454345703125,14.954336166381836,122.15705108642578,116.60344696044922,17.127517700195312,236.47999572753906,224.66213989257812,41.6600456237793,43.58195877075195,46.94366455078125
2021-05-03,128.9745635986328,94.4003677368164,503.4599914550781,169.32449340820312,35.73550796508789,358.798583984375,219.95465087890625,44.185935974121094,84.91683959960938,179.86366271972656,116.12429809570312,290.10052490234375,52.078704833984375,134.55047607421875,46.638031005859375,367.90924072265625,208.8453369140625,319.77191162109375,61.5007209777832,241.1523895263672,122.2212142944336,14.782217979431152,123.53826904296875,117.98428344726562,17.17659568786621,228.3000030517578,223.74830627441406,41.75375747680664,44.270381927490234,48.23944854736328
2021-05-04,124.41071319580078,93.75830841064453,490.70001220703125,165.593505859375,36.123172760009766,354.9866027832031,213.486572265625,43.788719177246094,85.3835678100586,178.6420135498047,114.3277359008789,292.2965087890625,51.75127029418945,136.41046142578125,46.34697341918945,364.5250244140625,207.338134765625,315.588623046875,61.508811950683594,237.2554168701172,120.86148834228516,14.298503875732422,121.98762512207031,117.582275390625,17.460147857666016,224.53334045410156,223.19039916992188,42.24396514892578,43.83427810668945,48.54288864135742
2021-05-05,124.65398406982422,95.30585479736328,486.69000244140625,163.52699279785156,36.466773986816406,352.3475646972656,211.7368621826172,44.151397705078125,87.6768798828125,175.9853973388672,114.72125244140625,291.6640930175781,51.70580291748047,138.2002716064453,46.22712326049805,357.96002197265625,208.38429260253906,312.2777099609375,62.89292526245117,235.9915771484375,121.4678726196289,14.405362129211426,121.92828369140625,116.63839721679688,17.46559715270996,223.64666748046875,220.47784423828125,42.308841705322266,43.7968864440918,50.00271224975586
2021-05-06,126.24987030029297,95.55279541015625,483.6099853515625,165.31849670410156,37.01303482055664,362.052490234375,214.341796875,45.2826042175293,87.72513580322266,176.25689697265625,115.84032440185547,296.5215148925781,52.335391998291016,140.9814453125,46.689388275146484,364.1079406738281,208.22471618652344,317.2341613769531,62.957672119140625,239.11294555664062,122.6438980102539,14.469624519348145,123.34336853027344,118.10665893554688,17.67280387878418,221.17999267578125,222.50747680664062,42.741371154785156,44.109615325927734,50.478370666503906
2021-05-07,126.9224624633789,95.2811508178711,488.7300109863281,164.58050537109375,37.162803649902344,363.52813720703125,212.81814575195312,46.13747787475586,88.52983856201172,179.21405029296875,116.56291961669922,297.9883728027344,52.77465057373047,141.46395874023438,46.6637077331543,364.0303649902344,208.20700073242188,316.3023681640625,63.46763229370117,241.7268524169922,126.61286163330078,14.757813453674316,123.34336853027344,118.1153793334961,17.536483764648438,224.1233367919922,223.27696228027344,42.330467224121094,43.84380340576172,51.2000846862793
2021-05-10,123.64727020263672,95.66805267333984,479.3800048828125,159.52450561523438,37.04827880859375,360.8417053222656,210.2525177001953,45.90432357788086,88.167724609375,178.6905059814453,113.58036041259766,299.63092041015625,51.218963623046875,141.4464569091797,47.006134033203125,355.2448425292969,210.2195587158203,303.3065185546875,63.27335739135742,236.6713409423828,125.31742858886719,14.213319778442383,124.32634735107422,120.31776428222656,17.792774200439453,209.67999267578125,217.3612823486328,42.90717697143555,44.037689208984375,51.32310485839844
2021-05-11,122.73099517822266,94.5732421875,485.19000244140625,161.19549560546875,36.6253776550293,357.7202453613281,211.89413452148438,45.61936569213867,85.85830688476562,176.14053344726562,112.5053939819336,290.4431457519531,50.36790466308594,139.0951690673828,46.50105667114258,356.47625732421875,207.338134765625,303.861572265625,62.69866943359375,235.76173400878906,125.97891998291016,14.253670692443848,123.41967010498047,119.7234878540039,17.59101676940918,205.73333740234375,216.8899688720703,42.20071792602539,43.640533447265625,49.691062927246094
2021-05-12,119.67028045654297,94.63087463378906,472.0899963378906,157.5970001220703,36.281761169433594,352.0638122558594,206.95950317382812,44.557247161865234,86.39745330810547,172.43682861328125,109.04557037353516,278.444580078125,49.06843948364258,138.13885498046875,46.2613639831543,345.8192138671875,202.0895233154297,299.916259765625,63.13576126098633,228.839111328125,122.55197143554688,13.707931518554688,122.21636962890625,118.45624542236328,17.432880401611328,196.6300048828125,212.22471618652344,42.10699462890625,42.511592864990234,49.95732879638672
2021-05-13,121.81475067138672,95.98085021972656,474.1600036621094,158.07350158691406,36.86325454711914,358.9972229003906,208.25704956054688,45.325767517089844,85.84221649169922,172.9119110107422,110.472412109375,285.8404846191406,49.42533493041992,141.69215393066406,46.6637077331543,349.1161804199219,203.7119903564453,302.6026916503906,63.69426727294922,232.69775390625,122.75408172607422,13.61502456665039,124.02972412109375,120.36146545410156,17.563749313354492,190.56333923339844,215.52886962890625,42.39534378051758,43.230865478515625,49.341583251953125
2021-05-14,124.23210906982422,95.84091186523438,486.55999755859375,161.14500427246094,37.32139587402344,363.6227111816406,213.9584197998047,45.6798210144043,88.08723449707031,168.41311645507812,112.91773223876953,284.2681884765625,50.651580810546875,143.89430236816406,46.85205078125,352.88836669921875,205.44082641601562,313.1896667480469,63.37051010131836,237.60008239746094,124.88558197021484,14.190654754638672,124.21617126464844,120.61489868164062,17.580110549926758,196.5800018310547,218.6113739013672,42.308841705322266,43.63115310668945,50.56473159790039
2021-05-17,123.0819091796875,96.21956634521484,482.739990234375,163.51950073242188,37.65620803833008,363.1875305175781,211.4026336669922,45.714351654052734,89.16551208496094,164.9033203125,113.44010162353516,281.0884704589844,50.63328552246094,144.47332763671875,46.775001525878906,352.2968444824219,205.40536499023438,312.7138671875,64.6494140625,234.75637817382812,125.32661437988281,14.113438606262207,123.86027526855469,120.37020111083984,17.105709075927734,192.27667236328125,218.12977600097656,41.7681770324707,43.43412780761719,51.74626922607422
2021-05-18,121.6977767944336,96.48298645019531,480.6199951171875,161.61399841308594,37.14519119262695,362.0998229980469,210.68504333496094,45.70571517944336,86.48573303222656,164.5154571533203,112.12921905517578,278.2249755859375,50.18487548828125,142.4378662109375,46.51816940307617,352.0738525390625,205.6269989013672,307.26177978515625,64.25279235839844,232.7456512451172,124.54568481445312,13.964235305786133,123.301025390625,119.137939453125,16.11328125,192.6233367919922,217.29168701171875,41.220298767089844,44.37855911254883,50.281829833984375
2021-05-19,121.54182434082031,95.36347961425781,480.4700012207031,161.58999633789062,36.9777946472168,359.1202697753906,217.57583618164062,45.30851364135742,84.0584716796875,164.11798095703125,112.5767593383789,276.2047424316406,50.66073226928711,141.34996032714844,46.372650146484375,350.0470886230469,204.0488739013672,310.860107421875,64.23658752441406,233.32144165039062,122.15692901611328,14.014053344726562,123.23323822021484,119.38261413574219,15.791563034057617,187.82000732421875,216.34762573242188,41.032875061035156,44.381690979003906,49.07532501220703
2021-05-20,124.09566497802734,96.40067291259766,491.6700134277344,162.38400268554688,36.889686584472656,362.8280944824219,219.97433471679688,45.63663864135742,84.35169219970703,166.1443328857422,114.33367919921875,277.4783020019531,51.20065689086914,141.10427856445312,46.78355026245117,356.5635986328125,205.84866333007812,315.8364562988281,64.47942352294922,236.54598999023438,122.44172668457031,14.558794975280762,124.75849914550781,120.60617065429688,16.1623592376709,195.5933380126953,218.12977600097656,40.93915557861328,44.53804016113281,48.95884323120117
2021-05-21,122.26313018798828,95.58573150634766,488.07000732421875,160.1540069580078,37.356651306152344,360.12286376953125,218.7947540283203,45.27396011352539,84.80784606933594,167.15267944335938,113.69831085205078,277.3641662597656,51.31962203979492,142.70986938476562,46.757877349853516,356.4666442871094,205.01531982421875,313.4772033691406,64.09089660644531,235.28884887695312,121.88131713867188,14.936652183532715,124.6483383178711,120.60617065429688,16.36411476135254,193.6266632080078,218.4476776123047,41.025665283203125,44.32852554321289,49.02540969848633
2021-05-24,123.89096069335938,95.41287994384766,497.8299865722656,162.24949645996094,37.559288024902344,362.7051696777344,223.12973022460938,46.10293960571289,86.0133285522461,169.0045623779297,117.014404296875,276.5472412109375,52.124916076660156,143.48190307617188,46.9119758605957,361.1018981933594,205.6092529296875,321.8041076660156,63.969482421875,240.67276000976562,123.16754150390625,15.554621696472168,125.28385925292969,120.57119750976562,16.222339630126953,202.14666748046875,220.90408325195312,41.076133728027344,44.331661224365234,49.59953689575195
2021-05-25,123.6960220336914,94.30159759521484,505.0799865722656,162.95249938964844,37.01303482055664,364.5307312011719,223.8375244140625,46.03385925292969,84.60420989990234,170.80792236328125,117.10511016845703,278.2249755859375,52.04255676269531,141.99920654296875,46.90340805053711,356.0981750488281,205.81321716308594,324.9365539550781,62.731048583984375,241.57484436035156,123.40641021728516,15.590241432189941,125.66517639160156,120.98196411132812,16.096925735473633,201.56333923339844,220.61502075195312,40.7156867980957,44.51302719116211,48.47623825073242
2021-05-26,123.64727020263672,94.41683197021484,506.9800109863281,163.25799560546875,37.039466857910156,364.7577209472656,225.77398681640625,45.68844985961914,84.80784606933594,171.0988311767578,117.96943664550781,278.7344055175781,52.08831024169922,141.98165893554688,47.108856201171875,351.6666259765625,205.9993896484375,324.80767822265625,62.51250076293945,241.3541259765625,125.76759338378906,15.642295837402344,125.66517639160156,120.71105194091797,16.11328125,206.3766632080078,218.73663330078125,40.62918472290039,44.45985794067383,49.04205322265625
2021-05-27,122.11691284179688,92.45770263671875,498.2799987792969,161.5054931640625,37.48880386352539,366.53607177734375,221.98947143554688,45.697086334228516,83.9037094116211,173.59059143066406,117.0956802368164,279.9992980957031,52.829559326171875,144.19253540039062,47.50264358520508,351.03619384765625,208.22471618652344,329.85333251953125,61.452144622802734,239.2620086669922,125.46441650390625,15.431077003479004,124.14837646484375,117.96684265136719,16.200531005859375,210.28334045410156,218.53433227539062,40.57871627807617,44.30976104736328,48.725868225097656
2021-05-28,121.46382904052734,93.18209838867188,504.5799865722656,161.15350341796875,37.347835540771484,357.80535888671875,234.05081176757812,45.6798210144043,84.53902435302734,173.2124481201172,116.80674743652344,280.12225341796875,52.271339416503906,144.0960693359375,47.33143615722656,349.6592712402344,208.510009765625,325.86834716796875,61.42786407470703,239.61708068847656,125.62554931640625,16.18479347229004,125.36011505126953,117.85321044921875,16.047849655151367,208.4066619873047,218.9582061767578,40.722896575927734,44.41608810424805,48.56777572631836
2021-06-01,121.14217376708984,92.36717224121094,495.9100036621094,160.9324951171875,37.81479263305664,357.7676086425781,232.18310546875,45.43803024291992,86.86858367919922,173.3966827392578,118.0125503540039,277.83837890625,52.06086349487305,145.68405151367188,47.3228759765625,348.8930969238281,207.93057250976562,326.2648620605469,60.853172302246094,237.42898559570312,123.83032989501953,16.20472526550293,125.09741973876953,116.13153839111328,15.987866401672363,207.96665954589844,218.31275939941406,40.64358901977539,44.30038833618164,50.306793212890625
2021-06-02,121.90248107910156,91.70039367675781,495.7699890136719,161.69949340820312,37.83241653442383,359.9998779296875,230.62998962402344,45.731624603271484,88.03333282470703,171.6126708984375,117.48771667480469,276.5758056640625,52.60076904296875,145.6928253173828,47.511207580566406,355.7392883300781,208.41197204589844,326.28472900390625,61.41168212890625,237.3330078125,123.51731872558594,16.716581344604492,125.597412109375,116.63839721679688,16.145998001098633,201.7066650390625,221.2315673828125,40.838233947753906,44.20343780517578,50.70618438720703
2021-06-03,120.42082977294922,92.36717224121094,493.1400146484375,159.35049438476562,38.26594924926758,363.1024475097656,226.9142608642578,46.051116943359375,87.63420867919922,170.87582397460938,116.34730529785156,274.9864501953125,51.466033935546875,145.7893524169922,47.631046295166016,350.86163330078125,207.22628784179688,323.2018127441406,62.69679641723633,235.80709838867188,123.51731872558594,16.907384872436523,126.04552459716797,118.7271728515625,15.938788414001465,190.94667053222656,219.73846435546875,41.076133728027344,44.281612396240234,50.905879974365234
2021-06-04,122.7115249633789,92.49063110351562,504.5,160.31100463867188,38.28364562988281,366.554931640625,233.4413604736328,46.69012451171875,88.3346939086914,171.78720092773438,118.62661743164062,274.6155700683594,52.50011444091797,146.0262451171875,48.144691467285156,354.9344177246094,208.0553436279297,327.4742736816406,62.866451263427734,240.68234252929688,123.12149810791016,17.513647079467773,126.19061279296875,118.8145523071289,15.960599899291992,199.68333435058594,221.6939697265625,41.306819915771484,44.35980224609375,51.13053512573242
2021-06-07,122.72124481201172,93.02569580078125,509.4700012207031,159.90049743652344,38.15092086791992,359.82012939453125,234.0901336669922,46.56058883666992,87.76454162597656,171.60299682617188,119.05927276611328,273.6884765625,52.24388122558594,145.34190368652344,47.97347640991211,353.0532531738281,206.5487518310547,333.6499938964844,61.755184173583984,243.58062744140625,123.31481170654297,17.554244995117188,126.11378479003906,119.225341796875,15.8569917678833,201.7100067138672,222.83065795898438,41.23472213745117,44.062705993652344,50.7977180480957
2021-06-08,123.5400619506836,92.47416687011719,509.20001220703125,163.20550537109375,37.9385871887207,359.1579895019531,232.39938354492188,46.74193572998047,88.5627670288086,170.96307373046875,118.86796569824219,274.5184631347656,52.16152572631836,144.76284790039062,47.639617919921875,354.197509765625,207.3956298828125,330.7752685546875,61.41587448120117,242.390625,122.7624282836914,17.392839431762695,124.93585205078125,117.84447479248047,15.80246639251709,201.19667053222656,223.53387451171875,41.19867706298828,43.72808837890625,51.69635009765625
2021-06-09,123.92021942138672,93.84062194824219,514.6799926757812,164.0574951171875,37.443115234375,359.4039306640625,232.07498168945312,46.646949768066406,87.78898620605469,170.68190002441406,119.33880615234375,271.3751220703125,52.16152572631836,142.95550537109375,47.49409103393555,352.325927734375,206.3526153564453,327.3751525878906,62.80707931518555,243.36949157714844,121.37232208251953,17.298419952392578,124.70542907714844,117.80075073242188,15.818828582763672,199.5933380126953,223.78428649902344,41.1265869140625,43.49354553222656,52.12902069091797
2021-06-10,122.92595672607422,95.68450164794922,535.52001953125,167.4824981689453,36.88570785522461,362.28900146484375,236.10528564453125,47.519100189208984,88.30211639404297,171.19577026367188,120.68634796142578,272.2315368652344,52.5092658996582,140.7270050048828,47.862186431884766,353.26654052734375,209.13401794433594,329.56597900390625,64.58847045898438,246.87234497070312,120.58061218261719,17.36493492126465,125.98579406738281,118.67472076416016,15.91152286529541,203.3733367919922,225.3641357421875,41.33564758300781,43.743736267089844,52.21222686767578
2021-06-11,124.1346435546875,95.009521484375,541.260009765625,167.3415069580078,37.03612518310547,361.1727600097656,236.22320556640625,47.294586181640625,87.89485168457031,171.9811248779297,120.44200134277344,274.4037170410156,52.93936538696289,140.63052368164062,48.07619857788086,354.4302673339844,211.22012329101562,328.3763427734375,64.69873809814453,247.49620056152344,121.46439361572266,17.763805389404297,126.06259155273438,117.86193084716797,15.987866401672363,203.29666137695312,226.33705139160156,41.32843017578125,44.01580047607422,51.72962188720703
2021-06-14,127.18561553955078,94.99305725097656,556.9500122070312,169.19349670410156,36.59375,362.99835205078125,242.072021484375,46.7764778137207,87.94373321533203,172.75677490234375,121.36929321289062,273.1233825683594,53.25050354003906,138.24415588378906,47.91232681274414,355.41937255859375,211.2646942138672,333.83837890625,64.55328369140625,249.4156036376953,120.93045043945312,17.95663833618164,126.81372833251953,117.90565490722656,15.862452507019043,205.89666748046875,225.4893798828125,41.220298767089844,43.95637893676758,51.646427154541016
2021-06-15,126.36685180664062,95.3470230102539,548.4600219726562,169.156494140625,36.62028503417969,363.1402587890625,238.45462036132812,46.44834518432617,89.84158325195312,170.50738525390625,120.35232543945312,270.5892639160156,53.0674934387207,136.14724731445312,47.79158020019531,356.9709167480469,210.70306396484375,333.81854248046875,64.76719665527344,247.94723510742188,119.94537353515625,17.727182388305664,126.8222427368164,117.67842864990234,15.96605110168457,199.7866668701172,224.42974853515625,41.29960250854492,43.7812614440918,53.52689743041992
2021-06-16,126.86392974853516,95.10005950927734,543.3300170898438,170.7624969482422,36.82378005981445,358.88372802734375,238.26783752441406,46.172019958496094,89.32840728759766,169.34390258789062,119.71099853515625,267.3486328125,52.362850189208984,137.1035614013672,47.1533203125,352.8011169433594,210.01661682128906,328.1978759765625,65.54576873779297,247.0067596435547,120.04666137695312,17.748859405517578,125.55899047851562,116.04410552978516,15.846089363098145,201.6233367919922,221.17381286621094,40.83102798461914,42.88999938964844,53.335506439208984
2021-06-17,128.4625244140625,94.58148956298828,551.3599853515625,174.46200561523438,35.21352767944336,363.9347839355469,240.27313232421875,45.878421783447266,87.2106704711914,169.33421325683594,120.6734619140625,267.64892578125,52.32624053955078,133.146728515625,47.39482498168945,356.166015625,208.5010986328125,333.5806884765625,66.07624053955078,250.38487243652344,118.68417358398438,18.592941284179688,126.77100372314453,117.10159301757812,15.671599388122559,205.53334045410156,223.63018798828125,40.75172805786133,43.06825637817383,51.579864501953125
2021-06-18,127.16615295410156,93.11624908447266,565.5900268554688,174.34500122070312,34.31105422973633,360.27423095703125,238.65122985839844,44.963096618652344,83.91999053955078,167.17208862304688,119.05531311035156,267.1985168457031,50.94441604614258,129.7777099609375,46.3770637512207,356.2920837402344,204.70333862304688,326.7902526855469,65.54576873779297,248.97410583496094,118.21466827392578,18.574504852294922,124.12498474121094,115.3886489868164,15.622523307800293,207.77000427246094,221.95404052734375,40.23989486694336,42.27080535888672,50.25687026977539
2021-06-21,128.95965576171875,94.44153594970703,567.3499755859375,172.697998046875,35.169281005859375,365.8739013671875,240.32228088378906,45.921600341796875,86.37985229492188,168.67489624023438,120.74186706542969,271.60467529296875,51.127445220947266,131.97982788085938,46.88594436645508,361.7904052734375,207.62742614746094,329.39739990234375,65.66551971435547,252.04515075683594,119.7520751953125,18.363733291625977,125.09809112548828,116.29756927490234,15.775202751159668,206.94332885742188,225.7205352783203,40.65080261230469,42.65545654296875,52.0790901184082
2021-06-22,130.5972442626953,94.41683197021484,575.739990234375,175.27200317382812,35.363929748535156,370.9628601074219,238.97561645507812,45.99067687988281,86.6649398803711,168.21922302246094,121.25530242919922,276.11663818359375,51.127445220947266,131.78684997558594,47.05844497680664,366.5904541015625,208.5010986328125,336.07867431640625,65.18643188476562,254.8090362548828,121.96150207519531,18.82164764404297,125.28587341308594,116.34123229980469,15.693408966064453,207.90333557128906,227.27145385742188,40.636383056640625,42.85246276855469,53.077579498291016
2021-06-23,130.32435607910156,93.84062194824219,574.22998046875,175.1909942626953,35.567420959472656,370.76422119140625,237.72718811035156,45.558921813964844,86.55905151367188,169.9935302734375,121.05358123779297,275.1983947753906,50.5692253112793,132.58522033691406,46.67893600463867,363.7783203125,207.93057250976562,337.6251525878906,64.6645278930664,254.57879638671875,122.53227233886719,18.991559982299805,123.6384506225586,116.17520904541016,15.622523307800293,218.85667419433594,226.06736755371094,40.42012405395508,42.517852783203125,53.468650817871094
2021-06-24,130.04165649414062,94.44976806640625,578.260009765625,172.45399475097656,36.12482833862305,370.85882568359375,239.62437438964844,45.576194763183594,87.26769256591797,172.5143585205078,121.42330169677734,275.3484802246094,51.310462951660156,133.80471801757812,46.91182327270508,363.4000549316406,208.01075744628906,340.19256591796875,65.33187866210938,255.9415283203125,122.99262237548828,19.139297485351562,124.33840942382812,116.25386047363281,15.69886302947998,226.60667419433594,227.570068359375,40.636383056640625,42.81494140625,53.68497848510742
2021-06-25,129.7492218017578,93.00100708007812,579.6599731445312,170.072998046875,36.82378005981445,373.1667785644531,237.7566680908203,45.8179817199707,87.39800262451172,172.92161560058594,121.4317398071289,276.9289855957031,51.16404724121094,135.15585327148438,46.851444244384766,368.1128234863281,207.19947814941406,338.3983154296875,66.05056762695312,254.33885192871094,142.0950927734375,18.96540069580078,124.97001647949219,117.91436767578125,15.753389358520508,223.9566650390625,228.6104736328125,40.64358901977539,43.32155990600586,53.80147933959961
2021-06-28,131.3770751953125,93.0174560546875,588.7999877929688,172.1945037841797,36.77069854736328,375.0870361328125,240.41078186035156,45.731624603271484,84.70194244384766,171.19577026367188,121.4590072631836,277.50299072265625,52.60076904296875,135.40150451660156,46.7996940612793,356.544189453125,206.0138397216797,352.54412841796875,65.75968170166016,257.8896789550781,140.26309204101562,19.916109085083008,125.50778198242188,118.26396942138672,15.693408966064453,229.57333374023438,225.49903869628906,40.499420166015625,43.18707275390625,52.42855453491211
2021-06-29,132.88792419433594,92.44125366210938,590.75,172.40699768066406,36.177913665771484,377.21527099609375,241.62966918945312,45.68844985961914,84.51459503173828,168.6361083984375,121.19780731201172,280.9995422363281,51.932743072509766,135.2348175048828,46.45469284057617,356.8545227050781,205.37196350097656,348.8267517089844,66.05912017822266,260.4617614746094,143.56805419921875,19.957719802856445,125.42242431640625,117.4599380493164,15.627979278564453,226.9199981689453,227.29075622558594,40.254310607910156,42.936912536621094,52.10405349731445
2021-06-30,133.50204467773438,92.72111511230469,585.6400146484375,172.00799560546875,36.47873306274414,374.2640380859375,240.11587524414062,45.76616287231445,85.31282043457031,170.4201202392578,121.01641845703125,281.5735778808594,51.3745231628418,136.46311950683594,46.670310974121094,354.0326232910156,205.92466735839844,344.68310546875,66.5382308959961,259.98187255859375,142.22401428222656,19.933551788330078,126.47230529785156,117.92312622070312,15.693408966064453,226.56666564941406,225.2389373779297,40.39128494262695,44.10023880004883,52.48680877685547
2021-07-01,133.80416870117188,94.0546646118164,584.72998046875,171.64849853515625,36.75299835205078,373.1856689453125,240.8137969970703,46.1461067199707,86.51017761230469,171.86476135253906,121.36830139160156,283.9133605957031,51.255558013916016,137.8142547607422,46.54093551635742,359.48236083984375,207.06581115722656,351.3050231933594,66.7264633178711,260.6535949707031,145.455322265625,20.142333984375,126.49790954589844,118.19403839111328,15.873353004455566,225.97332763671875,226.5200653076172,40.57871627807617,43.568607330322266,52.6365852355957
2021-07-02,136.42625427246094,94.80371856689453,593.0700073242188,175.5489959716797,36.407955169677734,377.3571472167969,243.9790496826172,46.55479431152344,86.3961410522461,171.7193603515625,124.15657043457031,284.9376220703125,51.941898345947266,137.68185424804688,46.730690002441406,363.6716003417969,208.27821350097656,351.6122741699219,67.24835968017578,266.45977783203125,147.0571746826172,20.4163818359375,127.10397338867188,118.77085876464844,15.938788414001465,226.3000030517578,229.87240600585938,40.68684387207031,43.81565475463867,52.561683654785156
2021-07-06,138.43426513671875,95.26470184326172,596.9000244140625,183.78700256347656,35.4524040222168,377.2814025878906,245.99417114257812,46.06785583496094,84.70194244384766,168.40342712402344,125.08087158203125,281.90020751953125,51.328773498535156,135.3699951171875,46.4719352722168,364.7286376953125,207.49371337890625,349.70904541015625,66.82913208007812,266.46942138671875,147.3977813720703,20.627153396606445,127.29176330566406,118.84077453613281,15.824278831481934,219.86000061035156,230.8068084716797,40.66522979736328,43.76249313354492,51.06397247314453
2021-07-07,140.91990661621094,96.10433197021484,605.77001953125,184.82899475097656,35.169281005859375,382.78662109375,244.2149200439453,46.311309814453125,83.83854675292969,167.55990600585938,125.36238861083984,285.6263732910156,51.20980453491211,135.52879333496094,46.851444244384766,362.5952453613281,209.16969299316406,347.43890380859375,67.21415710449219,268.6479187011719,147.44384765625,20.301530838012695,127.8550796508789,119.73220825195312,15.775202751159668,214.88333129882812,231.19212341308594,40.75172805786133,43.6905632019043,50.26519012451172
2021-07-08,139.62350463867188,95.77506256103516,605.9500122070312,186.57049560546875,34.31105422973633,385.1230163574219,241.61985778808594,46.311309814453125,83.56976318359375,167.54052734375,123.94493865966797,281.2644958496094,50.68819046020508,133.1904296875,46.687564849853516,359.401123046875,207.57395935058594,342.64105224609375,66.83769226074219,266.23907470703125,147.8765411376953,19.834144592285156,127.9148178100586,119.71470642089844,15.740836143493652,217.60333251953125,227.9265594482422,40.58989715576172,43.65304183959961,50.040531158447266
2021-07-09,141.44625854492188,95.9643783569336,604.5,185.9669952392578,35.42586135864258,390.0605163574219,240.8924102783203,46.728702545166016,84.7671127319336,171.65147399902344,124.415283203125,284.3990478515625,51.23725891113281,137.45245361328125,46.972198486328125,362.07098388671875,210.10577392578125,347.36956787109375,66.7264633178711,266.73809814453125,148.21713256835938,19.981138229370117,127.59048461914062,119.75843811035156,15.891654968261719,218.98333740234375,229.71824645996094,40.87419891357422,43.87507629394531,50.947486877441406
2021-07-12,140.8516387939453,96.82869720458984,600.2000122070312,185.92750549316406,35.947872161865234,385.8134765625,238.77902221679688,46.28524398803711,84.93814849853516,178.76808166503906,125.85948181152344,284.08990478515625,51.914432525634766,139.42022705078125,46.98945236206055,364.6146240234375,210.04336547851562,350.0857238769531,66.35001373291016,266.14312744140625,148.97203063964844,20.441795349121094,127.61608123779297,119.85454559326172,15.90841007232666,228.56666564941406,229.14022827148438,40.93252182006836,43.79689407348633,50.897552490234375
2021-07-13,141.9628448486328,97.0592041015625,605.010009765625,183.8679962158203,35.266597747802734,385.0378723144531,239.87014770507812,46.363494873046875,84.65306854248047,178.06027221679688,126.22225189208984,279.94879150390625,52.04255676269531,137.34654235839844,47.4552001953125,372.5270690917969,210.54258728027344,349.0249938964844,66.40135192871094,269.6556091308594,148.76028442382812,20.180198669433594,130.5608673095703,119.70597839355469,15.791112899780273,222.84666442871094,233.4558868408203,40.88877868652344,43.9626350402832,50.65625762939453
2021-07-14,145.38424682617188,97.6834487915039,608.8300170898438,184.08399963378906,34.38184356689453,387.77154541015625,238.30715942382812,47.033042907714844,83.05661010742188,177.83726501464844,127.1098861694336,281.864990234375,51.72227096557617,136.87889099121094,48.524715423583984,379.4104309082031,211.39842224121094,344.60382080078125,66.40990447998047,271.1239318847656,148.71426391601562,19.77310562133789,131.9094696044922,120.58867645263672,15.78552532196045,217.7933349609375,236.9623260498047,41.05644607543945,44.2659797668457,49.53296661376953
2021-07-15,144.7311553955078,97.53363037109375,606.1699829101562,181.55999755859375,34.35529708862305,389.5403747558594,233.5396728515625,46.65044021606445,82.51087951660156,178.54505920410156,125.88871002197266,284.946533203125,51.072532653808594,137.17889404296875,48.67995834350586,378.8570861816406,211.17555236816406,341.4614562988281,66.64945983886719,269.70361328125,148.8523406982422,18.900875091552734,132.51548767089844,121.6199722290039,15.880485534667969,216.86666870117188,239.42837524414062,41.22410583496094,44.30038833618164,49.05036544799805
2021-07-16,142.69393920898438,97.79997253417969,606.0999755859375,178.68150329589844,33.550167083740234,388.1687316894531,234.37518310546875,46.69392395019531,80.32794952392578,173.8523712158203,125.85401153564453,283.9133605957031,50.3038444519043,134.04637145996094,48.64545822143555,375.83770751953125,209.2766876220703,338.1901550292969,66.75211334228516,269.43487548828125,147.15841674804688,18.09840202331543,133.0020751953125,122.79976654052734,15.830211639404297,214.74000549316406,239.01409912109375,41.15849685668945,44.269107818603516,47.694091796875
2021-07-19,138.85337829589844,96.06871795654297,602.0499877929688,177.47950744628906,32.67424774169922,391.74432373046875,233.5101776123047,46.13741683959961,78.16134643554688,167.68594360351562,123.48306274414062,281.5557861328125,50.00185012817383,129.68728637695312,48.06758499145508,354.79925537109375,204.3824005126953,334.0168762207031,65.9222412109375,265.8456115722656,145.3356170654297,18.71502113342285,132.9849853515625,122.7386474609375,15.522992134094238,215.4066619873047,231.58709716796875,40.7065315246582,44.16590118408203,46.054927825927734
2021-07-20,142.45999145507812,96.59307098388672,608.719970703125,178.6595001220703,33.3466682434082,393.7211608886719,236.02664184570312,46.58957290649414,78.62561798095703,171.3702850341797,125.10021209716797,287.2774963378906,50.55092239379883,132.10507202148438,48.15383529663086,363.47869873046875,208.8487548828125,338.685791015625,65.16930389404297,268.0625,147.0571746826172,18.5478458404541,133.0020751953125,122.08316802978516,15.5900239944458,220.1666717529297,233.7930450439453,40.51700210571289,44.36604690551758,46.5624885559082
2021-07-21,141.72891235351562,97.37548828125,612.260009765625,179.25999450683594,34.0279426574707,392.5577392578125,237.99258422851562,46.850433349609375,81.30538177490234,171.5060272216797,126.42794036865234,288.16937255859375,51.45688247680664,134.88462829589844,48.774837493896484,368.9834899902344,210.32861328125,343.2160339355469,65.35752868652344,270.0586853027344,148.290771484375,19.343093872070312,132.50697326660156,121.65491485595703,15.584434509277344,218.42999267578125,234.7177734375,40.786720275878906,44.14714431762695,48.060211181640625
2021-07-22,143.09356689453125,97.83325958251953,623.6799926757812,181.90150451660156,33.58556365966797,394.9508972167969,244.05767822265625,47.4243278503418,80.49087524414062,169.79959106445312,127.29275512695312,288.43426513671875,51.20980453491211,133.18157958984375,48.70583724975586,371.0222473144531,212.7712860107422,348.1328430175781,65.47732543945312,274.60760498046875,150.684326171875,19.526460647583008,132.46429443359375,121.1888198852539,15.645881652832031,216.4199981689453,235.18019104003906,40.786720275878906,44.17841720581055,47.51936721801758
2021-07-23,144.8091583251953,98.37429809570312,625.8699951171875,182.83200073242188,33.35552215576172,400.5221862792969,244.0281982421875,48.02430725097656,80.52344512939453,170.7788543701172,131.84588623046875,293.8910217285156,48.50105667114258,132.92575073242188,49.17158126831055,381.79876708984375,216.59580993652344,366.5709228515625,66.34146881103516,277.9953918457031,153.1515350341797,19.49058723449707,134.16290283203125,122.93893432617188,15.72408676147461,214.4600067138672,239.881103515625,40.73569107055664,44.541168212890625,47.461124420166016
2021-07-26,145.22828674316406,98.04134368896484,620.7999877929688,184.99099731445312,33.7359619140625,400.3330383300781,243.38922119140625,48.23299026489258,82.22579956054688,173.2997283935547,132.85691833496094,292.42529296875,49.699867248535156,133.81692504882812,49.214717864990234,381.3521728515625,217.50511169433594,369.2176208496094,66.08478546142578,277.4002990722656,151.9823760986328,19.227497100830078,134.0690155029297,123.369873046875,15.740836143493652,219.2066650390625,241.06593322753906,40.66279602050781,44.60371780395508,48.6592903137207
2021-07-27,143.06434631347656,98.1828384399414,618.280029296875,181.3195037841797,33.60325622558594,401.3830261230469,239.36880493164062,48.06778335571289,81.9488754272461,174.03659057617188,130.74069213867188,288.9640197753906,48.66579055786133,133.64044189453125,49.38721466064453,378.8959045410156,219.6179656982422,364.6081237792969,66.60667419433594,274.99151611328125,151.50367736816406,19.14179039001465,134.81161499023438,123.87117767333984,15.752013206481934,214.92666625976562,241.720947265625,40.96896743774414,44.606849670410156,48.11846160888672
2021-07-28,141.31954956054688,98.6739273071289,620.9199829101562,181.51600646972656,33.7359619140625,399.3775939941406,239.8111572265625,47.62432098388672,82.41313171386719,173.64877319335938,134.89781188964844,287.4277038574219,48.565128326416016,133.86105346679688,48.938716888427734,372.2649841308594,215.5438232421875,370.03057861328125,67.01736450195312,274.6844787597656,152.32302856445312,19.435771942138672,133.57391357421875,122.0330810546875,15.645881652832031,215.66000366210938,237.87744140625,40.619056701660156,44.42546081542969,48.442962646484375
2021-07-29,141.9628448486328,98.94029235839844,621.7000122070312,179.99600219726562,34.222591400146484,403.0262756347656,239.88978576660156,47.88518142700195,83.54532623291016,172.92161560058594,134.5841064453125,289.1141357421875,49.14164352416992,135.0081787109375,49.20608901977539,377.4784240722656,217.54075622558594,355.20074462890625,65.81954193115234,274.95306396484375,153.73153686523438,19.59422492980957,133.84706115722656,122.66630554199219,15.802281379699707,225.78334045410156,238.82147216796875,40.8085823059082,44.48175811767578,49.03373336791992
2021-07-30,142.1773223876953,96.80116271972656,621.6300048828125,166.37950134277344,33.93946838378906,407.2339172363281,237.81565856933594,48.14603042602539,82.92630004882812,170.66249084472656,133.5423583984375,289.78521728515625,49.15994644165039,133.931640625,49.188846588134766,374.692138671875,216.37294006347656,353.1983642578125,65.76823425292969,273.4271545410156,154.2102508544922,19.43178939819336,133.96656799316406,125.08480072021484,15.668221473693848,229.06666564941406,237.3475799560547,40.66279602050781,44.578704833984375,47.90211486816406
2021-08-02,141.84588623046875,96.09366607666016,618.75,166.57400512695312,33.58556365966797,406.4757385253906,236.7638702392578,48.215606689453125,82.7796859741211,170.20681762695312,133.66925048828125,288.9287414550781,49.12334442138672,133.39341735839844,49.059471130371094,364.32330322265625,214.04612731933594,348.88629150390625,65.17786407470703,273.3408508300781,155.35179138183594,19.681922912597656,133.42884826660156,124.77699279785156,15.70173454284668,236.55667114257812,230.98016357421875,40.64821243286133,44.47549819946289,47.91043472290039
2021-08-03,143.6394500732422,96.75955200195312,621.280029296875,168.31199645996094,34.10757064819336,412.3039245605469,237.029296875,48.911231994628906,83.56976318359375,167.72476196289062,134.4379119873047,293.0964050292969,49.471092224121094,134.91111755371094,49.09396743774414,356.8865966796875,211.2379608154297,348.18243408203125,65.37464904785156,275.54803466796875,157.6348876953125,19.7466983795166,133.72756958007812,126.59746551513672,15.746423721313477,236.5800018310547,228.388916015625,40.62635040283203,44.97584915161133,48.42631912231445
2021-08-04,143.23980712890625,95.78571319580078,625.6799926757812,167.73599243164062,33.85982894897461,412.2755126953125,240.01756286621094,48.42428970336914,81.69636535644531,167.32720947265625,133.93783569335938,291.6570739746094,49.324676513671875,133.45510864257812,48.3867073059082,357.2846984863281,209.3480224609375,355.79559326171875,64.57897186279297,274.962646484375,158.26095581054688,20.204118728637695,131.4912567138672,125.26066589355469,15.556507110595703,236.97332763671875,227.9842987060547,40.36390686035156,44.66938781738281,47.294708251953125
2021-08-05,143.34703063964844,95.81900787353516,632.0800170898438,168.79949951171875,34.52341079711914,419.9990234375,246.2989044189453,48.48515701293945,82.45384979248047,171.33151245117188,135.05393981933594,294.12945556640625,49.635986328125,135.14053344726562,48.73171615600586,361.1000671386719,210.76547241210938,359.810302734375,64.67306518554688,277.8514404296875,160.04690551757812,20.56586456298828,131.71316528320312,125.32222747802734,15.606782913208008,238.2100067138672,231.39442443847656,40.31288146972656,45.498104095458984,47.59425354003906
2021-08-06,142.66366577148438,95.26134490966797,631.3800048828125,167.2469940185547,35.523193359375,416.6253356933594,246.32839965820312,48.33733367919922,83.0403060913086,171.7387237548828,134.54544067382812,291.2421569824219,49.663612365722656,138.97898864746094,48.85247039794922,363.6146240234375,210.62281799316406,360.3455810546875,64.54473876953125,277.79376220703125,159.0802459716797,20.29579734802246,131.7302703857422,124.3636245727539,15.617950439453125,233.03334045410156,232.54071044921875,40.25456237792969,45.41679763793945,48.14341354370117
2021-08-09,142.6148681640625,94.93673706054688,629.219970703125,167.093505859375,35.98326110839844,417.4214172363281,245.0800018310547,48.23299026489258,81.65564727783203,171.34120178222656,135.7096405029297,290.2886047363281,49.783355712890625,138.8289794921875,48.861087799072266,359.8768615722656,209.21424865722656,358.46209716796875,64.44208526611328,276.7093811035156,158.1320343017578,20.22504425048828,131.74734497070312,125.04080963134766,15.556507110595703,237.9199981689453,231.19212341308594,40.181663513183594,45.5262565612793,47.59425354003906
2021-08-10,142.1365509033203,95.56930541992188,621.739990234375,166.03399658203125,36.65567398071289,419.8473815917969,239.25083923339844,48.354736328125,83.14620971679688,171.68057250976562,135.60458374023438,292.6902770996094,49.682029724121094,140.53201293945312,48.99045944213867,357.11956787109375,208.11770629882812,357.986328125,64.33084106445312,274.89556884765625,158.5923309326172,19.867284774780273,131.8155975341797,125.12001037597656,15.690567016601562,236.663330078125,229.33294677734375,40.444095611572266,46.49569320678711,48.409671783447266
2021-08-11,142.39036560058594,94.65373992919922,626.030029296875,164.60549926757812,37.11576843261719,421.0508728027344,238.1597137451172,48.572113037109375,83.77339172363281,172.66949462890625,135.08120727539062,297.564208984375,49.86624526977539,142.20858764648438,48.93008804321289,353.6245422363281,209.98983764648438,356.82647705078125,64.34797668457031,275.38494873046875,157.67172241210938,19.631099700927734,132.3362579345703,125.42778015136719,15.729667663574219,235.94000244140625,226.4333953857422,40.509700775146484,46.91162109375,48.551124572753906
2021-08-12,145.3482666015625,96.2518310546875,634.3499755859375,165.1750030517578,37.2927131652832,422.05548095703125,244.16578674316406,49.0329704284668,83.60234069824219,173.83297729492188,135.98818969726562,294.9329833984375,49.31361770629883,142.76451110839844,49.024967193603516,351.4303894042969,210.98831176757812,359.4930725097656,65.05809783935547,278.1297912597656,157.09173583984375,19.836387634277344,132.3618927001953,125.71798706054688,15.65146255493164,240.75,223.58779907226562,40.56074523925781,46.78606414794922,48.441322326660156
2021-08-13,145.55325317382812,96.95098114013672,637.3099975585938,164.69850158691406,36.83263397216797,424.3868103027344,247.2819061279297,49.10251998901367,83.04847717285156,175.56851196289062,136.51695251464844,292.5489807128906,49.26756286621094,141.16737365722656,49.3613395690918,352.1779479980469,212.905029296875,360.01849365234375,65.63987731933594,281.0472106933594,158.05838012695312,20.118410110473633,133.59957885742188,126.32484436035156,15.746423721313477,239.05667114257812,224.4173583984375,40.728397369384766,46.933589935302734,47.951419830322266
2021-08-16,147.5251922607422,98.55741119384766,636.9400024414062,164.94949340820312,36.53181076049805,429.1629943847656,244.96202087402344,48.93731689453125,82.20137023925781,173.63906860351562,137.0938262939453,295.8424377441406,49.249141693115234,140.2408447265625,49.57696533203125,352.96429443359375,214.8217315673828,363.3690490722656,66.67512512207031,282.7266845703125,158.67515563964844,19.8812313079834,134.90553283691406,127.20429992675781,15.752013206481934,228.72332763671875,227.03147888183594,40.8085823059082,47.3165168762207,47.25035095214844
2021-08-17,146.61732482910156,99.59784698486328,635.010009765625,162.09800720214844,36.354862213134766,428.6702880859375,242.7896270751953,48.70254135131836,82.0466079711914,170.47830200195312,135.4603271484375,283.21588134765625,48.53071212768555,138.54661560058594,49.40446853637695,352.6439514160156,214.2065887451172,355.32965087890625,67.44514465332031,281.267822265625,157.11016845703125,19.390926361083984,134.77745056152344,127.41535186767578,15.746423721313477,221.90333557128906,226.23081970214844,40.95438766479492,47.30081558227539,46.92938995361328
2021-08-18,142.87840270996094,97.62518310546875,626.77001953125,160.06100463867188,36.089439392089844,422.8609619140625,246.94766235351562,47.954750061035156,79.82600402832031,169.42149353027344,134.25851440429688,283.9222106933594,48.0701789855957,137.28477478027344,48.73171615600586,350.4304504394531,212.24533081054688,352.35577392578125,66.55536651611328,279.5467834472656,155.4070281982422,18.974369049072266,133.3946533203125,126.02581787109375,15.545332908630371,229.663330078125,223.4334716796875,40.436798095703125,46.79861831665039,45.94112777709961
2021-08-19,143.21034240722656,98.15787506103516,637.6599731445312,159.3874969482422,35.55857849121094,430.48980712890625,248.7662353515625,49.798152923583984,77.83656311035156,167.97682189941406,134.4874725341797,285.1142578125,48.300445556640625,136.13768005371094,49.04221725463867,346.896484375,211.4875946044922,352.02862548828125,67.12857818603516,285.3544616699219,152.4426727294922,19.729759216308594,135.63955688476562,127.51211547851562,15.37775993347168,224.49000549316406,223.3755645751953,40.36390686035156,47.11563491821289,44.53899383544922
2021-08-20,144.66488647460938,98.8986587524414,647.3400268554688,159.99749755859375,35.71782302856445,434.9722900390625,251.77418518066406,50.624210357666016,77.84477996826172,169.78988647460938,136.2216033935547,290.7123718261719,47.904396057128906,136.5259246826172,48.85247039794922,344.6440734863281,212.6108856201172,356.24163818359375,67.31683349609375,292.6524353027344,154.46800231933594,20.74425506591797,135.1615447998047,127.6000747680664,15.400100708007812,226.75332641601562,223.1730194091797,40.47324752807617,47.536224365234375,44.54744338989258
2021-08-23,146.1487274169922,99.34812927246094,656.8599853515625,163.2935028076172,36.195613861083984,431.1246643066406,256.08953857421875,50.902462005615234,79.85077667236328,172.25262451171875,138.81065368652344,289.3878173828125,49.028079986572266,138.27308654785156,48.67995834350586,350.4887390136719,213.6538848876953,360.18701171875,67.06013488769531,292.9313049316406,156.24481201171875,21.88231086730957,134.73480224609375,126.94925689697266,15.372171401977539,235.43333435058594,225.85462951660156,40.400352478027344,47.22235107421875,46.380348205566406
2021-08-24,146.06089782714844,99.61448669433594,657.239990234375,165.28900146484375,36.69991683959961,428.1490478515625,255.2441864013672,51.58069610595703,80.76708984375,173.03793334960938,140.01988220214844,286.88018798828125,49.56230163574219,139.12899780273438,48.30908203125,351.2361755371094,212.55734252929688,362.3282470703125,66.4954605102539,290.97943115234375,156.48414611816406,21.717880249023438,133.06179809570312,125.9202880859375,15.3330717086792,236.163330078125,225.9510955810547,40.10147476196289,46.73584747314453,46.760459899902344
2021-08-25,144.83084106445312,100.21377563476562,656.7999877929688,164.95899963378906,37.2927131652832,427.6182861328125,256.4139099121094,51.60678482055664,81.3201675415039,172.8828125,140.83021545410156,285.97955322265625,49.56230163574219,141.996826171875,48.3608283996582,348.63433837890625,212.9139404296875,365.1831359863281,65.9393310546875,290.39288330078125,156.355224609375,22.13643455505371,132.4728240966797,125.47173309326172,15.321903228759766,237.06666564941406,224.3594970703125,40.04315948486328,46.75468444824219,46.84491729736328
2021-08-26,144.03042602539062,100.21377563476562,652.3900146484375,165.8000030517578,37.19538497924805,425.7987976074219,263.23590087890625,51.476348876953125,80.2552719116211,171.18606567382812,140.19735717773438,283.8604431152344,48.93598175048828,142.7292022705078,47.903709411621094,342.57611083984375,211.2379608154297,361.2080383300781,65.51152038574219,287.5852355957031,153.6670684814453,21.991931915283203,131.986328125,125.25188446044922,15.092881202697754,233.72000122070312,222.3627166748047,39.80258560180664,46.24934005737305,46.211421966552734
2021-08-27,145.065185546875,99.53125,658.52001953125,167.48150634765625,37.59353256225586,426.7749328613281,261.997314453125,51.3198356628418,81.42748260498047,174.65711975097656,142.7383270263672,285.5380859375,49.635986328125,143.87635803222656,47.99858093261719,345.36248779296875,211.71041870117188,369.3861999511719,65.2805404663086,288.19091796875,154.5292510986328,22.557973861694336,132.2509002685547,125.15513610839844,15.154328346252441,237.30667114257812,224.45594787597656,39.926517486572266,45.98881912231445,47.10675811767578
2021-08-30,149.4776153564453,100.35527038574219,665.989990234375,171.07850646972656,36.85917663574219,432.0723571777344,260.4638671875,51.41547775268555,81.22109985351562,174.501953125,143.3196563720703,288.82281494140625,49.682029724121094,141.5732879638672,48.45571517944336,342.7605895996094,210.91700744628906,377.3463134765625,65.45166015625,291.912109375,154.94424438476562,22.609792709350586,133.15565490722656,125.70040130615234,15.210183143615723,243.6366729736328,223.047607421875,39.926517486572266,46.35919952392578,46.59152603149414
2021-08-31,148.2183074951172,100.53004455566406,663.7000122070312,173.5395050048828,36.938812255859375,431.6553649902344,260.75872802734375,51.3198356628418,79.88378143310547,175.78179931640625,143.42568969726562,288.0103759765625,49.79256057739258,141.14089965820312,48.56783676147461,336.139404296875,212.85317993164062,376.0774841308594,65.2719955444336,290.2678527832031,151.9104461669922,22.3117733001709,133.48858642578125,125.22552490234375,15.316319465637207,245.24000549316406,220.99302673339844,40.094181060791016,46.48474884033203,46.050933837890625
2021-09-01,148.8821258544922,93.44683837890625,665.8900146484375,173.9499969482422,36.44334411621094,432.6314392089844,263.75689697265625,51.33722686767578,79.00875091552734,177.8954315185547,143.93919372558594,287.22052001953125,49.433353424072266,140.93795776367188,48.895591735839844,339.3820495605469,213.47166442871094,378.7241516113281,65.17786407470703,290.2198181152344,151.74447631835938,22.367591857910156,134.78602600097656,126.50066375732422,15.187847137451172,244.69667053222656,221.97689819335938,40.050445556640625,46.384307861328125,45.41743850708008
2021-09-02,149.99502563476562,93.23873901367188,664.6400146484375,173.156005859375,36.47891616821289,436.8486022949219,259.6578063964844,51.763301849365234,80.65975952148438,176.3247528076172,142.02761840820312,290.8591613769531,49.488616943359375,141.59092712402344,48.96459197998047,331.3337097167969,215.01344299316406,372.0131530761719,65.98211669921875,289.56591796875,150.9237823486328,22.322738647460938,134.88485717773438,126.59746551513672,15.439205169677734,244.1300048828125,216.2470703125,40.305599212646484,46.62913131713867,46.52394485473633
2021-09-03,150.62954711914062,92.90580749511719,666.5900268554688,173.90249633789062,36.50558853149414,438.3459777832031,262.5379333496094,51.66765213012695,80.47815704345703,175.49090576171875,142.4761199951172,293.1665344238281,49.285980224609375,140.73501586914062,48.93008804321289,330.3142395019531,214.072265625,372.9845886230469,66.10189819335938,289.5563659667969,150.57337951660156,22.76827621459961,135.005126953125,126.68540954589844,15.394515037536621,244.52333068847656,217.14419555664062,40.407649993896484,46.845699310302734,46.3465690612793
2021-09-07,152.9626922607422,90.75006103515625,661.3900146484375,175.46449279785156,36.745704650878906,435.5503234863281,260.6997985839844,51.198097229003906,80.12318420410156,178.72926330566406,143.0123748779297,291.9330139160156,49.41493225097656,140.4879150390625,48.015830993652344,334.6636962890625,211.7147979736328,378.8530578613281,65.00675201416016,288.63323974609375,149.9739990234375,22.58786964416504,132.80508422851562,126.21048736572266,15.316319465637207,250.97332763671875,218.26309204101562,39.96296691894531,46.22422409057617,46.07627487182617
2021-09-08,151.4203338623047,91.8570785522461,663.219970703125,176.27499389648438,36.265480041503906,441.33111572265625,258.1538391113281,51.02418518066406,79.5700912475586,179.51463317871094,142.4280548095703,294.2670593261719,49.341243743896484,139.8614044189453,48.66271209716797,340.8092346191406,213.8929901123047,374.283203125,64.47630310058594,288.662109375,148.19427490234375,22.265920639038086,134.68719482421875,127.16911315917969,15.416865348815918,251.2899932861328,220.98338317871094,40.02857208251953,46.283870697021484,45.65393829345703
2021-09-09,150.40504455566406,89.2851333618164,661.6799926757812,174.20799255371094,36.398868560791016,441.5585021972656,256.3057861328125,50.954620361328125,79.24813842773438,180.25149536132812,142.27935791015625,294.4356384277344,49.18466567993164,140.47027587890625,48.17970657348633,341.16839599609375,213.88400268554688,374.7094421386719,63.15871047973633,285.8159484863281,150.61947631835938,22.104454040527344,133.8363494873047,126.63265228271484,15.316319465637207,251.6199951171875,219.43997192382812,39.68595886230469,45.95743942260742,45.6877326965332
2021-09-10,145.42636108398438,88.79405212402344,658.9400024414062,173.45750427246094,35.81194305419922,440.8194580078125,252.82598876953125,50.3372688293457,79.30593872070312,178.51596069335938,139.63778686523438,294.59539794921875,49.58993148803711,138.85546875,47.964080810546875,337.2655944824219,214.39491271972656,375.39349365234375,62.84214401245117,284.335205078125,150.84996032714844,22.404468536376953,133.60427856445312,126.75577545166016,15.182257652282715,245.42333984375,216.95126342773438,39.53287124633789,45.79108810424805,45.594825744628906
2021-09-13,145.99253845214844,89.45993041992188,645.1500244140625,172.85850524902344,36.40776824951172,435.6072082519531,249.78854370117188,50.51986312866211,80.87439727783203,179.34979248046875,141.0814971923828,297.7015686035156,50.64915084838867,141.06149291992188,48.3608283996582,337.68304443359375,216.21456909179688,373.2324523925781,62.61114501953125,285.5659484863281,147.0969696044922,22.079538345336914,133.86209106445312,128.11888122558594,15.372171401977539,247.6666717529297,216.68118286132812,39.817169189453125,45.53057098388672,46.768898010253906
2021-09-14,144.59652709960938,88.62759399414062,645.010009765625,172.5,35.429542541503906,434.422607421875,250.04412841796875,50.31987380981445,79.41324615478516,176.8483123779297,141.2916259765625,295.6337585449219,50.216251373291016,138.59959411621094,48.395591735839844,335.7219543457031,216.1428680419922,373.2522888183594,62.24858856201172,288.2583312988281,146.3961639404297,22.16924476623535,133.33790588378906,127.89903259277344,15.26604175567627,248.163330078125,215.13775634765625,39.66407775878906,45.29202651977539,46.10160827636719
2021-09-15,145.4849395751953,89.7012939453125,661.0800170898438,173.7895050048828,35.69633483886719,436.6212463378906,251.8036651611328,50.050315856933594,81.09727478027344,178.7971649169922,143.1600799560547,295.85565185546875,50.768882751464844,139.5614013671875,48.56071472167969,334.7025451660156,216.00839233398438,370.6650085449219,62.85283660888672,293.0947570800781,145.6123504638672,22.267915725708008,134.08558654785156,127.62643432617188,15.400100708007812,251.94332885742188,215.89019775390625,39.78071594238281,45.37049102783203,47.65578842163086
2021-09-16,145.25064086914062,89.95933532714844,665.1099853515625,174.41200256347656,35.97201919555664,439.06622314453125,255.93222045898438,49.85032653808594,80.33782196044922,177.7596893310547,142.34776306152344,298.5357971191406,50.50178909301758,139.49961853027344,48.10012435913086,336.2170715332031,218.00730895996094,369.8124694824219,62.12772750854492,293.47943115234375,145.3264923095703,22.16924476623535,133.69024658203125,126.7381820678711,15.416865348815918,252.3300018310547,216.39181518554688,39.67866134643555,45.521148681640625,47.14899444580078
2021-09-17,142.58558654785156,89.66802215576172,654.47998046875,173.12600708007812,36.0164680480957,435.46514892578125,256.0993347167969,49.43294906616211,79.87552642822266,177.88575744628906,139.5624542236328,297.8968200683594,49.976776123046875,139.13783264160156,47.309322357177734,333.04241943359375,217.36195373535156,361.5450744628906,61.87738037109375,288.33514404296875,144.23838806152344,21.82836151123047,132.46128845214844,126.9404296875,15.37775993347168,253.163330078125,213.90309143066406,39.569313049316406,45.4269905090332,46.59152603149414
2021-09-20,139.53981018066406,88.56099700927734,641.2899780273438,167.7864990234375,34.78035354614258,427.5330505371094,253.82862854003906,48.59819793701172,78.24103546142578,173.1736602783203,137.500244140625,293.9386901855469,48.797813415527344,134.97283935546875,46.979095458984375,329.7900085449219,214.31427001953125,352.6036071777344,62.093177795410156,282.97943115234375,142.2373809814453,21.04393196105957,132.014404296875,125.66523742675781,15.199013710021973,243.38999938964844,212.2632293701172,39.55474090576172,44.80238723754883,45.34986114501953
2021-09-21,140.01812744140625,89.18525695800781,645.8900146484375,167.18150329589844,34.79814529418945,428.4522705078125,253.5828857421875,48.050392150878906,78.298828125,165.9601287841797,137.81101989746094,296.61004638671875,48.696502685546875,134.99050903320312,46.970401763916016,327.5473327636719,215.5781707763672,354.36810302734375,62.12772750854492,283.4601745605469,142.94744873046875,21.17650032043457,131.95420837402344,125.85869598388672,15.059367179870605,246.4600067138672,212.3789825439453,39.38706588745117,44.89026641845703,45.30763626098633
2021-09-22,142.38059997558594,88.56932067871094,626.0800170898438,169.00250244140625,35.69633483886719,428.66070556640625,254.76246643066406,48.27647399902344,80.60198974609375,168.36463928222656,139.0504913330078,298.12750244140625,49.27676773071289,137.57598876953125,47.039920806884766,333.4015808105469,217.9356231689453,340.2223205566406,62.188140869140625,287.0947265625,145.178955078125,21.869224548339844,132.35816955566406,126.28962707519531,15.087297439575195,250.64666748046875,214.86769104003906,39.40894317626953,44.78668975830078,46.63375473022461
2021-09-23,143.3372344970703,89.36005401611328,630.8400268554688,170.8000030517578,37.07473373413086,429.08721923828125,273.1346130371094,49.293819427490234,82.59969329833984,170.885498046875,139.97483825683594,298.10986328125,49.764923095703125,142.22625732421875,46.96171951293945,343.7508850097656,219.41465759277344,342.9483337402344,63.06003189086914,288.03717041015625,147.1522979736328,22.408456802368164,132.46128845214844,126.80854797363281,15.187847137451172,251.2133331298828,220.23097229003906,39.67137145996094,44.81179428100586,48.2132682800293
2021-09-24,143.42514038085938,89.11865997314453,622.7100219726562,171.2760009765625,37.474910736083984,443.2738952636719,280.77252197265625,49.32859802246094,83.04547119140625,170.6431121826172,140.9650421142578,299.5119934082031,49.93993377685547,143.86753845214844,46.831356048583984,347.72174072265625,220.88470458984375,349.8874206542969,63.54344177246094,287.8351745605469,137.94027709960938,22.008769989013672,132.5214385986328,126.24568176269531,15.154328346252441,258.1300048828125,223.39488220214844,39.63492202758789,44.937347412109375,48.644046783447266
2021-09-27,141.9119873046875,89.6596908569336,603.6500244140625,170.2899932861328,38.47093963623047,436.4600830078125,274.9236755371094,48.88514709472656,85.00190734863281,172.8343505859375,139.8320770263672,302.9908752441406,50.3452033996582,147.3441925048828,46.588043212890625,346.37213134765625,222.3995819091797,350.50201416015625,63.32763671875,282.8544921875,136.510986328125,21.58914566040039,131.24952697753906,124.58348083496094,15.305145263671875,263.78668212890625,221.47531127929688,39.70782470703125,44.648590087890625,50.08840560913086
2021-09-28,138.5343017578125,89.34339904785156,578.77001953125,165.79800415039062,38.38200378417969,423.9413146972656,267.64959716796875,48.27647399902344,85.32383728027344,169.20816040039062,134.6361541748047,296.2372131347656,49.737300872802734,146.550048828125,45.74509048461914,340.9451904296875,218.50933837890625,337.6845703125,63.293094635009766,272.6141052246094,133.98435974121094,20.631290435791016,129.8142852783203,123.64250183105469,15.215773582458496,259.1866760253906,217.57826232910156,39.481834411621094,44.09931182861328,50.61210250854492
2021-09-29,139.4324188232422,90.59190368652344,577.7000122070312,165.05599975585938,38.30196762084961,428.1490478515625,265.8998107910156,48.24169158935547,85.299072265625,167.42416381835938,133.17262268066406,299.0150451660156,49.26756286621094,146.43533325195312,46.02316665649414,342.8965759277344,218.96646118164062,336.6536560058594,64.821044921875,273.07562255859375,134.64830017089844,20.44988250732422,130.8885498046875,124.90009307861328,15.305145263671875,260.4366760253906,218.6586151123047,39.6422119140625,44.080474853515625,50.57831954956055
2021-09-30,138.13404846191406,89.78453826904297,575.719970703125,164.2519989013672,37.75060272216797,425.836669921875,266.60760498046875,47.32868194580078,83.74712371826172,164.02099609375,132.50108337402344,291.32073974609375,49.07413864135742,144.4410858154297,45.597354888916016,337.5472106933594,216.1249542236328,336.43560791015625,64.83831787109375,271.0757141113281,133.91983032226562,20.648229598999023,129.26426696777344,122.94772338867188,15.087297439575195,258.49334716796875,214.86769104003906,39.372493743896484,43.747772216796875,49.68297576904297
2021-10-01,139.25669860839844,90.79999542236328,577.469970703125,164.16299438476562,38.310855865478516,424.8700256347656,270.5788269042969,47.946041107177734,86.12458038330078,170.65280151367188,135.34288024902344,292.7405700683594,49.60835266113281,147.47657775878906,46.0753173828125,349.68292236328125,217.75631713867188,340.0240783691406,70.26811981201172,277.9795227050781,135.6073455810547,20.674148559570312,129.7283172607422,122.75421905517578,15.17108154296875,258.40667724609375,222.30487060546875,39.58389663696289,43.01643753051758,51.46521759033203
2021-10-04,135.8302001953125,90.50035095214844,558.489990234375,159.48899841308594,38.54207229614258,417.10858154296875,266.2536315917969,47.47332763671875,86.446533203125,168.18045043945312,132.4847412109375,289.73211669921875,49.249141693115234,147.31771850585938,46.04924774169922,334.1685485839844,217.89080810546875,323.39013671875,71.73563385009766,272.2199401855469,135.6810760498047,19.667451858520508,129.0837860107422,122.05946350097656,15.221357345581055,260.510009765625,216.77764892578125,39.72969055175781,42.60212707519531,52.13249206542969
2021-10-05,137.75332641601562,91.14958190917969,566.7000122070312,161.0500030517578,39.32466125488281,422.8893737792969,267.14825439453125,47.87601089477539,87.38760375976562,169.29544067382812,134.8274688720703,292.4033508300781,49.691246032714844,149.72348022460938,46.12746047973633,333.2074279785156,219.80908203125,330.0614929199219,70.44076538085938,277.652587890625,137.82041931152344,20.38409996032715,129.84864807128906,122.53437805175781,15.277215003967285,260.1966552734375,216.3435516357422,39.73698043823242,42.881473541259766,52.04802703857422
2021-10-06,138.62216186523438,90.99143981933594,570.3099975585938,163.10049438476562,39.34244155883789,425.8272399902344,270.5886535644531,47.219459533691406,86.61988830566406,170.13894653320312,136.35589599609375,293.1842956542969,49.71887969970703,150.04307556152344,46.67493438720703,338.5277099609375,221.49423217773438,330.73565673828125,69.62931823730469,281.835205078125,137.21185302734375,20.63228988647461,133.17459106445312,124.17015838623047,15.254870414733887,260.9166564941406,218.49465942382812,39.75156784057617,43.195350646972656,51.093563079833984
2021-10-07,139.8814697265625,92.28156280517578,578.9600219726562,165.1215057373047,39.2357177734375,429.1724853515625,269.9104309082031,48.16489791870117,87.23902130126953,172.30108642578125,138.00132751464844,299.503173828125,49.90309143066406,150.99288940429688,46.82267379760742,344.0296630859375,222.58782958984375,326.35406494140625,70.73426055908203,283.50830078125,140.02430725097656,21.006057739257812,134.403564453125,125.16393280029297,15.523327827453613,264.53668212890625,222.3916778564453,39.75893783569336,43.703826904296875,51.237152099609375
2021-10-08,139.5007781982422,92.53959655761719,576.8599853515625,164.43099975585938,39.431365966796875,428.2059020996094,267.84613037109375,48.21742248535156,89.19544982910156,171.36061096191406,138.556884765625,296.7165222167969,49.56230163574219,151.10833740234375,47.03123092651367,345.0504150390625,222.03207397460938,327.17681884765625,69.60343170166016,283.50830078125,140.605224609375,20.76285743713379,134.09413146972656,124.64505767822266,15.33995246887207,261.8299865722656,222.12159729003906,39.272090911865234,43.83564758300781,52.52104568481445
2021-10-11,139.41285705566406,91.84041595458984,573.0700073242188,162.31500244140625,38.93336486816406,426.1684265136719,269.0946044921875,48.08610916137695,88.43599700927734,168.2386016845703,137.6930694580078,299.050537109375,49.22150802612305,147.93026733398438,47.12682342529297,337.4584655761719,221.02813720703125,322.6169738769531,68.9991455078125,282.9120788574219,138.57655334472656,20.627300262451172,134.274658203125,125.16393280029297,14.915913581848145,263.9800109863281,217.14419555664062,38.49018859863281,43.79484939575195,51.99734878540039
2021-10-12,138.14381408691406,90.3671875,580.6900024414062,162.3665008544922,38.71994400024414,423.4864196777344,274.2552185058594,47.51708984375,88.45248413085938,167.8604736328125,135.2497100830078,299.787109375,48.051761627197266,146.79397583007812,47.12682342529297,335.6989440917969,219.1815948486328,320.9515075683594,68.70565032958984,281.61407470703125,141.40750122070312,20.603376388549805,134.86766052246094,124.9792709350586,14.572097778320312,268.5733337402344,216.1216583251953,37.863189697265625,43.747772216796875,51.72705078125
2021-10-13,137.55810546875,90.33387756347656,591.1199951171875,164.21400451660156,38.36422348022461,421.9986877441406,279.5732421875,47.81473922729492,88.98081970214844,167.69564819335938,136.3727569580078,300.2131652832031,48.1346549987793,142.9235076904297,47.13552474975586,332.79241943359375,217.50538635253906,321.7148742675781,68.15316772460938,284.9121398925781,144.1277618408203,20.87050437927246,135.77865600585938,125.26952362060547,14.497604370117188,270.3599853515625,214.5879669189453,37.8779411315918,43.430755615234375,51.58346939086914
2021-10-14,140.34027099609375,91.74918365478516,607.510009765625,164.9929962158203,40.0805549621582,427.078125,285.08782958984375,48.716400146484375,89.82283782958984,169.10150146484375,139.91038513183594,305.33380126953125,49.64520263671875,145.11618041992188,47.45705032348633,334.96014404296875,219.20848083496094,325.67010498046875,67.61795806884766,291.1044006347656,144.90232849121094,21.67486572265625,136.87008666992188,126.68540954589844,14.680974006652832,272.7733459472656,217.21170043945312,38.298397064208984,43.90156936645508,52.36900329589844
2021-10-15,141.39456176757812,92.10299682617188,610.0900268554688,170.4510040283203,41.23664855957031,428.71759033203125,286.6999816894531,48.366241455078125,90.48322296142578,171.08912658691406,140.12545776367188,310.97808837890625,50.16099166870117,147.9036407470703,47.344085693359375,346.0613098144531,217.14678955078125,321.93292236328125,67.61795806884766,292.50823974609375,145.70455932617188,21.790481567382812,136.48333740234375,127.01081085205078,14.726813316345215,281.010009765625,222.81610107421875,38.556583404541016,44.114994049072266,52.86734390258789
2021-10-18,143.06390380859375,90.50238037109375,622.8300170898438,172.33700561523438,41.15660095214844,437.7773742675781,286.73931884765625,48.313720703125,90.44195556640625,165.93104553222656,141.52310180664062,315.0604248046875,50.17020034790039,147.85040283203125,46.87480545043945,348.43316650390625,217.15579223632812,332.4208068847656,66.5993423461914,295.4697265625,147.01397705078125,22.14930534362793,135.86453247070312,125.18154907226562,14.514793395996094,290.03668212890625,222.48812866210938,38.2910270690918,44.46967315673828,52.842002868652344
2021-10-19,145.2213134765625,90.51921844482422,636.0700073242188,172.20750427246094,41.334468841552734,442.6389465332031,287.3683776855469,48.795188903808594,92.20852661132812,165.96981811523438,141.97804260253906,317.705078125,50.851783752441406,149.64358520507812,47.05730438232422,351.99114990234375,217.61294555664062,337.03033447265625,68.61931610107422,296.3735656738281,145.5293731689453,22.21708869934082,137.59197998046875,123.70401763916016,14.663782119750977,288.0899963378906,225.256591796875,38.61559295654297,45.41444396972656,53.635986328125
2021-10-20,145.70944213867188,91.32794952392578,632.3699951171875,170.7530059814453,41.87693786621094,445.1881103515625,285.1565856933594,49.1978759765625,93.41378784179688,165.3590087890625,140.52293395996094,317.91815185546875,50.99916076660156,151.65870666503906,47.47442626953125,346.809814453125,214.8789825439453,337.8134765625,69.98323822021484,295.5851135253906,146.1103057861328,22.030698776245117,138.63185119628906,124.18775177001953,14.847152709960938,288.6000061035156,223.2309112548828,39.545021057128906,45.82561111450195,53.931617736816406
2021-10-21,145.92422485351562,91.622802734375,638.6599731445312,171.75050354003906,41.645713806152344,452.2578125,284.8814697265625,48.75141525268555,92.24153900146484,166.1249542236328,140.63893127441406,323.58905029296875,51.57942581176758,150.4691619873047,47.231109619140625,346.2655029296875,216.38487243652344,338.9039001464844,70.069580078125,298.8063659667969,149.54978942871094,22.617769241333008,136.8013153076172,123.29399871826172,14.761198043823242,298.0,222.0926513671875,39.382728576660156,46.07984924316406,52.951820373535156
2021-10-22,145.15306091308594,91.94291687011719,643.5800170898438,166.77749633789062,42.303794860839844,456.7686767578125,287.58465576171875,48.243690490722656,93.11656951904297,164.2633819580078,136.35739135742188,324.8048400878906,45.555686950683594,152.49317932128906,47.31800079345703,348.6568298339844,213.7316436767578,321.7841796875,70.05232238769531,297.2678527832031,150.74853515625,22.651657104492188,137.48023986816406,124.62137603759766,14.606478691101074,303.2266540527344,223.047607421875,39.04342269897461,46.56007766723633,53.31501388549805
2021-10-25,145.10418701171875,91.40377807617188,646.969970703125,166.01849365234375,42.25043487548828,464.4543762207031,288.92156982421875,48.26994323730469,93.98335266113281,166.77456665039062,136.23895263671875,329.4818420410156,45.5096321105957,151.74746704101562,47.12682342529297,350.7855529785156,212.74562072753906,325.82867431640625,70.4925765991211,296.2774963378906,151.4309844970703,23.090211868286133,136.835693359375,124.63908386230469,14.692435264587402,341.6199951171875,225.60386657714844,38.785255432128906,47.09994888305664,54.35395431518555
2021-10-26,145.76800537109375,92.23777770996094,642.5,168.80349731445312,42.6506233215332,460.1234436035156,290.0912780761719,48.85647201538086,94.18972778320312,166.80361938476562,138.08407592773438,327.65362548828125,44.46882629394531,152.15582275390625,47.33539962768555,347.34454345703125,211.92092895507812,313.06085205078125,71.00188446044922,298.1812744140625,151.034423828125,24.63614273071289,138.51158142089844,126.40888977050781,14.537714958190918,339.4766540527344,223.6167449951172,39.15407943725586,46.68876647949219,55.61249542236328
2021-10-27,145.30921936035156,91.31953430175781,640.0800170898438,169.62449645996094,41.83246994018555,463.51617431640625,290.130615234375,49.18037414550781,92.51396942138672,164.38943481445312,144.93235778808594,330.4225769042969,44.109615325927734,148.98663330078125,48.247859954833984,326.3475036621094,217.57708740234375,309.5020751953125,70.38898468017578,310.7389831542969,149.7066192626953,24.371017456054688,138.03028869628906,125.50627136230469,14.360078811645508,345.9533386230469,208.1443328857422,38.8221321105957,46.30583953857422,54.168128967285156
2021-10-28,148.94073486328125,92.38941955566406,639.280029296875,172.32850646972656,42.490543365478516,465.6138610839844,293.3056640625,49.2328987121582,93.38074493408203,164.5154571533203,144.56712341308594,329.7569580078125,44.28461837768555,151.232666015625,48.69974136352539,323.73260498046875,220.06002807617188,314.16119384765625,74.71382904052734,311.87353515625,151.65223693847656,24.85941505432129,138.89825439453125,126.25846099853516,14.640862464904785,359.0133361816406,202.41452026367188,38.947532653808594,46.5946044921875,54.32016372680664
2021-10-29,146.23663330078125,96.6015625,650.3599853515625,168.6215057373047,42.490543365478516,466.5726623535156,294.5933837890625,48.99652862548828,94.51168823242188,163.92404174804688,146.74478149414062,329.9078369140625,45.13199996948242,150.81536865234375,48.98652267456055,326.1530456542969,220.10482788085938,320.7532653808594,76.00872039794922,318.86383056640625,154.26185607910156,25.48336410522461,138.88108825683594,126.53277587890625,14.47468376159668,371.3333435058594,204.27626037597656,39.087684631347656,46.89906311035156,54.45531463623047
2021-11-01,145.41661071777344,96.71951293945312,640.2000122070312,165.90550231933594,42.552799224853516,466.8857421875,297.6112060546875,49.11033630371094,94.54468536376953,165.00994873046875,142.2357635498047,325.2397766113281,45.638580322265625,150.73550415039062,48.81271743774414,324.72418212890625,224.61361694335938,327.1075134277344,75.8274154663086,316.700439453125,153.37661743164062,25.742515563964844,138.58889770507812,126.2230224609375,14.537714958190918,402.86334228515625,204.94186401367188,39.05817794799805,47.015201568603516,55.43511962890625
2021-11-02,146.45138549804688,98.16849517822266,640.4000244140625,165.6374969482422,42.5794792175293,471.7457275390625,297.7980041503906,50.44095230102539,93.96685028076172,164.66091918945312,144.15423583984375,325.9586486816406,45.92411422729492,151.33026123046875,48.75189208984375,319.3097229003906,223.41246032714844,325.22406005859375,76.84603118896484,320.31585693359375,154.7598114013672,26.314632415771484,139.86082458496094,127.47957611083984,14.457489967346191,390.6666564941406,201.73928833007812,38.77787399291992,46.993221282958984,54.75094223022461
2021-11-03,147.8863983154297,99.04460906982422,655.1799926757812,169.1999969482422,43.015235900878906,476.8144836425781,297.739013671875,50.46722412109375,93.28993225097656,164.9033203125,145.30953979492188,327.44952392578125,46.412269592285156,151.3834991455078,48.91700744628906,320.2330627441406,224.45225524902344,328.7332458496094,76.55253601074219,321.1523742675781,159.06613159179688,26.510990142822266,141.2014923095703,128.3556365966797,14.428841590881348,404.6199951171875,200.73609924316406,39.05079650878906,47.137603759765625,53.99919891357422
2021-11-04,147.3690185546875,98.61498260498047,674.0800170898438,173.85000610351562,42.09037399291992,489.42950439453125,302.8014221191406,50.00324630737305,93.70269012451172,165.09719848632812,146.96434020996094,330.2983703613281,46.66083908081055,149.39498901367188,49.186405181884766,326.0656433105469,227.1951904296875,332.9263610839844,78.1581802368164,323.49847412109375,161.7771759033203,29.703514099121094,141.21011352539062,128.5946044921875,14.211090087890625,409.9700012207031,201.3920440673828,38.246768951416016,47.48286437988281,54.404632568359375
2021-11-05,147.8969268798828,98.71607208251953,662.719970703125,175.94949340820312,41.77022933959961,487.0564880371094,302.0248107910156,49.95948028564453,94.71804809570312,170.2843780517578,147.54371643066406,326.94366455078125,47.226585388183594,149.1819610595703,49.39496612548828,339.0526428222656,228.31564331054688,338.1604309082031,70.44939422607422,323.133056640625,163.6859588623047,29.65467071533203,142.6625213623047,129.23171997070312,14.38299560546875,407.36334228515625,209.00283813476562,38.534454345703125,47.153297424316406,54.919864654541016
2021-11-08,147.0757293701172,97.77255249023438,666.02001953125,174.44900512695312,42.09926223754883,478.2193603515625,304.688720703125,49.89820098876953,95.05651092529297,171.4866180419922,147.72113037109375,327.11224365234375,47.810890197753906,150.07855224609375,48.95176315307617,339.9080505371094,226.8725128173828,335.67230224609375,71.37308502197266,324.02728271484375,158.46673583984375,30.703235626220703,139.59442138671875,128.26715087890625,14.25693130493164,387.64666748046875,212.68763732910156,38.6008415222168,46.85197830200195,55.51113510131836
2021-11-09,147.43746948242188,97.39344787597656,667.9199829101562,178.81149291992188,41.690185546875,482.870361328125,304.44293212890625,50.283390045166016,95.75818634033203,169.7801971435547,147.609619140625,328.9404602050781,47.48627853393555,148.94227600097656,49.0908088684082,335.0281982421875,226.46908569335938,332.4505615234375,71.40758514404297,323.0273132324219,160.28330993652344,30.55670928955078,140.52259826660156,128.65652465820312,14.159516334533691,341.1666564941406,205.83892822265625,38.534454345703125,47.015201568603516,56.051719665527344
2021-11-10,144.612060546875,98.35383605957031,647.5,174.1024932861328,42.001426696777344,479.8329772949219,294.5736999511719,50.572269439697266,94.23100280761719,169.1403045654297,144.61119079589844,327.1033935546875,47.07819366455078,148.80020141601562,49.290679931640625,347.947265625,226.89938354492188,324.7878723144531,72.52117919921875,318.0753479003906,155.1562957763672,29.362632751464844,140.97805786132812,129.92196655273438,14.29704475402832,355.98333740234375,208.2981719970703,38.80000305175781,46.59146499633789,54.94747543334961
2021-11-11,144.5631561279297,98.25273132324219,643.1699829101562,173.625,42.232662200927734,486.1641540527344,297.8274230957031,49.68810272216797,94.23927307128906,157.17587280273438,144.48532104492188,326.2602844238281,46.8648796081543,148.7913360595703,49.308067321777344,344.4476623535156,224.23712158203125,324.886962890625,72.5298080444336,319.6426696777344,153.96678161621094,30.29058837890625,139.81785583496094,129.55029296875,14.279852867126465,354.5033264160156,203.33131408691406,38.689353942871094,46.61030197143555,55.05018615722656
2021-11-12,146.63577270507812,98.5391616821289,657.5999755859375,176.25750732421875,41.716861724853516,490.900634765625,301.43499755859375,49.74061965942383,94.29705047607422,154.77139282226562,147.37123107910156,330.6977233886719,46.66083908081055,148.1255645751953,49.195091247558594,353.3519592285156,224.6942901611328,337.92254638671875,72.5125732421875,323.7677307128906,155.92166137695312,30.29058837890625,139.783447265625,129.69186401367188,14.2913179397583,344.47332763671875,204.945068359375,38.608211517333984,46.37803268432617,54.6307487487793
2021-11-15,146.6455841064453,98.42964935302734,659.72998046875,177.28399658203125,41.84136962890625,493.4826965332031,300.29473876953125,50.13456344604492,96.43509674072266,153.60789489746094,147.14723205566406,329.3220520019531,46.670108795166016,147.8592529296875,49.20378494262695,351.271728515625,226.72903442382812,344.53448486328125,72.24494934082031,323.14276123046875,155.70037841796875,29.926776885986328,140.7718048095703,130.43521118164062,14.211090087890625,337.7966613769531,205.14801025390625,38.6524772644043,46.11124038696289,55.10154342651367
2021-11-16,147.6232147216797,98.0758285522461,671.030029296875,177.03500366210938,41.8680419921875,499.965576171875,301.8675231933594,49.89820098876953,96.81482696533203,153.99571228027344,146.5762939453125,348.1807861328125,46.9390754699707,146.79397583007812,48.856170654296875,359.2428283691406,226.29881286621094,339.9744567871094,72.60752868652344,326.45050048828125,158.44830322265625,30.10420036315918,140.35067749023438,130.2493438720703,14.130866050720215,351.57666015625,207.9309539794922,38.401676177978516,44.937347412109375,55.65794372558594
2021-11-17,150.05751037597656,98.85930633544922,670.6699829101562,177.4499969482422,41.36113739013672,499.5574951171875,302.7817687988281,49.68810272216797,96.380615234375,152.5413818359375,146.74575805664062,350.4172668457031,46.58663558959961,146.00390625,48.586769104003906,349.14288330078125,226.5050048828125,337.8035583496094,71.30401611328125,326.6719665527344,158.3653106689453,29.165285110473633,140.4022674560547,130.1697540283203,14.130866050720215,363.0033264160156,198.1519012451172,38.15826416015625,44.5512809753418,55.05018615722656
2021-11-18,154.33958435058594,98.6234130859375,670.9600219726562,184.80299377441406,41.19218063354492,502.481201171875,297.8372497558594,46.948089599609375,95.57061767578125,150.8446502685547,148.5215301513672,360.17938232421875,46.0765266418457,144.74334716796875,48.15226364135742,338.4985046386719,227.21310424804688,335.7416687011719,71.6924819946289,328.7430419921875,158.0056915283203,31.57138442993164,140.44520568847656,130.18740844726562,13.976147651672363,365.4599914550781,196.4801788330078,37.79680633544922,44.93421936035156,54.45098114013672
2021-11-19,156.9595947265625,97.92418670654297,688.3699951171875,183.82850646972656,40.37403106689453,506.676513671875,296.04827880859375,46.615421295166016,93.44961547851562,149.31271362304688,147.61753845214844,362.6998291015625,45.928138732910156,142.85247802734375,47.90894317626953,330.2359313964844,225.84164428710938,342.2941589355469,69.66383361816406,330.5154724121094,161.26075744628906,32.87709426879883,140.78036499023438,129.92196655273438,13.827162742614746,379.0199890136719,194.09339904785156,37.51649475097656,44.692527770996094,51.93430709838867
2021-11-22,157.4191131591797,97.42715454101562,673.5700073242188,178.6284942626953,41.15660095214844,512.239013671875,291.7918701171875,47.79722213745117,95.11971282958984,149.4678497314453,145.01609802246094,362.78857421875,46.21565246582031,145.8973846435547,48.204410552978516,312.330078125,227.21310424804688,338.04150390625,70.47530364990234,327.35595703125,160.67063903808594,31.851463317871094,141.07260131835938,130.78915405273438,14.153785705566406,385.6233215332031,188.9912872314453,38.01810073852539,45.44268798828125,52.65336227416992
2021-11-23,157.8004150390625,100.148193359375,665.1599731445312,179.0019989013672,42.24155044555664,517.56396484375,286.4640197753906,48.410003662109375,97.11546325683594,146.43312072753906,144.5006866455078,362.41583251953125,45.53859329223633,149.3861083984375,48.56071472167969,319.8150939941406,229.1582489013672,334.3141784667969,71.47666931152344,325.2847595214844,158.7433624267578,31.64215087890625,142.01795959472656,132.24041748046875,14.188169479370117,369.6766662597656,191.80322265625,38.17300033569336,45.76597595214844,54.04009246826172
2021-11-24,158.3185272216797,99.96288299560547,668.3200073242188,179.02049255371094,42.357154846191406,521.8067626953125,284.2523498535156,48.6201057434082,97.85863494873047,146.7336883544922,144.835693359375,365.7350158691406,46.150726318359375,148.21435546875,48.169654846191406,330.5080871582031,230.4669189453125,338.0909729003906,71.02779388427734,325.5063171386719,158.63272094726562,32.56711959838867,140.72023010253906,131.5501708984375,14.021987915039062,372.0,196.4028778076172,38.10662078857422,45.9951057434082,54.33969497680664
2021-11-26,153.30328369140625,98.15165710449219,662.0999755859375,175.22799682617188,40.694175720214844,518.3899536132812,279.37664794921875,47.85849380493164,95.6207275390625,143.60202026367188,140.9333038330078,357.38397216796875,45.24181365966797,143.74908447265625,46.692317962646484,315.1199645996094,224.1027069091797,330.2201232910156,68.33447265625,317.5784912109375,154.9350128173828,31.399940490722656,138.48574829101562,130.49717712402344,13.878735542297363,360.6400146484375,190.99154663085938,38.20988845825195,45.480350494384766,52.430789947509766
2021-11-29,156.6565704345703,98.47177124023438,687.489990234375,178.07850646972656,40.54299545288086,526.6952514648438,291.6935729980469,48.81269836425781,95.90462493896484,143.31112670898438,144.25137329101562,361.04022216796875,46.37331771850586,143.127685546875,47.43098068237305,313.99237060546875,224.36264038085938,335.0874328613281,64.64840698242188,324.27337646484375,156.64093017578125,33.26682662963867,141.06398010253906,131.86874389648438,13.68963623046875,378.9966735839844,189.6773223876953,38.10662078857422,44.76785659790039,52.72183609008789
2021-11-30,161.60340881347656,97.11546325683594,669.8499755859375,175.35350036621094,39.54697799682617,511.9825134277344,280.1138610839844,48.007320404052734,94.25125122070312,140.48968505859375,140.6503448486328,355.5290832519531,45.63134765625,140.9971466064453,45.933441162109375,306.128173828125,220.46885681152344,321.635498046875,64.66565704345703,318.455078125,156.0600128173828,32.56910705566406,137.31695556640625,127.93973541259766,13.08222484588623,381.586669921875,187.2422332763672,37.081298828125,44.14011764526367,51.223812103271484
2021-12-01,161.0852813720703,97.64620208740234,657.4099731445312,172.18600463867188,38.98672866821289,502.9271240234375,247.22293090820312,48.17365646362305,93.6082763671875,137.82339477539062,139.81178283691406,356.8302001953125,45.074867248535156,140.16268920898438,45.80208206176758,297.7294006347656,220.0902557373047,307.89617919921875,64.25993347167969,317.9637451171875,153.71780395507812,31.33600425720215,137.64353942871094,129.55029296875,12.738410949707031,365.0,183.7538604736328,36.71247100830078,43.0446891784668,51.181007385253906
2021-12-02,160.0978546142578,98.4549331665039,671.8800048828125,171.8679962158203,40.11262512207031,498.8171691894531,256.7579650878906,49.15410614013672,96.14680480957031,142.71969604492188,141.7094268798828,363.3800354003906,45.90958786010742,143.10995483398438,46.47641372680664,311.2608337402344,224.2544708251953,307.68804931640625,63.785152435302734,317.39544677734375,156.7608184814453,32.02482223510742,138.97161865234375,130.31130981445312,13.208292007446289,361.5333251953125,191.60997009277344,37.42060852050781,42.520511627197266,52.45647048950195
2021-12-03,158.22076416015625,100.1229476928711,616.530029296875,169.489501953125,39.201171875,502.0633239746094,253.9269256591797,49.22413635253906,95.53722381591797,141.76953125,140.75340270996094,363.4156188964844,45.67771911621094,140.5177764892578,46.888023376464844,313.1174011230469,224.73219299316406,304.16888427734375,63.310359954833984,311.1532897949219,157.2642364501953,30.59634017944336,142.51040649414062,132.62977600097656,13.443232536315918,338.3233337402344,189.70632934570312,37.92958068847656,43.16081237792969,52.12263107299805
2021-12-06,161.62294006347656,102.22900390625,622.0399780273438,171.36849975585938,39.451385498046875,506.1165771484375,254.3496551513672,49.86318588256836,97.03193664550781,145.79322814941406,141.89674377441406,370.44671630859375,47.29151153564453,142.17782592773438,48.087799072265625,324.02423095703125,230.5548553466797,315.1028747558594,63.37942123413086,314.2165222167969,156.03564453125,29.942407608032227,143.9899139404297,134.63848876953125,13.340087890625,336.336669921875,195.85208129882812,37.671409606933594,43.62848663330078,52.71327590942383
2021-12-07,167.35189819335938,102.36380004882812,649.9600219726562,176.1645050048828,39.9517822265625,514.488525390625,262.44952392578125,50.84364700317383,98.46820831298828,146.21981811523438,145.97511291503906,370.8743896484375,48.75690460205078,144.31724548339844,48.35053253173828,330.03173828125,234.2683868408203,319.9998779296875,62.39532470703125,322.6261291503906,158.2342071533203,32.32488250732422,143.82554626464844,134.2845458984375,13.225481986999512,350.5833435058594,200.3840789794922,37.46486282348633,43.48725509643555,53.30393600463867
2021-12-08,171.16470336914062,102.66709899902344,653.0999755859375,176.1580047607422,39.46031951904297,503.1835021972656,261.7810363769531,49.91571807861328,98.91079711914062,148.6728057861328,146.88404846191406,366.4812316894531,47.99638366699219,142.66610717773438,48.166622161865234,332.78265380859375,233.970947265625,327.68243408203125,63.198150634765625,322.6742858886719,157.27349853515625,31.72577667236328,144.0764617919922,134.88626098632812,13.277054786682129,356.32000732421875,201.94952392578125,37.24357986450195,43.04783248901367,53.4580078125
2021-12-09,170.65631103515625,104.58782958984375,632.5700073242188,174.17100524902344,39.75520324707031,497.6971435546875,259.8249206542969,50.379676818847656,98.65191650390625,148.28500366210938,146.34085083007812,366.56134033203125,46.81850051879883,142.4441680908203,48.04401397705078,334.90191650390625,236.4586639404297,326.9488525390625,62.89601516723633,320.8729248046875,155.28738403320312,30.393980026245117,143.8947296142578,135.673828125,13.145259857177734,334.6000061035156,204.26866149902344,37.000152587890625,43.64658737182617,53.59496307373047
2021-12-10,175.43701171875,105.69982147216797,654.4500122070312,172.21200561523438,39.782012939453125,530.4351806640625,261.50579833984375,51.86786651611328,98.81893920898438,148.06199645996094,146.70065307617188,370.179443359375,46.92052459716797,141.87600708007812,49.28759002685547,340.1510925292969,238.8291778564453,326.8795166015625,62.68882751464844,329.9664001464844,156.17422485351562,30.102903366088867,146.1962432861328,137.5675506591797,13.087956428527832,339.010009765625,206.21095275878906,37.02227783203125,44.443885803222656,53.9373664855957
2021-12-13,171.80995178222656,106.57595825195312,658.2999877929688,169.5675048828125,38.942054748535156,528.9163818359375,261.24041748046875,51.30760955810547,96.76472473144531,145.85137939453125,144.5447998046875,361.12542724609375,46.37331771850586,140.18934631347656,50.58370590209961,335.6697692871094,237.1346893310547,331.5782165527344,63.37942123413086,326.9416198730469,154.12342834472656,28.07231330871582,146.92303466796875,139.52320861816406,12.858745574951172,322.13665771484375,203.91111755371094,37.08867263793945,45.24434280395508,52.756072998046875
2021-12-14,170.43148803710938,107.23304748535156,614.8599853515625,169.0915069580078,39.43350601196289,517.639892578125,251.2433624267578,50.572269439697266,97.04864501953125,144.56187438964844,142.6421661376953,358.4163818359375,46.0950813293457,141.26344299316406,50.61872863769531,331.0426940917969,236.62094116210938,330.834716796875,64.24215698242188,316.28765869140625,152.7931365966797,28.247756958007812,146.5596160888672,140.0364227294922,12.772786140441895,319.5033264160156,202.90614318847656,37.36159896850586,45.67606735229492,52.67904281616211
2021-12-15,175.29034423828125,109.70979309082031,630.3300170898438,173.31500244140625,39.26374053955078,536.7567749023438,255.61764526367188,52.4631462097168,96.49752044677734,145.82229614257812,145.1538848876953,363.4156188964844,46.99472427368164,140.2070770263672,50.846439361572266,336.6807861328125,238.42356872558594,338.685791015625,65.61029052734375,322.36602783203125,151.4075164794922,30.363080978393555,148.44581604003906,140.57618713378906,12.704026222229004,325.3299865722656,205.1576690673828,37.28782653808594,45.93763732910156,52.44791030883789
2021-12-16,168.4077911376953,111.01557159423828,566.0900268554688,168.87100219726562,40.2109260559082,524.5595703125,248.81536865234375,52.795806884765625,97.39936065673828,144.22251892089844,143.17543029785156,356.0370178222656,47.14311218261719,142.39979553222656,51.363136291503906,343.06732177734375,239.35202026367188,331.98468017578125,66.15060424804688,312.9739990234375,150.3174285888672,28.297603607177734,148.66209411621094,142.56723022460938,13.5864896774292,308.97332763671875,207.1482696533203,38.910648345947266,45.17185592651367,52.53351593017578
2021-12-17,167.3128204345703,109.1200942993164,556.6400146484375,170.0175018310547,39.21011734008789,519.79443359375,248.62860107421875,52.92710876464844,94.86083221435547,144.2322235107422,140.47933959960938,345.744384765625,46.948341369628906,139.1595458984375,50.55744171142578,339.5580749511719,235.88180541992188,330.8843078613281,65.95886993408203,311.9143371582031,149.0611114501953,27.71344566345215,145.61651611328125,139.33737182617188,13.626602172851562,310.8566589355469,204.74221801757812,39.220458984375,43.72537612915039,51.38645553588867
2021-12-20,165.9539337158203,110.24053955078125,549.77001953125,167.07899475097656,38.56674575805664,520.6962280273438,243.00587463378906,52.83957290649414,94.902587890625,142.01193237304688,140.36236572265625,347.00970458984375,46.00233459472656,136.65614318847656,50.39103698730469,327.6111755371094,235.9088592529297,322.6169738769531,66.58631134033203,308.1671142578125,145.01495361328125,27.6317081451416,146.58560180664062,139.69126892089844,13.86154556274414,299.9800109863281,201.70794677734375,39.16144943237305,43.867183685302734,50.641727447509766
2021-12-21,169.12142944335938,109.47390747070312,557.52001953125,170.41700744628906,39.487125396728516,517.725341796875,248.25506591796875,53.42608642578125,96.42236328125,146.45252990722656,142.2115020751953,347.9632873535156,47.08747100830078,138.56478881835938,50.59246063232422,340.9482421875,238.3064727783203,331.2907409667969,65.82816314697266,315.2762451171875,153.9293975830078,28.983436584472656,146.1529541015625,139.6028594970703,14.021987915039062,312.84332275390625,208.1242218017578,38.93277359008789,43.999542236328125,51.788787841796875
2021-12-22,171.71217346191406,111.24304962158203,563.97998046875,171.03700256347656,39.56755065917969,521.7499389648438,248.50079345703125,53.86379623413086,96.97349548339844,147.2572479248047,145.12814331054688,352.5704650878906,47.2729606628418,139.10633850097656,50.951534271240234,347.4999694824219,238.80218505859375,327.5733947753906,66.36845397949219,320.9692687988281,152.83013916015625,29.307418823242188,147.06141662597656,140.98330688476562,14.199629783630371,336.2900085449219,210.6173095703125,38.925392150878906,44.056270599365234,52.208221435546875
2021-12-23,172.33787536621094,112.11914825439453,569.6199951171875,171.06849670410156,39.69264602661133,522.4143676757812,248.8350067138672,54.520347595214844,97.20730590820312,148.95399475097656,145.62521362304688,353.84478759765625,47.58831024169922,139.60342407226562,50.98656463623047,350.5135192871094,239.71253967285156,332.3217468261719,65.99373626708984,322.4045715332031,153.0426025390625,29.546653747558594,146.89707946777344,141.67352294921875,14.251202583312988,355.6666564941406,209.32247924804688,38.8590087890625,43.95857238769531,52.23390579223633
2021-12-27,176.29733276367188,113.23116302490234,577.6799926757812,169.66949462890625,39.88923645019531,534.848876953125,253.9072265625,55.518314361572266,99.1947021484375,148.1492462158203,146.6064910888672,360.10064697265625,48.172607421875,140.40237426757812,51.363136291503906,350.2510070800781,241.776611328125,343.1664733886719,66.7257308959961,329.8797302246094,154.80699157714844,30.847543716430664,148.35931396484375,143.32826232910156,14.199629783630371,364.64666748046875,210.29843139648438,38.8590087890625,44.35879135131836,52.9786376953125
2021-12-28,175.280517578125,113.21431732177734,569.3599853515625,170.66099548339844,39.942848205566406,535.9595947265625,251.10574340820312,55.61460876464844,99.00263214111328,150.4761962890625,145.39773559570312,361.9988098144531,48.00566482543945,140.82846069335938,51.5645637512207,350.7078552246094,241.4521026611328,343.2061462402344,66.93488311767578,328.7237548828125,153.73541259765625,30.22650909423828,149.1293182373047,144.09814453125,14.222551345825195,362.8233337402344,210.70425415039062,38.888511657714844,44.9953727722168,52.807437896728516
2021-12-29,175.3685760498047,114.03147888183594,569.2899780273438,169.2010040283203,39.88029861450195,538.9304809570312,250.211181640625,55.991031646728516,98.49327087402344,150.15625,145.36602783203125,366.1158447265625,48.07058334350586,140.75746154785156,51.62586212158203,351.20367431640625,242.00193786621094,339.9547119140625,67.05686950683594,329.39813232421875,155.91554260253906,29.906522750854492,149.6571044921875,145.2927703857422,14.119404792785645,362.0633239746094,210.82022094726562,38.62297439575195,44.973323822021484,52.34518814086914
2021-12-30,174.21493530273438,114.51167297363281,570.530029296875,168.64450073242188,39.79094696044922,535.2666625976562,250.98777770996094,55.69340133666992,98.0590591430664,151.18399047851562,144.91549682617188,365.3137512207031,47.98710632324219,140.68643188476562,51.47698211669922,350.91204833984375,240.8482208251953,341.3623046875,67.22244262695312,326.8646240234375,154.72384643554688,29.492828369140625,149.3975372314453,144.03619384765625,14.199629783630371,356.7799987792969,210.53033447265625,38.541831970214844,45.118282318115234,52.037025451660156
2021-12-31,173.59901428222656,114.06517791748047,567.0599975585938,166.7169952392578,39.75520324707031,538.8640747070312,249.80819702148438,55.474544525146484,97.99222564697266,150.17562866210938,143.578857421875,369.8318786621094,47.76451873779297,140.57102966308594,51.85355758666992,349.28863525390625,241.62339782714844,333.4220275878906,66.78673553466797,323.9747314453125,153.96636962890625,29.31838035583496,150.29739379882812,144.75299072265625,14.096487045288086,352.260009765625,209.40943908691406,38.327911376953125,45.597293853759766,52.37942123413086
2022-01-03,177.939697265625,114.0820083618164,564.3699951171875,170.4044952392578,41.26533889770508,537.9244995117188,251.11557006835938,55.290714263916016,99.58716583251953,151.98870849609375,143.7171173095703,364.15533447265625,49.35048294067383,143.54493713378906,51.932373046875,360.5939636230469,242.08303833007812,335.59295654296875,66.9871597290039,322.4623718261719,152.1188201904297,30.026138305664062,149.66575622558594,144.15121459960938,14.572097778320312,399.9266662597656,213.9704132080078,38.68198013305664,45.58469009399414,54.39106369018555
2022-01-04,175.6813507080078,113.86299896240234,554.0,167.52200317382812,42.882713317871094,535.5703735351562,244.00852966308594,53.93465042114258,101.39920043945312,150.9900665283203,143.13034057617188,367.8980712890625,49.285560607910156,148.98663330078125,52.79937744140625,364.9100646972656,242.01995849609375,333.6004638671875,67.10918426513672,316.93304443359375,153.70773315429688,29.197765350341797,149.88206481933594,144.65562438964844,14.692435264587402,383.1966552734375,214.9657440185547,39.44174575805664,44.749568939208984,56.436927795410156
2022-01-05,171.00823974609375,114.46112060546875,514.4299926757812,164.35699462890625,42.15892791748047,521.9871215820312,223.79818725585938,53.08049011230469,102.05890655517578,150.46652221679688,136.56405639648438,362.9076843261719,49.96261215209961,146.26287841796875,53.23725509643555,363.4615783691406,240.83018493652344,321.3481140136719,68.73876190185547,304.76666259765625,149.88323974609375,27.517070770263672,150.392578125,145.31045532226562,15.019059181213379,362.7066650390625,212.58859252929688,39.84745407104492,45.35462951660156,57.13886260986328
2022-01-06,168.15357971191406,113.92195129394531,514.1199951171875,163.25399780273438,43.007816314697266,521.8734741210938,225.2530059814453,53.64405059814453,102.9273452758789,152.12445068359375,136.53677368164062,361.5888366699219,50.09246063232422,147.81678771972656,52.95700454711914,360.1424865722656,243.08360290527344,329.56597900390625,68.69519805908203,302.3584289550781,148.76548767089844,28.089262008666992,150.42715454101562,144.0893096923828,14.96175765991211,354.8999938964844,212.3470458984375,39.655662536621094,45.228580474853516,58.48280334472656
2022-01-07,168.31979370117188,113.62710571289062,510.70001220703125,162.5540008544922,43.946075439453125,508.9450988769531,224.42730712890625,53.82897186279297,104.4053726196289,153.0261688232422,135.8126983642578,350.76141357421875,49.563804626464844,149.2813720703125,52.83440399169922,359.8017578125,240.71304321289062,328.9017333984375,69.9761962890625,302.5125732421875,145.0057373046875,27.161190032958984,150.6175079345703,144.0096435546875,15.472896575927734,342.32000732421875,209.65103149414062,40.49177551269531,45.66031265258789,58.962158203125
2022-01-10,168.33932495117188,114.89918518066406,525.8300170898438,161.48599243164062,43.722679138183594,492.44805908203125,225.72486877441406,54.43656539916992,104.47218322753906,151.83358764648438,137.45066833496094,345.2809753417969,51.20541763305664,149.42428588867188,52.92197799682617,354.2147216796875,238.3245086669922,325.21417236328125,71.7800521850586,302.73406982421875,138.97344970703125,27.313711166381836,150.69537353515625,142.04518127441406,15.572949409484863,352.7066650390625,204.8291015625,40.21556091308594,45.57208251953125,58.61119842529297
2022-01-11,171.16470336914062,115.3877944946289,529.8900146484375,165.36199951171875,43.97288131713867,495.5138854980469,230.8462677001953,54.920875549316406,106.86038970947266,153.08433532714844,138.50782775878906,344.57696533203125,51.85464096069336,149.57608032226562,52.939491271972656,356.5313415527344,236.26036071777344,331.45928955078125,71.17005157470703,303.4180908203125,138.84408569335938,27.729398727416992,150.6261749267578,140.3992462158203,15.502327919006348,354.79998779296875,207.15794372558594,40.00654220581055,45.44287872314453,61.07651901245117
2022-01-12,171.6046142578125,115.6573715209961,532.3699951171875,165.20700073242188,43.66012954711914,499.0923156738281,233.785400390625,54.70072937011719,106.32595825195312,152.9970703125,140.1874542236328,347.00970458984375,51.69697570800781,150.42449951171875,53.0183219909668,357.5242004394531,235.1787567138672,330.3589172363281,70.7604751586914,306.5872497558594,140.60855102539062,27.91082763671875,150.4617919921875,140.70896911621094,15.567065238952637,368.739990234375,208.44313049316406,39.90202713012695,45.203365325927734,60.896766662597656
2022-01-13,168.33932495117188,113.64860534667969,516.9000244140625,161.21400451660156,43.570770263671875,490.62542724609375,224.7418670654297,54.15477752685547,105.88341522216797,150.7089080810547,137.3689422607422,344.853271484375,50.95500564575195,150.23692321777344,53.333580017089844,359.67529296875,235.62042236328125,323.6379699707031,70.86505126953125,293.6116638183594,138.18820190429688,26.49131202697754,150.70404052734375,140.07180786132812,15.773059844970703,343.85333251953125,207.75704956054688,39.95427322387695,45.843101501464844,60.4601936340332
2022-01-14,169.19964599609375,115.64885711669922,520.5999755859375,162.13800048828125,42.81123352050781,477.4409484863281,227.29762268066406,54.03150177001953,107.68710327148438,147.3154296875,138.25457763671875,331.50396728515625,51.659873962402344,141.00283813476562,53.76271057128906,362.2254333496094,232.28543090820312,329.01080322265625,70.91735076904297,298.8135681152344,136.8856964111328,26.857152938842773,151.9672393798828,141.41685485839844,15.996703147888184,349.8699951171875,207.4381561279297,39.775115966796875,45.71389389038086,61.52165222167969
2022-01-18,166.00274658203125,116.42342376708984,513.3400268554688,158.91749572753906,41.33682632446289,463.2788391113281,222.21556091308594,52.5961799621582,108.03780364990234,147.63539123535156,134.8026885986328,326.7986755371094,50.788055419921875,135.09088134765625,53.333580017089844,356.541015625,231.17681884765625,315.3804626464844,71.05677032470703,291.5406799316406,135.74942016601562,25.821426391601562,150.5137176513672,138.6913604736328,16.07321548461914,343.5033264160156,208.44313049316406,39.887088775634766,44.9134407043457,62.557437896728516
2022-01-19,162.5126190185547,115.08706665039062,516.5800170898438,156.2989959716797,41.4976692199707,465.2627258300781,222.42198181152344,51.86531448364258,107.64534759521484,145.5411376953125,133.9289093017578,320.53399658203125,49.73074722290039,133.00112915039062,53.421165466308594,351.1195068359375,230.04110717773438,316.8079528808594,70.83889770507812,292.1957092285156,134.0496826171875,24.988059997558594,151.59524536132812,143.35482788085938,16.055561065673828,331.8833312988281,207.44781494140625,39.93935012817383,45.36094284057617,62.5831184387207
2022-01-20,160.83103942871094,113.23152923583984,510.8500061035156,151.66749572753906,40.88111114501953,458.2955627441406,219.14862060546875,51.14324951171875,107.2612075805664,143.12693786621094,132.1358184814453,311.52459716796875,48.265350341796875,131.86697387695312,53.20222473144531,354.3023376464844,228.15728759765625,313.8042907714844,70.36834716796875,290.5291748046875,131.85105895996094,24.073945999145508,150.49636840820312,144.12881469726562,15.90253734588623,332.0899963378906,207.1289520263672,39.86470031738281,44.50375747680664,62.72006607055664
2022-01-21,158.77804565429688,112.3377685546875,499.9100036621094,142.64300537109375,40.139434814453125,457.1469421386719,214.9119415283203,49.91045379638672,105.97525787353516,133.19859313964844,129.20579528808594,311.09686279296875,48.265350341796875,129.56295776367188,52.939491271972656,345.6199645996094,229.4732208251953,300.5308837890625,69.69732666015625,285.1636962890625,132.05429077148438,23.30039405822754,150.73867797851562,144.6804656982422,15.661232948303223,314.6333312988281,198.9925994873047,39.68552780151367,44.17917251586914,61.77845001220703
2022-01-24,158.0056610107422,112.49099731445312,519.6599731445312,144.54400634765625,39.80881118774414,464.06671142578125,219.23709106445312,50.10417556762695,106.20069885253906,133.27615356445312,129.6543426513672,324.2054443359375,48.172607421875,129.4468536376953,52.510379791259766,340.1107482910156,228.58993530273438,306.0226135253906,68.69519805908203,285.4912414550781,134.87184143066406,23.298397064208984,149.96861267089844,143.5060577392578,15.502327919006348,310.0,195.05006408691406,39.536224365234375,44.18231964111328,62.30916976928711
2022-01-25,156.20684814453125,113.28258514404297,502.7200012207031,139.98599243164062,40.59516525268555,453.0748596191406,211.72702026367188,49.40853500366211,110.7182846069336,132.35507202148438,125.8193359375,319.90130615234375,47.300785064697266,130.85784912109375,52.38776779174805,329.7347717285156,225.94898986816406,297.53717041015625,69.24417877197266,277.90045166015625,134.39146423339844,22.253698348999023,148.24681091308594,141.94020080566406,15.58472728729248,306.1333312988281,195.19497680664062,39.491432189941406,43.22114944458008,64.14102935791016
2022-01-26,156.118896484375,114.25292205810547,500.80999755859375,138.87249755859375,41.01514434814453,458.9125061035156,207.4116668701172,48.721702575683594,110.80180358886719,129.5336456298828,128.09713745117188,318.3863525390625,47.94072723388672,132.09918212890625,52.19510269165039,335.4775390625,225.20089721679688,292.0652160644531,68.96532440185547,285.8186950683594,133.01502990722656,22.70028305053711,146.6807403564453,140.70355224609375,14.272262573242188,312.4700012207031,198.9346160888672,38.087955474853516,42.77996063232422,63.490482330322266
2022-01-27,155.65936279296875,115.73395538330078,493.04998779296875,139.6374969482422,40.63090133666992,458.0107727050781,209.1220703125,48.096492767333984,113.03968811035156,131.29824829101562,127.87113189697266,317.6288757324219,44.564762115478516,129.76829528808594,52.2388916015625,341.191162109375,224.20042419433594,292.0751647949219,70.22018432617188,288.83380126953125,133.61549377441406,21.874895095825195,146.54234313964844,141.57545471191406,14.195752143859863,276.3666687011719,199.20516967773438,38.214866638183594,42.808319091796875,64.3036880493164
2022-01-28,166.5209197998047,117.3937759399414,518.1599731445312,143.97799682617188,40.988338470458984,467.4173889160156,218.35240173339844,48.968257904052734,109.06490325927734,134.41055297851562,132.17892456054688,326.6383972167969,44.26795959472656,130.92926025390625,53.281044006347656,372.3191833496094,230.8252410888672,299.08355712890625,70.4990463256836,296.94476318359375,134.78871154785156,22.768068313598633,149.3975372314453,142.79434204101562,14.837263107299805,282.1166687011719,220.3190460205078,39.491432189941406,43.33774948120117,64.44063568115234
2022-01-31,170.8714141845703,116.51705169677734,534.2999877929688,149.57350158691406,41.2296028137207,479.47235107421875,228.673828125,49.021080017089844,109.66614532470703,138.61843872070312,134.1142578125,327.03045654296875,45.27891159057617,132.70648193359375,53.42991638183594,376.0860900878906,233.85382080078125,310.53302001953125,71.00447082519531,299.5649719238281,136.78407287597656,24.40888786315918,150.13304138183594,142.74984741210938,15.007948875427246,312.239990234375,218.5507354736328,39.73778533935547,44.05942153930664,65.02274322509766
2022-02-01,170.70523071289062,116.61067199707031,535.97998046875,151.19349670410156,41.944461822509766,482.58575439453125,228.17251586914062,48.75690841674805,112.55536651611328,140.09219360351562,136.4342041015625,328.5631408691406,45.39947509765625,134.98370361328125,53.03583526611328,381.6147155761719,233.43919372558594,316.2231140136719,71.38790130615234,297.42633056640625,136.92263793945312,24.560409545898438,149.11203002929688,142.1181640625,14.37231731414795,310.4166564941406,224.5322265625,39.71539306640625,44.40607833862305,69.1915283203125
2022-02-02,171.90771484375,117.98957061767578,533.0900268554688,150.6125030517578,41.89978790283203,495.5044250488281,221.1834259033203,49.461368560791016,113.07310485839844,138.2790985107422,146.69918823242188,333.045654296875,45.91884994506836,133.9031219482422,53.578792572021484,386.1798400878906,236.40460205078125,320.1882629394531,71.46633911132812,301.9538269042969,137.37525939941406,25.16250991821289,151.82015991210938,144.66262817382812,14.442939758300781,301.88665771484375,227.48912048339844,40.163307189941406,44.387168884277344,69.01177215576172
2022-02-03,169.0334014892578,119.78556060791016,510.8299865722656,138.8455047607422,41.48873519897461,496.0177307128906,209.15158081054688,48.607215881347656,112.06270599365234,135.76792907714844,141.8323211669922,325.0966796875,44.778072357177734,132.79579162597656,53.95537185668945,379.67779541015625,234.92640686035156,235.69027709960938,68.85204315185547,290.1920471191406,134.23443603515625,23.872587203979492,151.73365783691406,146.03274536132812,14.454713821411133,297.0466613769531,223.73980712890625,40.15583801269531,44.4312744140625,68.20711517333984
2022-02-04,168.7495880126953,119.71744537353516,513.5399780273438,157.63949584960938,43.1418571472168,494.116455078125,215.50172424316406,48.563194274902344,113.465576171875,137.69737243652344,142.03353881835938,320.5162048339844,44.866851806640625,136.24293518066406,53.38612747192383,372.0174865722656,234.40362548828125,235.02609252929688,68.45988464355469,294.7099304199219,134.30828857421875,24.242416381835938,149.2418212890625,143.71070861816406,14.172209739685059,307.7733459472656,220.69590759277344,39.797508239746094,43.90815353393555,69.68802642822266
2022-02-07,168.0349884033203,121.31768035888672,507.1000061035156,157.9355010986328,43.34737014770508,490.4279479980469,213.2801513671875,48.58079528808594,115.69515228271484,138.1724395751953,137.97752380371094,318.4487609863281,45.025726318359375,136.69837951660156,53.94661331176758,366.10919189453125,234.21437072753906,222.9521484375,67.60588836669922,289.9031677246094,134.07742309570312,24.650127410888672,148.65345764160156,142.63417053222656,14.0839262008667,302.4466552734375,219.50741577148438,39.56608581542969,43.47641372680664,70.52690124511719
2022-02-08,171.1380615234375,122.15178680419922,511.30999755859375,161.4134979248047,44.124786376953125,495.4283142089844,213.73233032226562,48.73049545288086,113.9332046508789,138.14332580566406,138.1737823486328,322.0935363769531,45.61448287963867,139.2703399658203,54.29692459106445,364.3960266113281,234.421630859375,218.26329040527344,67.02202606201172,293.3805236816406,132.590087890625,25.0289306640625,148.8351593017578,142.31390380859375,14.089816093444824,307.3333435058594,220.26113891601562,39.431705474853516,43.48586654663086,68.7035903930664
2022-02-09,172.5574188232422,121.88792419433594,521.75,161.1894989013672,44.03542709350586,502.7293395996094,218.263916015625,49.56703186035156,115.06050109863281,142.74879455566406,140.34751892089844,324.7045593261719,46.6424674987793,139.85084533691406,53.456199645996094,371.20953369140625,234.22329711914062,229.98040771484375,66.69087982177734,299.78631591796875,135.11203002929688,26.62089729309082,148.76596069335938,141.99362182617188,14.419400215148926,310.6666564941406,223.09237670898438,39.93935012817383,43.391326904296875,68.37468719482422
2022-02-10,168.4852752685547,121.47089385986328,495.0199890136719,159.0034942626953,43.82990264892578,492.89013671875,213.96826171875,48.31663513183594,113.59919738769531,147.5287322998047,137.401611328125,316.4347839355469,45.66120910644531,139.2703399658203,53.75395965576172,364.41552734375,231.5283203125,226.08462524414062,66.71701049804688,291.28057861328125,133.78179931640625,25.742677688598633,145.67709350585938,139.83168029785156,14.272262573242188,301.51666259765625,218.34494018554688,39.595943450927734,42.88395690917969,67.71692657470703
2022-02-11,165.07876586914062,120.87503814697266,473.9700012207031,153.2935028076172,42.820159912109375,484.5150146484375,204.36439514160156,47.46248245239258,115.9122543334961,144.9206085205078,133.1022491455078,312.1573486328125,44.51173400878906,137.45742797851562,52.79937744140625,359.9185791015625,229.98703002929688,217.6387939453125,66.78673553466797,284.21002197265625,129.4954376220703,23.873579025268555,145.85879516601562,139.04872131347656,14.201638221740723,286.6666564941406,217.47381591796875,39.80497360229492,42.64760208129883,69.42195892333984
2022-02-14,165.31370544433594,121.71770477294922,474.010009765625,155.16700744628906,42.37337112426758,481.55841064453125,202.88992309570312,46.82847213745117,114.12525177001953,146.25860595703125,134.3348388671875,313.2890625,44.46501541137695,136.18043518066406,53.14091491699219,364.1916809082031,228.3916473388672,215.8048858642578,66.63858795166016,284.1715087890625,130.79795837402344,24.190580368041992,144.23219299316406,139.44912719726562,14.15455436706543,291.9200134277344,218.10296630859375,39.76764678955078,42.212711334228516,68.3573989868164
2022-02-15,169.14114379882812,123.21577453613281,479.5,156.510498046875,42.70400619506836,488.55511474609375,210.6063995361328,47.78828811645508,113.28990173339844,150.01083374023438,135.40785217285156,314.8040771484375,45.26870346069336,138.1719207763672,53.34233856201172,371.3750305175781,228.77020263671875,219.07615661621094,67.80630493164062,289.440673828125,134.48387145996094,26.411556243896484,143.5919189453125,139.520263671875,14.325231552124023,307.4766540527344,220.5032958984375,39.83483123779297,42.345069885253906,67.50054931640625
2022-02-16,168.9062042236328,124.16059875488281,477.70001220703125,158.10049438476562,42.605712890625,487.1102600097656,208.13912963867188,47.77067565917969,113.32363891601562,151.59120178222656,136.5274200439453,311.97906494140625,45.07244873046875,138.42193603515625,53.333580017089844,372.72802734375,228.12123107910156,214.65496826171875,67.29216766357422,289.10284423828125,135.32449340820312,26.427513122558594,143.88607788085938,140.57901000976562,14.089816093444824,307.7966613769531,221.4712371826172,39.86470031738281,42.080352783203125,67.8121337890625
2022-02-17,165.31370544433594,123.39451599121094,457.7099914550781,154.65249633789062,41.16704559326172,489.59136962890625,196.6282196044922,49.109127044677734,112.74140930175781,148.294677734375,131.37408447265625,310.0631408691406,44.455665588378906,135.23374938964844,54.40200424194336,363.74395751953125,226.17431640625,205.90187072753906,66.542724609375,280.6372985839844,131.91578674316406,24.42982292175293,144.2754364013672,142.18934631347656,13.983875274658203,292.1166687011719,217.39639282226562,39.99907684326172,43.766334533691406,67.70828247070312
2022-02-18,163.76707458496094,122.59442901611328,442.55999755859375,152.60150146484375,41.06875228881836,487.3668518066406,193.49249267578125,50.37715148925781,112.58108520507812,146.75308227539062,129.2568817138672,309.1095886230469,42.09130096435547,135.86782836914062,54.76982879638672,360.0939025878906,225.87689208984375,204.3653564453125,66.55142974853516,277.93450927734375,132.05429077148438,23.567548751831055,145.10610961914062,142.26048278808594,14.048613548278809,285.6600036621094,215.5380401611328,40.18569564819336,43.48586654663086,66.9552993774414
2022-02-22,160.85000610351562,123.89672088623047,438.3999938964844,150.19749450683594,40.711326599121094,477.39453125,191.8115692138672,49.575836181640625,111.72039794921875,143.58261108398438,128.67254638671875,281.7516174316406,41.76421356201172,135.62672424316406,54.5421257019043,358.4780578613281,227.7696990966797,200.3208770751953,66.18545532226562,277.7318420410156,127.65708923339844,23.31633758544922,145.6597900390625,140.50782775878906,13.977989196777344,273.84332275390625,214.21209716796875,40.23796463012695,43.000553131103516,66.17634582519531
2022-02-23,156.68975830078125,124.9181137084961,429.45001220703125,144.82699584960938,40.01433181762695,470.81622314453125,187.29962158203125,47.93798065185547,114.37841796875,141.43017578125,126.46659088134766,274.8720703125,41.726829528808594,132.78683471679688,53.9378547668457,351.6061706542969,223.34410095214844,196.7224578857422,66.0895767211914,270.5403747558594,126.4007797241211,22.316497802734375,144.2235107421875,138.75514221191406,13.836739540100098,254.67999267578125,209.01451110839844,39.872154235839844,42.559364318847656,66.44462585449219
2022-02-24,159.3033905029297,123.6498794555664,463.82000732421875,151.35800170898438,38.95991897583008,480.62677001953125,200.81578063964844,48.193355560302734,113.78773498535156,144.85272216796875,131.5247039794922,279.14056396484375,43.66131591796875,129.08963012695312,52.992042541503906,359.53900146484375,220.85638427734375,205.79283142089844,64.05914306640625,284.36328125,126.71485900878906,23.6732120513916,141.7144012451172,135.0184783935547,13.671944618225098,266.92333984375,210.32118225097656,39.260005950927734,42.39549255371094,65.6051025390625
2022-02-25,161.3688201904297,127.28436279296875,465.5400085449219,153.7884979248047,40.22879409790039,491.948974609375,204.55113220214844,49.34689712524414,118.45401763916016,144.97879028320312,133.2777099609375,282.1793212890625,44.58650207519531,132.1438446044922,55.04130935668945,359.2567138671875,224.84034729003906,208.64776611328125,66.50787353515625,286.98883056640625,128.2206268310547,24.08092498779297,145.68577575683594,140.7836151123047,14.07215690612793,269.9566650390625,212.22792053222656,40.40220260620117,42.97850036621094,67.37071990966797
2022-02-28,161.63308715820312,125.77782440185547,467.67999267578125,153.56300354003906,39.49605941772461,493.6221008300781,206.94967651367188,49.109127044677734,121.50859069824219,143.94134521484375,133.8699493408203,281.44866943359375,44.577152252197266,126.6337661743164,54.50709533691406,351.20709228515625,221.849365234375,209.19297790527344,66.73445892333984,288.4174499511719,126.14210510253906,24.30820655822754,141.671142578125,138.69287109375,13.942678451538086,290.1433410644531,209.17904663085938,40.06625747680664,42.594024658203125,67.8727035522461
2022-03-01,159.7536163330078,125.70972442626953,466.67999267578125,151.14199829101562,37.950172424316406,497.1204833984375,205.33755493164062,48.096492767333984,126.33521270751953,141.26536560058594,132.88319396972656,285.38751220703125,43.75476837158203,121.85595703125,54.27064895629883,335.30242919921875,217.190673828125,201.71859741210938,66.52529907226562,284.7107849121094,122.14214324951172,23.403066635131836,140.3992462158203,136.39749145507812,13.848506927490234,288.1233215332031,202.2587127685547,40.02146530151367,42.855594635009766,68.5218276977539
2022-03-02,163.0426788330078,127.30990600585938,471.17999267578125,152.05250549316406,38.56674575805664,501.9402770996094,206.8120574951172,49.44375228881836,130.0648193359375,142.85543823242188,133.38870239257812,291.7323913574219,45.670555114746094,124.38328552246094,54.67349624633789,334.92279052734375,218.3780059814453,206.29837036132812,66.81287384033203,289.76885986328125,125.33846282958984,24.147846221923828,142.34600830078125,136.8245391845703,14.019184112548828,293.2966613769531,201.78439331054688,40.4171257019043,42.90916442871094,69.69893646240234
2022-03-03,162.7196807861328,128.02488708496094,459.0799865722656,147.89849853515625,38.153682708740234,506.7408752441406,201.2679443359375,49.37330627441406,131.81996154785156,141.1393280029297,132.72264099121094,289.050048828125,44.79209518432617,123.49915313720703,54.70852279663086,331.90533447265625,214.48971557617188,201.20314025878906,67.23116302490234,285.6470947265625,123.7588119506836,23.64334487915039,142.193603515625,137.33168029785156,14.07215690612793,279.7633361816406,200.5745849609375,40.80532455444336,43.89555358886719,70.14032745361328
2022-03-04,159.7242431640625,128.152587890625,452.1300048828125,145.64100646972656,36.77084732055664,499.5636291503906,199.55755615234375,49.76076126098633,133.8704071044922,136.43692016601562,130.7471466064453,288.9609680175781,44.92293167114258,120.02521514892578,54.796104431152344,321.94793701171875,213.72837829589844,198.31845092773438,67.82373046875,279.7974548339844,121.45794677734375,22.867666244506836,144.35348510742188,138.02560424804688,14.048613548278809,279.42999267578125,193.85745239257812,41.141265869140625,45.00798416137695,72.78011322021484
2022-03-07,155.93601989746094,127.20779418945312,437.9700012207031,137.4530029296875,34.427207946777344,502.4346008300781,192.89285278320312,48.95063781738281,136.73092651367188,129.4366912841797,125.2677230834961,287.63311767578125,44.5584602355957,115.39033508300781,53.491233825683594,304.5832214355469,203.32337951660156,185.83804321289062,67.73661041259766,269.2276306152344,115.21745300292969,21.28838348388672,141.47946166992188,135.97933959960938,13.872050285339355,268.1933288574219,184.57542419433594,40.820247650146484,44.645572662353516,75.402587890625
2022-03-08,154.11526489257812,125.25010681152344,431.5299987792969,136.01449584960938,34.65169906616211,497.52923583984375,188.8134307861328,47.902767181396484,143.8948516845703,127.73995971679688,125.98734283447266,282.259521484375,44.390254974365234,114.57765197753906,51.37189483642578,305.9556579589844,201.92759704589844,188.6334991455078,67.05686950683594,266.2738342285156,112.22683715820312,21.449899673461914,137.49066162109375,130.5967559814453,13.536579132080078,274.79998779296875,185.5530548095703,39.752708435058594,43.72221374511719,75.97380065917969
2022-03-09,159.50892639160156,126.68858337402344,450.8699951171875,139.2790069580078,36.85166931152344,501.60760498046875,199.7050323486328,49.2412223815918,140.3002471923828,129.58212280273438,132.24734497070312,284.3753356933594,44.51173400878906,119.16790771484375,51.634620666503906,319.3879089355469,201.6375732421875,196.77203369140625,67.78887176513672,278.4847717285156,117.54143524169922,22.9454345703125,137.0813446044922,132.35833740234375,13.689599990844727,286.3233337402344,193.344482421875,39.625816345214844,43.949119567871094,71.65496063232422
2022-03-10,155.17245483398438,126.96942901611328,438.95001220703125,146.8175048828125,36.519432067871094,506.4272155761719,196.74620056152344,48.17573928833008,144.1395721435547,129.5724334716797,131.2655487060547,285.0387878417969,43.60524368286133,117.75688171386719,50.688804626464844,315.9422912597656,201.21157836914062,193.5106964111328,67.87602996826172,275.6757507324219,116.68962860107422,22.590499877929688,134.5644073486328,128.95082092285156,13.648404121398926,279.4333190917969,191.6119842529297,39.73778533935547,44.94810485839844,73.8792953491211
2022-03-11,151.46250915527344,126.87583923339844,416.3800048828125,145.52450561523438,36.2141227722168,501.3889465332031,194.53448486328125,48.15813064575195,144.20706176757812,127.73995971679688,128.72900390625,284.0078430175781,42.82957458496094,115.10453033447266,50.72383499145508,316.1369934082031,205.62554931640625,185.97682189941406,68.19847106933594,270.34735107421875,113.54161071777344,22.03415870666504,133.88511657714844,127.42053985595703,13.648404121398926,265.1166687011719,190.39248657226562,39.595943450927734,44.771629333496094,73.49848175048828
2022-03-14,147.43930053710938,129.46339416503906,411.5,141.85299682617188,36.99534225463867,499.9914245605469,189.8357696533203,47.8147087097168,140.67990112304688,125.10273742675781,124.84397888183594,285.415283203125,41.49320602416992,116.24765014648438,51.659236907958984,319.8357849121094,205.0001678466797,185.00535583496094,68.38309478759766,266.84332275390625,108.85662078857422,21.26645278930664,135.76626586914062,129.0487060546875,13.471839904785156,255.4566650390625,193.89617919921875,39.192813873291016,45.395599365234375,70.86734008789062
2022-03-15,151.81491088867188,132.6808624267578,421.6600036621094,147.3665008544922,37.26472091674805,515.5535278320312,192.8043975830078,48.95944595336914,133.55816650390625,130.1154022216797,128.0624237060547,294.5418395996094,41.87635803222656,118.3105697631836,52.61228942871094,326.074951171875,210.79180908203125,190.35836791992188,69.13917541503906,277.1815185546875,110.55098724365234,22.904556274414062,138.47482299804688,133.69285583496094,13.58954906463623,267.2966613769531,199.51956176757812,39.38691329956055,45.94078826904297,66.8341064453125
2022-03-16,156.2198944091797,132.82554626464844,442.3599853515625,153.10400390625,38.43204879760742,516.570556640625,202.0740203857422,49.14436340332031,133.0772247314453,133.9354705810547,132.1090545654297,296.6665954589844,43.57720184326172,123.59739685058594,52.471092224121094,335.49700927734375,215.84022521972656,201.85740661621094,68.68202209472656,284.1702575683594,115.91188049316406,24.423019409179688,139.08444213867188,133.23912048339844,13.648404121398926,280.07666015625,205.06556701660156,39.18536376953125,45.80528259277344,66.58311462402344
2022-03-17,157.22813415527344,134.9875030517578,444.3599853515625,157.23899841308594,38.638572692871094,525.5067138671875,206.8317108154297,49.461368560791016,135.38084411621094,135.22496032714844,132.66265869140625,301.55267333984375,44.05381393432617,125.16024017333984,53.02705383300781,337.2102355957031,215.23291015625,206.03073120117188,69.4029541015625,284.9714050292969,117.96735382080078,24.69221305847168,140.16436767578125,133.6572723388672,13.648404121398926,290.5333251953125,206.59481811523438,39.08830642700195,45.874874114990234,68.3573989868164
2022-03-18,160.5171661376953,135.50672912597656,453.3299865722656,161.25050354003906,38.521846771240234,533.6442260742188,215.0790252685547,49.285247802734375,136.46934509277344,136.02972412109375,134.92906188964844,305.47943115234375,44.3435173034668,125.11558532714844,53.03588104248047,340.762939453125,216.5471649169922,214.6054229736328,69.55240631103516,290.00048828125,121.51350402832031,26.374183654785156,141.7755584716797,133.5861053466797,13.666057586669922,301.7966613769531,212.07302856445312,37.9237174987793,46.01091384887695,68.08908081054688
2022-03-21,161.8876190185547,136.230224609375,453.5899963378906,161.4915008544922,38.46796798706055,528.1115112304688,210.08541870117188,49.31167221069336,138.92481994628906,134.4008331298828,134.9052734375,295.28594970703125,44.287445068359375,124.71371459960938,53.4594612121582,336.373046875,213.2842559814453,209.6489715576172,69.50845336914062,288.77459716796875,120.54132080078125,26.654348373413086,141.5752716064453,134.09320068359375,13.630742073059082,307.0533447265625,210.06948852539062,38.147682189941406,45.62812805175781,71.14429473876953
2022-03-22,165.25494384765625,136.1961669921875,466.45001220703125,164.88900756835938,39.67121887207031,531.8094482421875,214.49908447265625,49.461368560791016,138.46070861816406,135.8455047607422,138.638671875,295.6087341308594,45.221981048583984,127.36604309082031,53.653602600097656,340.2178649902344,215.82208251953125,214.76402282714844,69.71945190429688,293.5045166015625,123.22637939453125,26.444978713989258,143.12548828125,135.12527465820312,13.660172462463379,331.32666015625,211.4535675048828,38.073028564453125,45.492088317871094,70.83272552490234
2022-03-23,166.6156005859375,134.8428192138672,422.8999938964844,163.4080047607422,38.69245529174805,526.6760864257812,207.51980590820312,47.97321319580078,139.9542694091797,133.45066833496094,137.06015014648438,284.2408752441406,45.10984420776367,124.82979583740234,53.30061721801758,333.0636901855469,214.00933837890625,211.601806640625,70.09749603271484,289.09320068359375,123.14305114746094,25.557628631591797,142.37649536132812,134.1822052001953,13.660172462463379,333.03668212890625,207.7853240966797,38.05063247680664,44.90681838989258,71.94922637939453
2022-03-24,170.39414978027344,136.42596435546875,432.1400146484375,163.64950561523438,38.67449951171875,530.5640258789062,210.3409881591797,47.99082565307617,140.3255615234375,134.73049926757812,140.3276824951172,283.102294921875,48.240516662597656,125.64246368408203,53.81243133544922,340.0426025390625,217.76168823242188,217.6586456298828,70.69535064697266,293.5432434082031,122.29125213623047,28.066131591796875,143.23867797851562,134.4135284423828,13.730799674987793,337.97332763671875,210.3308868408203,38.073028564453125,45.185218811035156,72.16560363769531
2022-03-25,171.03036499023438,137.3197021484375,431.6199951171875,164.77349853515625,39.26714324951172,528.2826538085938,207.441162109375,48.404693603515625,142.86544799804688,134.905029296875,140.42779541015625,278.530029296875,48.436771392822266,126.74091339111328,54.29779052734375,339.7214660644531,218.95806884765625,219.88900756835938,71.51298522949219,293.1377258300781,123.79117584228516,27.609495162963867,143.90928649902344,135.97042846679688,14.03095817565918,336.8800048828125,211.4148712158203,38.28204345703125,45.38136672973633,73.74082946777344
2022-03-28,171.89181518554688,137.86444091796875,450.010009765625,168.99049377441406,39.10551071166992,537.313720703125,211.61888122558594,48.554378509521484,140.36776733398438,134.497802734375,140.21224975585938,281.757568359375,48.137718200683594,125.80320739746094,54.64194869995117,341.1521911621094,220.1907196044922,221.64364624023438,71.39869689941406,299.91400146484375,124.81893920898438,28.13492774963379,144.33604431152344,136.9046173095703,14.048613548278809,363.9466552734375,213.6797332763672,38.1999397277832,46.18807601928711,71.6722640991211
2022-03-29,175.1808624267578,138.04319763183594,466.3299865722656,169.31500244140625,39.00672912597656,541.8483276367188,217.52667236328125,49.021080017089844,138.65481567382812,138.04641723632812,141.2529754638672,284.83258056640625,48.82927322387695,126.08004760742188,54.85374069213867,357.75775146484375,224.93099975585938,227.85906982421875,71.7152099609375,304.4604797363281,128.82803344726562,28.570619583129883,146.4784698486328,138.31031799316406,14.119242668151855,366.5233459472656,220.793701171875,38.25965881347656,46.57720184326172,71.29145050048828
2022-03-30,174.01596069335938,139.37957763671875,460.05999755859375,166.30099487304688,38.611637115478516,548.0179443359375,211.28466796875,49.35569381713867,139.63363647460938,136.66961669921875,140.69097900390625,276.5397644042969,48.062957763671875,125.5085220336914,54.897857666015625,352.58917236328125,225.71046447753906,225.86656188964844,72.4449234008789,302.9643249511719,128.27249145507812,27.607505798339844,146.27818298339844,137.3583526611328,14.207521438598633,364.663330078125,216.7576141357422,38.52840805053711,47.412384033203125,72.51180267333984
2022-03-31,170.92271423339844,137.98362731933594,455.6199951171875,162.99749755859375,37.01329803466797,547.4285278320312,208.70921325683594,49.10033416748047,137.39749145507812,132.98529052734375,137.84521484375,268.3545227050781,46.31538391113281,121.73985290527344,54.712554931640625,347.8587341308594,224.12432861328125,220.42433166503906,72.13720703125,297.60699462890625,124.58747863769531,27.20470428466797,145.7730255126953,135.94371032714844,13.907361030578613,359.20001220703125,214.6476287841797,38.02823257446289,47.111839294433594,71.48184204101562
2022-04-01,170.6290283203125,138.4687957763672,458.19000244140625,163.55999755859375,36.725955963134766,547.162353515625,208.64039611816406,49.01227951049805,138.57044982910156,132.8301544189453,138.91868591308594,270.64971923828125,44.96031188964844,120.83789825439453,55.48029327392578,354.2731018066406,225.9098358154297,222.89266967773438,73.42960357666016,298.6784973144531,123.62452697753906,26.632413864135742,147.8457794189453,137.98114013671875,14.11335277557373,361.5299987792969,219.0902099609375,38.90913391113281,47.77302169799805,71.9405746459961
2022-04-04,174.67181396484375,137.79638671875,468.80999755859375,168.34649658203125,36.66310119628906,546.744140625,215.12818908691406,49.19719696044922,138.69700622558594,134.362060546875,141.71487426757812,273.957763671875,45.97895050048828,121.37374114990234,55.189083099365234,357.134765625,223.7164764404297,231.85397338867188,73.40324401855469,304.0357666015625,124.38374328613281,27.27849006652832,147.4626007080078,137.08251953125,14.231061935424805,381.8166809082031,220.4259033203125,39.16295623779297,47.78251647949219,71.97518920898438
2022-04-05,171.3632049560547,139.10716247558594,458.5799865722656,164.05499267578125,36.043521881103516,546.9246826171875,206.56631469726562,48.691837310791016,137.84475708007812,131.49215698242188,139.3553009033203,273.312255859375,44.97900390625,119.9612808227539,55.12730407714844,353.6404724121094,225.23916625976562,229.82179260253906,73.60545349121094,300.0877380371094,122.49496459960938,25.85373878479004,147.619384765625,137.56298828125,14.060384750366211,363.7533264160156,218.828857421875,39.40184020996094,47.91855239868164,71.60304260253906
2022-04-06,168.2013702392578,143.77162170410156,444.3299865722656,158.75599670410156,35.64842224121094,555.9274291992188,197.40478515625,48.20420455932617,139.0682830810547,128.53501892089844,135.3478240966797,267.6463317871094,44.4276237487793,118.29686737060547,55.683250427246094,344.1307678222656,227.91290283203125,221.3561553955078,74.70442962646484,289.10284423828125,118.84695434570312,24.334285736083984,150.13629150390625,139.52915954589844,14.142781257629395,348.586669921875,211.97625732421875,39.71539306640625,49.03212356567383,72.39929962158203
2022-04-07,168.50482177734375,147.49124145507812,452.7200012207031,157.7845001220703,35.37006378173828,578.0394897460938,196.7560272216797,48.43471908569336,141.0006103515625,127.85628509521484,134.6941375732422,271.420654296875,44.446319580078125,117.93701934814453,55.983299255371094,340.7095031738281,230.54132080078125,221.00918579101562,76.3133316040039,290.9079284667969,119.79135131835938,24.135873794555664,150.27561950683594,141.33523559570312,13.966217041015625,352.4200134277344,209.2081298828125,39.79850769042969,49.52247619628906,73.61100006103516
2022-04-08,166.49815368652344,148.9212188720703,445.3399963378906,154.4604949951172,35.62147903442383,570.4247436523438,193.81687927246094,48.12440872192383,143.3885498046875,127.85628509521484,132.11599731445312,278.9155578613281,43.941673278808594,120.0962142944336,56.32744598388672,343.3606872558594,227.91290283203125,220.39459228515625,77.08702850341797,286.6606750488281,118.65249633789062,23.050121307373047,150.78077697753906,142.43844604492188,14.207521438598633,341.8299865722656,210.0114288330078,40.44833755493164,49.79771041870117,75.16023254394531
2022-04-11,162.2498016357422,144.55467224121094,434.44000244140625,151.1219940185547,35.54964828491211,555.8131103515625,192.12612915039062,46.883182525634766,139.70114135742188,126.67342376708984,127.69123840332031,274.9798583984375,43.52113342285156,119.65538024902344,56.30979919433594,338.58465576171875,226.99746704101562,214.57569885253906,76.16387176513672,275.35723876953125,115.71744537353516,21.851701736450195,150.3192138671875,141.89578247070312,15.296401023864746,325.30999755859375,207.85308837890625,40.72792053222656,48.8106689453125,72.57238006591797
2022-04-12,164.1194610595703,142.40975952148438,426.7699890136719,150.78750610351562,35.17251205444336,552.6666259765625,191.49697875976562,45.943382263183594,142.61227416992188,126.85763549804688,126.59197998046875,274.5943298339844,43.455711364746094,118.34184265136719,56.971649169921875,337.05438232421875,225.8373260498047,212.27589416503906,75.28471374511719,272.2682189941406,115.77300262451172,21.439929962158203,150.9288787841797,141.46865844726562,15.24185562133789,328.98333740234375,204.61065673828125,40.55413055419922,48.4753303527832,74.08702087402344
2022-04-13,166.80157470703125,136.44378662109375,431.6700134277344,155.54100036621094,34.85822677612305,561.916259765625,192.39154052734375,46.235965728759766,144.8568115234375,128.32171630859375,128.7523193359375,278.2970275878906,43.93232345581055,114.52728271484375,57.12166976928711,346.1581115722656,227.7950897216797,213.11851501464844,75.72429656982422,277.63525390625,118.04142761230469,22.13684844970703,150.6675567626953,141.86904907226562,15.350940704345703,340.7900085449219,206.4206085205078,40.90927505493164,49.73759460449219,75.13428497314453
2022-04-14,161.79949951171875,139.3280029296875,420.44000244140625,151.7064971923828,33.73579406738281,561.2510375976562,186.18882751464844,45.367103576660156,144.789306640625,126.49891662597656,125.61614227294922,273.0074768066406,42.680057525634766,113.46568298339844,57.377586364746094,348.7703857421875,227.05184936523438,208.35035705566406,76.41004943847656,270.1156921386719,123.5689697265625,21.194664001464844,149.70957946777344,141.07720947265625,15.445801734924316,328.3333435058594,205.95602416992188,40.67502212524414,49.69330596923828,76.01709747314453
2022-04-18,161.58416748046875,136.79576110839844,425.4700012207031,152.78500366210938,34.88516616821289,553.38916015625,183.82965087890625,45.31390380859375,146.7300567626953,123.8810806274414,126.55431365966797,269.1434631347656,43.5865478515625,115.57089233398438,56.86575698852539,347.7761535644531,227.5503692626953,208.93521118164062,75.67153930664062,270.7817687988281,121.8746109008789,21.718101501464844,148.4205780029297,139.7338104248047,15.382560729980469,334.7633361816406,206.32382202148438,40.34254837036133,49.31366729736328,76.64026641845703
2022-04-19,163.86492919921875,134.2119598388672,436.3999938964844,158.11549377441406,35.53169250488281,564.9679565429688,188.13516235351562,45.9522590637207,144.99180603027344,127.8853759765625,128.86630249023438,275.9480895996094,44.79209518432617,117.96399688720703,57.421695709228516,354.6672668457031,231.4839324951172,215.4182891845703,75.42537689208984,275.3957824707031,126.89293670654297,22.131866455078125,150.58050537109375,141.82455444335938,15.406274795532227,342.7166748046875,208.7725372314453,40.61457443237305,49.87363052368164,75.9565200805664
2022-04-20,163.69850158691406,134.5123748779297,428.1099853515625,153.9980010986328,35.61250305175781,573.742431640625,183.06292724609375,47.007301330566406,145.58250427246094,120.77848052978516,126.91460418701172,282.5285339355469,44.96031188964844,118.37786102294922,58.20709228515625,356.0513916015625,231.89178466796875,198.67532348632812,76.01441955566406,276.4189453125,125.80033874511719,21.417997360229492,152.81871032714844,145.59683227539062,15.358847618103027,325.73333740234375,210.7954559326172,41.11328125,50.50001525878906,76.12960815429688
2022-04-21,162.90565490722656,136.07469177246094,417.4800109863281,148.29600524902344,34.93903732299805,562.5343017578125,174.2159423828125,46.79452133178711,138.8742218017578,117.95706939697266,123.71746826171875,278.2431335449219,44.390254974365234,117.4601821899414,58.42770767211914,355.22296142578125,231.34800720214844,186.43283081054688,75.81220245361328,271.0616760253906,125.42076110839844,20.12286949157715,152.27005004882812,145.4832000732422,15.975419044494629,336.260009765625,209.4984588623047,41.566654205322266,50.5759391784668,75.32469940185547
2022-04-22,158.3734130859375,133.04449462890625,408.6700134277344,144.35000610351562,33.72682189941406,543.4834594726562,168.51461791992188,45.53555679321289,135.8111572265625,114.67023468017578,118.58397674560547,269.05389404296875,43.493099212646484,114.0864486694336,57.58053970336914,342.29827880859375,226.74371337890625,182.50730895996094,74.37035369873047,264.51702880859375,119.50433349609375,19.456857681274414,149.9272918701172,144.26644897460938,15.429988861083984,335.01666259765625,201.48440551757812,39.2242317199707,49.62371063232422,73.68024444580078
2022-04-25,159.44039916992188,134.1689910888672,413.95001220703125,146.07400512695312,33.48435974121094,540.165771484375,171.60122680664062,46.04978561401367,132.89158630371094,116.29910278320312,121.99226379394531,273.384033203125,43.97905731201172,114.05046081542969,58.18944549560547,345.6318359375,229.19998168945312,185.36221313476562,75.11766052246094,270.974853515625,118.45808410644531,19.84270668029785,151.31204223632812,145.42955017089844,15.422086715698242,332.67333984375,203.20721435546875,37.99256896972656,49.649009704589844,71.19625091552734
2022-04-26,153.48880004882812,134.06602478027344,399.1199951171875,139.39100646972656,32.73009490966797,526.4287719726562,167.1875762939453,45.12771987915039,132.08154296875,112.246337890625,117.60714721679688,268.91937255859375,42.53987503051758,110.67671203613281,57.40406799316406,335.40704345703125,225.3025665283203,179.37477111816406,74.27362060546875,260.8393249511719,111.58798217773438,18.732023239135742,150.9288787841797,142.96018981933594,15.256085395812988,292.1400146484375,194.64146423339844,37.33518600463867,49.13018798828125,71.22221374511719
2022-04-27,153.263671875,135.30210876464844,397.8999938964844,138.16700744628906,32.55051040649414,526.7330322265625,171.70932006835938,43.718040466308594,131.8368377685547,111.70337677001953,113.28993225097656,270.38970947265625,42.259521484375,109.23726654052734,57.85410690307617,352.425537109375,223.99742126464844,173.42701721191406,74.21208953857422,273.3880310058594,112.254638671875,18.360137939453125,152.2787628173828,142.57550048828125,15.074278831481934,293.836669921875,207.23362731933594,36.617340087890625,48.79484939575195,73.25613403320312
2022-04-28,160.18435668945312,134.17759704589844,410.5299987792969,144.59649658203125,33.05335998535156,535.13134765625,182.58128356933594,44.888343811035156,136.5199432373047,111.78093719482422,117.48077392578125,279.4983215332031,43.77345657348633,110.96459197998047,58.41006851196289,369.2490234375,230.3872528076172,203.9390869140625,77.87830352783203,279.5754699707031,117.63404846191406,19.723060607910156,154.58665466308594,146.1989288330078,15.350940704345703,292.5033264160156,213.57330322265625,36.5720100402832,49.4180908203125,75.4718246459961
2022-04-29,154.32081604003906,126.08283996582031,395.95001220703125,124.28150177001953,32.0386848449707,506.29901123046875,172.94793701171875,43.42546463012695,132.1996612548828,108.23233032226562,113.1065444946289,269.3138427734375,40.73622512817383,107.38394165039062,57.015777587890625,354.1897888183594,225.82826232910156,198.72488403320312,77.97500610351562,267.88592529296875,115.45820617675781,18.491743087768555,149.54409790039062,143.64019775390625,14.908280372619629,290.2533264160156,206.2851104736328,34.985206604003906,48.3994026184082,73.78409576416016
2022-05-02,154.62432861328125,126.9326400756836,407.2900085449219,124.5,32.45173645019531,503.66143798828125,174.55018615722656,44.20566177368164,134.79856872558594,110.04541778564453,115.55831909179688,275.2040100097656,42.016536712646484,108.36458587646484,55.983299255371094,349.95953369140625,223.5442657470703,209.29209899902344,77.06065368652344,274.5946044921875,116.73592376708984,19.47480583190918,146.1039581298828,141.69876098632812,15.11380386352539,300.9800109863281,204.73648071289062,34.932315826416016,48.07988739013672,74.78807067871094
2022-05-03,156.11216735839844,128.4176788330078,407.5799865722656,124.25350189208984,33.340702056884766,502.8330993652344,175.3267364501953,44.25885772705078,137.1106414794922,110.0938949584961,116.30270385742188,273.4020080566406,42.109989166259766,110.68571472167969,55.66560745239258,348.74114990234375,222.84632873535156,210.1842498779297,76.57711791992188,271.9980163574219,113.75456237792969,19.54360008239746,146.3042755126953,139.75730895996094,15.27979850769043,303.0833435058594,201.86184692382812,35.6425895690918,48.247554779052734,76.32867431640625
2022-05-04,162.51406860351562,130.1259307861328,423.3500061035156,125.92849731445312,34.67863464355469,518.4013061523438,182.32565307617188,45.7306022644043,141.41407775878906,112.65354919433594,121.18641662597656,282.6809387207031,43.493099212646484,114.34733581542969,57.38640594482422,359.19970703125,230.5050811767578,221.46519470214844,77.82554626464844,279.9132995605469,116.71739959716797,20.27341651916504,151.4165496826172,140.78616333007812,15.769892692565918,317.5400085449219,207.63046264648438,36.54933547973633,48.915069580078125,79.3665771484375
2022-05-05,153.45941162109375,130.63238525390625,400.510009765625,116.40699768066406,33.708866119384766,492.5875244140625,169.3698272705078,43.984012603759766,140.29180908203125,109.18251037597656,115.48150634765625,268.15728759765625,42.00957107543945,111.48640441894531,56.92752456665039,344.43292236328125,225.61073303222656,206.46688842773438,77.3771743774414,267.7217712402344,109.83805084228516,18.787853240966797,148.39450073242188,138.19158935546875,15.769892692565918,291.09332275390625,198.64849853515625,36.148860931396484,48.4959602355957,78.16352844238281
2022-05-06,154.1848907470703,131.19036865234375,391.010009765625,114.77249908447266,33.62804412841797,479.29486083984375,166.81402587890625,43.735774993896484,144.02989196777344,106.93312072753906,114.72916412353516,263.85406494140625,41.72700119018555,111.30647277832031,57.130489349365234,338.3409118652344,227.29660034179688,201.9961700439453,77.71125030517578,265.19268798828125,106.0048599243164,18.61935806274414,148.41192626953125,139.56939697265625,15.83313274383545,288.54998779296875,196.30618286132812,36.47377395629883,47.486289978027344,79.35794830322266
2022-05-09,149.06756591796875,129.5851593017578,376.9100036621094,108.78900146484375,32.65826416015625,474.9814453125,160.81777954101562,43.4077262878418,134.37669372558594,103.723876953125,111.52210998535156,266.2926330566406,40.56843948364258,109.63309478759766,57.015777587890625,319.6947326660156,224.31468200683594,194.50196838378906,77.05188751220703,255.39503479003906,102.96797180175781,16.89950180053711,149.53533935546875,139.220458984375,15.453702926635742,262.3699951171875,186.80160522460938,36.738243103027344,48.041934967041016,73.10035705566406
2022-05-10,151.4693603515625,130.5551300048828,393.0299987792969,108.85900115966797,32.11051940917969,477.48577880859375,164.30738830566406,43.930816650390625,135.66773986816406,104.40257263183594,113.38953399658203,261.030029296875,41.45384216308594,106.96110534667969,56.486305236816406,317.10205078125,222.67417907714844,195.92941284179688,77.2013168334961,260.1442565917969,101.37545013427734,17.542573928833008,149.35252380371094,138.48684692382812,15.303512573242188,266.67999267578125,187.3629913330078,36.36798858642578,47.36563491821289,73.58503723144531
2022-05-11,143.61703491210938,130.44354248046875,379.3299865722656,105.37200164794922,31.939916610717773,465.6976318359375,158.5274200439453,43.132877349853516,137.67599487304688,102.00774383544922,112.60401153564453,253.6785888671875,40.342376708984375,106.28634643554688,56.75102996826172,317.6283874511719,221.5412139892578,187.09701538085938,78.41461944580078,251.50497436523438,99.92178344726562,16.58045196533203,148.629638671875,136.53646850585938,15.358847618103027,244.6666717529297,190.4021453857422,36.1790885925293,46.87032699584961,75.11697387695312
2022-05-12,139.7545623779297,132.44361877441406,388.489990234375,106.93049621582031,31.490928649902344,462.93621826171875,157.69183349609375,42.81370544433594,138.98391723632812,101.13513946533203,111.85218811035156,259.71221923828125,40.3517951965332,106.19637298583984,56.92752456665039,313.115478515625,221.32363891601562,189.57522583007812,79.85648345947266,246.4855194091797,99.90328216552734,16.12681007385254,148.4031982421875,135.9817657470703,15.588086128234863,242.6666717529297,188.09901428222656,36.31509017944336,46.825870513916016,75.4579849243164
2022-05-13,144.21502685546875,131.7654571533203,405.45001220703125,113.05500030517578,31.580732345581055,473.4960021972656,164.0714569091797,43.93967819213867,141.6503143310547,104.06322479248047,115.0304946899414,265.39605712890625,41.067649841308594,107.14102935791016,57.99530029296875,324.3830871582031,222.0940704345703,196.89100646972656,79.4872055053711,252.05523681640625,104.63456726074219,17.65324592590332,151.29458618164062,137.44009399414062,15.682940483093262,256.5299987792969,193.19981384277344,36.40576934814453,47.006858825683594,77.69636535644531
2022-05-16,142.67591857910156,133.45654296875,402.8599853515625,110.81050109863281,31.257465362548828,470.8869934082031,161.3289031982422,43.44319152832031,145.98751831054688,101.9786605834961,113.43910217285156,265.3602294921875,40.57786178588867,106.39431762695312,58.20709228515625,321.39080810546875,221.187744140625,198.29861450195312,81.16644287109375,252.42205810546875,104.25495910644531,17.212566375732422,152.81871032714844,138.78207397460938,16.030752182006836,241.4566650390625,191.82276916503906,37.05561065673828,47.057655334472656,79.5237808227539
2022-05-17,146.30307006835938,132.8642578125,409.6499938964844,115.36849975585938,32.31705093383789,467.0211486816406,160.945556640625,44.86174011230469,146.8481903076172,105.33333587646484,115.44927215576172,269.80694580078125,41.821197509765625,109.92097473144531,58.04825210571289,330.289794921875,219.0033721923828,200.85614013671875,81.7643051147461,257.55731201171875,107.31039428710938,18.12284278869629,151.9390869140625,138.38841247558594,16.25998306274414,253.8699951171875,197.825439453125,36.980045318603516,41.704490661621094,80.53807067871094
2022-05-18,138.0487518310547,130.8469696044922,397.8800048828125,107.11250305175781,31.320327758789062,408.87078857421875,154.6544189453125,42.875762939453125,142.97726440429688,101.12545013427734,110.91598510742188,255.6688690185547,39.890254974365234,108.04069519042969,54.006587982177734,327.4046936035156,209.41415405273438,190.5665283203125,80.9730224609375,245.83084106445312,101.26433563232422,16.887537002563477,142.52452087402344,129.76373291015625,15.991223335266113,236.60333251953125,193.93682861328125,36.942264556884766,38.872337341308594,79.261474609375
2022-05-19,134.64707946777344,130.2375030517578,394.3800048828125,107.31900024414062,30.934207916259766,402.71014404296875,152.95382690429688,36.98876953125,141.95635986328125,100.00074768066406,109.4137954711914,257.9819030761719,39.56999969482422,106.4393081665039,52.9476318359375,323.81787109375,207.55609130859375,189.62478637695312,80.96424865722656,244.92135620117188,98.55148315429688,17.072980880737305,140.3908233642578,126.77552032470703,15.975419044494629,236.47332763671875,191.39610290527344,37.10094451904297,37.80551528930664,79.6899185180664
2022-05-20,134.88233947753906,129.6280517578125,399.0899963378906,107.59100341796875,30.404420852661133,396.5209655761719,156.93492126464844,38.07041931152344,142.7731170654297,99.30265808105469,107.95075988769531,257.47088623046875,39.23091125488281,105.5666275024414,53.81243133544922,327.6777038574219,212.00631713867188,191.855224609375,82.24785614013672,244.36016845703125,99.99588012695312,16.644258499145508,141.27044677734375,126.8560562133789,16.125606536865234,221.3000030517578,193.00584411621094,37.42586135864258,37.8467903137207,80.3194808959961
2022-05-23,140.29371643066406,127.06998443603516,406.760009765625,107.55699920654297,32.20928955078125,408.9469909667969,157.5935821533203,38.43391799926758,146.09103393554688,102.60888671875,110.50810241699219,256.4309387207031,39.56058883666992,112.09819030761719,55.47146987915039,339.6177978515625,215.71331787109375,194.52178955078125,82.49403381347656,252.18756103515625,100.57916259765625,16.84765625,144.22283935546875,129.7726593017578,16.39436149597168,224.96665954589844,201.27767944335938,37.531646728515625,38.92631912231445,82.09443664550781
2022-05-24,137.5978240966797,127.99707794189453,398.4100036621094,104.0999984741211,32.011749267578125,416.78350830078125,154.2611846923828,38.80629348754883,146.8737030029297,98.4979248046875,105.03860473632812,258.1253356933594,39.249755859375,113.68157958984375,56.4951171875,332.0736083984375,221.62277221679688,179.70193481445312,83.20616912841797,251.19094848632812,99.3384780883789,16.105867385864258,146.15626525878906,132.08094787597656,16.726362228393555,209.3866729736328,196.49691772460938,38.294822692871094,39.41209411621094,82.54037475585938
2022-05-25,137.7546844482422,130.44354248046875,402.5,106.7750015258789,32.182350158691406,419.06878662109375,156.93492126464844,39.01021194458008,149.23031616210938,100.1170883178711,104.87505340576172,263.1906433105469,39.74897003173828,114.47330474853516,56.539241790771484,336.0406494140625,221.16050720214844,182.22972106933594,82.42369079589844,253.99676513671875,100.18103790283203,16.92442512512207,147.1577911376953,129.91586303710938,16.83702850341797,219.60000610351562,197.6702423095703,38.71796798706055,39.17079162597656,84.20166778564453
2022-05-26,140.95054626464844,129.25033569335938,408.6000061035156,111.07749938964844,32.92764663696289,442.7593078613281,159.69715881347656,39.88794708251953,150.2342071533203,102.39556884765625,106.8450927734375,271.47442626953125,40.954627990722656,116.45256805419922,56.74221420288086,341.0408935546875,224.85845947265625,189.9618377685547,81.15765380859375,257.2669982910156,104.56974792480469,17.79781150817871,148.15061950683594,131.05206298828125,16.85283851623535,235.91000366210938,202.23770141601562,38.52906799316406,40.00583267211914,84.49895477294922
2022-05-27,146.69520568847656,128.7610321044922,428.2200012207031,115.14649963378906,33.2419319152832,448.2535095214844,162.29226684570312,40.446495056152344,151.67196655273438,105.99264526367188,111.32931518554688,276.5397644042969,41.96247863769531,118.09895324707031,57.077552795410156,348.73138427734375,228.2845001220703,193.43138122558594,81.83464050292969,264.36871337890625,107.39370727539062,18.754953384399414,149.5963592529297,133.05615234375,16.82912254333496,253.2100067138672,206.4366455078125,38.838871002197266,40.79325485229492,85.32958221435547
2022-05-31,145.9109649658203,126.50346374511719,416.4800109863281,120.20950317382812,33.4035530090332,443.9305114746094,157.5149383544922,39.941139221191406,148.5922393798828,107.07856750488281,112.76211547851562,271.420654296875,41.840030670166016,118.96263122558594,55.93034362792969,348.8191223144531,228.59266662597656,191.95436096191406,80.91148376464844,263.0431823730469,110.04174041748047,18.61636734008789,146.09524536132812,132.30465698242188,16.82912254333496,252.75332641601562,205.74818420410156,38.75575256347656,40.840877532958984,83.93933868408203
2022-06-01,145.7835235595703,125.34458923339844,418.1600036621094,121.68399810791016,32.92764663696289,435.1417541503906,173.07571411132812,40.1007194519043,150.0045166015625,105.86661529541016,112.8909683227539,268.11871337890625,41.548038482666016,116.87539672851562,55.65678024291992,348.02960205078125,225.9370574951172,186.99786376953125,80.1290054321289,263.575439453125,109.88434600830078,18.265417098999023,144.99789428710938,130.30056762695312,16.773788452148438,246.7899932861328,203.575927734375,38.838871002197266,39.831207275390625,85.54818725585938
2022-06-02,148.2343292236328,125.97119903564453,441.2799987792969,125.51100158691406,33.144386291503906,464.2978820800781,185.196044921875,40.59721374511719,149.73226928710938,107.49547576904297,116.58868408203125,275.94964599609375,42.235633850097656,118.7557144165039,56.23920440673828,353.89727783203125,226.9340362548828,197.12889099121094,79.12674713134766,265.6652526855469,114.26378631591797,19.533628463745117,146.17306518554688,131.70521545410156,16.75007438659668,258.3333435058594,208.5409393310547,38.75575256347656,40.48527908325195,85.3995361328125
2022-06-03,142.51902770996094,126.33174896240234,429.760009765625,122.3499984741211,32.68380355834961,453.48095703125,181.76536560058594,40.11845397949219,151.0934600830078,105.3624267578125,113.53427124023438,275.2369079589844,40.869850158691406,117.1003189086914,55.568538665771484,348.7703857421875,226.3507537841797,189.11923217773438,79.047607421875,261.2532958984375,112.26355743408203,18.664228439331055,144.5682373046875,130.52423095703125,16.52083969116211,234.51666259765625,206.2135772705078,38.39305877685547,39.789939880371094,86.64114379882812
2022-06-06,143.2641143798828,125.78238677978516,429.4599914550781,124.79000091552734,32.64767837524414,449.8817138671875,179.7600555419922,40.18938446044922,150.4383544921875,104.5479965209961,115.7937240600586,274.163330078125,40.822757720947266,116.71344757080078,55.48029327392578,351.0317077636719,226.08645629882812,192.5590362548828,78.98607635498047,260.0245361328125,111.59528350830078,18.730030059814453,145.17335510253906,130.01429748535156,16.552457809448242,238.27999877929688,206.49484252929688,38.71796798706055,39.64705276489258,86.42254638671875
2022-06-07,145.7835235595703,128.0228271484375,433.4200134277344,123.0,32.82830047607422,449.2247314453125,183.96725463867188,40.402156829833984,153.30540466308594,104.50920867919922,116.11984252929688,272.2507019042969,41.0017204284668,117.01934051513672,55.81562805175781,354.8135681152344,226.87936401367188,193.9468231201172,79.54875183105469,263.65277099609375,112.9318618774414,18.869609832763672,146.06785583496094,131.4636688232422,16.710554122924805,238.8866729736328,208.0076141357422,39.027774810791016,39.17079162597656,90.38343811035156
2022-06-08,145.0482940673828,128.1172637939453,428.8399963378906,121.18000030517578,32.412872314453125,445.61590576171875,185.9726104736328,39.82588577270508,154.09661865234375,104.0728988647461,116.1639404296875,268.4254150390625,38.835304260253906,115.15704345703125,55.49794387817383,353.166259765625,223.8444366455078,194.92820739746094,78.66956329345703,261.6307067871094,113.60943603515625,18.596372604370117,145.33995056152344,129.82635498046875,16.6394100189209,241.86666870117188,207.03790283203125,38.952213287353516,38.83106994628906,91.45016479492188
2022-06-09,139.8329620361328,124.8381118774414,426.4200134277344,116.1500015258789,31.166568756103516,449.4818420410156,183.92794799804688,39.240718841552734,151.02540588378906,100.15587615966797,113.826171875,270.5274963378906,37.6861686706543,112.73694610595703,54.53606033325195,340.1733703613281,220.70018005371094,182.39825439453125,77.36836242675781,256.1931457519531,110.08233642578125,17.998035430908203,142.75291442871094,127.48233795166016,16.505029678344727,239.7066650390625,199.87156677246094,38.49128723144531,38.42465591430664,89.47411346435547
2022-06-10,134.431396484375,122.92387390136719,393.8399963378906,109.6500015258789,29.956388473510742,441.15960693359375,175.41525268554688,38.55804443359375,149.2218017578125,96.37457275390625,110.1844711303711,260.9463806152344,36.90437698364258,107.55488586425781,54.191898345947266,326.2838439941406,216.34378051757812,174.04165649414062,76.64744567871094,244.7761993408203,106.49028015136719,16.9270076751709,142.52488708496094,126.99921417236328,16.35483741760254,232.22999572753906,193.47132873535156,38.400604248046875,38.64055633544922,87.83902740478516
2022-06-13,129.2847137451172,119.67909240722656,371.6499938964844,103.66999816894531,28.917808532714844,430.62841796875,163.20645141601562,38.33639907836914,142.35623168945312,92.79689025878906,105.45738220214844,255.46109008789062,35.57626724243164,104.3520736694336,54.130126953125,311.6534729003906,217.33717346191406,162.83009338378906,74.73081970214844,234.3945770263672,102.50837707519531,15.603680610656738,140.08692932128906,123.59944915771484,15.619698524475098,215.73666381835938,186.4407501220703,37.471195220947266,37.9134635925293,83.80818176269531
2022-06-14,130.1473846435547,118.13397979736328,370.82000732421875,102.30999755859375,28.412059783935547,433.0565185546875,161.65330505371094,38.0438232421875,142.5434112548828,91.35223388671875,105.77754974365234,251.41036987304688,35.72697830200195,102.61573791503906,52.645774841308594,313.9927673339844,217.60150146484375,162.3046875,74.89923858642578,236.5522003173828,102.76828002929688,15.792157173156738,136.91229248046875,119.74337768554688,15.37465763092041,220.88999938964844,187.6626434326172,37.146278381347656,37.92934036254883,84.02679443359375
2022-06-15,132.76486206054688,118.53742980957031,376.9200134277344,107.66999816894531,28.944900512695312,436.855712890625,165.68360900878906,38.832889556884766,139.7444305419922,92.96171569824219,108.79975128173828,252.36672973632812,36.4051628112793,103.83026885986328,53.03685760498047,317.1605529785156,217.7290496826172,167.8758087158203,75.01445770263672,243.5861358642578,105.29291534423828,16.481245040893555,138.3768768310547,118.55343627929688,15.366751670837402,233.0,190.2227325439453,37.138729095458984,37.90393829345703,82.96880340576172
2022-06-16,127.50054168701172,119.44734954833984,365.0799865722656,103.66000366210938,28.76427459716797,430.161865234375,157.1315460205078,38.40732192993164,132.27481079101562,91.41041564941406,105.10154724121094,246.70993041992188,35.17124557495117,102.04893493652344,52.5035514831543,300.9706115722656,214.34786987304688,159.4696044921875,75.24491882324219,237.01658630371094,99.42682647705078,15.557808876037598,137.7103271484375,119.27816772460938,14.987322807312012,213.10000610351562,183.3279571533203,36.904483795166016,38.29765319824219,79.90850067138672
2022-06-17,128.9710235595703,118.70051574707031,360.7900085449219,106.22000122070312,28.827497482299805,425.3341979980469,160.48355102539062,38.46938705444336,126.23448181152344,91.46858215332031,106.2017822265625,244.24708557128906,34.82273864746094,101.68907165527344,52.82353591918945,302.8322448730469,213.60964965820312,162.3146514892578,75.0055923461914,239.60958862304688,99.63101959228516,15.836034774780273,137.73663330078125,118.41927337646484,15.31932258605957,216.75999450683594,184.2588653564453,37.04804611206055,37.557857513427734,75.30058288574219
2022-06-21,133.1961669921875,123.15564727783203,362.989990234375,108.68000030517578,29.667394638061523,440.96917724609375,163.99282836914062,39.13433837890625,131.5176544189453,90.4505386352539,110.56360626220703,242.86668395996094,35.53859329223633,104.20814514160156,53.952362060546875,309.3725891113281,218.35792541503906,155.68287658691406,78.02815246582031,245.50189208984375,100.87478637695312,16.520137786865234,140.93756103515625,122.00690460205078,15.77779483795166,237.0366668701172,188.5063018798828,38.272159576416016,38.789791107177734,79.98719787597656
2022-06-22,132.6864471435547,126.66654205322266,365.3299865722656,108.94999694824219,29.441614151000977,437.96978759765625,164.602294921875,38.62897872924805,125.80061340332031,90.65416717529297,110.50760650634766,242.66822814941406,35.20892333984375,103.62335205078125,54.35233688354492,308.1542053222656,221.52041625976562,154.49330139160156,79.02975463867188,244.9116668701172,97.38481140136719,16.31470489501953,142.09518432617188,123.91255187988281,16.06236457824707,236.086669921875,187.95355224609375,38.377933502197266,38.31986999511719,76.82200622558594
2022-06-23,135.5489959716797,128.28895568847656,376.6400146484375,112.44000244140625,28.971996307373047,452.2906799316406,170.1070556640625,38.061553955078125,121.17253112792969,91.4298095703125,111.2554702758789,248.47825622558594,35.23717498779297,102.4897689819336,55.001182556152344,308.7489013671875,221.99436950683594,157.36805725097656,81.54708099365234,250.4556427001953,100.2436294555664,16.18008041381836,143.91050720214844,127.31233215332031,16.291603088378906,235.07000732421875,190.68820190429688,39.36024475097656,39.25017166137695,74.5049057006836
2022-06-24,138.8722686767578,130.7697296142578,387.7200012207031,116.45999908447266,29.17971420288086,461.2127990722656,182.75819396972656,39.0988655090332,123.16326904296875,94.80388641357422,116.93807983398438,255.31683349609375,36.36748123168945,105.54863739013672,56.032230377197266,322.1413269042969,225.93153381347656,168.6787567138672,82.5487060546875,259.0086364746094,104.8010025024414,17.078580856323242,145.69076538085938,129.14645385742188,16.591981887817383,245.7066650390625,199.28970336914062,38.50639724731445,39.281925201416016,75.98260498046875
2022-06-27,138.8722686767578,131.4564666748047,381.07000732421875,113.22000122070312,29.215837478637695,458.71807861328125,178.22659301757812,38.80629348754883,125.54542541503906,93.66949462890625,114.8154067993164,255.03707885742188,36.386322021484375,104.70294189453125,55.91667938232422,320.5135192871094,225.1386260986328,168.01458740234375,83.68326568603516,256.2898864746094,102.56407165527344,16.822298049926758,145.88368225097656,128.1623077392578,16.42598533630371,244.9199981689453,197.39874267578125,38.50639724731445,39.40892028808594,77.84500122070312
2022-06-28,134.7352752685547,130.8984832763672,365.6300048828125,107.4000015258789,29.134553909301758,446.2063293457031,168.5441131591797,38.176815032958984,127.56168365478516,93.00049591064453,111.02303314208984,243.72377014160156,35.58568572998047,104.19912719726562,55.356719970703125,310.24005126953125,221.31082153320312,159.28125,81.44957733154297,248.15289306640625,95.39850616455078,15.937751770019531,143.83155822753906,126.07768249511719,16.291603088378906,232.663330078125,192.12338256835938,38.12858963012695,38.85327911376953,80.00468444824219
2022-06-29,136.49005126953125,132.31488037109375,368.5,108.91999816894531,28.773311614990234,447.37744140625,167.7085723876953,38.0172233581543,125.04344940185547,92.73870849609375,110.7197265625,247.0798797607422,35.124149322509766,103.7313232421875,55.75669479370117,314.4313659667969,225.78573608398438,162.51290893554688,81.99913787841797,251.8101806640625,95.83474731445312,15.498969078063965,146.2169189453125,127.22285461425781,16.560365676879883,228.49000549316406,193.46163940429688,38.49128723144531,38.71040344238281,77.04933166503906
2022-06-30,134.0294952392578,131.47364807128906,366.05999755859375,106.20999908447266,28.11403465270996,456.3660583496094,162.23329162597656,37.8044319152832,123.17176818847656,91.52676391601562,108.00528717041016,247.4407196044922,35.23717498779297,101.31119537353516,55.91667938232422,307.5011901855469,225.0019073486328,159.84628295898438,80.8114013671875,248.4915313720703,94.86015319824219,15.11703109741211,146.15553283691406,128.64541625976562,16.568265914916992,224.47332763671875,190.93064880371094,38.347721099853516,38.60246658325195,74.88088989257812
2022-07-01,136.19595336914062,132.02301025390625,368.4800109863281,109.55999755859375,28.502370834350586,462.5362854003906,165.33953857421875,37.76897430419922,124.64359283447266,93.21381378173828,107.78177642822266,251.7801971435547,34.22932434082031,102.60672760009766,57.223270416259766,310.1914367675781,230.54310607910156,158.6368865966797,81.91937255859375,251.15219116210938,93.91341400146484,14.482792854309082,148.54965209960938,130.72103881835938,16.844932556152344,227.26333618164062,193.1513214111328,39.02022933959961,38.93583679199219,76.55094146728516
2022-07-05,138.7742156982422,132.1345977783203,376.489990234375,113.5,28.213376998901367,464.9167785644531,169.27151489257812,37.5363883972168,121.36819458007812,94.22215270996094,112.26749420166016,255.9753875732422,34.55899429321289,102.21643829345703,56.24555587768555,311.1855163574219,229.93247985839844,166.7258758544922,82.1143798828125,254.3160858154297,96.82791900634766,14.92257308959961,148.21641540527344,129.45957946777344,16.73426628112793,233.06666564941406,194.47015380859375,38.85398483276367,39.45020294189453,74.1551513671875
2022-07-06,140.10745239257812,130.93280029296875,382.8299865722656,114.33000183105469,27.97856903076172,469.09686279296875,169.79251098632812,38.18942642211914,119.76875305175781,93.15563201904297,113.56498718261719,255.840087890625,34.84157180786133,101.55390930175781,56.361106872558594,312.0726013183594,229.176025390625,168.29212951660156,82.5487060546875,257.5669860839844,96.74439239501953,15.088112831115723,149.698486328125,130.66738891601562,16.67102813720703,231.73333740234375,195.03260803222656,38.92198944091797,39.7296028137207,72.8173828125
2022-07-07,143.46998596191406,130.47789001464844,390.8900146484375,116.33000183105469,28.773311614990234,471.2869873046875,173.63600158691406,38.663551330566406,122.09986877441406,94.46453857421875,117.7389907836914,258.64581298828125,35.924781799316406,104.1224594116211,55.91667938232422,316.3580627441406,230.5248565673828,170.69105529785156,82.44235229492188,259.6858825683594,100.3642807006836,15.814094543457031,149.4003448486328,130.62265014648438,16.718456268310547,244.5433349609375,196.6617889404297,38.799564361572266,39.789939880371094,75.14320373535156
2022-07-08,144.14639282226562,131.20753479003906,389.44000244140625,115.54000091552734,28.71009063720703,477.5619201660156,172.51539611816406,38.81563186645508,121.46177673339844,92.94233703613281,118.3044662475586,258.4473876953125,35.78348922729492,103.79572296142578,56.121116638183594,315.3721618652344,230.79827880859375,169.39247131347656,82.23846435546875,258.969970703125,100.17864227294922,15.79415225982666,150.73330688476562,129.74586486816406,16.660785675048828,250.76333618164062,197.408447265625,38.631248474121094,39.815330505371094,75.265625
2022-07-11,142.01905822753906,131.53370666503906,384.1600036621094,111.75,28.412059783935547,475.048095703125,171.39479064941406,38.69039535522461,120.38980865478516,90.7898941040039,114.65977478027344,258.37518310546875,35.039371490478516,102.43429565429688,55.94334411621094,316.4752197265625,230.83474731445312,161.46209716796875,83.58576965332031,255.92214965820312,97.56116485595703,15.1100492477417,149.4967803955078,130.65841674804688,16.54864501953125,234.3433380126953,198.85333251953125,38.63888931274414,39.831207275390625,74.88088989257812
2022-07-12,142.9896240234375,130.87274169921875,375.5400085449219,109.22000122070312,28.321746826171875,467.1164245605469,163.50132751464844,38.34151077270508,118.18639373779297,90.75110626220703,113.01834106445312,257.2294006347656,35.04879379272461,102.53411865234375,55.70336151123047,315.1767578125,229.19427490234375,161.8487091064453,82.96529388427734,245.43414306640625,96.30812072753906,15.040243148803711,148.6461181640625,129.5043182373047,16.500581741333008,233.07000732421875,198.62059020996094,38.853126525878906,39.71055221557617,73.88411712646484
2022-07-13,142.62689208984375,130.6066131591797,371.94000244140625,110.4000015258789,27.852127075195312,468.6874694824219,160.70965576171875,38.1983757019043,117.39521026611328,90.1112060546875,110.37478637695312,259.08795166015625,35.04879379272461,101.57203674316406,55.44560623168945,315.6747131347656,230.27877807617188,162.06680297851562,83.11597442626953,244.51498413085938,97.56116485595703,15.122014999389648,149.17230224609375,130.354248046875,16.38043975830078,237.0399932861328,197.97084045410156,38.64653778076172,39.80580520629883,74.181396484375
2022-07-14,145.54823303222656,130.34671020507812,372.9599914550781,110.62999725341797,27.210918426513672,487.46466064453125,158.3013153076172,37.86738967895508,115.65116882324219,89.044677734375,109.39744567871094,261.1629333496094,35.5197639465332,98.02322387695312,55.26782989501953,317.2952575683594,230.21499633789062,156.67417907714844,83.21347045898438,245.83084106445312,95.8069076538086,15.329440116882324,149.94406127929688,129.9695281982422,16.284318923950195,238.31333923339844,199.67762756347656,38.631248474121094,40.58369827270508,72.6949691772461
2022-07-15,147.21478271484375,133.10195922851562,379.8599853515625,113.55000305175781,29.125526428222656,497.94830322265625,164.5334930419922,38.52936553955078,117.10592651367188,92.30241394042969,110.79505920410156,263.8062744140625,36.37690353393555,102.51596069335938,55.55226135253906,324.6558532714844,232.41139221191406,163.26626586914062,84.1707763671875,248.38510131835938,97.18060302734375,15.71835994720459,150.06683349609375,129.79058837890625,16.4765567779541,240.06666564941406,203.6825714111328,39.0367546081543,40.98058319091797,73.91907501220703
2022-07-18,144.17579650878906,129.5928955078125,375.2300109863281,113.76000213623047,29.134553909301758,491.6162414550781,165.03482055664062,38.108917236328125,118.74788665771484,92.78720092773438,108.07170867919922,264.3836669921875,36.461673736572266,101.46312713623047,54.7967529296875,323.13299560546875,230.05096435546875,165.77423095703125,81.84844207763672,245.9953155517578,96.47518920898438,16.056425094604492,147.55870056152344,128.2159423828125,16.44451332092285,240.54666137695312,200.93829345703125,38.47055435180664,40.88532638549805,75.28308868408203
2022-07-19,148.02847290039062,129.74020385742188,387.8299865722656,118.20999908447266,30.118955612182617,495.3583068847656,170.8541259765625,39.388160705566406,123.02715301513672,96.57818603515625,112.8096923828125,270.5003967285156,37.883975982666016,103.97724151611328,55.57893371582031,332.27996826171875,233.76937866210938,174.24981689453125,81.86619567871094,251.10386657714844,101.34815216064453,16.944957733154297,149.13719177246094,128.86907958984375,16.660785675048828,245.52999877929688,207.19305419921875,38.60063934326172,41.13615798950195,77.18046569824219
2022-07-20,150.02828979492188,127.9639892578125,401.489990234375,122.7699966430664,30.12798500061035,499.13861083984375,179.34719848632812,39.47761535644531,124.65211486816406,100.2043685913086,112.89889526367188,272.7288513183594,38.2042236328125,103.95906829833984,54.66342544555664,333.1488342285156,232.01956176757812,181.49615478515625,79.46408081054688,253.75491333007812,103.1302719116211,17.757699966430664,147.55870056152344,126.64134216308594,16.404464721679688,247.5,206.91180419921875,37.544769287109375,41.479061126708984,78.02861022949219
2022-07-21,152.2928466796875,128.0159454345703,408.9100036621094,124.62999725341797,30.3898868560791,504.1471252441406,182.19789123535156,39.880184173583984,123.69923400878906,101.00908660888672,113.33502960205078,275.1647033691406,38.251319885253906,104.66703796386719,54.53899002075195,338.6643371582031,231.0078887939453,181.5754852294922,79.89842224121094,256.2414855957031,103.60363006591797,18.000030517578125,147.77789306640625,126.7611083984375,15.154908180236816,271.7066650390625,209.646484375,36.46592712402344,42.085506439208984,76.7258071899414
2022-07-22,151.0576629638672,128.6398162841797,401.8999938964844,122.41999816894531,30.191198348999023,504.3946228027344,179.3668670654297,39.7728271484375,122.66985321044922,99.5935287475586,106.95164489746094,276.59918212890625,36.9232177734375,104.15876007080078,54.74342727661133,335.6966857910156,231.4818115234375,167.79647827148438,79.87183380126953,251.90695190429688,101.28319549560547,17.27104949951172,148.7426300048828,128.78720092773438,14.738386154174805,272.24334716796875,207.23182678222656,34.0098762512207,41.97755432128906,76.13997650146484
2022-07-25,149.9400634765625,130.1560821533203,391.9599914550781,121.13999938964844,30.462135314941406,503.8424072265625,174.27493286132812,39.66547393798828,126.319580078125,99.56443786621094,106.5650634765625,276.20220947265625,36.88554000854492,104.57626342773438,55.27672576904297,336.0187683105469,228.19175720214844,165.19927978515625,80.24410247802734,250.42662048339844,101.43169403076172,16.976869583129883,148.9530792236328,129.66067504882812,14.842514991760254,268.4333190917969,207.78457641601562,34.24706268310547,41.9172248840332,78.67564392089844
2022-07-26,148.6166534423828,130.71926879882812,379.260009765625,114.80999755859375,29.848018646240234,487.45513916015625,167.5611114501953,39.20924758911133,125.33268737792969,96.7430191040039,104.09695434570312,269.0118713378906,36.6971549987793,102.94255065917969,56.18333435058594,333.15850830078125,234.30712890625,157.76454162597656,80.91777038574219,243.7216033935547,97.64470672607422,16.487228393554688,150.68948364257812,129.91281127929688,14.658283233642578,258.8599853515625,206.0584716796875,34.36948776245117,38.729454040527344,78.36962127685547
2022-07-27,153.7045135498047,130.96185302734375,392.7799987792969,120.97000122070312,30.335704803466797,497.3389892578125,177.23379516601562,39.93384552001953,126.983154296875,100.34979248046875,112.0662841796875,269.6704406738281,37.846290588378906,104.59442901611328,56.00558090209961,335.10113525390625,235.94760131835938,168.10377502441406,80.86457824707031,260.014892578125,100.11367797851562,17.740745544433594,150.47897338867188,131.14645385742188,14.730376243591309,274.82000732421875,204.099609375,34.36183547973633,40.19316864013672,80.06588745117188
2022-07-28,154.25350952148438,129.74888610839844,403.5,122.27999877929688,30.09186363220215,511.42706298828125,178.20692443847656,40.81052780151367,127.94451141357422,101.70718383789062,113.21609497070312,270.320068359375,37.403587341308594,104.20414733886719,56.93885040283203,344.062744140625,240.11260986328125,159.3209228515625,79.72113800048828,267.4358215332031,104.16983795166016,17.9342098236084,153.32913208007812,133.32562255859375,14.88256549835205,280.8999938964844,204.9529571533203,34.85151290893555,41.196475982666016,81.00145721435547
2022-07-29,159.3119659423828,124.34227752685547,410.1199951171875,134.9499969482422,30.534387588500977,516.3106079101562,180.89051818847656,40.58688735961914,139.33607482910156,102.87065887451172,115.2976303100586,271.5018310546875,34.201072692871094,104.70333862304688,57.03662109375,345.370849609375,240.03062438964844,157.7150115966797,79.1893081665039,271.6252746582031,106.66664123535156,18.112714767456055,153.4343719482422,125.0862045288086,15.042763710021973,297.1499938964844,205.68997192382812,35.34119415283203,41.92675018310547,84.75250244140625
2022-08-01,158.3316192626953,121.49169921875,411.0899963378906,135.38999938964844,30.444074630737305,521.5662231445312,179.86817932128906,40.50637435913086,136.55410766601562,102.98699951171875,113.85047149658203,275.90460205078125,34.81331253051758,103.6595687866211,57.34770202636719,342.1982116699219,240.81436157226562,158.53778076171875,78.47134399414062,268.98388671875,106.0911636352539,18.38994789123535,155.17953491210938,128.67913818359375,15.002714157104492,297.27667236328125,204.96266174316406,35.39475631713867,42.082332611083984,82.61032104492188
2022-08-02,156.86114501953125,121.63899993896484,409.9599914550781,134.16000366210938,29.838985443115234,518.3709106445312,180.66439819335938,40.184329986572266,135.38856506347656,101.52295684814453,114.11808013916016,271.29437255859375,33.91849136352539,102.04399108886719,56.56553649902344,340.7046203613281,237.9161376953125,158.7955322265625,77.65586853027344,265.8974914550781,103.74286651611328,18.474712371826172,153.89913940429688,127.82366943359375,14.70634651184082,300.586669921875,200.0170135498047,34.69083786010742,42.12677764892578,82.2518081665039
2022-08-03,162.86070251464844,122.34080505371094,424.5400085449219,139.52000427246094,30.380857467651367,521.7571411132812,186.42474365234375,40.89104461669922,132.17274475097656,105.70176696777344,117.04216003417969,276.40069580078125,34.39887237548828,103.11499786376953,56.814414978027344,345.7028503417969,238.86402893066406,167.33058166503906,77.66473388671875,273.2991027832031,106.07258605957031,18.840694427490234,155.07427978515625,130.4621124267578,14.71435546875,307.39666748046875,202.16981506347656,34.683189392089844,41.43461990356445,79.58499145507812
2022-08-04,162.5469970703125,120.36536407470703,430.5899963378906,142.57000732421875,30.164108276367188,518.19921875,188.01722717285156,40.595829010009766,128.58258056640625,104.82917785644531,117.15119934082031,277.1224670410156,33.927913665771484,101.98045349121094,56.592201232910156,347.5965881347656,237.5425262451172,169.0851593017578,76.95561218261719,274.4407958984375,106.25823211669922,19.161802291870117,154.232421875,130.25494384765625,14.634260177612305,308.6333312988281,207.0087890625,33.99457550048828,39.86930465698242,76.23616027832031
2022-08-05,162.3212127685547,119.60286712646484,433.42999267578125,140.8000030517578,30.669851303100586,515.7096557617188,186.93594360351562,40.26483917236328,130.70947265625,103.384521484375,116.43753814697266,279.39593505859375,33.67102813720703,105.0663833618164,56.33443832397461,349.0023193359375,236.2574920654297,165.65528869628906,77.4786148071289,273.7248229980469,105.69204711914062,18.93642807006836,153.07481384277344,130.3180389404297,14.698336601257324,288.1700134277344,209.33615112304688,34.39244079589844,40.18999099731445,77.33786010742188
2022-08-08,161.8499755859375,121.5956802368164,434.3399963378906,139.41000366210938,30.245389938354492,516.8831176757812,186.5230712890625,40.27378845214844,130.51377868652344,105.78903198242188,116.26901245117188,281.45294189453125,33.66151428222656,103.78663635253906,55.97001266479492,343.7796325683594,234.0427703857422,168.76797485351562,78.4358901977539,271.2189025878906,105.81270599365234,17.74373435974121,152.46095275878906,130.81326293945312,14.417988777160645,290.42333984375,206.86334228515625,34.078739166259766,40.51702117919922,77.77505493164062
2022-08-09,161.89910888671875,121.51770782470703,426.57000732421875,137.8300018310547,30.633729934692383,511.0837707519531,179.1407928466797,40.184329986572266,132.21527099609375,104.8388671875,115.60490417480469,275.3542175292969,32.84328842163086,104.72148895263672,56.04112243652344,338.2933044433594,237.01393127441406,167.06292724609375,79.348876953125,273.1346130371094,102.20207214355469,17.0386962890625,153.0309600830078,130.50711059570312,14.498085021972656,283.3333435058594,203.89596557617188,34.185848236083984,40.91707992553711,79.20903015136719
2022-08-10,166.13992309570312,122.11554718017578,438.3999938964844,142.69000244140625,31.672311782836914,514.89892578125,185.40245056152344,41.16836166381836,132.56410217285156,109.00798797607422,118.64791870117188,281.10113525390625,33.652000427246094,107.45343017578125,56.57442855834961,344.97064208984375,238.19869995117188,176.78753662109375,79.0563735961914,279.7718811035156,105.01446533203125,18.046892166137695,154.29379272460938,131.74078369140625,14.42599868774414,294.3566589355469,205.6802978515625,34.308284759521484,41.002803802490234,79.9609603881836
2022-08-11,165.40370178222656,123.10327911376953,434.8900146484375,140.63999938964844,32.430931091308594,507.6308288574219,183.5543975830078,41.06101989746094,135.7969512939453,114.10789489746094,117.79547119140625,280.29815673828125,33.86131286621094,109.04176330566406,56.19222640991211,342.23724365234375,236.30303955078125,175.94493103027344,78.82589721679688,277.7013244628906,105.90550994873047,17.89232635498047,153.5045166015625,130.8042755126953,14.450026512145996,286.6300048828125,205.05369567871094,34.262367248535156,41.39823532104492,82.27408599853516
2022-08-12,168.9475555419922,123.5538330078125,445.6700134277344,143.5500030517578,32.78314208984375,512.4095458984375,186.66065979003906,41.69615936279297,135.9926300048828,117.86979675292969,120.61051940917969,284.0873107910156,34.356056213378906,110.84793853759766,56.618865966796875,345.8394775390625,238.9459991455078,178.92869567871094,80.67843627929688,282.4326171875,107.7340316772461,18.65719985961914,155.51278686523438,132.07394409179688,14.634260177612305,300.0299987792969,205.29653930664062,34.545467376708984,42.163570404052734,82.98918914794922
2022-08-15,170.0176239013672,123.28524780273438,451.0199890136719,143.17999267578125,32.73799133300781,520.55517578125,187.81077575683594,41.67827606201172,133.40634155273438,120.47792053222656,121.00698852539062,283.83465576171875,34.574886322021484,111.1474609375,57.3299446105957,351.38421630859375,241.91714477539062,179.31533813476562,80.30615234375,283.9419250488281,107.9660873413086,18.979307174682617,157.22288513183594,133.77587890625,14.730376243591309,309.32000732421875,210.24122619628906,34.859169006347656,42.28474044799805,81.50597381591797
2022-08-16,169.8605499267578,123.51051330566406,447.55999755859375,144.77999877929688,33.09020233154297,527.4896240234375,186.3657989501953,41.83929443359375,133.06602478027344,121.1566162109375,120.63034057617188,295.35546875,34.43217086791992,112.20938110351562,57.8010139465332,350.700927734375,242.69183349609375,177.90769958496094,80.2972640991211,283.20660400390625,109.58113098144531,18.826732635498047,158.1349334716797,135.009521484375,14.874555587768555,306.5633239746094,210.94064331054688,35.04279708862305,44.44362258911133,80.74671936035156
2022-08-17,171.3526611328125,122.54875183105469,437.82000732421875,142.10000610351562,32.882484436035156,530.6373291015625,184.7635040283203,41.74089431762695,134.1635284423828,119.07205200195312,118.4992446899414,293.8939514160156,34.04208755493164,111.26544952392578,57.667686462402344,346.87420654296875,243.17486572265625,173.3279266357422,80.69617462158203,282.4600524902344,108.63439178466797,18.284238815307617,158.04721069335938,134.38821411132812,14.75440788269043,303.9966735839844,208.39544677734375,34.69083786010742,44.491455078125,81.40003204345703
2022-08-18,170.9600067138672,122.4188003540039,439.0299987792969,142.3000030517578,32.76509094238281,535.0631713867188,184.73399353027344,44.165184020996094,136.51571655273438,118.93630981445312,119.11378479003906,293.3976745605469,34.44168472290039,110.40318298339844,57.96989822387695,348.8558654785156,242.9561309814453,173.13955688476562,81.0152587890625,281.3451232910156,107.6783676147461,18.721025466918945,158.20506286621094,134.86546325683594,14.76241683959961,302.8699951171875,209.1046142578125,33.810943603515625,44.347957611083984,83.32466888427734
2022-08-19,168.37823486328125,122.90403747558594,425.05999755859375,138.22999572753906,32.04259490966797,528.9299926757812,180.6447296142578,43.565818786621094,135.3739471435547,116.48332214355469,116.17982482910156,289.8883056640625,33.66151428222656,107.67124938964844,57.925453186035156,345.84912109375,242.91964721679688,166.49789428710938,81.61798095703125,277.447265625,105.03304290771484,17.799583435058594,158.00338745117188,134.82943725585938,14.76241683959961,296.6666564941406,206.7440185546875,33.98691940307617,43.69422149658203,83.05982208251953
2022-08-22,164.50054931640625,121.5956802368164,411.3500061035156,133.22000122070312,31.35622215270996,520.2882080078125,173.97023010253906,42.68019485473633,134.6957550048828,112.4111557006836,113.23592376708984,281.6694641113281,32.196311950683594,105.89230346679688,57.06327819824219,337.28778076171875,239.6478271484375,161.630615234375,80.80254364013672,269.3027648925781,102.41555786132812,16.986841201782227,156.49497985839844,134.46922302246094,14.522115707397461,289.913330078125,202.65420532226562,33.79564666748047,42.91295623779297,82.9980239868164
2022-08-23,164.16677856445312,120.45199584960938,410.4100036621094,133.6199951171875,31.076250076293945,517.045166015625,173.00689697265625,42.41181945800781,139.06544494628906,111.36402893066406,112.85926055908203,276.87884521484375,32.300968170166016,104.84854125976562,57.12550354003906,332.7778015136719,237.451416015625,159.70751953125,79.95159912109375,268.0326232910156,102.73115539550781,17.13343048095703,156.42481994628906,131.87583923339844,14.466049194335938,296.4533386230469,200.89588928222656,33.260047912597656,42.7311897277832,86.52063751220703
2022-08-24,164.46128845214844,119.49026489257812,405.6499938964844,133.8000030517578,31.175600051879883,518.1420288085938,176.94866943359375,42.10767364501953,140.09561157226562,112.86685180664062,112.69074249267578,277.9704895019531,32.2153434753418,105.10269165039062,57.205509185791016,331.6259460449219,237.7430419921875,161.8388214111328,79.78317260742188,267.40240478515625,103.4087142944336,17.174320220947266,157.20535278320312,131.30856323242188,14.42599868774414,297.0966796875,200.76962280273438,33.32126235961914,43.04051208496094,87.03269958496094
2022-08-25,166.91549682617188,120.7205810546875,403.92999267578125,137.27999877929688,31.73553466796875,525.343505859375,170.9524383544922,42.28657913208008,141.32321166992188,113.88489532470703,115.6247329711914,279.4771728515625,33.1953125,107.5986328125,57.48103332519531,336.4678649902344,239.29234313964844,167.31076049804688,80.0136489868164,270.36932373046875,105.08875274658203,17.863407135009766,157.21412658691406,131.20050048828125,14.490077018737793,296.07000732421875,203.82965087890625,33.466636657714844,43.327510833740234,87.48295593261719
2022-08-26,160.62289428710938,118.13863372802734,381.0199890136719,130.75,30.733068466186523,507.2683410644531,162.42005920410156,41.05207061767578,140.2844696044922,110.59806060791016,109.37017822265625,268.9396667480469,31.73963165283203,104.07706451416016,56.09444808959961,324.06024169921875,234.17958068847656,160.37168884277344,79.11839294433594,259.93658447265625,100.50350189208984,16.214988708496094,153.5045166015625,128.12982177734375,14.329878807067871,288.0899963378906,197.0974884033203,33.09172439575195,41.965858459472656,86.4058837890625
2022-08-29,158.4239501953125,117.5840835571289,375.260009765625,129.7899932861328,30.61567497253418,506.5434875488281,157.48544311523438,40.89104461669922,141.33181762695312,110.07450103759766,108.45828247070312,267.3337707519531,31.34002685546875,103.82293701171875,55.75669479370117,321.5124206542969,233.0038299560547,157.7843780517578,77.63813018798828,257.16351318359375,100.1322250366211,15.757251739501953,153.02220153808594,127.58954620361328,14.241767883300781,284.82000732421875,196.55345153808594,33.15293502807617,42.37403106689453,88.39231872558594
2022-08-30,155.9991912841797,117.44546508789062,375.07000732421875,128.72999572753906,30.78725814819336,499.94293212890625,156.95458984375,40.4705924987793,137.88934326171875,109.00798797607422,107.98249816894531,264.4287414550781,30.693056106567383,103.84109497070312,55.241172790527344,320.0090637207031,231.02613830566406,155.79190063476562,77.00880432128906,254.97222900390625,100.11367797851562,15.425176620483398,151.70677185058594,126.22982788085938,14.27380657196045,277.70001220703125,195.630615234375,32.540828704833984,42.24647521972656,85.02861022949219
2022-08-31,154.3401336669922,116.50104522705078,373.44000244140625,126.7699966430664,30.353763580322266,497.9971008300781,153.46498107910156,40.00541305541992,135.6915740966797,108.66863250732422,107.26883697509766,261.9043884277344,30.36957359313965,103.22392272949219,54.8500862121582,316.65093994140625,231.18190002441406,161.51165771484375,75.66152954101562,253.51785278320312,98.804931640625,15.052212715148926,151.07530212402344,124.21272277832031,14.049529075622559,275.6099853515625,193.03684997558594,31.989944458007812,42.268798828125,84.39295196533203
2022-09-01,155.0666046142578,119.95809936523438,370.5299987792969,127.81999969482422,30.426483154296875,504.7406311035156,150.91903686523438,40.51531982421875,133.52821350097656,109.10494232177734,108.77545928955078,266.3992919921875,30.21734619140625,103.93184661865234,55.10785675048828,317.510009765625,235.02151489257812,163.9205322265625,77.2481460571289,252.48036193847656,98.8420639038086,13.89841365814209,152.60267639160156,125.74356842041016,14.017485618591309,277.1600036621094,194.4163055419922,31.989944458007812,42.88425064086914,82.87442779541016
2022-09-02,152.9559783935547,118.07797241210938,368.1400146484375,127.51000213623047,30.390125274658203,495.14508056640625,151.07632446289062,39.889129638671875,135.51133728027344,107.81541442871094,106.9020767211914,265.064453125,29.703575134277344,103.20575714111328,54.35233688354492,314.8840026855469,233.22543334960938,158.92442321777344,76.43266296386719,248.27239990234375,98.42782592773438,13.609217643737793,150.66920471191406,123.5103530883789,13.769180297851562,270.2099914550781,192.11398315429688,31.599721908569336,42.41229248046875,84.39295196533203
2022-09-06,151.6994171142578,119.2129898071289,368.29998779296875,126.11000061035156,30.053768157958984,494.94482421875,149.13978576660156,39.78177261352539,134.88461303710938,106.73920440673828,105.8712158203125,262.9214172363281,28.885347366333008,103.23299407958984,54.37899398803711,316.36785888671875,233.11546325683594,157.15988159179688,76.60106658935547,245.54786682128906,97.8786392211914,13.42772102355957,149.65390014648438,122.13262939453125,13.448779106140137,274.4200134277344,192.96884155273438,31.446701049804688,42.20183563232422,83.82791137695312
2022-09-07,153.10324096679688,120.18341827392578,379.7200012207031,129.47999572753906,30.51739501953125,505.18896484375,150.6732940673828,40.27378845214844,133.15908813476562,109.26007080078125,108.48800659179688,270.1223449707031,29.161258697509766,105.1934585571289,55.38338851928711,320.7998352050781,236.80845642089844,158.99378967285156,76.99995422363281,250.24070739746094,100.97836303710938,13.680097579956055,152.95582580566406,123.97859954833984,13.512858390808105,283.70001220703125,194.697998046875,31.431398391723633,43.28605270385742,83.11280059814453
2022-09-08,151.63067626953125,121.75165557861328,383.6300048828125,129.82000732421875,31.49918556213379,504.6928405761719,154.231689453125,40.58688735961914,133.88018798828125,108.91104125976562,107.42741394042969,272.3289794921875,29.25640296936035,107.64402770996094,55.21450424194336,322.21533203125,238.32960510253906,160.64923095703125,77.48745727539062,250.65760803222656,101.2110824584961,13.955412864685059,152.44375610351562,124.14069366455078,13.432758331298828,289.260009765625,194.97975158691406,31.615032196044922,43.50608825683594,83.7926025390625
2022-09-09,154.48739624023438,122.53141021728516,394.7799987792969,133.27000427246094,31.7628116607666,511.8086242675781,159.82493591308594,40.944725036621094,137.331298828125,111.67428588867188,109.6774673461914,272.21087646484375,29.93191909790039,108.16136169433594,55.392276763916016,327.8577575683594,237.81643676757812,167.6775360107422,77.41655731201172,256.41693115234375,103.29618835449219,14.351434707641602,152.92935180664062,126.03172302246094,13.64101791381836,299.67999267578125,199.34158325195312,32.318946838378906,43.63683319091797,85.19635009765625
2022-09-12,160.43637084960938,123.2419204711914,396.3599853515625,136.4499969482422,32.06281280517578,514.6128540039062,162.81324768066406,41.508296966552734,139.5032501220703,112.84745788574219,109.88561248779297,270.18597412109375,30.027057647705078,109.44112396240234,55.55226135253906,330.3665771484375,238.5953826904297,167.48916625976562,78.14337158203125,258.5403137207031,104.60865783691406,14.46914005279541,153.5296630859375,127.05823516845703,13.921368598937988,304.4200134277344,200.73077392578125,32.71681213378906,44.0290641784668,86.17632293701172
2022-09-13,151.0220489501953,120.02743530273438,368.3900146484375,126.81999969482422,30.908294677734375,486.7418212890625,155.4113311767578,39.459712982177734,136.85055541992188,108.35838317871094,103.4030990600586,252.37875366210938,27.867319107055664,105.63816833496094,53.74793243408203,317.6955261230469,233.0605010986328,151.79698181152344,76.47698974609375,244.3262176513672,98.40922546386719,13.098535537719727,147.7998809814453,124.42882537841797,13.480817794799805,292.1300048828125,193.9694366455078,31.94403076171875,43.12023162841797,84.16340637207031
2022-09-14,152.4651336669922,120.91121673583984,371.5199890136719,128.5500030517578,30.790115356445312,484.5478820800781,157.55422973632812,39.32554244995117,140.164306640625,109.07585906982422,104.0771255493164,250.93495178222656,27.762662887573242,105.39311218261719,54.03235626220703,318.0957336425781,234.33419799804688,150.1514129638672,77.69218444824219,244.54922485351562,99.6007080078125,13.095544815063477,148.92115783691406,124.72599792480469,13.432758331298828,302.6099853515625,193.71688842773438,31.584421157836914,43.02455139160156,86.22929382324219
2022-09-15,149.57896423339844,123.47584533691406,309.1300048828125,126.27999877929688,31.371917724609375,480.2557373046875,152.1477813720703,38.72617721557617,137.88934326171875,107.39850616455078,102.00550079345703,246.57623291015625,27.43917465209961,106.9814682006836,53.298194885253906,309.4172058105469,232.2723846435547,148.24815368652344,77.51348114013672,237.9171905517578,98.20442199707031,12.8970365524292,146.44915771484375,123.76248168945312,13.424747467041016,303.75,189.79217529296875,31.393136978149414,42.56217575073242,83.72196960449219
2022-09-16,147.93955993652344,124.81885528564453,299.5,123.52999877929688,31.01738166809082,480.8661804199219,148.93338012695312,38.7351188659668,134.30941772460938,104.9552230834961,101.89647674560547,250.59898376464844,27.819744110107422,106.26444244384766,53.30714797973633,307.6308288574219,233.59197998046875,145.01651000976562,78.38019561767578,237.2966766357422,96.91986846923828,13.165369033813477,147.4114532470703,124.5188980102539,13.408726692199707,303.3500061035156,187.78131103515625,31.561471939086914,42.4728889465332,82.2917251586914
2022-09-19,151.65029907226562,123.60582733154297,296.05999755859375,124.66000366210938,31.535552978515625,483.1839904785156,150.2309112548828,38.7351188659668,134.6957550048828,105.84721374511719,102.16409301757812,254.63983154296875,28.01003646850586,107.24468231201172,53.710044860839844,306.5570373535156,235.516357421875,146.7314453125,77.41519927978516,237.0833740234375,99.79618835449219,13.348916053771973,148.96527099609375,124.25775146484375,13.424747467041016,309.07000732421875,187.6161651611328,31.55381965637207,42.836429595947266,82.28290557861328
2022-09-20,154.0260009765625,122.83467864990234,291.05999755859375,122.19000244140625,31.062837600708008,476.4594421386719,147.25247192382812,38.09103012084961,134.1635284423828,104.29590606689453,100.25105285644531,248.96446228027344,27.553348541259766,105.12992095947266,53.62947082519531,305.8150634765625,234.04098510742188,144.81825256347656,76.84333038330078,235.07638549804688,95.33741760253906,13.143424034118652,149.13302612304688,123.81651306152344,13.264546394348145,308.7300109863281,186.58641052246094,31.056489944458008,42.58767318725586,81.61193084716797
2022-09-21,150.90426635742188,121.56969451904297,286.29998779296875,118.54000091552734,30.135589599609375,470.3072509765625,145.11935424804688,37.20539855957031,133.0732421875,101.30965423583984,98.40739440917969,246.60348510742188,27.087146759033203,102.09844970703125,53.18180465698242,297.25384521484375,230.08226013183594,140.88282775878906,75.52985382080078,231.68280029296875,92.8892822265625,13.228215217590332,148.70924377441406,122.2226791381836,13.016240119934082,300.79998779296875,181.6806182861328,30.20719337463379,42.97673797607422,80.29646301269531
2022-09-22,149.9422149658203,123.9090576171875,287.05999755859375,117.30999755859375,29.544689178466797,464.6795959472656,147.59649658203125,36.81178665161133,132.97019958496094,99.05059051513672,99.25983428955078,244.39688110351562,26.706579208374023,100.93669128417969,53.05646514892578,291.2599182128906,227.20484924316406,141.57675170898438,78.19255828857422,233.6510009765625,91.73504638671875,12.529945373535156,148.85052490234375,122.6549072265625,13.00822639465332,288.5899963378906,180.48570251464844,30.551504135131836,42.536659240722656,79.9609603881836
2022-09-23,147.67454528808594,123.952392578125,284.55999755859375,113.77999877929688,28.84471321105957,444.8684387207031,144.50991821289062,36.37343978881836,124.2823715209961,96.47154235839844,97.87214660644531,246.0313720703125,26.18329429626465,99.05792236328125,52.465553283691406,286.5935974121094,225.38131713867188,139.18771362304688,77.54027557373047,230.68409729003906,90.31083679199219,12.48505687713623,148.7799072265625,122.08759307861328,12.824000358581543,275.3299865722656,178.7079620361328,30.237802505493164,41.47475814819336,75.70557403564453
2022-09-26,148.00828552246094,122.3494873046875,276.9599914550781,115.1500015258789,28.208364486694336,458.12677001953125,143.8316192626953,36.301883697509766,121.01155090332031,95.133544921875,97.30716705322266,242.07217407226562,25.660003662109375,96.92501068115234,51.81196975708008,283.20623779296875,223.3744354248047,135.182861328125,77.00418090820312,230.22840881347656,89.41722869873047,12.197769165039062,148.71807861328125,122.20466613769531,12.551658630371094,276.010009765625,175.4341583251953,29.7863826751709,41.873374938964844,74.14291381835938
2022-09-27,148.9801788330078,122.79136657714844,277.57000732421875,114.41000366210938,27.790193557739258,456.2191162109375,146.3579559326172,36.248199462890625,121.06306457519531,92.93262481689453,96.6430435180664,243.9882354736328,25.583892822265625,96.07183837890625,50.47795104980469,279.6626281738281,216.90484619140625,133.23001098632812,76.70037841796875,229.22003173828125,89.6313247680664,12.382312774658203,146.56390380859375,118.84584045410156,12.599717140197754,282.94000244140625,172.7918243408203,29.75577163696289,41.75857162475586,75.69673919677734
2022-09-28,147.09530639648438,125.28672790527344,281.3999938964844,118.01000213623047,28.244728088378906,465.7478332519531,147.6161651611328,36.981754302978516,125.14944458007812,96.37457275390625,99.170654296875,256.2470703125,25.81223487854004,98.01415252685547,51.01513671875,283.2745361328125,217.1248016357422,140.37728881835938,77.54027557373047,233.73831176757812,91.87466430664062,12.704513549804688,148.9123077392578,118.84584045410156,12.679819107055664,287.80999755859375,174.06442260742188,30.138334274291992,42.44737243652344,78.45128631591797
2022-09-29,139.8701629638672,123.65780639648438,278.25,114.80000305175781,27.872007369995117,456.8676452636719,144.31332397460938,36.292930603027344,124.2823715209961,94.48392486572266,96.56375885009766,252.74192810058594,25.098663330078125,96.35319519042969,50.64805603027344,279.9456787109375,214.79721069335938,135.22256469726562,77.41519927978516,230.27688598632812,88.73771667480469,12.189789772033691,147.09359741210938,115.89224243164062,12.439517974853516,268.2099914550781,174.91928100585938,29.564489364624023,42.17313766479492,78.29235076904297
2022-09-30,135.66856384277344,116.28443908691406,275.20001220703125,113.0,27.453838348388672,450.4674377441406,141.39381408691406,35.783023834228516,123.33802032470703,91.45890045166016,94.80931091308594,250.57171630859375,24.518295288085938,94.8465576171875,50.15563201904297,277.57354736328125,211.44332885742188,134.4989013671875,76.95055389404297,225.8167724609375,77.37207794189453,12.108989715576172,144.1360321044922,113.68606567382812,12.287328720092773,265.25,172.57809448242188,29.051855087280273,41.35995864868164,77.08283233642578
2022-10-03,139.84068298339844,119.84549713134766,285.239990234375,115.87999725341797,28.26290512084961,455.6754455566406,145.384765625,36.9370231628418,130.25741577148438,94.17366790771484,97.77302551269531,257.61822509765625,25.660003662109375,97.77816772460938,50.719688415527344,283.5674133300781,215.65859985351562,137.40338134765625,78.2282943725586,233.41836547851562,79.4944076538086,12.481066703796387,145.89291381835938,115.72114562988281,12.73589038848877,242.39999389648438,176.46389770507812,29.962350845336914,42.26241683959961,81.15283203125
2022-10-04,143.423828125,123.02530670166016,294.9700012207031,121.08999633789062,29.435604095458984,463.6875915527344,153.08160400390625,37.758644104003906,135.32244873046875,98.35248565673828,100.74665832519531,262.93951416015625,26.354549407958984,102.35260009765625,50.83607482910156,294.1006774902344,218.55433654785156,139.05886840820312,78.97886657714844,241.310791015625,82.51034545898438,13.134449005126953,147.53504943847656,117.1529541015625,12.888079643249512,249.44000244140625,180.34970092773438,30.45968246459961,42.81090545654297,84.11042022705078
2022-10-05,143.7183074951172,124.18632507324219,297.3800048828125,120.94999694824219,29.01743507385254,458.1458435058594,153.57308959960938,37.912139892578125,136.0950927734375,97.73197174072266,100.53849029541016,263.2029724121094,26.297460556030273,101.08885955810547,50.35261154174805,296.9609375,219.094970703125,137.77015686035156,78.97886657714844,241.62106323242188,84.80023956298828,13.17634105682373,146.55506896972656,116.34249114990234,12.759917259216309,240.80999755859375,182.3120574951172,30.145986557006836,42.38678741455078,87.50944519042969
2022-10-06,142.76609802246094,121.55235290527344,298.4100036621094,120.30000305175781,28.599262237548828,460.2156677246094,152.8162078857422,37.4877815246582,138.5760955810547,96.99510955810547,100.5285873413086,263.6932678222656,25.859806060791016,99.0284423828125,49.269264221191406,292.58056640625,215.11795043945312,137.85939025878906,78.13001251220703,239.28433227539062,83.93452453613281,13.097538948059082,143.7299041748047,113.8931884765625,12.489264488220215,238.1300048828125,180.29141235351562,29.440322875976562,41.99135971069336,90.10507202148438
2022-10-07,137.5238800048828,120.22671508789062,288.7699890136719,114.55999755859375,27.953824996948242,446.5376892089844,147.73411560058594,36.35918426513672,137.3828125,94.20276641845703,97.81267547607422,258.1813659667969,24.470720291137695,97.05045318603516,48.803707122802734,288.4150695800781,213.68841552734375,132.28826904296875,78.27296447753906,227.1160430908203,81.1326904296875,12.046146392822266,142.6793212890625,111.9030990600586,12.179476737976074,223.07000732421875,178.58168029785156,28.670080184936523,40.99642562866211,89.19571685791016
2022-10-10,137.84786987304688,119.83679962158203,285.7200012207031,113.66999816894531,27.872007369995117,444.7826232910156,143.16322326660156,36.01607131958008,134.90179443359375,92.26362609863281,96.9998779296875,256.4922790527344,23.97597885131836,96.14384460449219,48.69626998901367,285.2960205078125,215.3011932373047,132.62533569335938,80.84634399414062,222.27777099609375,80.6951904296875,11.641149520874023,142.8646697998047,111.4438705444336,12.146867752075195,222.9600067138672,176.97877502441406,28.491132736206055,41.23878479003906,87.26226043701172
2022-10-11,136.4342498779297,122.60940551757812,284.8299865722656,112.20999908447266,27.062938690185547,450.2289733886719,140.1454315185547,35.73618698120117,134.92755126953125,90.26632690429688,96.32586669921875,256.8828125,23.823749542236328,93.36914825439453,48.7768440246582,279.6933288574219,217.22557067871094,127.42103576660156,81.35565185546875,218.55459594726562,81.9052963256836,11.557356834411621,143.5444793701172,111.86709594726562,12.073500633239746,216.5,174.02557373046875,27.962081909179688,42.30706024169922,86.52063751220703
2022-10-12,135.8059539794922,121.28376007080078,286.1499938964844,112.9000015258789,27.144756317138672,444.8493957519531,139.87017822265625,35.456295013427734,135.33103942871094,90.56690216064453,96.7025146484375,254.730712890625,24.099666595458984,94.88011932373047,49.36775207519531,277.0826721191406,217.23475646972656,126.39009094238281,80.79270935058594,218.88421630859375,82.38934326171875,11.471570014953613,149.5479736328125,112.04717254638672,11.926756858825684,217.24000549316406,173.1512908935547,27.75979232788086,41.8287239074707,86.90029907226562
2022-10-13,140.37078857421875,125.09111785888672,294.739990234375,112.52999877929688,28.808349609375,446.3850402832031,142.96661376953125,36.66615295410156,141.88980102539062,93.6985855102539,98.18933868408203,256.82830810546875,25.136722564697266,100.15481567382812,50.021339416503906,287.4275817871094,226.11436462402344,129.15582275390625,82.64232635498047,227.1160430908203,83.36671447753906,11.93043041229248,154.15650939941406,113.74010467529297,12.326217651367188,221.72000122070312,179.3879852294922,28.319974899291992,42.18269348144531,89.93733215332031
2022-10-14,135.8452606201172,125.108642578125,287.94000244140625,106.9000015258789,28.817440032958984,433.66094970703125,139.80136108398438,36.295982360839844,137.47723388671875,91.57524871826172,95.7113037109375,251.0166473388672,24.651493072509766,101.82147216796875,49.22450256347656,282.2746887207031,222.8246307373047,125.65654754638672,82.36532592773438,221.60879516601562,81.49571990966797,11.199243545532227,150.2542724609375,112.63250732421875,12.22023868560791,204.99000549316406,177.4062042236328,28.304407119750977,41.592750549316406,87.5712661743164
2022-10-17,139.8014373779297,126.3952865600586,293.5,113.79000091552734,30.562843322753906,442.741455078125,144.677001953125,37.289154052734375,138.48165893554688,94.36758422851562,99.09134674072266,255.40261840820312,25.136722564697266,106.0979995727539,49.86017608642578,288.48358154296875,225.8669891357422,132.87313842773438,84.0987777709961,230.30596923828125,83.74836730957031,11.85860824584961,152.49673461914062,114.66758728027344,12.481112480163574,219.35000610351562,179.9611053466797,28.92682456970215,41.89250564575195,88.83374786376953
2022-10-18,141.11688232421875,126.56153106689453,292.9800109863281,116.36000061035156,31.708280563354492,451.4212951660156,150.91903686523438,37.73155975341797,139.69210815429688,95.48258209228516,99.88430786132812,258.853271484375,24.613433837890625,108.82688903808594,50.53166580200195,293.7049255371094,228.35035705566406,131.64398193359375,84.53661346435547,231.24649047851562,83.4784164428711,11.937416076660156,154.55377197265625,115.59508514404297,12.717525482177734,220.19000244140625,181.82630920410156,28.84124183654785,42.77582550048828,88.99267578125
2022-10-19,141.22488403320312,125.27494812011719,299.8299865722656,115.06999969482422,30.835569381713867,449.666259765625,151.05665588378906,37.81282043457031,144.22491455078125,95.97706604003906,98.75432586669922,250.16302490234375,24.737119674682617,106.6932144165039,50.101905822753906,291.1430969238281,229.7799072265625,132.07020568847656,83.33032989501953,229.28790283203125,82.44517517089844,12.021207809448242,153.05291748046875,116.66665649414062,12.668612480163574,222.0399932861328,181.08804321289062,28.452232360839844,42.6546516418457,91.63243103027344
2022-10-20,140.76348876953125,125.09986877441406,302.3800048828125,115.25,30.63557243347168,443.17071533203125,154.82151794433594,37.659332275390625,145.04904174804688,95.5892333984375,99.09134674072266,244.6874542236328,24.813234329223633,106.34523010253906,49.31403732299805,289.69610595703125,228.88182067871094,130.38502502441406,83.04440307617188,228.9679412841797,80.82550048828125,12.16385269165039,151.37550354003906,115.16397857666016,13.64688491821289,207.27999877929688,181.87489318847656,28.78678321838379,42.7598762512207,91.75602722167969
2022-10-21,144.57241821289062,128.7146759033203,306.3699951171875,119.31999969482422,31.771900177001953,456.1046447753906,157.4460906982422,38.64347839355469,148.680419921875,98.9342269897461,100.24113464355469,250.19935607910156,25.660003662109375,111.93125915527344,50.101905822753906,295.6506652832031,233.26211547851562,128.8782196044922,85.48374938964844,234.7563934326172,82.3800277709961,12.435179710388184,152.78807067871094,116.60590362548828,13.9403657913208,214.44000244140625,184.93495178222656,27.5030460357666,43.62407302856445,93.45994567871094
2022-10-24,146.71246337890625,132.06690979003906,316.2200012207031,119.81999969482422,31.880998611450195,474.0271911621094,157.91793823242188,39.311607360839844,148.62892150878906,98.62397003173828,101.6189193725586,257.2187805175781,25.859806060791016,112.0686264038086,51.543373107910156,298.8089599609375,233.96766662597656,128.5907745361328,87.00273132324219,239.7303466796875,81.92389678955078,12.567852020263672,156.86688232421875,117.32235717773438,14.274608612060547,211.25,185.2652587890625,27.985427856445312,44.45637893676758,94.11328125
2022-10-25,149.54953002929688,131.13037109375,323.7900085449219,120.5999984741211,32.17190170288086,476.0205993652344,162.45938110351562,40.051971435546875,150.17417907714844,101.18360900878906,103.56169891357422,263.5753173828125,26.078636169433594,112.36165618896484,52.77892303466797,304.48980712890625,234.34339904785156,136.31295776367188,87.30652618408203,243.03662109375,85.37735748291016,13.228215217590332,157.38778686523438,118.67359924316406,14.42134952545166,222.4199981689453,188.83047485351562,28.343313217163086,44.666839599609375,93.47760009765625
2022-10-26,146.6143035888672,133.48480224609375,320.4800109863281,115.66000366210938,32.45370864868164,476.3926696777344,157.19053649902344,40.07003402709961,152.0285186767578,101.44538879394531,94.09561920166016,263.47528076171875,25.888349533081055,113.65286254882812,53.1728515625,312.4098205566406,235.14979553222656,128.68991088867188,87.93199920654297,224.2848358154297,86.00101470947266,12.864115715026855,158.0941162109375,119.5079116821289,14.788200378417969,224.63999938964844,197.5249481201172,28.343313217163086,45.008056640625,94.59001922607422
2022-10-27,142.14767456054688,134.3512725830078,318.6499938964844,110.95999908447266,32.608253479003906,474.4720458984375,157.0332489013672,40.10615158081055,152.72389221191406,101.26116943359375,91.40945434570312,264.3017272949219,24.994007110595703,114.10157012939453,53.298194885253906,312.2729187011719,242.93893432617188,97.08743286132812,89.12039184570312,219.8538360595703,84.27894592285156,13.143424034118652,157.9263458251953,119.5986099243164,14.698526382446289,225.08999633789062,198.45753479003906,28.148807525634766,44.87730407714844,94.95201873779297
2022-10-28,152.8872833251953,129.19606018066406,325.67999267578125,103.41000366210938,32.89006805419922,488.1651306152344,160.2476348876953,41.20766830444336,154.50950622558594,102.72521209716797,95.44368743896484,271.19384765625,27.658002853393555,115.45686340332031,54.39943313598633,322.14849853515625,251.56198120117188,98.33645629882812,90.04072570800781,228.69644165039062,87.3414535522461,13.799798965454102,160.88389587402344,122.6275634765625,15.065377235412598,228.52000427246094,203.36334228515625,29.308053970336914,45.44493103027344,97.73301696777344
2022-10-31,150.53118896484375,128.13699340820312,318.5,102.44000244140625,32.762794494628906,479.21160888671875,159.82493591308594,41.018062591552734,155.29928588867188,103.29725646972656,93.6793441772461,268.90557861328125,27.049089431762695,115.27371978759766,53.58469009399414,320.88714599609375,249.8575439453125,92.34903717041016,90.42494201660156,225.07020568847656,86.27094268798828,13.463629722595215,160.31007385253906,122.12877655029297,14.861571311950684,227.5399932861328,201.24563598632812,29.074644088745117,45.38752365112305,97.83013916015625
2022-11-01,147.89048767089844,128.58338928222656,316.0199890136719,96.79000091552734,32.908241271972656,477.7400207519531,157.10208129882812,41.045143127441406,156.43252563476562,102.77369689941406,89.67483520507812,268.8420104980469,26.925405502319336,117.35246276855469,53.39668655395508,325.7857666015625,250.12327575683594,94.37127685546875,89.13827514648438,221.2306365966797,87.28558349609375,13.50951862335205,159.5861053466797,122.31922149658203,14.959397315979004,227.82000732421875,201.0221405029297,29.074644088745117,45.18345260620117,98.8012924194336
2022-11-02,142.37342834472656,126.49154663085938,301.2200012207031,92.12000274658203,32.8082389831543,462.0210876464844,147.45889282226562,40.241580963134766,153.23895263671875,98.7209243774414,86.20560455322266,262.1858825683594,26.088150024414062,116.27189636230469,52.653564453125,312.71295166015625,247.759033203125,89.75183868408203,88.81658935546875,213.4060821533203,84.05554962158203,13.186319351196289,157.361328125,120.55989837646484,15.024615287780762,214.97999572753906,195.212890625,29.33917808532715,44.88369369506836,96.77070617675781
2022-11-03,136.3360595703125,126.40399932861328,285.92999267578125,89.30000305175781,32.62643051147461,464.67755126953125,143.8414764404297,39.59149932861328,155.49673461914062,96.22914123535156,82.69670104980469,255.6205596923828,26.05961036682129,116.48250579833984,52.626708984375,302.29962158203125,250.12327575683594,88.13603210449219,88.23580932617188,207.73397827148438,84.14862823486328,13.387818336486816,156.9552001953125,119.7346420288086,14.81265926361084,215.30999755859375,189.18992614746094,28.903486251831055,44.874122619628906,98.08615112304688
2022-11-04,136.0706024169922,127.1567153930664,285.75,90.9800033569336,33.44459915161133,464.7922058105469,137.39303588867188,40.19643783569336,157.46266174316406,96.54910278320312,85.81901550292969,257.91796875,27.1926326751709,119.66928100585938,53.05646514892578,311.29510498046875,251.65359497070312,89.99966430664062,88.63788604736328,214.65684509277344,89.16592407226562,14.121002197265625,157.83804321289062,121.92021942138672,14.934941291809082,207.47000122070312,191.35621643066406,28.973508834838867,44.9538459777832,99.15443420410156
2022-11-07,136.6015625,129.62493896484375,299.5400085449219,90.52999877929688,33.64458084106445,466.8371276855469,142.13104248046875,40.2235221862793,159.34275817871094,97.37323760986328,87.71223449707031,263.5843505859375,27.395132064819336,120.30113983154297,53.26239013671875,317.9049072265625,253.29393005371094,95.8780288696289,89.4152603149414,220.9397735595703,86.97840118408203,14.265645980834961,159.10057067871094,123.78836059570312,14.967550277709961,197.0800018310547,194.3871612548828,28.934608459472656,45.42580032348633,100.3286361694336
2022-11-08,137.17189025878906,130.00128173828125,302.1700134277344,89.9800033569336,33.73549270629883,470.8599853515625,144.59840393066406,40.27769470214844,159.1109619140625,96.85935974121094,88.11862182617188,264.3742980957031,27.462631225585938,120.3744125366211,53.360870361328125,318.51116943359375,255.11753845214844,95.63021850585938,90.69300842285156,221.9093017578125,87.26696014404297,14.565898895263672,159.5419921875,124.0694808959961,15.138747215270996,191.3000030517578,196.01919555664062,29.46366310119629,45.53422164916992,100.64647674560547
2022-11-09,132.61915588378906,129.20480346679688,298.8699951171875,86.13999938964844,33.19914245605469,468.1940002441406,139.6440887451172,39.64567947387695,152.74961853027344,84.10961151123047,86.5525131225586,260.3879089355469,26.536924362182617,118.80848693847656,52.61774826049805,308.62579345703125,254.55850219726562,100.58670043945312,90.7734146118164,217.68191528320312,85.73106384277344,13.741942405700684,157.63497924804688,123.77021789550781,14.983855247497559,177.58999633789062,188.8143768310547,29.269155502319336,44.475521087646484,96.14385223388672
2022-11-10,144.4188995361328,131.04283142089844,329.95001220703125,96.62999725341797,34.66274642944336,490.32470703125,153.64190673828125,41.2257194519043,155.6427001953125,87.70668029785156,93.11432647705078,283.04412841796875,28.69690704345703,123.69853973388672,54.50687026977539,329.775146484375,252.80824279785156,110.89616394042969,91.04147338867188,235.5902099609375,92.61005401611328,15.711060523986816,160.41600036621094,128.0325469970703,15.358859062194824,190.72000122070312,200.14735412597656,29.969375610351562,45.3971061706543,97.55644226074219
2022-11-11,147.20164489746094,131.42794799804688,341.1499938964844,100.79000091552734,34.91728210449219,492.5606689453125,155.04759216308594,40.440223693847656,160.07244873046875,92.11819458007812,95.56262969970703,285.986328125,29.342973709106445,123.90003967285156,54.90080261230469,331.7502746582031,248.69374084472656,112.0361557006836,87.5299072265625,239.59463500976562,98.75362396240234,16.286638259887695,157.1935577392578,127.84210205078125,15.53005599975586,195.97000122070312,199.59239196777344,29.7982120513916,45.467254638671875,100.60233306884766
2022-11-14,145.80535888671875,132.8108673095703,340.3699951171875,98.48999786376953,34.32638168334961,487.0280456542969,155.96176147460938,40.395076751708984,160.14971923828125,91.41041564941406,94.85885620117188,278.70361328125,29.26582908630371,122.62712860107422,54.3725700378418,331.8284912109375,249.50013732910156,113.22570037841797,89.66545104980469,234.2036895751953,97.17118835449219,16.25471305847168,156.02818298339844,127.8511734008789,15.5382080078125,190.9499969482422,201.4033203125,29.80599021911621,44.13111114501953,100.89602661132812
2022-11-15,147.53599548339844,133.9486541748047,345.9599914550781,98.94000244140625,34.27184295654297,503.0718078613281,159.31381225585938,40.5395393371582,161.4374237060547,92.60298919677734,97.57478332519531,283.2530212402344,29.61296844482422,121.73888397216797,54.283042907714844,335.87652587890625,245.4406280517578,116.0608139038086,88.99531555175781,234.6109161376953,99.33075714111328,16.62479591369629,156.43429565429688,127.40679931640625,15.505603790283203,194.4199981689453,204.4507598876953,29.33139991760254,47.01706314086914,101.57238006591797
2022-11-16,146.30685424804688,132.9246063232422,338.4100036621094,97.12000274658203,33.96276092529297,500.8166198730469,152.4820098876953,40.07905960083008,158.8105010986328,91.09046173095703,97.9811782836914,285.95904541015625,28.475122451782227,121.90370178222656,54.18456268310547,335.1431579589844,249.72006225585938,112.24431610107422,89.2901611328125,235.0387420654297,97.95310974121094,15.87066650390625,157.44076538085938,128.5404052734375,15.432228088378906,186.9199981689453,204.5968017578125,29.4714412689209,47.35508728027344,100.48662567138672
2022-11-17,148.20465087890625,133.17843627929688,337.8299865722656,94.8499984741211,33.790042877197266,498.1507263183594,147.14434814453125,42.065406799316406,159.26031494140625,88.66654205322266,97.49549102783203,282.8080139160156,28.822261810302734,121.3725814819336,54.35466766357422,333.68634033203125,250.49893188476562,110.47979736328125,91.416748046875,234.99014282226562,98.0741195678711,15.638240814208984,158.94163513183594,127.75141906738281,15.448533058166504,183.1699981689453,205.4243927001953,29.689287185668945,47.19563293457031,100.6201171875
2022-11-18,148.76510620117188,135.6466522216797,330.8599853515625,94.13999938964844,33.808223724365234,500.3963317871094,145.5224151611328,43.14887619018555,158.30873107910156,89.00588989257812,96.57366943359375,284.3880615234375,28.802978515625,122.56303405761719,54.739654541015625,336.0525207519531,250.50814819335938,111.07459259033203,93.13233947753906,234.54287719726562,98.12997436523438,15.370905876159668,160.08934020996094,129.29307556152344,15.464839935302734,180.19000244140625,205.2393798828125,29.992713928222656,47.906761169433594,99.74794006347656
2022-11-21,145.5398712158203,137.51095581054688,321.489990234375,92.45999908447266,33.91731262207031,500.109619140625,142.38662719726562,42.99537658691406,156.79476928710938,94.60997009277344,94.75973510742188,287.6571350097656,27.906198501586914,121.839599609375,55.58125305175781,330.7333068847656,251.56198120117188,108.9036636352539,94.36540222167969,235.34991455078125,96.6499252319336,15.279130935668945,163.17051696777344,130.93453979492188,15.358859062194824,167.8699951171875,200.87757873535156,30.047178268432617,48.20013427734375,98.76009368896484
2022-11-22,147.6736297607422,139.85665893554688,330.8800048828125,93.19999694824219,34.080936431884766,508.3082580566406,146.71182250976562,43.68157196044922,160.8175811767578,93.28167724609375,96.1969985961914,295.0124816894531,28.754764556884766,123.66194152832031,55.82299041748047,337.2942810058594,251.78196716308594,110.46989440917969,95.51805114746094,238.24737548828125,98.64192199707031,15.998348236083984,163.18820190429688,132.05908203125,15.489296913146973,169.91000366210938,204.7817840576172,30.498432159423828,48.372337341308594,101.61688995361328
2022-11-23,148.548828125,139.5065460205078,335.7799987792969,94.12999725341797,34.19002151489258,510.7353210449219,149.65098571777344,43.85312271118164,159.39015197753906,95.87039947509766,97.59459686279297,291.9522705078125,28.610122680664062,124.98060607910156,56.07367706298828,340.8925476074219,250.41653442382812,111.26293182373047,95.44657897949219,240.72683715820312,99.27490234375,16.47815704345703,163.4001007080078,132.811767578125,15.562665939331055,183.1999969482422,206.1448516845703,30.280580520629883,48.605125427246094,101.10960388183594
2022-11-25,145.63816833496094,139.70782470703125,334.29998779296875,93.41000366210938,34.27184295654297,509.9422912597656,150.74209594726562,43.69963836669922,158.92295837402344,95.8607177734375,96.60340118408203,296.3745422363281,28.29191017150879,125.21868896484375,56.127403259277344,343.48358154296875,252.00180053710938,110.44017028808594,96.05416107177734,240.63926696777344,98.63262176513672,16.229772567749023,162.54368591308594,133.05662536621094,15.587124824523926,182.86000061035156,208.1505126953125,30.358386993408203,48.812416076660156,100.75362396240234
2022-11-28,141.81307983398438,138.6663055419922,328.9700012207031,93.94999694824219,33.50823211669922,507.3240966796875,151.07632446289062,43.41071319580078,154.30320739746094,92.77751159667969,95.2057876586914,289.60040283203125,27.703699111938477,123.03009796142578,56.136348724365234,336.9324645996094,250.05917358398438,107.83304595947266,96.90299987792969,235.06793212890625,97.7017822265625,15.787871360778809,162.3494873046875,132.94778442382812,15.342555046081543,182.9199981689453,205.687255859375,29.75153160095215,48.95271301269531,97.72770690917969
2022-11-29,138.8140106201172,138.46498107910156,326.7799987792969,92.41999816894531,33.635498046875,505.45123291015625,149.1004638671875,43.59128189086914,156.6130828857422,91.80794525146484,94.35334014892578,286.9125061035156,27.867626190185547,125.05387115478516,55.93937301635742,335.50494384765625,248.7120819091797,108.50713348388672,97.2514877319336,233.67750549316406,98.9025650024414,15.600336074829102,161.2017364501953,131.93209838867188,15.49744701385498,180.8300018310547,203.5452880859375,29.829330444335938,48.780521392822266,98.37738800048828
2022-11-30,145.5595245361328,141.0732421875,344.92999267578125,96.54000091552734,34.4081916809082,515.2838745117188,157.52474975585938,44.891441345214844,158.5855712890625,94.89114379882812,100.10237884521484,295.984130859375,28.995832443237305,126.537353515625,57.35499954223633,348.4800109863281,251.38453674316406,117.07192993164062,98.39521026611328,248.07754516601562,102.10468292236328,16.885480880737305,163.77967834472656,135.26939392089844,15.717556953430176,194.6999969482422,211.27584838867188,30.327259063720703,48.605125427246094,99.08936309814453
2022-12-01,145.83485412597656,141.46710205078125,344.1099853515625,95.5,33.420677185058594,481.4666748046875,144.5000762939453,45.117156982421875,157.8761749267578,95.5892333984375,100.10237884521484,298.7978820800781,28.764404296875,124.76082611083984,57.51729202270508,352.7822265625,251.94668579101562,119.39156341552734,98.10928344726562,247.63999938964844,103.42648315429688,17.097015380859375,165.14779663085938,135.35104370117188,15.644190788269043,194.6999969482422,211.27584838867188,29.821557998657227,48.90807342529297,98.60879516601562
2022-12-02,145.34323120117188,143.24388122558594,341.5299987792969,94.12999725341797,32.99091339111328,472.55133056640625,142.1015625,44.87337875366211,156.6130828857422,96.40367889404297,99.55720520019531,299.63836669921875,28.35940933227539,123.77183532714844,58.022220611572266,352.0587463378906,251.94668579101562,122.41500854492188,98.32371520996094,247.96087646484375,104.76166534423828,16.838584899902344,164.9612579345703,136.58436584472656,15.505603790283203,194.86000061035156,211.9184112548828,29.704851150512695,48.86024475097656,97.77222442626953
2022-12-05,144.18289184570312,143.48892211914062,334.0899963378906,91.01000213623047,31.51875114440918,466.9422302246094,131.65235900878906,44.5393180847168,152.74598693847656,93.01020050048828,98.60563659667969,292.4120788574219,28.12798309326172,120.30113983154297,57.2287712097168,348.17694091796875,250.27870178222656,121.3642349243164,98.29692077636719,243.27427673339844,102.35272979736328,16.57317543029785,162.67811584472656,135.20590209960938,15.285489082336426,182.4499969482422,208.0434112548828,28.84124183654785,48.35958480834961,95.09339141845703
2022-12-06,140.5249786376953,143.29635620117188,331.1499938964844,88.25,30.174610137939453,459.7755432128906,131.0035858154297,43.87117004394531,148.80967712402344,89.48098754882812,96.12762451171875,290.0095520019531,27.578346252441406,120.50262451171875,57.20170974731445,339.80712890625,250.444580078125,113.1265640258789,97.33191680908203,238.3349151611328,100.77477264404297,15.951555252075195,161.3544464111328,135.37820434570312,15.627883911132812,179.82000732421875,203.5647735595703,28.70119857788086,47.79833984375,92.45018768310547
2022-12-07,138.5878448486328,144.76678466796875,326.67999267578125,88.45999908447266,29.936874389648438,460.5495300292969,128.26101684570312,43.50099563598633,149.2509002685547,89.34525299072266,94.10555267333984,292.4761047363281,27.317991256713867,120.42018127441406,57.29187774658203,339.6996154785156,249.12680053710938,112.93822479248047,98.36839294433594,237.6056671142578,101.14826202392578,16.08426284790039,161.84304809570312,136.24880981445312,15.73386287689209,174.0399932861328,202.32823181152344,28.919048309326172,47.54961013793945,92.24549102783203
2022-12-08,140.26931762695312,145.283203125,332.5799865722656,90.3499984741211,29.66255760192871,460.0240173339844,127.91696166992188,44.232337951660156,150.13331604003906,89.73307800292969,92.8863525390625,296.0754699707031,27.424060821533203,121.68392181396484,57.53533172607422,343.3662414550781,251.93746948242188,114.32603454589844,99.04747009277344,240.5518035888672,103.97737884521484,17.130937576293945,163.26443481445312,137.22824096679688,15.587124824523926,173.44000244140625,203.58424377441406,28.86458396911621,47.623226165771484,92.93077087402344
2022-12-09,139.78753662109375,142.7187042236328,330.6400146484375,89.08999633789062,29.607696533203125,461.5528869628906,128.88031005859375,43.75380325317383,145.34056091308594,90.53781127929688,92.01409149169922,292.7775573730469,27.231204986572266,121.02460479736328,56.93121337890625,341.0782775878906,250.6934356689453,114.89108276367188,97.19789123535156,238.62660217285156,102.16598510742188,16.96331024169922,162.6603546142578,136.865478515625,15.562665939331055,179.0500030517578,203.19479370117188,29.097991943359375,46.512508392333984,92.14759826660156
2022-12-12,142.07861328125,144.69680786132812,338.1700134277344,90.55000305175781,29.9277286529541,466.00579833984375,130.84629821777344,44.51223373413086,146.85450744628906,91.77884674072266,92.48986053466797,299.62921142578125,27.665130615234375,122.90186309814453,57.67959213256836,350.2107238769531,254.91400146484375,113.71143341064453,97.36764526367188,245.5203399658203,104.64029693603516,17.496124267578125,163.43324279785156,138.27113342285156,15.73386287689209,167.82000732421875,208.92942810058594,29.52590560913086,47.37995529174805,94.41703796386719
2022-12-13,143.0423126220703,144.23291015625,342.4599914550781,92.48999786376953,29.94601821899414,466.502685546875,133.31358337402344,44.8192024230957,150.12466430664062,91.817626953125,94.78947448730469,304.1148681640625,27.703699111938477,122.78282928466797,57.6976318359375,349.21337890625,252.75758361816406,119.10408020019531,99.10108184814453,249.80828857421875,105.36858367919922,18.031932830810547,163.34437561035156,138.06259155273438,15.587124824523926,160.9499969482422,207.4202880859375,29.455881118774414,47.21030807495117,95.44938659667969
2022-12-14,140.81997680664062,144.29417419433594,339.9200134277344,91.58000183105469,29.516260147094727,462.0306701660156,132.45840454101562,44.51223373413086,149.08653259277344,91.28437805175781,94.23439025878906,304.608154296875,27.250490188598633,122.16928100585938,57.6976318359375,349.5654296875,252.98797607421875,120.53153991699219,100.33334350585938,250.09999084472656,104.0614013671875,17.634815216064453,162.89132690429688,138.60667419433594,15.4077730178833,156.8000030517578,207.6929168701172,29.13689422607422,46.94783401489258,94.74632263183594
2022-12-15,134.2219696044922,142.75372314453125,328.7099914550781,88.44999694824219,29.049922943115234,443.29217529296875,128.22171020507812,43.47391128540039,147.9705047607422,87.73576354980469,90.06140899658203,299.2821044921875,26.18014144897461,119.13816833496094,56.90415954589844,338.55560302734375,250.40769958496094,115.13890838623047,98.60639953613281,242.11724853515625,101.31631469726562,16.914413452148438,160.12850952148438,137.03778076171875,15.057223320007324,157.6699981689453,202.42562866210938,29.38585662841797,46.528526306152344,93.83854675292969
2022-12-16,132.26516723632812,140.46054077148438,338.5400085449219,87.86000061035156,28.985918045043945,440.9414978027344,126.08860778808594,43.166927337646484,145.96340942382812,87.3382568359375,89.4666748046875,295.390380859375,25.958358764648438,118.39641571044922,56.579566955566406,338.1546630859375,245.23789978027344,118.39034271240234,98.2196273803711,237.91680908203125,98.92603302001953,16.53426170349121,160.20843505859375,136.43019104003906,15.073532104492188,150.22999572753906,201.43252563476562,28.880146026611328,45.693077087402344,93.1799545288086
2022-12-19,130.16085815429688,141.3446044921875,328.760009765625,84.91999816894531,29.315093994140625,438.24688720703125,126.8160171508789,42.7967414855957,146.9669647216797,83.16912078857422,87.66267395019531,289.8997802734375,25.8330020904541,119.10151672363281,56.660709381103516,333.67645263671875,244.97064208984375,113.48343658447266,98.43551635742188,233.79417419433594,96.2182846069336,16.217967987060547,161.09683227539062,136.39390563964844,14.55993938446045,149.8699951171875,199.4171600341797,28.81012725830078,45.709075927734375,93.59825134277344
2022-12-20,130.092041015625,140.54808044433594,338.2200012207031,85.19000244140625,29.433963775634766,437.4728698730469,126.26553344726562,42.769657135009766,149.3806610107422,84.37138366699219,88.2375717163086,287.62506103515625,25.49550437927246,119.67845916748047,56.615638732910156,335.3289794921875,246.2792510986328,116.07070922851562,98.6783447265625,235.1068115234375,96.36768341064453,16.049341201782227,160.99908447265625,136.44834899902344,14.731136322021484,137.8000030517578,199.94288635253906,28.779008865356445,46.10919189453125,94.95100402832031
2022-12-21,133.18948364257812,141.97476196289062,341.3800048828125,86.7699966430664,29.882015228271484,441.5244445800781,128.08409118652344,43.031497955322266,151.13687133789062,84.27442932128906,88.79266357421875,291.75439453125,25.87157440185547,121.02460479736328,57.526309967041016,338.008056640625,247.11790466308594,118.71746063232422,99.93757629394531,237.66403198242188,108.1043472290039,16.46441650390625,162.1273651123047,137.6998291015625,14.79635238647461,137.57000732421875,201.3546600341797,29.39363670349121,46.47089767456055,96.17025756835938
2022-12-22,130.02322387695312,142.90249633789062,336.5199890136719,83.79000091552734,29.616840362548828,438.32330322265625,126.99295043945312,42.72450637817383,148.87022399902344,84.03203582763672,86.9886474609375,288.7944030761719,25.042293548583984,119.65099334716797,57.11153793334961,333.93072509765625,244.91534423828125,116.10044860839844,100.05449676513672,231.5967559814453,108.97270965576172,15.30499267578125,160.87472534179688,138.01722717285156,14.894183158874512,125.3499984741211,199.65081787109375,29.80599021911621,45.92673873901367,94.23013305664062
2022-12-23,129.65939331054688,142.75372314453125,338.45001220703125,85.25,29.689992904663086,442.0882263183594,127.23871612548828,42.86897659301758,153.47267150878906,85.33124542236328,88.44573211669922,291.1788635253906,25.158008575439453,120.21874237060547,57.54434585571289,335.9644775390625,246.57411193847656,117.01245880126953,100.6121597290039,232.121826171875,108.54319763183594,15.172287940979004,161.91412353515625,138.4071807861328,14.926786422729492,123.1500015258789,200.4005126953125,29.883790969848633,46.01957321166992,96.72205352783203
2022-12-27,127.85992431640625,142.65740966796875,335.0899963378906,83.04000091552734,29.744853973388672,438.1225891113281,128.4379425048828,42.91412353515625,155.4019317626953,83.74117279052734,86.62190246582031,291.92791748046875,25.013368606567383,120.6399917602539,57.895999908447266,338.4676513671875,245.9013671875,115.862548828125,100.84603118896484,230.4008026123047,109.76634216308594,14.089694023132324,162.63368225097656,139.61331176757812,15.049070358276367,109.0999984741211,200.8483428955078,30.537330627441406,46.032371520996094,98.06591033935547
2022-12-28,123.93653106689453,141.9922637939453,328.3299865722656,81.81999969482422,29.964311599731445,432.8575439453125,126.28520202636719,42.49879455566406,153.1093292236328,81.6081314086914,85.26394653320312,288.4382019042969,24.627656936645508,121.29930877685547,57.318931579589844,334.35113525390625,244.3071746826172,114.61351013183594,99.91059875488281,228.03805541992188,107.35738372802734,14.004881858825684,161.4610595703125,137.8086700439453,14.853418350219727,112.70999908447266,199.58262634277344,30.195003509521484,45.225746154785156,96.4550552368164
2022-12-29,127.44695281982422,142.28109741210938,337.5799865722656,84.18000030517578,30.30262565612793,436.240234375,130.28598022460938,42.88703536987305,154.2686004638672,84.52652740478516,87.6725845336914,292.713623046875,25.273719787597656,121.99530029296875,57.66156768798828,340.47198486328125,245.06283569335938,119.2131118774414,99.6767578125,234.33868408203125,109.57026672363281,14.570623397827148,161.6654052734375,138.3799591064453,15.040919303894043,121.81999969482422,202.57164001464844,30.54511260986328,45.50102615356445,97.1848373413086
2022-12-30,127.76161193847656,141.44960021972656,336.5299987792969,84.0,30.284332275390625,436.2115783691406,130.3351287841797,43.01343536376953,155.28079223632812,84.23564910888672,87.45452117919922,288.5569152832031,25.48586082458496,122.80113220214844,57.35499954223633,340.002685546875,242.8511505126953,119.29241943359375,99.79366302490234,233.181640625,109.2528076171875,14.581599235534668,160.4927215576172,137.4459228515625,15.008313179016113,123.18000030517578,202.2795867919922,30.654033660888672,45.385780334472656,98.16381072998047
2023-01-03,122.98271179199219,142.12356567382812,336.9200134277344,85.81999969482422,30.640949249267578,433.1346435546875,132.48788452148438,43.28430938720703,150.52264404296875,86.26203155517578,88.33670043945312,288.6025085449219,25.775144577026367,123.73518371582031,56.759891510009766,339.0933837890625,243.58834838867188,123.65412139892578,99.96456909179688,232.94825744628906,110.8774642944336,14.283263206481934,159.38232421875,137.45498657226562,15.277335166931152,108.0999984741211,201.9193572998047,31.214204788208008,45.96515655517578,94.79080200195312
2023-01-04,124.25119018554688,143.27012634277344,341.4100036621094,85.13999938964844,31.21700668334961,436.26885986328125,137.21607971191406,43.27519989013672,148.92214965820312,89.180419921875,87.30583953857422,292.0924072265625,26.69120979309082,124.88902282714844,56.73284912109375,347.2578430175781,243.64370727539062,126.26123046875,100.81004333496094,222.7583465576172,113.17436981201172,14.71629810333252,158.99139404296875,138.0535125732422,15.60342788696289,113.63999938964844,207.0016632080078,32.00001525878906,46.01636505126953,95.06669616699219
2023-01-05,122.93354797363281,143.0950469970703,328.44000244140625,83.12000274658203,31.15300178527832,430.1820068359375,134.0213623046875,42.66543197631836,151.60403442382812,89.12225341796875,85.4423599243164,288.2006530761719,26.57549476623535,124.86133575439453,56.08364486694336,343.9529113769531,241.58868408203125,125.8349609375,102.21317291259766,216.1562957763672,112.62348175048828,14.23337459564209,157.33013916015625,136.33950805664062,15.660490036010742,110.33999633789062,205.5412139892578,32.443485260009766,45.859519958496094,97.1937255859375
2023-01-06,127.4567642211914,145.77333068847656,332.75,86.08000183105469,31.463884353637695,461.4095458984375,138.12042236328125,43.975982666015625,152.74598693847656,91.06136322021484,86.57233428955078,290.08251953125,27.703699111938477,127.25064086914062,57.16564178466797,360.08306884765625,248.3250274658203,128.88815307617188,103.29251098632812,218.70376586914062,116.2742691040039,14.826058387756348,160.88360595703125,139.58612060546875,15.92136287689209,113.05999755859375,212.0060577392578,32.824710845947266,46.98305130004883,98.36849975585938
2023-01-09,127.9778823852539,141.49337768554688,341.9800109863281,87.36000061035156,30.988412857055664,457.4726867675781,144.59840393066406,44.21260452270508,151.55210876464844,91.885498046875,87.24636840820312,290.33837890625,28.262981414794922,126.72480773925781,56.45332336425781,363.31500244140625,246.2792510986328,128.3429412841797,99.28097534179688,220.83316040039062,116.57305145263672,15.593351364135742,159.31118774414062,137.88119506835938,15.746040344238281,119.7699966430664,212.8336181640625,32.69273376464844,46.397274017333984,96.53515625
2023-01-10,128.5482635498047,139.72535705566406,338.70001220703125,89.87000274658203,31.1987247467041,460.00494384765625,144.93260192871094,44.42192077636719,152.2960968017578,92.6514663696289,87.6428451538086,292.9145812988281,28.388338088989258,127.8595199584961,56.02052688598633,363.3541564941406,247.80897521972656,131.83230590820312,99.66773986816406,222.5153045654297,117.4974136352539,15.87373161315918,157.99639892578125,137.74514770507812,16.10164451599121,118.8499984741211,215.25791931152344,33.15108871459961,46.36846160888672,97.97691345214844
2023-01-11,131.26219177246094,137.5634765625,342.92999267578125,95.08999633789062,31.436452865600586,462.78558349609375,142.43577575683594,44.78596496582031,151.56944274902344,93.39801788330078,90.71562194824219,300.5611267089844,28.78369140625,128.80967712402344,55.91231918334961,370.06280517578125,247.71681213378906,131.73316955566406,99.90159606933594,229.24374389648438,119.45821380615234,15.965523719787598,158.1741180419922,136.62969970703125,16.05202865600586,123.22000122070312,216.2413330078125,32.5425910949707,46.77497482299805,99.11608123779297
2023-01-12,131.18350219726562,134.4974822998047,344.5400085449219,95.2699966430664,31.51875114440918,460.98907470703125,147.05587768554688,44.5948486328125,153.1958465576172,96.7720947265625,90.32902526855469,301.3558654785156,29.207977294921875,128.6805419921875,55.19099426269531,371.9725646972656,245.76316833496094,135.51992797851562,100.53121948242188,231.9078826904297,119.41151428222656,16.474393844604492,156.15750122070312,135.85882568359375,16.05202865600586,123.55999755859375,217.72120666503906,33.04045486450195,46.35246276855469,100.76252746582031
2023-01-13,132.51100158691406,135.716796875,344.3800048828125,98.12000274658203,32.213680267333984,463.683837890625,146.96739196777344,44.485633850097656,153.61111450195312,96.37457275390625,91.3103256225586,302.580078125,29.034404754638672,131.927734375,55.38936996459961,367.7710876464844,247.79055786132812,135.7875518798828,100.96294403076172,232.60792541503906,120.3078842163086,16.86153793334961,155.6777801513672,136.82920837402344,16.167808532714844,122.4000015258789,217.17596435546875,33.07996368408203,46.5061149597168,100.7002182006836
2023-01-17,133.67129516601562,135.03646850585938,344.3800048828125,96.05000305175781,31.564472198486328,465.13616943359375,145.94508361816406,43.75756072998047,156.1459197998047,96.86906433105469,90.48762512207031,299.2181396484375,28.54262351989746,129.8889923095703,55.614776611328125,367.26171875,252.60096740722656,134.18170166015625,99.34393310546875,233.69696044921875,119.64494323730469,17.66275405883789,156.40625,136.43019104003906,15.985867500305176,131.49000549316406,217.1175537109375,32.28181076049805,46.22442626953125,100.50442504882812
2023-01-18,132.95350646972656,131.82908630371094,341.30999755859375,95.45999908447266,30.832971572875977,458.16064453125,142.97642517089844,42.68363952636719,153.3256072998047,96.0255355834961,90.31912994384766,295.71002197265625,27.780841827392578,125.98684692382812,53.92865753173828,361.3072814941406,245.16416931152344,131.86204528808594,97.85087585449219,229.2825927734375,118.04830932617188,17.338472366333008,152.4618377685547,132.7754669189453,15.729504585266113,128.77999877929688,213.67095947265625,31.586389541625977,45.081703186035156,98.43968200683594
2023-01-19,133.0124969482422,131.39617919921875,342.5299987792969,93.68000030517578,30.384916305541992,448.62420654296875,143.9201202392578,42.28319549560547,154.85687255859375,96.06431579589844,92.2321548461914,284.0073547363281,27.404773712158203,124.30785369873047,53.84750747680664,360.3475036621094,242.89720153808594,134.96478271484375,98.8492431640625,225.510009765625,116.2742691040039,16.72783088684082,150.6940460205078,129.96751403808594,15.663342475891113,127.16999816894531,214.5959014892578,31.657514572143555,44.43832015991211,99.07157897949219
2023-01-20,135.56912231445312,132.17369079589844,356.3800048828125,97.25,30.95183563232422,458.772216796875,148.67779541015625,42.57442855834961,156.50059509277344,100.33039855957031,97.1584701538086,287.7712707519531,28.17619514465332,124.61225128173828,54.172115325927734,368.51544189453125,247.50485229492188,138.15673828125,98.8852310180664,233.57052612304688,118.22570037841797,17.799449920654297,150.9161376953125,130.4694366455078,15.903170585632324,133.4199981689453,218.3930206298828,31.61009407043457,44.98567581176758,100.87821960449219
2023-01-23,138.75502014160156,131.25477600097656,364.9800109863281,97.5199966430664,31.381593704223633,470.7167053222656,153.21922302246094,43.229698181152344,156.29298400878906,102.47313690185547,98.91292572021484,288.20977783203125,29.188688278198242,126.63255310058594,54.3073616027832,370.7581787109375,248.15914916992188,142.02281188964844,98.83125305175781,235.865234375,119.78498840332031,19.150449752807617,150.240966796875,128.71731567382812,15.795659065246582,143.75,218.2664337158203,31.31770133972168,45.65787124633789,100.35313415527344
2023-01-24,140.15130615234375,130.49490356445312,361.32000732421875,96.31999969482422,31.610198974609375,470.2388916015625,152.22640991210938,43.5118293762207,156.4400634765625,102.77369689941406,96.84130096435547,290.228759765625,28.8511905670166,127.72115325927734,54.59588623046875,372.16845703125,248.40798950195312,141.89395141601562,97.60801696777344,235.3401641845703,118.42179107666016,19.222288131713867,151.63568115234375,129.41998291015625,15.845279693603516,143.88999938964844,217.98410034179688,31.94199562072754,45.779502868652344,101.28758239746094
2023-01-25,139.49252319335938,130.58323669433594,358.1700134277344,97.18000030517578,31.884504318237305,469.0635986328125,153.5141143798828,43.66654586791992,154.92608642578125,104.82917785644531,94.38308715820312,289.8358459472656,28.63905143737793,128.33921813964844,54.93851852416992,374.4993591308594,251.5780792236328,140.26821899414062,97.67097473144531,233.94972229003906,118.41244506835938,19.28015899658203,152.73728942871094,129.32870483398438,16.887300491333008,144.42999267578125,218.9674530029297,31.870878219604492,45.561832427978516,100.75362396240234
2023-01-26,141.55747985839844,130.2386474609375,365.82000732421875,99.22000122070312,32.31427001953125,476.1537780761719,162.28244018554688,43.994178771972656,162.46131896972656,106.361083984375,96.6628646850586,286.6841125488281,29.015117645263672,129.13255310058594,54.83032989501953,369.45556640625,253.16305541992188,146.01773071289062,96.12393188476562,241.13519287109375,119.07538604736328,19.75809669494629,151.2181396484375,128.8085479736328,16.539962768554688,160.27000427246094,218.78245544433594,31.823469161987305,45.520225524902344,104.80298614501953
2023-01-27,143.4945831298828,129.2490692138672,370.7099914550781,102.23999786376953,32.41485595703125,480.9220275878906,161.72213745117188,44.14889144897461,155.24620056152344,106.2059555053711,98.49661254882812,289.3151550292969,27.15406036376953,129.4462432861328,54.54179382324219,366.31182861328125,251.0803985595703,150.41909790039062,94.78374481201172,241.29078674316406,119.07538604736328,20.319849014282227,150.68515014648438,128.279296875,16.49860954284668,177.89999389648438,225.33493041992188,32.11585235595703,45.86912155151367,102.88955688476562
2023-01-30,140.61349487304688,128.69241333007812,363.4200134277344,100.55000305175781,32.27769470214844,480.9124450683594,161.9481964111328,43.88496780395508,150.70428466796875,104.3153076171875,96.08798217773438,287.076904296875,26.95156478881836,128.3484344482422,54.677040100097656,363.4618835449219,249.6336669921875,145.77981567382812,95.42234802246094,235.99159240722656,117.99227905273438,19.119518280029297,150.560791015625,128.68081665039062,16.672277450561523,166.66000366210938,223.0566864013672,32.43986129760742,45.50102615356445,101.06510925292969
2023-01-31,141.88194274902344,130.54791259765625,370.3399963378906,103.12999725341797,32.44227981567383,488.42315673828125,165.11346435546875,44.29450225830078,150.548583984375,105.18791198730469,97.97126007080078,296.1485900878906,27.250490188598633,129.1141357421875,55.2901725769043,362.95263671875,246.41751098632812,147.67318725585938,96.60963439941406,240.95045471191406,118.88866424560547,19.493684768676758,151.92884826660156,129.93101501464844,16.845949172973633,173.22000122070312,224.1373748779297,32.850791931152344,46.051578521728516,103.24555969238281
2023-02-01,143.0029296875,129.53179931640625,383.9200134277344,105.1500015258789,32.8446044921875,494.89215087890625,168.89794921875,44.20350646972656,148.2473602294922,106.06051635742188,99.54729461669922,299.7297668457031,28.031553268432617,128.77279663085938,55.2991943359375,366.36077880859375,245.37611389160156,151.78704833984375,96.22286987304688,245.75369262695312,120.91478729248047,20.896568298339844,152.40859985351562,130.670166015625,16.688819885253906,181.41000366210938,224.8092041015625,32.94562911987305,46.307655334472656,102.11526489257812
2023-02-02,148.30299377441406,127.9767074584961,392.2300109863281,112.91000366210938,33.03663635253906,501.03765869140625,171.67001342773438,44.88607406616211,146.21432495117188,109.76425170898438,106.79304504394531,310.41839599609375,29.111547470092773,128.17315673828125,54.35244369506836,367.2030029296875,242.55624389648438,187.12673950195312,93.05680847167969,257.27569580078125,120.50395965576172,21.660869598388672,150.99606323242188,129.7393798828125,16.77151870727539,188.27000427246094,223.50453186035156,33.05625915527344,45.97154998779297,98.92028045654297
2023-02-03,151.9215545654297,128.2947998046875,379.3299865722656,103.38999938964844,33.31094741821289,492.7767639160156,168.13124084472656,44.25810623168945,146.594970703125,107.34033966064453,103.85904693603516,302.8449401855469,29.236902236938477,130.1565399169922,53.94669723510742,366.1943359375,243.4962615966797,184.90623474121094,92.58909606933594,251.19869995117188,119.15007781982422,21.053218841552734,150.240966796875,130.1409149169922,16.399370193481445,189.97999572753906,224.05950927734375,32.803375244140625,45.36017990112305,99.60556030273438
2023-02-06,149.19778442382812,128.13575744628906,375.2300109863281,102.18000030517578,33.256080627441406,493.5330810546875,166.17507934570312,43.29340744018555,146.75933837890625,106.52590942382812,101.99559020996094,300.8077087402344,28.002227783203125,130.9222412109375,54.253265380859375,365.27374267578125,246.89671325683594,184.44032287597656,93.56948852539062,249.6623992919922,117.39472198486328,21.042247772216797,152.63954162597656,129.0366973876953,16.192623138427734,194.75999450683594,223.38771057128906,32.62161636352539,45.030479431152344,99.43646240234375
2023-02-07,152.06906127929688,128.24179077148438,383.82000732421875,102.11000061035156,33.621829986572266,494.4328918457031,168.36717224121094,43.539127349853516,150.6091766357422,108.23233032226562,106.69392395019531,297.0895690917969,28.353595733642578,132.51815795898438,54.163089752197266,367.320556640625,246.3621826171875,189.95191955566406,95.05358123779297,260.15380859375,117.02123260498047,22.12384033203125,152.40859985351562,127.77735900878906,15.919711112976074,196.80999755859375,225.2180938720703,32.04473114013672,45.12651443481445,102.27546691894531
2023-02-08,149.3845977783203,127.77348327636719,378.3599853515625,100.05000305175781,33.37495040893555,482.2569274902344,166.7452392578125,42.738243103027344,147.07080078125,108.37776184082031,98.49661254882812,293.060791015625,27.56301498413086,131.58642578125,53.84750747680664,362.7077941894531,242.1968536376953,181.83322143554688,95.91704559326172,259.3467102050781,114.76166534423828,22.1557674407959,152.05322265625,126.45416259765625,15.845279693603516,201.2899932861328,224.12765502929688,32.02102279663086,44.88324737548828,101.38550567626953
2023-02-09,148.35211181640625,131.38731384277344,375.80999755859375,98.23999786376953,32.6617317199707,479.2130432128906,170.70668029785156,42.5289192199707,145.72119140625,107.0009994506836,94.17494201660156,288.2737121582031,27.06524085998535,129.53848266601562,53.75734329223633,362.7763671875,240.20631408691406,176.3711700439453,95.98900604248047,256.3227844238281,114.08007049560547,22.287479400634766,153.49240112304688,125.06706237792969,15.688150405883789,207.32000732421875,223.73744201660156,31.459945678710938,45.29935836791992,101.7681884765625
2023-02-10,148.71652221679688,134.34725952148438,370.989990234375,97.61000061035156,32.533721923828125,478.600341796875,164.189453125,43.01127243041992,148.77508544921875,104.77099609375,93.73880004882812,289.1781311035156,27.133562088012695,130.11041259765625,53.75734329223633,359.2603759765625,241.82823181152344,172.6339874267578,97.65298461914062,255.81723022460938,114.12674713134766,21.217853546142578,156.53060913085938,126.1712646484375,15.770853042602539,196.88999938964844,221.64004516601562,31.617998123168945,46.003570556640625,106.05784606933594
2023-02-13,151.51341247558594,135.8316650390625,375.0,99.54000091552734,32.597721099853516,484.7840270996094,168.17056274414062,43.55733108520508,147.9445343017578,104.38317108154297,93.77845764160156,295.56390380859375,27.865581512451172,131.52186584472656,54.64097595214844,363.1778564453125,245.3116455078125,177.86802673339844,98.53443908691406,263.8096618652344,116.8531723022461,21.73969268798828,157.92535400390625,127.82300567626953,15.927979469299316,194.63999938964844,223.27894592285156,31.86298179626465,46.70454788208008,105.64531707763672
2023-02-14,150.8732452392578,134.82440185546875,377.8999938964844,99.69999694824219,32.57029342651367,481.69219970703125,167.0696258544922,43.411720275878906,149.077880859375,104.38317108154297,93.84783935546875,290.90472412109375,27.95342445373535,132.10302734375,53.73029708862305,362.3257751464844,245.689453125,177.91758728027344,97.80589294433594,264.6361999511719,117.83356475830078,22.92007064819336,156.14862060546875,127.10208129882812,15.837013244628906,209.25,223.77645874023438,31.870878219604492,46.57011795043945,104.40770721435547
2023-02-15,152.97088623046875,133.47251892089844,375.94000244140625,101.16000366210938,32.51543045043945,489.4074401855469,168.1902313232422,44.09429168701172,147.50692749023438,105.91507720947266,96.08798217773438,292.9693603515625,28.15839195251465,132.65652465820312,53.73029708862305,362.0124206542969,245.64340209960938,175.6177978515625,96.85247802734375,262.5209655761719,119.02870178222656,22.713531494140625,156.36180114746094,126.8100357055664,15.919711112976074,214.24000549316406,223.3179473876953,31.910390853881836,46.915828704833984,104.09382629394531
2023-02-16,151.3755340576172,132.12066650390625,365.1600036621094,98.1500015258789,32.259403228759766,482.5345764160156,165.25106811523438,46.40595245361328,145.3773193359375,102.60888671875,94.67053985595703,293.4717712402344,27.52397346496582,130.8300323486328,53.39667510986328,359.96551513671875,244.97064208984375,170.93887329101562,95.80013275146484,255.53196716308594,116.13420867919922,21.953222274780273,155.91763305664062,125.14913940429688,15.927979469299316,202.0399932861328,220.30357360839844,31.483654022216797,46.17961883544922,103.78888702392578
2023-02-17,150.23313903808594,133.69345092773438,356.8500061035156,97.19999694824219,32.32341003417969,485.76995849609375,162.36106872558594,46.205718994140625,142.13063049316406,102.01744079589844,93.5207290649414,290.4662780761719,26.948118209838867,131.21742248535156,54.20817184448242,353.6779479980469,248.8042449951172,171.3750762939453,98.50746154785156,251.54522705078125,116.56370544433594,21.340579986572266,156.60166931152344,127.76824188232422,16.076841354370117,208.30999755859375,218.08912658691406,31.783954620361328,46.87420654296875,99.79804992675781
2023-02-21,146.22494506835938,134.3031005859375,346.70001220703125,94.58000183105469,31.564472198486328,480.2755432128906,158.87142944335938,45.22281265258789,140.51600646972656,98.98270416259766,90.98323822021484,269.956787109375,25.435274124145508,128.80967712402344,53.91964340209961,348.6147155761719,247.4772186279297,170.58203125,98.10270690917969,246.291259765625,113.0716552734375,20.609207153320312,156.5128631591797,127.6769790649414,15.88663101196289,197.3699951171875,215.22108459472656,30.977893829345703,47.159095764160156,99.69940948486328
2023-02-22,146.64842224121094,133.12791442871094,348.7200012207031,95.79000091552734,31.354164123535156,476.11163330078125,160.58184814453125,44.876983642578125,139.94869995117188,98.5851821899414,90.84444427490234,270.68768310546875,24.859418869018555,127.82257843017578,54.08194351196289,347.6451416015625,247.56021118164062,169.63038635253906,98.18366241455078,245.16053771972656,111.95121002197266,20.70798683166504,156.45953369140625,128.2154083251953,16.027219772338867,200.86000061035156,214.63572692871094,31.041112899780273,46.17000961303711,98.40797424316406
2023-02-23,147.1309814453125,134.3649139404297,347.0199890136719,95.81999969482422,31.32672882080078,472.0434265136719,161.3289031982422,44.78596496582031,141.32765197753906,98.63365936279297,90.09114837646484,273.4374694824219,24.996061325073242,128.8465576171875,54.18112564086914,348.1935729980469,245.84616088867188,170.54238891601562,99.46986389160156,248.3382568359375,112.00724029541016,23.611539840698242,156.62835693359375,127.80474090576172,16.002408981323242,202.07000732421875,215.7185821533203,30.448421478271484,45.481815338134766,99.31375885009766
2023-02-24,144.48184204101562,134.93045043945312,320.5400085449219,93.5,31.281009674072266,467.7072448730469,159.4415740966797,44.1215934753418,141.7466278076172,97.2471923828125,88.34661102294922,271.0165710449219,24.537330627441406,130.00892639160156,53.955711364746094,345.833251953125,242.9893798828125,168.90673828125,98.84025573730469,242.92837524414062,110.21451568603516,23.234373092651367,156.3174285888672,127.08380889892578,15.9114408493042,196.8800048828125,214.17726135253906,30.6143741607666,45.603450775146484,99.3227310180664
2023-02-27,145.6734619140625,136.31764221191406,322.32000732421875,93.76000213623047,31.281009674072266,466.1947937011719,160.36558532714844,44.349117279052734,142.10443115234375,97.39262390136719,89.08010864257812,270.4227600097656,24.303083419799805,131.1436309814453,53.93768310546875,348.1446228027344,244.00302124023438,168.06414794921875,98.3635482788086,243.84461975097656,110.67202758789062,23.448894500732422,156.27297973632812,126.97432708740234,15.737771987915039,207.6300048828125,214.95765686035156,30.72501564025879,45.27375793457031,99.14336395263672
2023-02-28,145.1711883544922,135.98187255859375,323.95001220703125,94.2300033569336,31.363311767578125,463.4667663574219,160.82757568359375,44.066986083984375,140.3152618408203,96.57818603515625,89.26844024658203,270.906982421875,24.332365036010742,132.2414093017578,53.65815734863281,347.9584655761719,244.6055450439453,173.4171600341797,95.5572738647461,243.1233367919922,110.91480255126953,23.164525985717773,154.15869140625,125.53244018554688,15.638527870178223,205.7100067138672,214.55770874023438,30.669696807861328,45.49461364746094,98.56939697265625
2023-03-01,143.1030731201172,137.19239807128906,323.3800048828125,92.16999816894531,31.21700668334961,458.19244384765625,164.5040283203125,43.994178771972656,141.43240356445312,95.54076385498047,89.56580352783203,265.6539611816406,24.7227725982666,131.50340270996094,53.07207107543945,346.20550537109375,243.50254821777344,171.9103546142578,95.9260482788086,240.05282592773438,110.7187271118164,22.647676467895508,152.20425415039062,125.62374114990234,15.431781768798828,202.77000427246094,213.016357421875,30.266666412353516,44.860836029052734,99.44828033447266
2023-03-02,143.69398498535156,136.406005859375,333.5,92.12999725341797,30.82127571105957,464.9121398925781,183.41677856445312,44.1671028137207,141.8775177001953,95.90918731689453,91.1913833618164,267.69122314453125,25.571918487548828,130.13807678222656,53.84750747680664,348.2327575683594,247.99781799316406,173.01068115234375,96.24983978271484,244.77069091796875,111.65242767333984,23.262313842773438,155.01260375976562,127.69522857666016,15.431781768798828,190.89999389648438,213.6992645263672,30.353595733642578,44.972869873046875,99.90567016601562
2023-03-03,148.73622131347656,137.890380859375,344.0400085449219,94.9000015258789,31.43787956237793,454.9283447265625,183.259521484375,44.849674224853516,143.97216796875,98.06161499023438,92.8268814086914,272.6518859863281,25.76712417602539,132.5274200439453,53.59504318237305,354.0403747558594,249.38807678222656,183.6373748779297,96.1329116821289,248.84512329101562,113.2442626953125,23.837034225463867,154.8605194091797,128.62608337402344,15.55583381652832,197.7899932861328,218.29397583007812,30.235057830810547,45.027278900146484,101.1701889038086
2023-03-06,151.4936981201172,137.20123291015625,347.0199890136719,93.75,31.37346076965332,462.41375732421875,180.6742401123047,44.97708511352539,145.02821350097656,97.59623718261719,94.29387664794922,272.4325256347656,25.366952896118164,131.7524871826172,54.42457580566406,359.3583068847656,250.84323120117188,183.29042053222656,99.92858123779297,250.38525390625,112.52324676513672,23.501781463623047,155.173583984375,128.07850646972656,15.52275562286377,193.80999755859375,221.20103454589844,30.148134231567383,45.0208854675293,102.06698608398438
2023-03-07,149.2975616455078,135.1248321533203,344.79998779296875,93.55000305175781,30.370319366455078,464.395263671875,180.20240783691406,44.512935638427734,143.1605224609375,96.04492950439453,93.0350341796875,265.5717468261719,24.917980194091797,127.87797546386719,54.10898208618164,352.51251220703125,247.5899658203125,182.90379333496094,100.08148956298828,247.73388671875,111.98016357421875,23.240318298339844,154.4044189453125,125.53244018554688,15.473132133483887,187.7100067138672,217.70867919921875,29.958465576171875,44.57275390625,100.093994140625
2023-03-08,150.5482940673828,132.1825408935547,345.8399963378906,93.91999816894531,29.96538543701172,465.2471618652344,179.83868408203125,44.694950103759766,142.25283813476562,96.27763366699219,93.42161560058594,268.2218322753906,25.357192993164062,127.12151336669922,54.13604736328125,351.621337890625,245.92161560058594,183.3598175048828,97.39214324951172,247.29522705078125,112.23297119140625,24.131486892700195,154.82476806640625,125.55069732666016,15.39043140411377,182.0,216.75262451171875,29.658174514770508,44.20464324951172,98.6321792602539
2023-03-09,148.30288696289062,130.19448852539062,338.3699951171875,92.25,28.106353759765625,459.006103515625,175.6806640625,44.42192077636719,140.08831787109375,93.21381378173828,91.5085678100586,265.0104064941406,25.80616569519043,120.23957061767578,53.61307144165039,347.1261291503906,242.49232482910156,180.1083984375,96.78050994873047,245.95013427734375,110.3696060180664,23.38800811767578,153.6531524658203,124.62904357910156,15.150603294372559,172.9199981689453,214.6259765625,28.883724212646484,43.90696334838867,97.86988067626953
2023-03-10,146.24464416503906,132.27969360351562,329.29998779296875,90.7300033569336,27.857864379882812,450.984619140625,170.23486328125,44.19440841674805,139.35519409179688,90.72203063964844,89.83341979980469,263.455322265625,26.567466735839844,123.2930908203125,53.38766098022461,339.947265625,242.863037109375,177.9473419189453,96.86146545410156,242.31423950195312,110.01377868652344,22.91797637939453,153.8588409423828,125.19478607177734,15.241573333740234,173.44000244140625,210.85069274902344,28.9864559173584,43.84294509887695,96.6591796875
2023-03-13,148.18472290039062,134.2589111328125,324.2699890136719,92.43000030517578,26.238117218017578,451.807861328125,172.52523803710938,44.057884216308594,138.51734924316406,89.78153991699219,90.3092041015625,263.6485595703125,26.30394172668457,121.07906341552734,53.92865753173828,337.59686279296875,243.8362274169922,179.32522583007812,95.09857177734375,247.50970458984375,109.42387390136719,22.918973922729492,155.36143493652344,126.06175231933594,15.13405990600586,174.47999572753906,209.22157287597656,28.87582015991211,43.970985412597656,95.54711151123047
2023-03-14,150.27252197265625,135.93772888183594,333.3299865722656,94.87999725341797,26.46819305419922,461.3034362792969,179.7797088623047,44.64034652709961,140.30653381347656,90.51841735839844,93.14407348632812,262.7744140625,27.33852767944336,124.18791198730469,54.12702560424805,345.5395202636719,246.44992065429688,192.3310546875,96.88278198242188,254.20631408691406,111.4277114868164,24.01372718811035,155.2003936767578,127.62222290039062,15.249841690063477,183.25999450683594,213.3090362548828,29.144506454467773,44.20464324951172,95.9058609008789
2023-03-15,150.66644287109375,136.1232452392578,333.6099853515625,96.19999694824219,26.219711303710938,464.8833923339844,179.79937744140625,44.649452209472656,134.23204040527344,90.26632690429688,95.26525115966797,264.98284912109375,27.728939056396484,118.32076263427734,54.48769760131836,340.89727783203125,246.85775756835938,196.02854919433594,97.48054504394531,258.7388916015625,110.65050506591797,24.17839241027832,157.9729766845703,129.42910766601562,15.142332077026367,180.4499969482422,211.07508850097656,29.28675651550293,44.69758987426758,91.13478088378906
2023-03-16,153.48301696777344,137.2189178466797,353.2900085449219,100.04000091552734,26.66145896911621,466.4150695800781,184.11471557617188,45.61415481567383,134.6597137451172,91.42011260986328,99.43826293945312,263.841796875,29.456506729125977,120.61781311035156,54.78752517700195,340.8189392089844,250.7783966064453,203.14602661132812,97.21788024902344,269.22723388671875,112.97270965576172,25.48870277404785,157.8656463623047,130.3964385986328,15.208492279052734,184.1300048828125,212.12863159179688,28.907434463500977,44.44368362426758,90.60565185546875
2023-03-17,152.6459197998047,136.26463317871094,358.1400146484375,98.94999694824219,25.60310173034668,466.21392822265625,181.7064208984375,45.6778678894043,132.95777893066406,90.36328887939453,100.7268295288086,265.3692932128906,29.095378875732422,116.06063079833984,54.53312301635742,342.4447021484375,247.65487670898438,193.90721130371094,94.2834243774414,272.3757019042969,112.729248046875,25.672327041625977,156.63140869140625,130.4329376220703,14.9934720993042,180.1300048828125,212.07009887695312,29.073381423950195,44.80365753173828,89.5384292602539
2023-03-20,155.00949096679688,137.94342041015625,362.8800048828125,97.70999908447266,25.538679122924805,468.358154296875,182.0995635986328,46.360435485839844,134.91282653808594,91.35223388671875,100.33035278320312,266.16986083984375,28.46095848083496,117.28755950927734,55.06010055541992,342.1117248535156,250.9359130859375,196.08802795410156,95.8683853149414,265.35748291015625,113.48770904541016,25.846965789794922,158.83155822753906,132.44058227539062,15.291193962097168,183.25,212.81149291992188,29.579145431518555,45.28575897216797,91.8791275024414
2023-03-21,156.86093139648438,138.5177459716797,374.2200012207031,100.61000061035156,26.311744689941406,469.8514099121094,185.47125244140625,46.11470413208008,139.04104614257812,93.60162353515625,103.9978256225586,266.3262634277344,27.777740478515625,120.43333435058594,54.80569839477539,347.25335693359375,250.44467163085938,200.4001922607422,95.5876235961914,266.8683776855469,117.61709594726562,26.145355224609375,159.2071990966797,131.48239135742188,15.33254337310791,197.5800018310547,216.5185089111328,29.82412338256836,45.13148498535156,95.99553680419922
2023-03-22,155.43295288085938,135.77865600585938,361.7099914550781,98.69999694824219,25.43744659423828,466.6637878417969,183.33815002441406,45.013492584228516,136.21324157714844,92.01155090332031,102.4614486694336,260.0506896972656,27.455650329589844,117.32447052001953,54.56037902832031,343.78643798828125,248.2758026123047,198.0706329345703,94.55514526367188,265.41595458984375,111.89588165283203,26.41380500793457,157.8656463623047,131.4002685546875,15.208492279052734,191.14999389648438,214.65524291992188,29.48431396484375,44.84222412109375,93.79832458496094
2023-03-23,156.51625061035156,137.2189178466797,369.0,98.70999908447266,24.820833206176758,466.8936462402344,184.25238037109375,45.25921630859375,134.86044311523438,92.91324615478516,104.6718521118164,261.2469177246094,28.334077835083008,117.01080322265625,54.442264556884766,347.0574951171875,249.89781188964844,202.50172424316406,94.40116119384766,270.6504211425781,113.27235412597656,27.135326385498047,157.0964813232422,131.2177276611328,15.26638126373291,192.22000122070312,217.14288330078125,29.531726837158203,45.205406188964844,92.74009704589844
2023-03-24,157.81619262695312,139.6221923828125,374.9599914550781,98.12999725341797,24.9772891998291,474.0822448730469,186.82778930664062,45.969093322753906,136.2045135498047,91.21650695800781,104.51325225830078,260.42791748046875,28.656166076660156,115.23038482666016,55.33267593383789,344.3740234375,251.48277282714844,204.21664428710938,94.91741180419922,273.4869689941406,113.02887725830078,26.724166870117188,160.17311096191406,133.89154052734375,15.39043140411377,190.41000366210938,215.63079833984375,29.760902404785156,45.575016021728516,92.84770202636719
2023-03-27,155.87608337402344,139.19808959960938,373.1499938964844,98.04000091552734,26.219711303710938,472.1199951171875,188.0073699951172,45.996395111083984,137.59219360351562,92.70963287353516,101.55945587158203,258.8176574707031,28.48048210144043,118.532958984375,55.74153518676758,347.3023681640625,253.8091278076172,201.0742645263672,96.84654998779297,269.4026794433594,110.31341552734375,26.476675033569336,160.5308837890625,133.1888885498047,15.605450630187988,191.80999755859375,216.38194274902344,30.06909942626953,46.33674621582031,94.88347625732422
2023-03-28,155.25567626953125,139.82540893554688,373.3999938964844,97.23999786376953,25.879196166992188,465.9459533691406,189.02967834472656,45.85988235473633,139.19808959960938,91.9339828491211,100.14201354980469,258.4035339355469,28.587844848632812,118.89271545410156,55.805137634277344,347.018310546875,255.67214965820312,198.9330596923828,95.57857513427734,268.28173828125,110.3696060180664,26.355920791625977,160.47720336914062,133.56304931640625,15.481399536132812,189.19000244140625,214.93817138671875,30.029590606689453,46.156761169433594,96.06727600097656
2023-03-29,158.3282928466797,139.6045379638672,379.1600036621094,100.25,26.38536834716797,469.8704833984375,193.29588317871094,46.569759368896484,140.393798828125,93.92159271240234,100.49885559082031,260.74078369140625,30.764385223388672,119.132568359375,56.204917907714844,352.11102294921875,257.14581298828125,203.56240844726562,95.0261001586914,273.428466796875,112.82289123535156,26.92874526977539,161.58624267578125,133.97366333007812,15.712958335876465,193.8800048828125,217.8354949951172,30.408905029296875,46.35603332519531,97.7174072265625
2023-03-30,159.8941650390625,139.53384399414062,381.8999938964844,102.0,26.044851303100586,470.4544372558594,193.2565460205078,46.8063850402832,141.72914123535156,95.11414337158203,100.00324249267578,262.5811767578125,31.32071876525879,118.77281188964844,56.19582748413086,351.84661865234375,257.47027587890625,206.03073120117188,95.93180084228516,276.8790588378906,112.45769500732422,27.326929092407227,161.7293243408203,134.55770874023438,15.779119491577148,195.27999877929688,216.91848754882812,30.55115509033203,46.81885528564453,98.19274139404297
2023-03-31,162.39556884765625,140.81500244140625,385.3699951171875,103.29000091552734,26.32094383239746,475.61383056640625,196.38250732421875,47.57996368408203,142.4011688232422,97.08234405517578,102.81829071044922,271.5621032714844,31.88681411743164,120.21192169189453,56.35936737060547,355.9109802246094,259.1570739746094,210.09503173828125,96.35746002197266,281.021728515625,114.83607482910156,27.720123291015625,163.04405212402344,135.68930053710938,15.919711112976074,207.4600067138672,219.94265747070312,30.732913970947266,47.39094543457031,98.34519958496094
2023-04-03,163.64625549316406,141.7427520751953,380.0799865722656,102.41000366210938,26.311744689941406,475.76702880859375,193.1484375,47.60727310180664,148.32728576660156,96.72362518310547,103.4427490234375,273.9637451171875,32.10154724121094,120.07354736328125,56.695552825927734,358.9078063964844,261.5020751953125,211.21522521972656,98.6036148071289,279.9787902832031,113.92780303955078,27.907739639282227,163.22293090820312,136.43759155273438,16.035490036010742,194.77000427246094,223.39602661132812,30.993698120117188,47.78948211669922,104.1476058959961
2023-04-04,163.11448669433594,141.17730712890625,385.1499938964844,103.94999694824219,25.750349044799805,476.43707275390625,193.84637451171875,47.51557159423828,147.53306579589844,96.5394058227539,103.7995834350586,271.41485595703125,32.3065071105957,118.46837615966797,56.522911071777344,356.390869140625,261.63177490234375,212.850830078125,98.56739044189453,279.9300537109375,115.81926727294922,27.396785736083984,162.64157104492188,137.0946502685547,16.242238998413086,192.5800018310547,222.08883666992188,31.333513259887695,47.320247650146484,103.15215301513672
2023-04-05,161.27288818359375,142.07855224609375,382.0199890136719,101.0999984741211,25.43744659423828,475.8627014160156,191.98849487304688,47.51557159423828,148.26620483398438,96.86906433105469,103.55178833007812,265.6269836425781,32.04298400878906,118.64502716064453,57.058982849121094,356.8420715332031,261.3907775878906,209.63902282714844,101.35694885253906,277.16168212890625,113.20679473876953,26.825958251953125,164.24249267578125,138.03460693359375,16.44072151184082,185.52000427246094,222.58633422851562,31.697019577026367,48.104461669921875,104.91888427734375
2023-04-06,162.1592254638672,142.74124145507812,380.6000061035156,102.05999755859375,25.621505737304688,465.1898193359375,189.2754669189453,47.01126480102539,146.31991577148438,96.92723083496094,107.4670639038086,265.57171630859375,32.02346420288086,118.51485443115234,57.09532928466797,354.5663757324219,262.1971435546875,214.2188262939453,101.73733520507812,284.23846435546875,112.57006072998047,26.981637954711914,164.886474609375,138.91062927246094,16.480976104736328,185.05999755859375,220.4596710205078,31.715496063232422,48.467647552490234,103.1790542602539
2023-04-10,159.5691680908203,142.50265502929688,376.25,102.16999816894531,25.71354103088379,472.70391845703125,188.2334747314453,47.0662841796875,146.8784942626953,97.74166107177734,105.50446319580078,267.92742919921875,31.74040985107422,118.90535736083984,56.959041595458984,353.26177978515625,263.0221252441406,212.88055419921875,101.99092864990234,282.08428955078125,114.15252685546875,27.522531509399414,163.8489990234375,137.76084899902344,16.413877487182617,184.50999450683594,220.888916015625,31.61106300354004,48.37443923950195,102.7216796875
2023-04-11,158.35784912109375,142.59100341796875,371.1099853515625,99.91999816894531,26.42218017578125,477.3177185058594,185.6776885986328,46.415260314941406,147.69017028808594,97.36353302001953,104.42405700683594,270.3198547363281,31.574481964111328,119.49110412597656,56.85909652709961,357.175537109375,263.6708679199219,211.9884033203125,101.88224029541016,275.6899108886719,115.45408630371094,27.113370895385742,163.59854125976562,137.487060546875,16.514530181884766,186.7899932861328,222.8594512939453,31.6914005279541,48.23302459716797,103.44808197021484
2023-04-12,157.6685028076172,143.4569091796875,369.8900146484375,97.83000183105469,26.210506439208984,468.4155578613281,187.0833740234375,45.94761276245117,148.21385192871094,94.95902252197266,103.72027587890625,267.2556457519531,31.252399444580078,119.47249603271484,56.959041595458984,354.8704528808594,264.4308166503906,212.13711547851562,103.02342987060547,276.3331604003906,115.79118347167969,26.440750122070312,163.27659606933594,137.8612060546875,16.581626892089844,180.5399932861328,222.23513793945312,31.490568161010742,47.99839782714844,103.34048461914062
2023-04-13,163.0455322265625,145.07089233398438,378.79998779296875,102.4000015258789,26.28413200378418,476.5902099609375,190.720458984375,46.580299377441406,150.1950225830078,97.77074432373047,106.48576354980469,268.8291320800781,31.35976219177246,119.9280776977539,57.37698745727539,362.5901184082031,267.92510986328125,218.4318389892578,104.68087005615234,282.52288818359375,118.38490295410156,26.408815383911133,164.9043426513672,138.50001525878906,16.74098777770996,185.89999389648438,226.9956817626953,31.586956024169922,48.04661178588867,103.82476806640625
2023-04-14,162.7008819580078,144.09002685546875,379.3800048828125,102.51000213623047,27.167634963989258,470.28216552734375,191.3396759033203,46.341896057128906,150.50048828125,96.85935974121094,107.9131088256836,268.865966796875,31.125511169433594,128.98382568359375,57.28612518310547,365.3170166015625,267.8417053222656,219.56192016601562,104.43631744384766,278.9162902832031,117.9354476928711,26.70320701599121,164.12623596191406,137.79734802246094,16.7158203125,185.0,228.29315185546875,31.506635665893555,47.72200012207031,104.07587432861328
2023-04-17,162.72055053710938,143.72439575195312,377.9200134277344,102.73999786376953,27.94989776611328,472.8091735839844,193.7283935546875,46.103492736816406,149.17385864257812,97.2471923828125,105.03860473632812,271.81976318359375,31.36952018737793,130.00656127929688,57.658653259277344,365.6407165527344,268.1476135253906,216.95481872558594,104.16461181640625,281.50909423828125,118.16017150878906,26.946714401245117,164.96694946289062,137.84298706054688,16.598398208618164,187.0399932861328,227.766357421875,31.699432373046875,48.05625534057617,102.86517333984375
2023-04-18,163.94174194335938,142.3065948486328,377.54998779296875,102.30000305175781,28.124757766723633,475.6426086425781,195.124267578125,46.131004333496094,148.8247528076172,97.85800170898438,103.58150482177734,275.08636474609375,31.06695556640625,131.4662322998047,57.749507904052734,365.2091979980469,269.6305847167969,215.9932403564453,104.00159454345703,281.0899963378906,118.17890167236328,27.610347747802734,165.3068084716797,137.9889678955078,16.623559951782227,184.30999755859375,227.88345336914062,31.281700134277344,48.16232681274414,104.8740463256836
2023-04-19,165.08412170410156,143.75119018554688,380.1099853515625,104.30000305175781,27.664600372314453,474.8097839355469,195.537109375,44.04956817626953,148.9644012451172,95.74435424804688,103.26432800292969,273.2091979980469,30.40325355529785,131.29885864257812,57.85852813720703,365.6799621582031,269.96417236328125,213.82228088378906,103.36759948730469,281.1679992675781,117.67327880859375,27.873807907104492,165.2084197998047,138.016357421875,16.522912979125977,180.58999633789062,226.87867736816406,31.00856590270996,48.2137451171875,104.54222106933594
2023-04-20,164.11898803710938,144.22378540039062,380.260009765625,103.80999755859375,27.517353057861328,483.9512023925781,194.15109252929688,42.710838317871094,148.2400360107422,95.0850601196289,104.36458587646484,274.7366638183594,30.120206832885742,130.9176788330078,58.112945556640625,367.837890625,269.71392822265625,211.21522521972656,103.40382385253906,278.8870544433594,116.5309066772461,27.04850196838379,165.75399780273438,138.52230834960938,14.803524017333984,162.99000549316406,228.85894775390625,29.87587547302246,48.52229309082031,103.70816802978516
2023-04-21,162.51377868652344,144.82122802734375,377.6700134277344,106.95999908447266,27.489742279052734,484.6883544921875,195.6452178955078,43.12346267700195,147.60292053222656,96.5394058227539,104.48353576660156,276.0893859863281,29.57362937927246,130.66665649414062,58.19470977783203,368.0733947753906,270.6963806152344,211.03672790527344,104.49066162109375,278.5458679199219,117.54217529296875,27.0634708404541,165.82553100585938,143.31573486328125,15.281598091125488,165.0800018310547,228.32241821289062,29.980304718017578,48.766563415527344,104.04002380371094
2023-04-24,162.8190155029297,146.31036376953125,377.3399963378906,106.20999908447266,27.38850975036621,489.5414123535156,191.6051483154297,43.45355224609375,149.66262817382812,96.64605712890625,105.03860473632812,277.5616455078125,28.948972702026367,130.84329223632812,58.103858947753906,367.5731506347656,271.7530212402344,210.93765258789062,105.00691223144531,274.6566162109375,119.0029067993164,26.986629486083984,165.90603637695312,143.5728302001953,14.702879905700684,162.5500030517578,227.06394958496094,29.803571701049805,49.097599029541016,106.00403594970703
2023-04-25,161.28273010253906,147.04153442382812,369.5899963378906,102.56999969482422,26.54181671142578,481.64434814453125,187.4274139404297,43.178470611572266,147.4894256591797,95.0268783569336,102.9372329711914,272.6755065917969,28.18766975402832,127.99828338623047,58.01298904418945,361.49151611328125,270.18658447265625,205.74322509765625,105.54127502441406,268.4669189453125,116.7275390625,26.187265396118164,169.6713409423828,143.60958862304688,14.686103820800781,160.6699981689453,223.97157287597656,29.9642391204834,48.715126037597656,104.49737548828125
2023-04-26,161.27288818359375,144.2772674560547,363.05999755859375,104.9800033569336,26.173696517944336,473.4984436035156,188.26296997070312,42.67416000366211,144.86239624023438,93.66949462890625,102.7984619140625,265.0748291015625,28.353595733642578,125.72970581054688,57.740413665771484,359.7553405761719,268.5646667480469,207.5771484375,102.7336196899414,287.913330078125,115.95972442626953,26.900800704956055,168.6249237060547,141.94749450683594,14.426100730895996,153.75,222.56680297851562,29.658966064453125,48.50300979614258,103.53778076171875
2023-04-27,165.8522186279297,132.74755859375,371.4200134277344,109.81999969482422,26.58783531188965,479.8255920410156,192.6077880859375,42.6925048828125,145.70896911621094,96.8884506225586,106.64436340332031,270.4670715332031,29.14417839050293,127.42180633544922,57.85852813720703,366.53338623046875,273.161865234375,236.48329162597656,104.30046844482422,297.13446044921875,117.70135498046875,27.170255661010742,169.65347290039062,143.6830291748047,14.769975662231445,160.19000244140625,223.40573120117188,31.161205291748047,48.65406799316406,104.77538299560547
2023-04-28,167.10296630859375,134.75389099121094,377.55999755859375,105.44999694824219,26.946758270263672,481.69219970703125,194.99647521972656,43.32518005371094,147.13157653808594,99.3802261352539,106.39655303955078,276.5494689941406,30.315412521362305,128.5282440185547,58.28557586669922,372.77191162109375,274.1164855957031,238.22799682617188,104.58123016357422,299.5032043457031,118.65644836425781,27.692184448242188,170.72669982910156,143.6004180908203,14.820300102233887,164.30999755859375,227.0347137451172,31.19333839416504,48.52229309082031,106.12958526611328
2023-05-01,167.01434326171875,137.06341552734375,374.1499938964844,102.05000305175781,26.72588348388672,472.4742126464844,194.4263153076172,43.407718658447266,145.9620819091797,99.09905242919922,106.25778198242188,273.9361572265625,29.57362937927246,131.28028869628906,58.42185974121094,372.60504150390625,275.8125915527344,241.06307983398438,105.36918640136719,297.8460998535156,119.78009796142578,28.850807189941406,171.4332733154297,143.77487182617188,14.677715301513672,161.8300018310547,226.82009887695312,31.09693145751953,48.721561431884766,102.83826446533203
2023-05-02,165.98028564453125,135.1997528076172,368.6600036621094,103.62999725341797,25.916006088256836,473.6419372558594,190.54348754882812,42.50911331176758,139.67813110351562,97.53805541992188,104.39430236816406,270.7891540527344,29.05633544921875,129.16046142578125,58.15836715698242,368.8483581542969,276.2667541503906,237.1573944091797,106.77303314208984,297.6997985839844,119.1620864868164,28.152238845825195,171.94305419921875,143.64633178710938,14.317060470581055,160.30999755859375,221.42544555664062,30.2614688873291,48.58978271484375,98.73981475830078
2023-05-03,164.90684509277344,133.08644104003906,345.25,103.6500015258789,25.639915466308594,469.0951232910156,189.3344268798828,42.142333984375,136.87652587890625,97.79014587402344,104.48353576660156,269.6849365234375,29.915239334106445,126.42699432373047,57.83128356933594,367.7398681640625,273.6252746582031,234.9666290283203,107.07190704345703,296.71533203125,118.67518615722656,27.745073318481445,171.88043212890625,143.462646484375,14.333836555480957,160.61000061035156,220.44989013671875,30.510498046875,48.40979766845703,96.79370880126953
2023-05-04,163.27203369140625,131.40109252929688,335.8299865722656,104.0,24.839242935180664,470.3421936035156,189.1083221435547,41.90393829345703,136.34413146972656,94.48392486572266,103.76985168457031,262.9400634765625,30.61595916748047,124.69767761230469,57.89488220214844,368.9365539550781,273.56964111328125,231.48716735839844,106.30205535888672,297.6997985839844,115.80052185058594,27.505563735961914,172.95370483398438,142.80149841308594,14.182867050170898,161.1999969482422,220.0792236328125,30.004398345947266,48.54529571533203,95.09870147705078
2023-05-05,170.9338836669922,131.99853515625,348.3999938964844,105.66000366210938,25.501863479614258,478.7065734863281,194.22972106933594,42.40824508666992,139.8264923095703,97.46048736572266,104.64212036132812,266.50115966796875,30.370952606201172,127.13363647460938,58.16745376586914,377.3134460449219,274.9043273925781,230.75363159179688,106.58283996582031,302.8075866699219,118.53470611572266,28.621274948120117,173.7496795654297,143.27899169921875,14.367385864257812,170.05999755859375,226.10797119140625,30.390003204345703,48.9647216796875,97.46631622314453
2023-05-08,170.8649444580078,131.4813690185547,344.05999755859375,105.83000183105469,25.483457565307617,478.7065734863281,194.53448486328125,42.49077224731445,139.27664184570312,99.83592224121094,106.82276916503906,264.94598388671875,30.15534782409668,127.44044494628906,58.07659912109375,378.1473083496094,274.98773193359375,231.23934936523438,107.21683502197266,300.85797119140625,118.80628204345703,29.09130859375,172.9268798828125,142.608642578125,14.359000205993652,171.7899932861328,226.54696655273438,30.390003204345703,49.27120590209961,97.8519515991211
2023-05-09,169.1612548828125,130.9285125732422,342.6499938964844,106.62000274658203,25.455852508544922,480.365966796875,197.75868225097656,42.60997772216797,138.87518310546875,99.0699691772461,106.4064712524414,267.384521484375,29.49873161315918,126.82682037353516,57.59505081176758,375.6263732910156,274.9599304199219,231.3385009765625,106.35640716552734,299.24969482421875,117.1395263671875,28.512496948242188,173.63340759277344,141.14859008789062,14.275127410888672,169.14999389648438,227.55172729492188,30.181142807006836,49.35508728027344,97.87885284423828
2023-05-10,170.92405700683594,130.56289672851562,344.0199890136719,110.19000244140625,25.142948150634766,479.28204345703125,201.3662872314453,42.830039978027344,137.10345458984375,98.06161499023438,110.76780700683594,265.958251953125,29.371326446533203,126.89188385009766,57.69499588012695,375.23394775390625,274.87652587890625,231.051025390625,106.7820816040039,304.4256286621094,115.65072631835938,28.825857162475586,173.7496795654297,141.44244384765625,14.29190444946289,168.5399932861328,225.61044311523438,30.229341506958008,49.21635437011719,96.62329864501953
2023-05-11,171.11114501953125,130.71450805664062,341.5799865722656,112.18000030517578,25.207365036010742,481.42108154296875,200.00975036621094,42.518280029296875,136.34413146972656,89.50037384033203,115.54544067382812,264.72515869140625,28.28350257873535,126.49207305908203,58.02207946777344,376.0677490234375,273.22674560546875,233.7374267578125,106.465087890625,302.2811584472656,114.44278717041016,28.51948356628418,174.7066650390625,141.7730255126953,14.224802017211914,172.0800018310547,225.79615783691406,30.20524024963379,49.4002571105957,94.87450408935547
2023-05-12,170.1841583251953,131.2138214111328,335.45001220703125,110.26000213623047,24.931270599365234,483.5122375488281,198.37794494628906,42.830039978027344,136.6932830810547,89.19011688232422,116.47718811035156,267.283203125,28.3717041015625,124.67909240722656,58.24922561645508,374.625732421875,274.4779968261719,231.77462768554688,106.09375762939453,301.169921875,112.56071472167969,28.28196907043457,175.40428161621094,143.2147216796875,14.283515930175781,167.97999572753906,226.15780639648438,30.19720458984375,49.38412857055664,94.86554718017578
2023-05-15,169.69107055664062,130.71450805664062,345.6700134277344,111.19999694824219,25.44664764404297,481.5649719238281,199.8721160888672,43.187644958496094,137.199462890625,90.03363037109375,115.4859619140625,265.5073547363281,29.204723358154297,125.72970581054688,58.094764709472656,376.0873718261719,274.25555419921875,236.7806854248047,105.3963623046875,301.64752197265625,112.20489501953125,28.893714904785156,173.7496795654297,143.2606201171875,14.216416358947754,166.35000610351562,227.55552673339844,29.538476943969727,49.000205993652344,95.04644012451172
2023-05-16,169.69107055664062,127.77188110351562,345.1099853515625,113.4000015258789,25.179758071899414,475.91522216796875,201.08119201660156,43.02260208129883,133.9789276123047,88.21086883544922,118.45958709716797,259.7929992675781,28.636308670043945,124.88363647460938,57.44058609008789,372.97784423828125,272.63348388671875,236.7410430908203,105.13372802734375,303.8700256347656,109.06805419921875,29.15318489074707,172.9984130859375,143.01271057128906,13.864151000976562,166.52000427246094,225.2683563232422,28.96007537841797,48.322689056396484,92.7397232055664
2023-05-17,170.30252075195312,127.82537841796875,356.6300048828125,115.5,26.293331146240234,474.8121643066406,205.8192138671875,43.67361831665039,135.89906311035156,89.94638061523438,119.77790069580078,269.0499572753906,28.29330062866211,128.72348022460938,57.37698745727539,379.6087646484375,271.99395751953125,240.37905883789062,103.93819427490234,306.7420654296875,109.53624725341797,30.1162052154541,171.77308654785156,142.40664672851562,13.973183631896973,173.86000061035156,227.3991241455078,29.064510345458984,48.24203109741211,94.82030487060547
2023-05-18,172.62985229492188,127.90564727783203,360.42999267578125,118.1500015258789,26.20130157470703,477.7857360839844,209.6922607421875,44.19627380371094,135.73159790039062,90.90625,121.75042724609375,271.5988464355469,29.087121963500977,129.69970703125,57.058982849121094,384.5328674316406,272.54083251953125,244.701171875,103.2498550415039,311.1575927734375,111.30597686767578,31.61313819885254,171.32594299316406,140.06503295898438,13.880925178527832,176.88999938964844,228.3277130126953,29.02434730529785,48.86792755126953,95.67967987060547
2023-05-19,172.73834228515625,129.39476013183594,371.25,116.25,25.869991302490234,476.2701416015625,206.78257751464844,45.04903030395508,136.8068084716797,88.5696029663086,121.68102264404297,267.6605529785156,29.332124710083008,129.40219116210938,57.086238861083984,378.2060852050781,273.93109130859375,243.50169372558594,104.5993423461914,310.9817199707031,107.45750427246094,31.199983596801758,171.5763397216797,140.65274047851562,13.679630279541016,180.13999938964844,228.0442352294922,28.96007537841797,48.3646354675293,96.12293243408203
2023-05-22,171.7915802001953,129.20751953125,372.04998779296875,115.01000213623047,26.081666946411133,471.8097839355469,206.68426513671875,44.76477813720703,134.34791564941406,89.0252914428711,123.9509048461914,267.4581298828125,29.67513656616211,128.3330078125,55.886905670166016,377.18597412109375,268.1846923828125,246.15834045410156,103.69364166259766,313.7560729980469,103.1689453125,31.112165451049805,166.92559814453125,136.97044372558594,13.738340377807617,188.8699951171875,226.06005859375,28.887775421142578,47.93876266479492,94.95600128173828
2023-05-23,169.1881103515625,127.08527374267578,370.4200134277344,114.98999786376953,26.302541732788086,465.09527587890625,203.12583923339844,44.847293853759766,138.2345428466797,87.08616638183594,121.4827880859375,271.3963928222656,28.920516967773438,126.99415588378906,55.786964416503906,366.6118469238281,265.422607421875,244.59210205078125,102.58869934082031,307.9729309082031,101.85801696777344,30.62516212463379,166.41586303710938,135.49200439453125,13.503499984741211,185.77000427246094,219.51126098632812,29.11271095275879,47.848426818847656,96.24958038330078
2023-05-24,169.46421813964844,125.86363983154297,365.760009765625,116.75,25.860790252685547,463.07135009765625,205.50465393066406,44.38882827758789,138.60470581054688,86.3589859008789,119.83738708496094,267.86297607421875,28.420705795288086,125.83198547363281,55.314510345458984,361.4621276855469,265.00555419921875,247.0406036376953,102.8875732421875,306.59552001953125,101.39920043945312,30.475473403930664,165.36050415039062,134.37168884277344,13.377690315246582,182.89999389648438,217.23387145996094,28.81546974182129,47.62904739379883,97.3260498046875
2023-05-25,170.59832763671875,123.60762023925781,392.05999755859375,115.0,25.925209045410156,466.70672607421875,206.34022521972656,44.95732879638672,136.21630859375,85.45729064941406,122.39469146728516,263.8602294921875,26.852664947509766,126.1387939453125,54.88747024536133,362.9727478027344,264.63482666015625,250.49029541015625,101.71015930175781,318.38653564453125,100.64076232910156,37.9022331237793,164.3856201171875,133.508544921875,12.706707000732422,184.47000122070312,218.33839416503906,27.971982955932617,47.154788970947266,95.5801773071289
2023-05-26,173.00460815429688,122.66244506835938,415.3900146484375,120.11000061035156,26.054058074951172,486.57208251953125,211.7761688232422,45.718379974365234,135.7932891845703,85.60273742675781,123.51476287841797,269.45489501953125,28.420705795288086,127.31956481933594,54.75117874145508,367.2199401855469,265.11676025390625,259.7589111328125,100.59615325927734,325.1954345703125,100.66883087158203,38.86626052856445,164.18882751464844,133.51766967773438,13.000262260437012,193.1699981689453,219.9315643310547,28.1165771484375,47.238670349121094,94.95600128173828
2023-05-30,174.84877014160156,121.66373443603516,417.2099914550781,121.66000366210938,26.008039474487305,487.31072998046875,215.14784240722656,46.00263595581055,134.9472198486328,85.14703369140625,122.58302307128906,269.05914306640625,29.39093017578125,127.80303955078125,54.3150634765625,360.481201171875,264.07867431640625,260.2347717285156,98.87532043457031,323.55426025390625,99.74183654785156,40.02886962890625,162.4269256591797,131.4791259765625,13.117685317993164,201.16000366210938,216.63768005371094,28.036252975463867,47.12252426147461,94.11473846435547
2023-05-31,174.79945373535156,123.01911926269531,417.7900085449219,120.58000183105469,25.575490951538086,490.6967468261719,219.58114624023438,45.544166564941406,132.74391174316406,85.28278350830078,121.7900619506836,262.7013244628906,30.811965942382812,126.17597961425781,54.20603561401367,358.048583984375,264.2547607421875,262.41558837890625,99.99838256835938,320.7994384765625,98.56201171875,37.756534576416016,163.08876037597656,130.85467529296875,13.193169593811035,203.92999267578125,216.04141235351562,28.622676849365234,47.38386154174805,92.43215942382812
2023-06-01,177.60018920898438,118.9886245727539,426.75,122.7699966430664,25.770299911499023,491.6943359375,209.27935791015625,45.60834884643555,134.10118103027344,85.89360046386719,122.63258361816406,267.27972412109375,30.508155822753906,127.91461181640625,54.514949798583984,363.796630859375,266.8128967285156,270.23687744140625,100.46934509277344,324.8925476074219,97.03572082519531,39.68857192993164,164.08396911621094,132.19537353515625,13.260269165039062,207.52000427246094,221.38796997070312,28.694978713989258,47.55807113647461,93.49958801269531
2023-06-02,178.44830322265625,122.04716491699219,436.3699951171875,124.25,26.633018493652344,491.68475341796875,209.4071807861328,45.86509704589844,137.7145233154297,88.00724029541016,123.57422637939453,274.2770690917969,30.684558868408203,130.6015625,55.568912506103516,366.5922546386719,270.1300048828125,270.23687744140625,101.9094009399414,327.6474304199219,101.25386047363281,39.24647521972656,165.7681121826172,134.5461883544922,12.75703239440918,213.97000122070312,223.62625122070312,27.779184341430664,48.01297378540039,95.67063903808594
2023-06-05,177.09722900390625,122.03824615478516,434.17999267578125,125.30000305175781,26.475318908691406,497.1138610839844,206.29104614257812,46.039310455322266,137.05357360839844,88.2302474975586,124.90245819091797,271.64495849609375,29.263526916503906,129.31854248046875,55.196388244628906,363.4434814453125,268.7509765625,269.02752685546875,102.44378662109375,328.1748962402344,98.83007049560547,39.090797424316406,165.88519287109375,134.01358032226562,12.908001899719238,217.61000061035156,221.65187072753906,27.68277931213379,48.329139709472656,95.24546813964844
2023-06-06,176.7323455810547,120.76309967041016,432.8900146484375,126.61000061035156,27.115400314331055,495.205078125,209.230224609375,45.67253494262695,137.30029296875,89.3549575805664,126.1910400390625,274.33270263671875,30.341550827026367,129.5509490966797,54.79660415649414,372.7032775878906,265.1263732910156,268.75982666015625,99.63610076904297,325.9671325683594,99.76014709472656,38.574851989746094,163.5165557861328,132.6820831298828,13.142847061157227,221.30999755859375,223.06915283203125,27.875574111938477,48.322689056396484,96.0234375
2023-06-07,175.361572265625,121.71723937988281,418.32000732421875,121.2300033569336,27.347312927246094,490.3802185058594,202.2312774658203,45.6450309753418,140.86085510253906,89.7039794921875,121.42330169677734,279.615478515625,30.655160903930664,130.80613708496094,54.71484375,364.2969055175781,262.66656494140625,261.30535888671875,98.36812591552734,315.90521240234375,100.60562896728516,37.40213394165039,162.21066284179688,132.9667205810547,13.503499984741211,224.57000732421875,220.1857147216797,28.325441360473633,48.39366912841797,98.17638397216797
2023-06-08,178.07354736328125,122.73375701904297,439.0299987792969,124.25,27.115400314331055,498.8788757324219,205.96665954589844,45.5533332824707,140.34088134765625,89.71369171142578,121.06646728515625,279.0501403808594,31.18437385559082,130.84329223632812,54.85112380981445,360.5694885253906,266.28179931640625,262.2767639160156,99.9168930053711,317.7418212890625,99.76953887939453,38.435123443603516,164.00291442871094,134.47268676757812,13.478336334228516,234.86000061035156,218.0158233642578,28.462013244628906,49.09376525878906,97.86881256103516
2023-06-09,178.4581756591797,123.21527099609375,454.0,123.43000030517578,27.15250587463379,496.1834411621094,211.6483917236328,45.53499221801758,140.0059814453125,89.13194274902344,121.15569305419922,275.5838928222656,30.71396255493164,131.10362243652344,54.941986083984375,362.1683349609375,267.2229309082031,262.64361572265625,100.27011108398438,319.2364807128906,99.45011901855469,38.69462203979492,164.22804260253906,134.58291625976562,13.377690315246582,244.39999389648438,218.51431274414062,28.49414825439453,49.39057922363281,97.14513397216797
2023-06-12,181.24900817871094,122.81401824951172,474.6300048828125,126.56999969482422,27.022634506225586,499.7229309082031,210.055908203125,46.28688049316406,138.65756225585938,90.30512237548828,122.55329895019531,278.8369445800781,32.40940475463867,131.09432983398438,54.70576095581055,368.14202880859375,268.8814392089844,268.6904602050781,99.50025177001953,324.1794128417969,100.36139678955078,39.40523910522461,163.82278442382812,133.52687072753906,13.360917091369629,249.8300018310547,221.0653839111328,28.606613159179688,49.71642303466797,96.26766204833984
2023-06-13,180.77566528320312,123.33123016357422,478.989990234375,126.66000366210938,27.273103713989258,500.7302551269531,205.42601013183594,46.580299377441406,139.69749450683594,90.99349975585938,122.74163818359375,278.1140441894531,33.23262405395508,132.0426788330078,54.9238166809082,364.2871398925781,268.8628234863281,268.9581604003906,99.61798858642578,326.5631103515625,100.31442260742188,40.942237854003906,163.49856567382812,133.20547485351562,13.268653869628906,258.7099914550781,218.35789489746094,28.502182006835938,50.10358428955078,96.28575897216797
2023-06-14,181.4068145751953,121.47645568847656,479.5299987792969,126.41999816894531,27.01336097717285,505.698974609375,205.83888244628906,46.72700881958008,138.4459991455078,89.6361083984375,122.58302307128906,277.7711181640625,34.8692626953125,131.54991149902344,55.29633331298828,367.6025390625,268.76025390625,270.970458984375,99.0709457397461,329.54254150390625,106.02625274658203,42.91340637207031,164.966552734375,134.45436096191406,13.285430908203125,256.7900085449219,218.39700317382812,28.70301055908203,50.610103607177734,95.12788391113281
2023-06-15,183.43832397460938,121.17328643798828,490.9100036621094,127.11000061035156,27.245275497436523,507.59814453125,208.3160400390625,47.61643981933594,139.4947967529297,90.1112060546875,123.99053955078125,279.9120178222656,35.104469299316406,133.03750610351562,56.05619430541992,371.8008728027344,272.64581298828125,279.3766174316406,99.74563598632812,340.0539245605469,105.603515625,42.57007598876953,167.254150390625,136.31846618652344,13.444787979125977,255.89999389648438,221.0653839111328,29.273374557495117,50.88755416870117,95.78822326660156
2023-06-16,182.3634033203125,123.62545776367188,495.17999267578125,125.48999786376953,27.078296661376953,502.2937316894531,208.15875244140625,47.74480438232422,138.59585571289062,88.54051208496094,122.44426727294922,278.3920593261719,35.64348220825195,133.19554138183594,56.45901870727539,369.3387451171875,273.66143798828125,278.5538330078125,99.67269897460938,334.41717529296875,106.71206665039062,42.60898971557617,167.5513153076172,137.31936645507812,13.469949722290039,260.5400085449219,223.7435760498047,29.289443969726562,50.17778015136719,95.1007308959961
2023-06-20,182.45216369628906,122.89427185058594,485.8599853515625,125.77999877929688,26.781444549560547,498.5047607421875,213.2801513671875,47.26800537109375,135.44073486328125,87.01829528808594,122.0180435180664,279.3467102050781,34.30085372924805,132.51683044433594,56.08366012573242,367.4652099609375,273.04644775390625,281.8548889160156,100.50239562988281,330.2361755371094,102.90730285644531,43.72282791137695,166.89389038085938,136.05215454101562,13.235106468200684,274.45001220703125,221.35865783691406,28.767276763916016,49.735782623291016,92.92063903808594
2023-06-21,181.41671752929688,122.03824615478516,477.4800109863281,124.83000183105469,26.503149032592773,498.4279479980469,206.02565002441406,46.62614440917969,136.49835205078125,85.94207763671875,119.4904556274414,278.6886901855469,32.2427978515625,132.3216094970703,56.23929977416992,368.9562072753906,274.4254150390625,279.1883239746094,101.350341796875,325.8499450683594,103.32064819335938,42.961307525634766,167.001953125,137.2275390625,13.092522621154785,259.4599914550781,222.12103271484375,28.783344268798828,49.83257293701172,93.96094512939453
2023-06-22,184.4146270751953,122.5286865234375,477.5799865722656,130.14999389648438,25.937280654907227,502.8211975097656,209.66273498535156,46.87372589111328,134.52418518066406,85.79664611816406,122.0676040649414,279.1334533691406,32.05659484863281,129.77410888671875,56.623809814453125,370.5845031738281,273.2886657714844,282.40008544921875,103.68441009521484,331.8578186035156,103.7715835571289,42.94134521484375,168.73114013671875,137.6958465576172,13.067361831665039,264.6099853515625,223.23532104492188,28.79940414428711,50.24876022338867,93.4453125
2023-06-23,184.09906005859375,121.20003509521484,484.7200012207031,129.3300018310547,25.742469787597656,503.0514831542969,206.5171356201172,46.149349212646484,133.38726806640625,85.41851806640625,121.26471710205078,278.7905578613281,32.34080123901367,129.0954132080078,56.02873229980469,372.5561218261719,270.1300048828125,286.2165832519531,104.48674774169922,327.2762145996094,102.88850402832031,42.12693405151367,167.578369140625,136.32763671875,12.95832633972168,256.6000061035156,224.369140625,28.52627944946289,50.15519332885742,92.63117980957031
2023-06-26,182.7085723876953,120.33509063720703,479.510009765625,127.33000183105469,26.05787467956543,502.07305908203125,203.83360290527344,46.039310455322266,135.73159790039062,86.00025177001953,117.29986572265625,285.3523254394531,32.67401123046875,129.4114990234375,56.047054290771484,370.2117919921875,269.365966796875,276.0458984375,103.10087585449219,321.0046691894531,104.97406768798828,40.55300521850586,166.51564025878906,136.46534729003906,13.109298706054688,241.0500030517578,221.19247436523438,29.00827980041504,50.022918701171875,94.34087371826172
2023-06-27,185.4600067138672,118.2396011352539,489.2699890136719,129.17999267578125,26.197021484375,508.70123291015625,205.2687530517578,46.63532257080078,135.3085479736328,86.34929656982422,117.28997039794922,290.7740783691406,33.4188232421875,129.42079162597656,55.92803192138672,374.498291015625,271.4252014160156,284.5512390136719,103.3197021484375,326.83660888671875,106.7308578491211,41.794578552246094,167.7134552001953,137.76011657714844,13.285430908203125,250.2100067138672,222.20896911621094,29.361740112304688,49.842254638671875,94.5760726928711
2023-06-28,186.63356018066406,118.1593246459961,482.42999267578125,129.0399932861328,26.039318084716797,511.0704650878906,208.56178283691406,46.644493103027344,136.53358459472656,86.12631225585938,119.12371063232422,284.0733947753906,32.899417877197266,128.85365295410156,55.406192779541016,372.9681091308594,271.8352355957031,282.8065185546875,102.51737976074219,328.0870361328125,106.18595886230469,41.03705596923828,165.4438934326172,137.73260498046875,13.235106468200684,256.239990234375,222.81500244140625,29.578638076782227,50.113258361816406,95.34498596191406
2023-06-29,186.9688720703125,118.80134582519531,483.7699890136719,127.9000015258789,26.586639404296875,510.00579833984375,206.85134887695312,46.956241607666016,137.69691467285156,86.24263763427734,118.05319213867188,285.2874450683594,32.25259780883789,133.35360717773438,54.94844055175781,380.2659912109375,274.37884521484375,279.0791931152344,103.52030181884766,327.3055114746094,106.50537872314453,40.74262619018555,165.60598754882812,137.1724395751953,13.402849197387695,257.5,229.03147888183594,29.715213775634766,49.774497985839844,96.52095794677734
2023-06-30,191.2882843017578,120.138916015625,488.989990234375,130.36000061035156,26.61446762084961,516.4230346679688,207.66725158691406,47.442222595214844,138.67518615722656,86.5625991821289,118.64791870117188,287.9010314941406,32.77200698852539,135.22244262695312,55.13154602050781,385.78839111328125,278.0500183105469,284.4818115234375,105.20704650878906,332.6686096191406,103.6870346069336,42.219757080078125,166.8128204345703,139.33961486816406,13.377690315246582,261.7699890136719,232.12013244628906,29.87587547302246,50.710113525390625,97.01848602294922
2023-07-03,189.79916381835938,120.38859558105469,485.2099914550781,130.22000122070312,27.087575912475586,518.9744262695312,208.05059814453125,47.51557159423828,138.5518035888672,87.74545288085938,118.84617614746094,287.3263854980469,32.94841766357422,136.3102264404297,55.461124420166016,386.4358215332031,274.7236328125,283.5301513671875,104.24059295654297,330.1775207519531,102.50333404541016,42.330535888671875,167.1550750732422,140.03749084472656,13.520273208618164,279.82000732421875,232.5990753173828,29.94817543029785,51.0391845703125,97.20845031738281
2023-07-05,188.684814453125,122.71592712402344,487.260009765625,130.3800048828125,26.976255416870117,519.060791015625,210.18373107910156,47.589481353759766,137.75860595703125,87.05708312988281,120.6799087524414,288.04931640625,31.8605899810791,135.40216064453125,55.87310028076172,387.19110107421875,276.6430969238281,291.80743408203125,103.6661605834961,330.3338928222656,100.61503601074219,42.23472595214844,168.03768920898438,139.7987518310547,13.478336334228516,282.4800109863281,234.04566955566406,30.10883903503418,51.01015853881836,96.7109146118164
2023-07-06,189.15814208984375,122.38599395751953,481.2900085449219,128.36000061035156,26.234130859375,515.4541015625,206.56631469726562,47.219932556152344,134.73570251464844,86.03903198242188,119.05431365966797,279.9120178222656,31.331377029418945,134.0635223388672,55.442813873291016,386.1892395019531,274.79815673828125,289.44818115234375,101.88825988769531,333.3817138671875,98.73613739013672,42.021141052246094,168.05567932128906,139.56915283203125,13.310590744018555,276.5400085449219,233.48855590820312,29.827678680419922,50.687522888183594,93.10155487060547
2023-07-07,188.04376220703125,120.82553100585938,485.2699890136719,129.77999877929688,26.466041564941406,503.63653564453125,206.02565002441406,47.109073638916016,135.9166717529297,85.94207763671875,118.42986297607422,280.6441955566406,31.213773727416992,135.121337890625,54.71040725708008,381.80804443359375,272.17059326171875,288.0008850097656,99.38092803955078,329.4253234863281,98.1348876953125,42.42036056518555,164.88551330566406,136.63983154296875,13.325959205627441,274.42999267578125,231.11338806152344,29.355852127075195,49.51962661743164,93.31866455078125
2023-07-10,186.00241088867188,119.92491912841797,496.3500061035156,127.12999725341797,26.586639404296875,505.5167541503906,209.19088745117188,47.48786544799805,136.82440185546875,85.41851806640625,115.4264907836914,287.56744384765625,32.08599853515625,135.8795928955078,54.29843521118164,385.2265319824219,274.3975524902344,291.53985595703125,100.25621032714844,324.1599426269531,99.37496185302734,42.097991943359375,165.9842529296875,136.69496154785156,13.035706520080566,269.6099853515625,232.78480529785156,28.73438835144043,49.968074798583984,94.70271301269531
2023-07-11,185.47975158691406,120.8879623413086,504.739990234375,128.77999877929688,26.920597076416016,508.0393981933594,217.40872192382812,48.15306091308594,139.3538055419922,86.76620483398438,116.11042022705078,290.6999816894531,32.63480758666992,138.00460815429688,54.490692138671875,390.7668151855469,274.63043212890625,295.693359375,99.10740661621094,324.7851257324219,100.8874740600586,42.32254409790039,165.69602966308594,135.97866821289062,13.001559257507324,269.7900085449219,235.120849609375,28.611736297607422,49.89387130737305,95.860595703125
2023-07-12,187.1463623046875,120.36185455322266,507.3599853515625,130.8000030517578,27.235998153686523,516.0584716796875,223.414794921875,46.87809371948242,140.6934356689453,87.4061279296875,117.88468170166016,294.2773742675781,33.30122756958008,138.68798828125,54.78365707397461,393.60565185546875,275.4410400390625,306.64715576171875,97.98595428466797,329.40582275390625,101.23506927490234,43.8166389465332,164.966552734375,136.68576049804688,12.907654762268066,271.989990234375,236.74337768554688,28.505430221557617,50.01969909667969,96.33099365234375
2023-07-13,187.90570068359375,120.44297790527344,517.280029296875,134.3000030517578,27.523571014404297,516.489990234375,226.4522705078125,47.607967376708984,138.816162109375,87.71639251708984,123.44538116455078,291.5711364746094,33.19342041015625,139.3620147705078,55.25055694580078,393.4779968261719,275.07769775390625,310.6817321777344,96.93743896484375,334.7396240234375,101.31021881103516,45.88761520385742,168.89324951171875,136.77757263183594,12.907654762268066,277.8999938964844,237.81854248046875,28.325531005859375,49.726104736328125,94.56700897216797
2023-07-14,188.0536346435547,122.62480163574219,514.8300170898438,134.67999267578125,27.00408363342285,524.403564453125,225.42996215820312,46.545501708984375,135.3526153564453,85.92269134521484,124.31764221191406,293.33203125,32.4878044128418,140.20452880859375,55.754085540771484,395.3935241699219,274.81689453125,306.1812438964844,97.86742401123047,337.25994873046875,101.41356658935547,45.38059616088867,169.5056915283203,137.78765869140625,12.378372192382812,281.3800048828125,237.67193603515625,27.81037712097168,49.89710235595703,91.31045532226562
2023-07-17,191.3080291748047,121.56095886230469,522.0,133.55999755859375,27.273103713989258,530.4083251953125,224.12257385253906,46.94276428222656,135.22921752929688,82.9558334350586,123.55441284179688,292.9150390625,33.683433532714844,143.58396911621094,55.671688079833984,395.0889587402344,274.5744934082031,307.916015625,96.2536392211914,337.7386779785156,102.12754821777344,46.37065887451172,167.18211364746094,136.8143310546875,11.550301551818848,290.3800048828125,238.48321533203125,25.725210189819336,49.958404541015625,91.70848083496094
2023-07-18,191.05160522460938,123.13874053955078,532.22998046875,132.8300018310547,28.47905921936035,531.0125732421875,223.75885009765625,47.34003829956055,135.50242614746094,83.33394622802734,122.6722412109375,293.5730285644531,33.81083679199219,143.8461151123047,55.451961517333984,391.1203918457031,273.7732238769531,309.3335266113281,96.60011291503906,351.1805725097656,103.0763931274414,47.401649475097656,166.1193389892578,137.07144165039062,11.482008934020996,293.3399963378906,235.33587646484375,26.387557983398438,49.868064880371094,91.29236602783203
2023-07-19,192.40267944335938,124.13045501708984,527.1699829101562,135.36000061035156,29.24901580810547,531.5114135742188,230.3842315673828,48.43946838378906,136.3308868408203,84.39078521728516,120.95745086669922,296.09393310546875,33.77163314819336,144.39845275878906,56.43156051635742,391.22845458984375,274.06201171875,313.2590637207031,96.60011291503906,346.87255859375,103.2267074584961,46.9854621887207,167.74948120117188,138.008056640625,12.455202102661133,291.260009765625,235.97119140625,27.777666091918945,49.88419723510742,91.92559051513672
2023-07-20,190.4599151611328,128.1966094970703,516.8800048828125,129.9600067138672,29.39743995666504,534.2452392578125,224.27984619140625,48.384033203125,137.8379364013672,83.58604431152344,118.1523208618164,295.7325134277344,32.70341110229492,146.1770782470703,57.11818313598633,391.0221862792969,276.8573913574219,299.886474609375,98.88858795166016,338.8522644042969,101.01898956298828,45.43149185180664,170.48736572265625,139.12713623046875,12.514962196350098,262.8999938964844,234.21182250976562,27.507822036743164,50.8068962097168,93.54483795166016
2023-07-21,189.2863311767578,129.5941162109375,520.22998046875,130.0,29.666458129882812,535.1085205078125,224.18154907226562,48.624244689941406,139.85617065429688,84.52652740478516,118.9651107788086,297.011474609375,33.34042739868164,145.05369567871094,57.16395950317383,390.46221923828125,275.4410400390625,291.69842529296875,100.64828491210938,335.8239440917969,102.45635223388672,44.22284698486328,171.2618865966797,141.31716918945312,12.60032844543457,260.0199890136719,233.8501739501953,27.704072952270508,51.094032287597656,93.97901916503906
2023-07-24,190.0851593017578,129.08917236328125,523.8599853515625,128.8000030517578,30.28799057006836,540.9310302734375,221.82235717773438,49.067710876464844,142.6147003173828,83.96417236328125,120.46183776855469,301.31182861328125,32.958213806152344,147.90890502929688,57.18226623535156,397.6332092285156,275.1615905761719,289.07147216796875,99.18948364257812,337.1329650878906,102.18392181396484,44.52526092529297,171.9463653564453,141.7699737548828,12.762528419494629,269.05999755859375,235.3065643310547,27.785844802856445,51.39407730102539,95.45352172851562
2023-07-25,190.94314575195312,127.6917495727539,525.3400268554688,129.1300048828125,29.824159622192383,542.1395874023438,222.18605041503906,49.52041244506836,143.266845703125,83.02369689941406,121.1358642578125,301.3303527832031,33.4188232421875,146.8042755126953,56.990013122558594,394.1852722167969,272.412841796875,291.9066162109375,98.0406723022461,342.8673095703125,101.74237823486328,45.59019088745117,172.34266662597656,142.1025848388672,12.634477615356445,265.2799987792969,233.30284118652344,27.998451232910156,51.35213088989258,95.59825897216797
2023-07-26,191.8109588623047,127.93516540527344,514.5499877929688,128.14999389648438,30.065345764160156,543.0795288085938,221.7436981201172,49.169334411621094,142.19163513183594,83.2467041015625,128.13381958007812,305.4638977050781,33.67363739013672,147.68421936035156,57.722412109375,395.2953186035156,271.8445129394531,295.9709777832031,97.6850814819336,329.962646484375,102.68182373046875,45.363624572753906,172.5587921142578,142.25045776367188,12.711309432983398,264.3500061035156,231.74871826171875,28.080219268798828,51.53602600097656,95.0645523071289
2023-07-27,190.5486602783203,134.20120239257812,513.969970703125,128.25,29.638626098632812,538.9166870117188,221.321044921875,48.96608352661133,140.71104431152344,82.76191711425781,128.26266479492188,305.57513427734375,33.859840393066406,146.05535888671875,57.16395950317383,387.52508544921875,275.04974365234375,308.99652099609375,95.9801025390625,323.0755920410156,101.1505126953125,45.81075668334961,169.7938995361328,140.55941772460938,12.386909484863281,255.7100067138672,229.14878845214844,27.434226989746094,51.348899841308594,95.36306762695312
2023-07-28,193.12258911132812,136.0043487548828,528.8699951171875,132.2100067138672,29.59224510192871,540.345703125,221.7633819580078,48.12534713745117,140.01478576660156,83.50848388671875,131.41470336914062,307.1136474609375,36.09429931640625,146.88851928710938,57.20056915283203,386.0123291015625,273.9689025878906,322.6466979980469,96.9556655883789,330.5487365722656,102.04300689697266,46.65910339355469,171.39698791503906,144.53286743164062,12.335687637329102,266.44000244140625,230.42918395996094,27.826730728149414,51.59086990356445,94.2232666015625
2023-07-31,193.7340087890625,134.859375,546.1699829101562,133.67999267578125,29.685012817382812,537.8038330078125,221.1834259033203,48.07914733886719,144.2362823486328,86.1844711303711,131.55349731445312,309.4028015136719,35.05546951293945,147.87147521972656,56.69705581665039,387.30908203125,273.1955261230469,315.8265380859375,97.23833465576172,328.1554260253906,103.70581817626953,46.63814163208008,168.83023071289062,144.43125915527344,12.395445823669434,267.42999267578125,232.36447143554688,27.867616653442383,51.57475280761719,97.00943756103516
2023-08-01,192.9055938720703,133.9217071533203,549.0999755859375,131.69000244140625,29.332500457763672,532.8158569335938,220.4560089111328,48.65195846557617,143.03770446777344,86.32020568847656,130.39376831054688,307.7623291015625,35.084869384765625,147.1412353515625,56.55057144165039,390.0496520996094,271.21087646484375,319.9007568359375,95.98921966552734,328.56573486328125,102.7757797241211,46.416568756103516,168.25381469726562,144.3850555419922,12.207636833190918,261.07000732421875,234.3682098388672,27.336103439331055,51.33277893066406,96.44859313964844
2023-08-02,189.91749572753906,134.67904663085938,530.2999877929688,128.2100067138672,28.933610916137695,529.8231811523438,216.75009155273438,48.57804870605469,140.7727508544922,83.67330932617188,127.25163269042969,304.4536437988281,33.703033447265625,145.47494506835938,56.724517822265625,383.1242980957031,269.85980224609375,311.57391357421875,96.37216186523438,319.9300231933594,101.00019836425781,44.182926177978516,169.5957489013672,144.69923400878906,12.250319480895996,254.11000061035156,232.1983184814453,27.24615478515625,51.36826705932617,95.24546813964844
2023-08-03,188.52699279785156,134.38150024414062,523.760009765625,128.91000366210938,29.1376895904541,534.9454345703125,211.89413452148438,49.10466766357422,140.71983337402344,82.8879623413086,127.32102966308594,305.7048645019531,34.1734504699707,146.36428833007812,56.43156051635742,386.06146240234375,271.164306640625,310.4636535644531,96.39952850341797,319.1094665527344,102.06178283691406,44.42844772338867,168.52401733398438,145.07810974121094,12.028362274169922,259.32000732421875,233.37123107910156,27.033550262451172,51.38117218017578,96.90088653564453
2023-08-04,179.4739227294922,133.19143676757812,526.8800048828125,139.57000732421875,29.0356502532959,529.5257568359375,210.94061279296875,48.624244689941406,140.40257263183594,83.67330932617188,126.98400115966797,302.53521728515625,34.56195068359375,146.05535888671875,55.58012771606445,384.43084716796875,267.4371643066406,308.0250549316406,95.73394775390625,320.2036437988281,102.22148132324219,44.59313201904297,166.2544708251953,143.4886932373047,11.951532363891602,253.86000061035156,233.59605407714844,26.673755645751953,51.084354400634766,97.1722640991211
2023-08-07,176.37733459472656,135.53555297851562,529.72998046875,142.22000122070312,29.57369041442871,535.6360473632812,212.3856201171875,48.975318908691406,140.91372680664062,84.18716430664062,130.3739471435547,305.07464599609375,34.65046691894531,146.7480926513672,56.01958465576172,389.8532409667969,271.518310546875,313.8042907714844,96.72774505615234,322.47967529296875,103.79035949707031,45.32870101928711,168.31686401367188,145.00416564941406,11.960068702697754,251.4499969482422,236.05917358398438,26.600162506103516,51.77799606323242,96.97325134277344
2023-08-08,177.314208984375,134.8954315185547,520.5999755859375,139.94000244140625,29.007822036743164,533.439453125,207.9818115234375,49.021514892578125,140.7022247314453,85.44759368896484,130.2450714111328,303.8141784667969,34.44392395019531,145.92428588867188,55.772396087646484,386.2383728027344,269.822509765625,309.9184265136719,97.0195083618164,318.51348876953125,103.04820251464844,44.5771598815918,166.11032104492188,145.16127014160156,12.105194091796875,249.6999969482422,233.88929748535156,26.632875442504883,51.82960891723633,97.45269012451172
2023-08-09,175.72647094726562,135.93222045898438,513.780029296875,137.85000610351562,28.627483367919922,536.8734741210938,202.3590850830078,48.95684814453125,140.88729858398438,84.82707977294922,128.5203857421875,304.1849060058594,33.716094970703125,143.9677734375,55.90056610107422,386.7098083496094,268.5646667480469,302.5531005859375,96.73686218261719,314.7818908691406,103.04820251464844,42.47126007080078,165.69602966308594,144.97642517089844,12.182026863098145,242.19000244140625,234.3486785888672,26.747350692749023,51.91349792480469,99.10811614990234
2023-08-10,175.50949096679688,136.53631591796875,515.8300170898438,138.55999755859375,28.701696395874023,538.59033203125,204.7084503173828,49.30792236328125,141.74215698242188,88.96711730957031,128.5501251220703,305.28778076171875,34.10951614379883,143.75244140625,55.772396087646484,390.11846923828125,267.97760009765625,303.0784912109375,96.2536392211914,315.46563720703125,102.42816162109375,42.30558395385742,165.48892211914062,144.2556915283203,12.096654891967773,245.33999633789062,235.18104553222656,27.00084114074707,51.88759231567383,99.61468505859375
2023-08-11,175.56874084472656,137.2034912109375,508.45001220703125,138.41000366210938,29.0263729095459,540.0003051757812,205.15078735351562,49.69595718383789,144.6681365966797,86.31050872802734,128.4212646484375,306.8725891113281,34.31605911254883,144.58563232421875,56.00126266479492,387.9966735839844,268.9280090332031,299.0141906738281,97.95861053466797,313.5899658203125,101.54509735107422,40.77556228637695,165.7500762939453,145.09658813476562,12.267394065856934,242.64999389648438,235.0635528564453,27.27886390686035,52.19194030761719,101.16156768798828
2023-08-14,177.21788024902344,137.28463745117188,522.25,140.57000732421875,28.69241714477539,538.5712280273438,208.4536590576172,49.77910614013672,144.56240844726562,86.10688781738281,130.17572021484375,305.79754638671875,35.09306716918945,144.88519287109375,55.73577880859375,391.5330810546875,269.1050109863281,303.5245361328125,99.29887390136719,316.5500793457031,101.12232971191406,43.66792678833008,165.37184143066406,143.95997619628906,12.173489570617676,239.75999450683594,237.8642578125,27.442405700683594,51.80341339111328,101.24298095703125
2023-08-15,175.23300170898438,137.14938354492188,518.7000122070312,137.6699981689453,27.77404022216797,535.73193359375,205.2294464111328,49.28944778442383,140.34088134765625,84.41016387939453,128.6393280029297,307.8272705078125,34.19804000854492,141.19683837890625,55.36042022705078,387.4760437011719,268.6298522949219,299.3215026855469,99.0709457397461,314.42034912109375,100.09834289550781,43.85456848144531,163.32742309570312,143.03591918945312,12.071046829223633,232.9600067138672,234.85787963867188,27.197093963623047,51.53792953491211,98.64373779296875
2023-08-16,174.36399841308594,136.63548278808594,514.489990234375,135.07000732421875,27.171062469482422,536.2499389648438,203.46986389160156,48.92912673950195,139.80323791503906,83.7217788696289,127.5688247680664,308.6520690917969,32.978431701660156,140.5977325439453,55.36957931518555,387.3974304199219,265.9277038574219,291.72821044921875,99.13475799560547,313.6568603515625,100.07953643798828,43.40145492553711,163.2013702392578,141.5758819580078,12.036900520324707,225.60000610351562,234.3291015625,27.20526885986328,51.56382751464844,96.98385620117188
2023-08-17,171.8260955810547,135.2560577392578,511.6700134277344,133.97999572753906,27.161785125732422,524.7968139648438,200.3734588623047,50.56440734863281,142.14340209960938,83.30487060546875,128.7781219482422,303.3230285644531,32.044063568115234,139.13734436035156,55.488582611083984,385.6783752441406,262.6292419433594,282.6082458496094,99.3080062866211,310.21087646484375,98.68917083740234,43.25972366333008,160.71563720703125,140.55941772460938,11.960068702697754,219.22000122070312,232.4489288330078,27.033550262451172,50.4079704284668,98.86261749267578
2023-08-18,172.30999755859375,135.3642578125,508.1300048828125,133.22000122070312,27.00408363342285,522.7153930664062,201.3466033935547,50.85081481933594,143.16664123535156,83.3436508178711,126.33970642089844,303.4063415527344,32.21126174926758,139.45562744140625,55.79985809326172,385.2362976074219,262.5174255371094,280.7842712402344,99.56327819824219,309.8193054199219,98.46369171142578,43.214813232421875,160.47247314453125,140.95677185058594,11.994215965270996,215.49000549316406,233.23228454589844,27.131675720214844,51.133216857910156,100.35832977294922
2023-08-21,173.64312744140625,135.3822784423828,520.469970703125,134.67999267578125,27.04119110107422,521.055908203125,205.47515869140625,51.220367431640625,142.68617248535156,83.2660903930664,127.24169921875,300.338623046875,32.5948486328125,139.93307495117188,55.32379913330078,386.24810791015625,260.933349609375,287.37640380859375,99.96446990966797,315.10565185546875,96.63176727294922,46.87568283081055,159.45477294921875,140.2452392578125,12.036900520324707,231.27999877929688,234.49559020996094,26.98448944091797,50.997230529785156,99.14533233642578
2023-08-22,175.0157470703125,133.65122985839844,519.47998046875,134.25,26.382551193237305,516.4132690429688,203.2437744140625,51.23884963989258,141.5116729736328,83.1788330078125,127.94551086425781,300.7279357910156,32.348960876464844,137.0310516357422,54.98506546020508,390.80609130859375,261.1850280761719,285.096435546875,97.76715087890625,315.67340087890625,95.31654357910156,45.579200744628906,158.23890686035156,140.3007049560547,12.173489570617676,233.19000244140625,235.58255004882812,27.148029327392578,50.83534240722656,98.58899688720703
2023-08-23,178.85711669921875,132.60536193847656,530.7100219726562,135.52000427246094,26.391828536987305,518.8016967773438,205.573486328125,51.719268798828125,141.69850158691406,83.21760559082031,131.20655822753906,302.22015380859375,33.4210319519043,137.95779418945312,55.177310943603516,393.9691162109375,262.6385498046875,291.6785888671875,101.47796630859375,320.117919921875,92.77062225341797,47.02439880371094,160.41844177246094,141.61285400390625,12.088120460510254,236.86000061035156,237.27667236328125,27.139854431152344,51.188255310058594,97.72258758544922
2023-08-24,174.17637634277344,132.19969177246094,512.4299926757812,131.83999633789062,26.549530029296875,510.9886474609375,202.01504516601562,51.03558349609375,140.5328826904297,79.95986938476562,128.6393280029297,298.97625732421875,32.05389404296875,137.82675170898438,55.03083419799805,390.6390686035156,263.0857849121094,284.2537841796875,99.79122924804688,313.23583984375,91.71845245361328,47.071292877197266,159.57183837890625,140.95677185058594,12.079583168029785,230.0399932861328,234.50534057617188,27.29522132873535,50.79649353027344,96.99298095703125
2023-08-25,176.37847900390625,132.25376892089844,525.0599975585938,133.25999450683594,26.43821144104004,513.1990356445312,205.90769958496094,51.4605827331543,141.5828399658203,80.82278442382812,128.73846435546875,299.2265319824219,32.70303726196289,137.65826416015625,55.287174224853516,395.7668151855469,265.1636657714844,283.01470947265625,100.4841537475586,316.1825256347656,92.85518646240234,45.928531646728516,161.5892333984375,141.88082885742188,12.04543685913086,238.58999633789062,237.54110717773438,27.270687103271484,51.097599029541016,98.7258071899414
2023-08-28,177.93875122070312,132.9208984375,529.9199829101562,133.13999938964844,26.679401397705078,515.2940063476562,208.11944580078125,51.92253112792969,142.55270385742188,81.59843444824219,129.85850524902344,302.0533142089844,33.066951751708984,138.13568115234375,55.442813873291016,400.2364196777344,264.3250732421875,287.7332458496094,99.31712341308594,316.88739013671875,93.59734344482422,46.743934631347656,162.33676147460938,142.1025848388672,12.130805969238281,238.82000732421875,238.77496337890625,27.434226989746094,51.38898849487305,99.55574035644531
2023-08-29,181.8196563720703,133.06520080566406,540.5700073242188,134.91000366210938,27.059741973876953,521.61767578125,208.35536193847656,52.255126953125,142.33029174804688,81.83113098144531,133.38722229003906,305.269287109375,33.74560546875,139.259033203125,55.387882232666016,404.3718566894531,264.2412109375,295.39593505859375,100.28357696533203,321.49822998046875,95.60775756835938,48.689144134521484,162.94920349121094,142.185791015625,12.608865737915039,257.17999267578125,240.253662109375,28.36642074584961,51.81960678100586,100.14854431152344
2023-08-30,185.30555725097656,133.7233428955078,545.3599853515625,135.07000732421875,26.93914794921875,521.1275024414062,211.38296508789062,52.48609161376953,142.52601623535156,81.71479034423828,134.68572998046875,308.3845520019531,33.96198654174805,138.6973419189453,55.36042022705078,406.59197998046875,264.84686279296875,292.53106689453125,100.4841537475586,321.8702697753906,95.91778564453125,49.168216705322266,163.08425903320312,142.3428497314453,12.574718475341797,256.8999938964844,241.1251983642578,28.325531005859375,52.19194030761719,101.12440490722656
2023-08-31,185.52279663085938,132.49717712402344,559.3400268554688,138.00999450683594,26.81754493713379,527.8740234375,217.6937713623047,52.98500061035156,143.34461975097656,81.13304901123047,134.97317504882812,308.0767822265625,34.56195068359375,136.9842529296875,54.774505615234375,405.344482421875,263.3761291503906,293.31427001953125,99.36271667480469,320.8619079589844,95.55139923095703,49.25904083251953,161.36557006835938,142.6201171875,12.625940322875977,258.0799865722656,240.5866241455078,28.60355567932129,52.64846420288086,101.40714263916016
2023-09-01,187.09298706054688,133.6151580810547,563.2100219726562,138.1199951171875,27.107513427734375,523.0398559570312,217.76258850097656,53.43769836425781,146.1919403076172,79.15514373779297,134.46762084960938,310.6697082519531,36.00776672363281,137.4429168701172,54.29843521118164,408.2226257324219,263.1794128417969,293.7999572753906,100.14680480957031,321.7429504394531,96.48458862304688,48.41468048095703,159.00753784179688,142.7771453857422,12.506423950195312,245.00999450683594,242.96624755859375,28.505430221557617,52.311737060546875,103.53213500976562
2023-09-05,187.32994079589844,131.7218475341797,564.8800048828125,137.27000427246094,26.798843383789062,523.5011596679688,214.97091674804688,52.901851654052734,148.11390686035156,78.71884155273438,134.57669067382812,305.726318359375,36.10612487792969,135.92640686035156,53.84984588623047,404.224609375,261.51190185546875,297.53717041015625,98.02243041992188,326.530029296875,94.56167602539062,48.4536018371582,157.95542907714844,140.86434936523438,12.361297607421875,256.489990234375,240.253662109375,28.047510147094727,51.890830993652344,103.541259765625
2023-09-06,180.62478637695312,131.2800750732422,561.9400024414062,135.36000061035156,26.555635452270508,525.3848876953125,217.85107421875,52.80946350097656,148.26515197753906,78.51522827148438,133.27821350097656,304.0660400390625,36.37167739868164,135.70172119140625,53.8132209777832,405.8748474121094,258.027099609375,296.565673828125,97.09244537353516,325.8741760253906,94.4297103881836,46.97336959838867,158.47238159179688,140.58712768554688,12.472278594970703,251.9199981689453,241.05667114257812,27.949386596679688,52.27936935424805,104.43502044677734
2023-09-07,175.34161376953125,134.25531005859375,560.4600219726562,137.85000610351562,26.312437057495117,527.2396240234375,218.74560546875,52.46761703491211,148.2740478515625,78.11770629882812,134.0711669921875,306.32330322265625,37.551944732666016,134.54095458984375,53.40125274658203,407.28936767578125,260.734375,296.0700378417969,98.41448974609375,322.9666442871094,92.3088607788086,46.15489959716797,159.98703002929688,141.9270477294922,12.472278594970703,251.49000549316406,242.01637268066406,27.646833419799805,52.92690658569336,103.92430114746094
2023-09-08,175.953857421875,134.3544464111328,560.3599853515625,138.22999572753906,26.527576446533203,529.7095336914062,220.9376678466797,52.356754302978516,148.78123474121094,79.09697723388672,135.1813201904297,306.59375,37.384735107421875,134.64390563964844,53.40125274658203,407.50555419921875,261.5681457519531,295.2968444824219,99.42652893066406,327.2348937988281,92.06378173828125,45.48714065551758,159.86911010742188,141.31716918945312,12.29300308227539,248.5,242.16323852539062,27.35245704650879,53.02404022216797,105.43826293945312
2023-09-11,177.119140625,134.37249755859375,564.5,143.10000610351562,26.639822006225586,537.003662109375,221.47833251953125,52.51381301879883,145.71144104003906,80.00835418701172,135.71653747558594,306.27655029296875,37.955196380615234,135.23365783691406,53.90476608276367,409.32281494140625,262.0739440917969,304.8825988769531,99.0162582397461,330.82763671875,91.23429107666016,45.093875885009766,162.2815704345703,142.99896240234375,12.395445823669434,273.5799865722656,242.0946807861328,27.75313377380371,53.208587646484375,104.1158447265625
2023-09-12,174.09739685058594,134.5798797607422,542.2100219726562,141.22999572753906,27.098161697387695,537.0133056640625,217.8904266357422,52.09805679321289,148.42529296875,81.13304901123047,134.1504669189453,304.32720947265625,38.22075653076172,136.9936065673828,53.373779296875,408.91021728515625,262.9638977050781,299.0340270996094,99.39916229248047,324.78753662109375,90.7724380493164,44.78645324707031,161.6830291748047,140.48550415039062,12.344225883483887,267.4800109863281,242.1730194091797,27.834909439086914,53.266868591308594,107.15284729003906
2023-09-13,172.03346252441406,136.28384399414062,553.5599975585938,144.85000610351562,27.013978958129883,537.945556640625,215.0790252685547,51.99643325805664,147.88250732421875,80.93914031982422,135.5084228515625,303.9541015625,38.073219299316406,137.05911254882812,53.50194549560547,408.939697265625,263.9569091796875,302.4044189453125,98.29595947265625,328.98724365234375,90.61216735839844,45.40030288696289,162.96180725097656,141.4650115966797,12.480814933776855,271.29998779296875,242.69203186035156,27.687719345092773,53.279815673828125,106.19522857666016
2023-09-14,173.54437255859375,138.5198211669922,552.1599731445312,144.72000122070312,27.313302993774414,542.7601928710938,215.05935668945312,52.07958221435547,148.7989959716797,81.90870666503906,136.88621520996094,307.4518127441406,38.03387451171875,139.7177276611328,53.94487762451172,406.03204345703125,266.7579040527344,309.0064697265625,99.36080169677734,331.57171630859375,91.61134338378906,45.49612808227539,164.36758422851562,143.01744079589844,12.85643196105957,276.0400085449219,236.4932861328125,27.834909439086914,53.50321960449219,108.09220886230469
2023-09-15,172.82347106933594,137.14938354492188,528.8900146484375,140.38999938964844,26.976560592651367,534.6781005859375,210.96029663085938,51.77470016479492,148.1494598388672,82.9752197265625,136.1923370361328,299.7756042480469,37.256874084472656,139.3058319091797,53.46503829956055,406.98486328125,260.6407165527344,297.6957092285156,98.69986724853516,323.2701721191406,90.73472595214844,43.81825256347656,163.10693359375,141.81614685058594,13.001559257507324,274.3900146484375,236.07220458984375,27.63047981262207,53.30571365356445,106.4323501586914
2023-09-18,175.7465057373047,138.790283203125,532.4199829101562,139.97999572753906,26.901731491088867,540.7900390625,211.34364318847656,51.83937072753906,148.7901153564453,82.43225860595703,136.9952392578125,295.9140930175781,37.36506652832031,139.59600830078125,53.79723358154297,409.7550354003906,260.1629333496094,299.916259765625,98.97525787353516,322.134521484375,90.02777099609375,43.88412857055664,162.6897430419922,142.35211181640625,12.882041931152344,265.2799987792969,239.5877685546875,27.417871475219727,52.91071701049805,107.2896499633789
2023-09-19,176.83277893066406,138.3845672607422,541.6900024414062,137.6300048828125,26.798843383789062,542.3565673828125,212.03175354003906,51.589935302734375,148.7723388671875,79.44600677490234,136.82672119140625,293.4423828125,35.742210388183594,139.4181671142578,53.68650436401367,406.2186584472656,260.54705810546875,302.4143371582031,98.552978515625,321.7331848144531,89.1888656616211,43.43895721435547,161.7283477783203,141.93629455566406,12.984485626220703,266.5,238.5105743408203,27.31157112121582,52.897762298583984,107.00691986083984
2023-09-20,173.29751586914062,138.49273681640625,535.780029296875,135.2899932861328,26.705299377441406,541.8568725585938,209.4071807861328,51.27580261230469,148.31854248046875,80.0471420288086,132.56454467773438,289.9447326660156,34.11935043334961,138.82843017578125,53.926422119140625,403.2619323730469,259.67584228515625,297.06134033203125,98.50706481933594,314.0190124511719,88.64215087890625,42.16035079956055,161.78277587890625,141.81614685058594,13.274736404418945,262.5899963378906,236.84580993652344,27.475114822387695,53.069358825683594,106.15874481201172
2023-09-21,171.75697326660156,138.33047485351562,513.8800048828125,129.3300018310547,26.237607955932617,533.4479370117188,205.0623321533203,49.28020477294922,146.98385620117188,80.21195983886719,129.29354858398438,286.12060546875,34.08000946044922,137.74249267578125,53.09592819213867,396.2284851074219,254.0738525390625,293.1556091308594,97.97466278076172,312.8051452636719,86.332763671875,40.94062423706055,159.06192016601562,140.58712768554688,13.069854736328125,255.6999969482422,231.7046661376953,27.221622467041016,52.42506408691406,104.66304016113281
2023-09-22,172.60623168945312,137.70840454101562,512.9000244140625,129.1199951171875,25.854097366333008,536.8211059570312,202.91940307617188,49.492698669433594,147.95372009277344,78.77701568603516,129.10519409179688,285.159912109375,33.61774444580078,136.4225616455078,53.15129470825195,395.1086120605469,255.01060485839844,296.4764099121094,97.61665344238281,310.3381652832031,85.63523864746094,41.53252029418945,158.96217346191406,140.06967163085938,12.907654762268066,244.8800048828125,230.2063751220703,27.213449478149414,52.56428146362305,104.82720184326172
2023-09-25,173.88011169433594,139.43038940429688,511.6000061035156,131.27000427246094,25.816682815551758,536.8499145507812,202.83091735839844,49.409549713134766,150.11587524414062,78.54431915283203,129.95767211914062,285.8686828613281,33.72593307495117,137.0965576171875,52.59764099121094,395.3738708496094,252.72486877441406,298.2112121582031,97.15768432617188,310.85699462890625,85.39959716796875,42.14337158203125,158.109619140625,139.21951293945312,12.85643196105957,246.99000549316406,228.5220489501953,27.115320205688477,52.797401428222656,106.00370788574219
2023-09-26,169.81158447265625,138.7632293701172,506.29998779296875,125.9800033569336,25.414464950561523,531.4105224609375,199.04640197753906,48.698150634765625,149.3061981201172,77.61353302001953,127.43997955322266,282.18450927734375,33.273502349853516,135.67364501953125,52.1639404296875,388.3896484375,250.795166015625,296.35748291015625,96.74459075927734,305.5706481933594,84.99427795410156,41.83295822143555,156.46800231933594,137.98126220703125,12.822287559509277,244.1199951171875,224.8889617919922,26.976308822631836,52.61284255981445,106.1678695678711
2023-09-27,168.30068969726562,138.05999755859375,502.6000061035156,125.9800033569336,25.508005142211914,541.5684814453125,199.28228759765625,49.150856018066406,152.18910217285156,77.46810150146484,129.3926239013672,281.512939453125,34.040672302246094,136.4693603515625,51.62873458862305,388.48779296875,246.97303771972656,295.1481628417969,95.41353607177734,306.20697021484375,84.28732299804688,42.388919830322266,153.79249572753906,136.151611328125,12.694233894348145,240.5,224.7420654296875,26.49386215209961,52.36030578613281,109.62440490722656
2023-09-28,168.5574493408203,137.2666015625,504.6700134277344,125.9800033569336,25.779264450073242,546.4697265625,199.74432373046875,49.77910614013672,151.7886962890625,77.69109344482422,131.14712524414062,283.070556640625,34.60129165649414,138.16372680664062,51.499549865722656,392.3778076171875,248.79981994628906,301.31402587890625,95.74400329589844,307.03912353515625,84.48526763916016,43.008766174316406,153.72900390625,135.22755432128906,12.813748359680176,246.3800048828125,226.85728454589844,26.61651611328125,52.625797271728516,108.9586410522461
2023-09-29,169.0709686279297,134.39051818847656,509.8999938964844,127.12000274658203,25.610897064208984,542.9428100585938,199.33145141601562,49.66823959350586,150.03579711914062,78.58309936523438,129.7098388671875,281.8301086425781,34.96520233154297,135.75790405273438,51.65641784667969,388.91015625,246.7857208251953,297.59661865234375,94.50474548339844,309.1046447753906,90.13145446777344,43.41800308227539,153.67459106445312,134.78399658203125,12.822287559509277,250.22000122070312,225.24148559570312,26.502037048339844,51.78075408935547,107.23492431640625
2023-10-02,171.5792236328125,133.6602325439453,521.1300048828125,129.4600067138672,24.974834442138672,549.04541015625,200.24566650390625,50.250282287597656,148.18505859375,79.18421173095703,132.99072265625,279.65679931640625,34.87668228149414,134.58773803710938,51.195037841796875,388.8512878417969,241.45541381835938,304.1491394042969,94.1375732421875,315.02734375,89.1323013305664,44.698612213134766,153.42970275878906,134.16490173339844,12.52349853515625,251.60000610351562,226.47535705566406,25.97052574157715,51.8358039855957,105.45648193359375
2023-10-03,170.24609375,132.9208984375,507.0299987792969,124.72000122070312,24.235877990722656,543.0196533203125,196.43167114257812,49.924591064453125,148.53208923339844,77.11906433105469,131.2660369873047,272.29766845703125,35.10289764404297,133.59542846679688,50.64137649536133,384.1460266113281,238.40151977539062,298.3202209472656,93.4215316772461,306.79437255859375,89.63186645507812,43.43596267700195,152.0964813232422,134.442138671875,12.617401123046875,246.52999877929688,224.0663604736328,26.150421142578125,51.508785247802734,105.63890075683594
2023-10-04,171.4903564453125,133.15538024902344,518.4199829101562,127.0,24.263940811157227,549.5162353515625,198.4369354248047,49.73847961425781,145.07078552246094,76.90574645996094,134.05133056640625,272.7173767089844,35.33895492553711,134.19454956054688,50.789024353027344,386.7982177734375,239.63803100585938,302.9198913574219,93.78872680664062,312.2471008300781,90.38594818115234,43.95899200439453,153.1939239501953,134.8856658935547,12.506423950195312,261.1600036621094,226.4263916015625,25.790626525878906,52.127197265625,101.68986511230469
2023-10-05,172.7247314453125,132.93898010253906,516.4400024414062,125.95999908447266,24.376184463500977,547.3251342773438,198.57455444335938,49.384864807128906,145.83602905273438,78.35040283203125,133.88282775878906,272.0738220214844,35.29960632324219,134.76039123535156,48.33446502685547,387.79180908203125,236.28439331054688,302.1368103027344,95.10143280029297,312.638671875,90.29170227050781,44.60478591918945,145.20364379882812,132.88043212890625,12.660085678100586,260.04998779296875,228.6395263671875,26.01958656311035,51.505550384521484,99.40069580078125
2023-10-06,175.27249145507812,133.65122985839844,526.6799926757812,127.95999908447266,24.385540008544922,535.8025512695312,203.83360290527344,49.73847961425781,144.35006713867188,80.41558074951172,136.3707733154297,273.118408203125,35.59467697143555,136.8350830078125,49.035762786865234,391.50048828125,232.52789306640625,312.6841735839844,95.35844421386719,320.3724365234375,91.53594207763672,45.676788330078125,145.37594604492188,133.14842224121094,12.5713472366333,260.5299987792969,230.16720581054688,25.764862060546875,50.641075134277344,97.74083709716797
2023-10-09,176.7537841796875,134.43563842773438,529.2899780273438,128.25999450683594,24.61003303527832,537.186279296875,203.6959686279297,50.17584228515625,148.34519958496094,82.12200164794922,137.20339965820312,275.4875793457031,35.466819763183594,136.52386474609375,48.79585266113281,388.32305908203125,234.12042236328125,315.588623046875,95.92759704589844,322.8785400390625,91.31912231445312,45.188697814941406,146.34640502929688,132.47386169433594,12.814946174621582,259.6700134277344,229.57968139648438,26.26596450805664,50.4565315246582,101.16089630126953
2023-10-10,176.16127014160156,134.23724365234375,532.719970703125,129.47999572753906,25.264806747436523,540.1847534179688,203.36175537109375,50.12931823730469,148.18505859375,82.4031753540039,136.8465576171875,279.087890625,35.83073043823242,137.35369873046875,49.85702896118164,393.8614807128906,235.61927795410156,319.038330078125,95.11060333251953,321.4786376953125,92.01664733886719,45.71271896362305,149.10354614257812,133.78602600097656,13.015043258666992,263.6199951171875,231.6948699951172,26.524864196777344,51.026371002197266,100.73223876953125
2023-10-11,177.55361938476562,134.64297485351562,549.9099731445312,131.8300018310547,25.27415657043457,543.4810180664062,203.33226013183594,49.93389892578125,143.34461975097656,82.2674331665039,139.3146514892578,277.9966125488281,36.27332305908203,137.82525634765625,49.561744689941406,393.31060791015625,235.05718994140625,324.9662780761719,94.97291564941406,325.4238586425781,92.98754119873047,46.718849182128906,147.48915100097656,132.1411895751953,12.849745750427246,262.989990234375,230.79393005371094,26.27431297302246,51.23033905029297,97.12065887451172
2023-10-12,178.45225524902344,135.0436553955078,559.6300048828125,132.3300018310547,25.161911010742188,541.8089599609375,202.18212890625,50.11069869995117,143.46029663085938,81.78265380859375,137.7485809326172,273.3050537109375,36.23398208618164,137.50462341308594,48.73125076293945,393.399169921875,230.62623596191406,321.3381652832031,95.09225463867188,324.1903381347656,93.55308532714844,46.857582092285156,143.37158203125,132.4368896484375,12.5713472366333,258.8699951171875,231.87112426757812,25.814973831176758,51.463462829589844,97.10242462158203
2023-10-13,176.6155242919922,134.73403930664062,548.760009765625,129.7899932861328,25.030961990356445,544.7495727539062,201.1106719970703,50.0362548828125,145.9783935546875,81.78265380859375,136.15269470214844,272.2790832519531,35.3782958984375,139.56988525390625,48.80507278442383,391.55950927734375,232.61219787597656,311.95062255859375,95.4778060913086,320.83258056640625,94.17520904541016,45.376346588134766,145.11293029785156,133.70286560058594,12.493048667907715,251.1199951171875,232.74269104003906,25.614534378051758,51.74837875366211,100.20328521728516
2023-10-16,176.48712158203125,134.06927490234375,550.739990234375,132.5500030517578,25.246095657348633,549.9390869140625,204.9836883544922,50.39917755126953,147.17071533203125,83.10125732421875,137.87742614746094,277.32501220703125,35.958595275878906,139.42845153808594,49.30336380004883,394.63861083984375,234.13916015625,318.3542785644531,95.59712219238281,325.6391906738281,96.18295288085938,46.009159088134766,146.09243774414062,134.97808837890625,12.536548614501953,253.9199981689453,235.0929412841797,26.098928451538086,52.1951789855957,100.2762451171875
2023-10-17,174.93673706054688,135.844970703125,560.0900268554688,131.47000122070312,25.835391998291016,551.957275390625,206.2714080810547,50.194454193115234,149.11932373046875,83.57633972167969,138.49195861816406,276.0285339355469,35.466819763183594,139.12664794921875,49.8939323425293,395.2387390136719,235.26329040527344,321.17950439453125,95.6246566772461,325.0714111328125,97.0972671508789,43.85618591308594,145.44851684570312,135.15365600585938,12.684444427490234,254.85000610351562,236.19949340820312,26.316068649291992,52.2631721496582,101.58953857421875
2023-10-18,173.64312744140625,135.93603515625,557.8699951171875,128.1300048828125,25.545419692993164,552.2456665039062,201.3466033935547,50.0362548828125,150.302734375,82.10261535644531,136.7474365234375,270.7120666503906,35.0537223815918,137.5989532470703,49.87547302246094,386.81793212890625,239.8441619873047,314.2107849121094,93.62350463867188,323.1624450683594,97.81362915039062,42.1174201965332,146.95407104492188,138.63735961914062,12.458250045776367,242.67999267578125,232.5468292236328,25.931894302368164,52.30202865600586,103.01229095458984
2023-10-19,173.26788330078125,132.51214599609375,555.739990234375,128.39999389648438,25.218034744262695,543.5867309570312,204.77725219726562,49.61750411987305,150.4629364013672,80.71613311767578,136.53927612304688,267.47552490234375,35.083229064941406,137.0142364501953,50.152305603027344,381.564697265625,242.0456085205078,310.08697509765625,92.19147491455078,324.3470458984375,97.13497924804688,42.02260971069336,145.6208038330078,137.857177734375,13.276040077209473,220.11000061035156,228.96267700195312,26.374534606933594,52.05272674560547,103.07613372802734
2023-10-20,170.72010803222656,133.1586456298828,540.9600219726562,125.16999816894531,24.61003303527832,531.381591796875,200.2653045654297,49.254581451416016,148.443115234375,80.1343994140625,134.40818786621094,267.1397705078125,34.34556579589844,134.80752563476562,50.35531234741211,378.1609191894531,241.7926483154297,305.96319580078125,94.24772644042969,319.79486083984375,96.77679443359375,41.309932708740234,145.11293029785156,137.6712188720703,13.380438804626465,211.99000549316406,228.5416259765625,26.366186141967773,51.40194320678711,101.30681610107422
2023-10-23,170.83859252929688,131.79275512695312,540.4099731445312,126.55999755859375,23.9178466796875,530.7666625976562,198.5647430419922,48.57527160644531,142.97088623046875,80.5707015991211,135.30026245117188,265.889892578125,33.29317092895508,132.9685821533203,49.90316390991211,377.4329528808594,238.6450653076172,311.2764892578125,94.87193298339844,322.3890075683594,96.90876007080078,42.89496994018555,145.18548583984375,137.7642059326172,13.006343841552734,212.0800018310547,226.72998046875,26.215852737426758,52.13042449951172,99.82023620605469
2023-10-24,171.27308654785156,133.2315216064453,539.5599975585938,128.55999755859375,23.824308395385742,530.334228515625,200.7469940185547,49.32902908325195,139.3850860595703,80.0471420288086,137.5899658203125,264.248291015625,34.020999908447266,133.1289520263672,51.34267807006836,380.62030029296875,241.00575256347656,309.8292541503906,94.57820129394531,323.5735168457031,99.14271545410156,43.581695556640625,147.0991668701172,139.3915252685547,13.51093578338623,216.52000427246094,229.78529357910156,28.646181106567383,52.855674743652344,98.85350036621094
2023-10-25,168.9623260498047,132.27537536621094,521.1400146484375,121.38999938964844,23.899139404296875,528.5562744140625,193.708740234375,48.761383056640625,138.69102478027344,78.13709259033203,124.50597381591797,262.0284423828125,32.289947509765625,132.4027862548828,51.78561019897461,380.0300598144531,241.7177276611328,296.92254638671875,95.12896728515625,333.500244140625,97.59685516357422,41.70119857788086,147.24427795410156,140.04244995117188,13.21513843536377,212.4199981689453,231.939697265625,28.136735916137695,52.69702911376953,99.035888671875
2023-10-26,164.80491638183594,132.2207489013672,514.280029296875,119.56999969482422,24.432310104370117,526.2594604492188,192.91250610351562,47.80290985107422,137.69444274902344,77.35175323486328,121.20523071289062,259.29559326171875,31.985050201416016,132.74224853515625,51.471866607666016,358.66314697265625,239.65684509277344,285.8398742675781,96.89146423339844,320.9891662597656,94.27889251708984,40.25090789794922,146.3917694091797,139.2985382080078,13.1542387008667,205.75999450683594,226.4851531982422,28.788162231445312,52.376495361328125,98.13298797607422
2023-10-27,166.11831665039062,126.51119995117188,508.1199951171875,127.73999786376953,23.543691635131836,521.8674926757812,193.22705078125,47.9797248840332,128.44070434570312,76.91544342041016,121.09622192382812,257.85919189453125,34.95536804199219,127.96106719970703,50.97357177734375,358.16143798828125,239.5912322998047,294.14691162109375,94.38541412353516,322.8687438964844,92.35598754882812,40.42457962036133,144.7682647705078,136.84361267089844,12.893244743347168,207.3000030517578,224.51686096191406,27.927940368652344,52.182228088378906,96.26336669921875
2023-10-30,168.1624298095703,129.20663452148438,526.9400024414062,132.7100067138672,24.03009605407715,533.255615234375,195.8811798095703,47.9890251159668,129.98890686035156,78.22435760498047,123.3660888671875,262.5415344238281,35.10289764404297,129.592529296875,51.81328582763672,366.3658447265625,243.70370483398438,300.0252990722656,94.25689697265625,330.21087646484375,95.95671844482422,41.084354400634766,147.18080139160156,138.79637145996094,13.276040077209473,197.36000061035156,228.24783325195312,28.91343116760254,52.78120422363281,96.5643310546875
2023-10-31,168.63645935058594,128.56008911132812,532.0599975585938,133.08999633789062,24.638093948364258,530.9108276367188,197.4146270751953,48.51013946533203,129.6685791015625,79.10665893554688,122.98941802978516,265.5354919433594,35.899574279785156,131.1391143798828,52.12703323364258,370.2319641113281,245.59597778320312,298.64739990234375,94.27526092529297,330.9940490722656,96.87104034423828,40.70405960083008,148.08773803710938,139.51239013671875,13.39783763885498,200.83999633789062,230.22596740722656,29.33936882019043,52.9074821472168,96.5369644165039
2023-11-01,171.79647827148438,129.73480224609375,544.5,137.0,24.694215774536133,535.100830078125,200.4422607421875,48.56596755981445,128.1114959716797,78.60248565673828,125.33859252929688,267.3449401855469,36.67658233642578,131.02593994140625,52.08089065551758,371.6780700683594,245.40863037109375,309.1352844238281,94.41295623779297,338.7865905761719,95.08953094482422,42.246192932128906,149.52978515625,139.12184143066406,13.554436683654785,205.66000366210938,233.63380432128906,29.56486701965332,53.38018798828125,96.3454360961914
2023-11-02,175.35150146484375,130.4541473388672,558.7100219726562,138.07000732421875,25.835391998291016,535.2837524414062,204.57081604003906,49.08708572387695,132.36465454101562,80.75492095947266,126.36946105957031,274.71343994140625,37.079837799072266,133.36468505859375,52.680686950683594,376.4689025878906,249.98019409179688,308.163818359375,94.41295623779297,340.9892578125,99.04845428466797,43.424991607666016,151.3074493408203,140.82357788085938,13.68493366241455,218.50999450683594,238.2069854736328,29.982450485229492,53.590633392333984,99.51013946533203
2023-11-03,174.44297790527344,128.77862548828125,563.6599731445312,138.60000610351562,26.583702087402344,540.0303344726562,203.94171142578125,49.32902908325195,131.3413848876953,82.4807357788086,127.96532440185547,275.7207946777344,37.512596130371094,134.85467529296875,52.35771942138672,379.77423095703125,250.9355926513672,311.86138916015625,94.89947509765625,345.3748779296875,100.914794921875,44.92119598388672,151.27114868164062,139.54959106445312,13.815434455871582,219.9600067138672,238.5497589111328,30.082674026489258,53.312198638916016,98.29715728759766
2023-11-06,176.99075317382812,128.5782928466797,565.4500122070312,139.74000549316406,26.499515533447266,548.618408203125,203.89256286621094,49.5895881652832,130.7986297607422,81.46269989013672,129.10519409179688,274.7507019042969,37.44845962524414,135.87318420410156,52.569950103759766,379.88250732421875,251.909912109375,313.0508728027344,95.78071594238281,349.02642822265625,101.09390258789062,45.66580581665039,151.1895294189453,140.35861206054688,13.702333450317383,219.27000427246094,238.44203186035156,29.765308380126953,53.383426666259766,96.55520629882812
2023-11-07,179.5484161376953,129.45249938964844,585.2000122070312,142.7100067138672,26.340499877929688,550.0144653320312,208.2373809814453,49.440704345703125,128.4940643310547,82.01534271240234,129.81886291503906,274.9372863769531,38.25762176513672,135.80715942382812,52.763736724853516,382.5484619140625,251.68507385253906,316.0446472167969,95.46861267089844,352.9421691894531,103.0827865600586,45.86943435668945,151.62486267089844,140.0331573486328,13.780632972717285,222.17999267578125,239.69549560546875,30.01585578918457,53.632728576660156,95.041259765625
2023-11-08,180.6050262451172,129.33412170410156,585.3099975585938,142.0800018310547,26.08794593811035,546.2692260742188,207.87368774414062,49.319725036621094,126.70560455322266,81.92808532714844,130.68121337890625,276.0099182128906,37.418853759765625,136.4767303466797,52.680686950683594,383.36492919921875,250.5796661376953,316.9963073730469,95.83580780029297,355.5559997558594,103.1110610961914,46.487281799316406,151.8153533935547,139.49378967285156,13.615336418151855,222.11000061035156,239.36184692382812,29.873876571655273,53.19562911987305,93.87387084960938
2023-11-09,180.1310272216797,125.70079040527344,577.739990234375,140.60000610351562,25.751205444335938,542.3121948242188,206.43849182128906,48.38916015625,126.29632568359375,87.59033966064453,129.0952911376953,268.50146484375,37.30044174194336,136.0712127685547,52.283897399902344,381.65325927734375,250.03631591796875,317.7595520019531,93.98150634765625,353.098876953125,100.8582534790039,46.86257553100586,150.69981384277344,139.8099822998047,13.597935676574707,209.97999572753906,237.1341552734375,29.74860191345215,53.072601318359375,93.9012451171875
2023-11-10,184.31365966796875,126.20160675048828,597.219970703125,143.55999755859375,25.89151382446289,555.6468505859375,209.99693298339844,48.93819046020508,127.19499969482422,85.58333587646484,131.4246368408203,271.9712219238281,38.346431732177734,138.0893096923828,52.339263916015625,387.9688720703125,250.86070251464844,325.90802001953125,93.07272338867188,361.8899230957031,100.01935577392578,48.2449951171875,151.3890380859375,140.795654296875,13.606636047363281,214.64999389648438,240.6768341064453,29.82376480102539,53.80756759643555,94.62173461914062
2023-11-13,182.73159790039062,126.24713134765625,590.3400268554688,142.58999633789062,25.91022300720215,556.715576171875,211.61888122558594,48.60319519042969,128.12925720214844,86.71773529052734,130.92901611328125,268.6880798339844,37.72475814819336,137.47633361816406,52.53304672241211,387.9393615722656,252.1815643310547,326.3243408203125,94.06413269042969,358.96282958984375,98.21894836425781,48.52946472167969,152.16000366210938,141.77206420898438,13.554436683654785,223.7100067138672,240.10763549804688,29.915634155273438,54.28997802734375,95.61582946777344
2023-11-14,185.34205627441406,125.71900177001953,604.3300170898438,145.8000030517578,27.332008361816406,568.81787109375,217.41854858398438,49.47792434692383,129.06358337402344,88.29811096191406,132.44557189941406,283.2011413574219,38.889163970947266,139.98484802246094,52.689918518066406,391.1856384277344,254.32676696777344,333.38238525390625,93.78872680664062,362.4772644042969,99.68000030517578,49.56353759765625,152.4683380126953,141.45587158203125,13.597935676574707,237.41000366210938,242.33529663085938,29.96574592590332,54.28026580810547,95.9839859008789
2023-11-15,185.9056396484375,125.30011749267578,595.3099975585938,143.1999969482422,27.706165313720703,574.5753173828125,215.68846130371094,49.580284118652344,129.517333984375,91.07106018066406,133.436767578125,287.4543762207031,40.07330322265625,141.21080017089844,52.791419982910156,390.3790283203125,253.29640197753906,329.8136901855469,93.0359878540039,362.62445068359375,101.63117218017578,48.796974182128906,151.68838500976562,140.80491638183594,13.711034774780273,242.83999633789062,243.48350524902344,30.06596565246582,54.96989822387695,95.40415954589844
2023-11-16,187.58665466308594,125.9193344116211,602.0599975585938,142.8300018310547,27.631336212158203,557.0525512695312,217.68394470214844,44.70414352416992,127.46735382080078,91.63340759277344,135.7264862060547,285.82208251953125,42.77709197998047,142.82337951660156,52.736053466796875,390.6446533203125,258.6641540527344,331.28082275390625,93.62350463867188,369.0005187988281,101.43323516845703,49.38786697387695,152.10556030273438,142.11611938476562,13.815434455871582,233.58999633789062,243.93490600585938,30.216297149658203,50.52128601074219,94.29972076416016
2023-11-17,187.5668487548828,125.93754577636719,602.6599731445312,145.17999267578125,28.04290199279785,555.6758422851562,217.4578857421875,44.443580627441406,129.885986328125,91.28437805175781,134.12071228027344,286.59625244140625,43.23101806640625,144.11532592773438,52.837554931640625,393.7926025390625,258.3174743652344,332.12347412109375,93.40319061279297,362.80096435546875,99.87794494628906,49.20620346069336,151.24391174316406,140.4794921875,13.832832336425781,234.3000030517578,244.90646362304688,30.25804901123047,50.297874450683594,96.60061645507812
2023-11-20,189.3071746826172,125.94666290283203,612.7000122070312,146.1300048828125,28.070964813232422,559.18994140625,221.30137634277344,44.91817855834961,129.81405639648438,92.13758850097656,135.05247497558594,287.4543762207031,44.14872360229492,144.55856323242188,52.96674728393555,397.82598876953125,261.3901062011719,337.010498046875,94.25689697265625,370.2463073730469,100.21726989746094,50.31513595581055,151.0262908935547,139.73556518554688,14.006831169128418,235.60000610351562,245.30882263183594,30.67563819885254,50.281700134277344,96.17725372314453
2023-11-21,188.5062255859375,126.3291015625,610.989990234375,143.89999389648438,27.743579864501953,562.5596923828125,220.505126953125,44.48080825805664,129.50836181640625,91.57524871826172,135.76612854003906,284.7961120605469,43.063262939453125,144.25677490234375,53.548095703125,402.3020324707031,262.7391662597656,334.0466003417969,93.825439453125,365.9595947265625,100.43407440185547,49.85099411010742,152.18719482421875,139.12184143066406,14.08513069152832,241.1999969482422,247.52667236328125,31.10992431640625,50.46300506591797,96.14043426513672
2023-11-22,189.16873168945312,126.09233856201172,619.719970703125,146.7100067138672,27.715517044067383,567.1619262695312,220.03330993652344,44.74136734008789,129.76907348632812,92.1763687133789,137.27279663085938,288.3963928222656,43.09286117553711,144.5963134765625,53.907962799072266,403.65960693359375,264.1067810058594,338.5173034667969,93.33893585205078,370.6484680175781,101.72545623779297,48.62528991699219,153.4750518798828,140.43301391601562,14.067729949951172,234.2100067138672,248.98890686035156,31.193435668945312,50.077720642089844,95.72628021240234
2023-11-24,187.84371948242188,126.27444458007812,619.4299926757812,146.74000549316406,27.80905532836914,569.3569946289062,220.56414794921875,45.001922607421875,130.2815704345703,93.13623809814453,135.4886016845703,289.79547119140625,43.3790283203125,144.79432678222656,54.04638671875,405.7943420410156,264.6782531738281,335.28570556640625,93.51333618164062,370.2364501953125,101.46150970458984,47.68703842163086,153.61109924316406,140.76780700683594,14.102529525756836,235.4499969482422,249.55807495117188,31.24355125427246,50.52775955200195,96.24166870117188
2023-11-27,187.66571044921875,126.65692901611328,619.27001953125,147.72999572753906,27.650041580200195,572.7652587890625,220.96714782714844,44.601783752441406,129.7960662841797,92.27333068847656,135.21104431152344,290.0007019042969,43.4974479675293,144.4642791748047,53.94487762451172,402.3216857910156,264.0224914550781,331.7864074707031,93.10943603515625,371.39398193359375,101.76315307617188,48.15216827392578,152.65879821777344,140.63760375976562,14.102529525756836,236.0800018310547,249.40106201171875,31.193435668945312,50.75764465332031,95.68025970458984
2023-11-28,188.26890563964844,125.73721313476562,623.3200073242188,147.02999877929688,27.621980667114258,571.8987426757812,221.09495544433594,44.52733612060547,130.83001708984375,89.68460083007812,135.99412536621094,292.2578430175781,43.64546203613281,144.79432678222656,54.05561065673828,402.361083984375,264.2567138671875,336.0390625,91.96199035644531,375.40606689453125,102.50780487060547,47.73195266723633,153.14857482910156,141.6139678955078,14.076430320739746,246.72000122070312,248.22344970703125,31.293659210205078,51.36309051513672,95.62504577636719
2023-11-29,187.2504425048828,126.1196517944336,617.3900146484375,146.32000732421875,28.351579666137695,565.9871826171875,226.43260192871094,44.71344757080078,129.39144897460938,89.68460083007812,133.8035430908203,292.0419006347656,44.34607696533203,145.52992248535156,53.732643127441406,403.1578674316406,262.65478515625,329.3081970214844,92.83405303955078,371.62945556640625,104.03480529785156,48.05036163330078,151.60671997070312,140.53529357910156,14.180827140808105,244.13999938964844,249.48939514160156,31.535856246948242,50.53424072265625,94.18928527832031
2023-11-30,187.8239288330078,129.66192626953125,611.010009765625,146.08999633789062,28.74757957458496,570.6856689453125,247.61611938476562,45.020530700683594,129.1127471923828,89.86880493164062,131.36514282226562,294.36114501953125,44.1092529296875,147.1896514892578,54.35581588745117,407.1026916503906,265.6044921875,324.3020935058594,94.07331085205078,371.6882629394531,103.9405517578125,46.68291091918945,153.79547119140625,142.75775146484375,14.415725708007812,240.0800018310547,251.89370727539062,32.01191329956055,50.4079704284668,94.55741882324219
2023-12-01,189.09951782226562,130.5907745361328,612.469970703125,147.02999877929688,29.19072151184082,574.0650634765625,255.578369140625,45.104286193847656,130.20066833496094,89.76216125488281,130.70103454589844,300.1170959472656,43.16194152832031,147.90635681152344,54.54184341430664,407.6240539550781,269.4870910644531,321.9924011230469,94.97291564941406,367.3721618652344,107.326416015625,46.677921295166016,154.1610107421875,141.95802307128906,14.581023216247559,238.8300018310547,251.66799926757812,32.220699310302734,49.97087860107422,94.78751373291016
2023-12-04,187.3097381591797,131.2646026611328,604.5599975585938,144.83999633789062,29.05872344970703,576.789794921875,246.397216796875,44.71344757080078,130.25460815429688,89.20951080322266,128.13381958007812,304.2486267089844,41.79030990600586,148.99085998535156,54.47673416137695,401.59375,269.6473388671875,317.2341613769531,96.44165802001953,362.1044921875,108.90586853027344,45.42525100708008,154.57225036621094,141.40008544921875,14.494023323059082,235.5800018310547,249.6954803466797,31.76970672607422,49.95792770385742,94.2721176147461
2023-12-05,191.2550811767578,131.64706420898438,602.219970703125,146.8800048828125,28.83243751525879,582.8265380859375,246.75108337402344,44.601783752441406,128.44741821289062,88.02664184570312,129.83871459960938,303.7603759765625,41.365989685058594,148.9719696044922,54.5604362487793,402.0462646484375,270.0337219238281,315.5193176269531,97.51569366455078,365.4200744628906,109.15176391601562,46.48338317871094,153.47560119628906,136.47161865234375,14.981220245361328,238.72000122070312,249.86231994628906,32.08707046508789,50.42091751098633,92.44061279296875
2023-12-06,190.16741943359375,133.29530334472656,595.7000122070312,144.52000427246094,28.785295486450195,584.8290405273438,244.89321899414062,44.38775634765625,128.15066528320312,88.71502685546875,128.87722778320312,306.2111511230469,40.72458267211914,147.4065399169922,54.504634857177734,403.7087707519531,270.33526611328125,314.6866149902344,96.96488952636719,361.77099609375,109.8138198852539,45.422264099121094,153.08265686035156,136.3693084716797,14.737621307373047,239.3699951171875,249.54827880859375,32.15388107299805,49.87374496459961,91.2165298461914
2023-12-07,192.09559631347656,134.7431640625,608.780029296875,146.8800048828125,28.907865524291992,588.2181396484375,244.6179962158203,44.90886306762695,128.0517578125,89.53915405273438,135.7264862060547,306.2674560546875,41.59295654296875,147.85919189453125,54.634857177734375,406.4337463378906,270.26934814453125,323.7469482421875,95.35844421386719,363.8800354003906,108.58430480957031,46.5133171081543,153.03695678710938,136.22984313964844,14.868118286132812,242.63999938964844,251.04974365234375,32.2791633605957,49.54551315307617,90.58147430419922
2023-12-08,193.51950073242188,135.93603515625,610.010009765625,147.4199981689453,29.19072151184082,588.0543823242188,246.54466247558594,45.020530700683594,129.7510986328125,90.28815460205078,133.8035430908203,306.5491943359375,42.13568878173828,149.49066162109375,54.513938903808594,405.4598388671875,269.0819091796875,329.85333251953125,95.2391357421875,367.097412109375,109.62464904785156,47.42171096801758,151.4102325439453,134.97450256347656,14.720221519470215,243.83999633789062,250.9712371826172,31.94508934020996,49.02555847167969,91.62150573730469
2023-12-11,191.01780700683594,137.72084045410156,625.2000122070312,145.88999938964844,29.087005615234375,600.6477661132812,247.812744140625,45.96040344238281,129.78709411621094,89.68507385253906,132.1184844970703,311.112548828125,43.95136260986328,150.0376434326172,54.91388702392578,408.95208740234375,272.49334716796875,322.44842529296875,95.80825805664062,364.2232971191406,112.17823028564453,46.544273376464844,153.36595153808594,135.59756469726562,14.45922565460205,239.74000549316406,251.73666381835938,31.460691452026367,49.149044036865234,91.6859130859375
2023-12-12,192.5306854248047,139.54208374023438,633.6599731445312,147.47999572753906,28.983295440673828,606.0779418945312,252.0887451171875,45.904571533203125,128.1237030029297,88.58588409423828,131.35525512695312,312.86846923828125,43.45797348022461,151.3767547607422,55.267330169677734,413.91021728515625,274.6325988769531,331.3105773925781,95.79907989501953,367.2445983886719,113.15238189697266,47.57243728637695,153.9599609375,135.70913696289062,14.27652645111084,237.00999450683594,254.72000122070312,31.15167808532715,49.188045501708984,90.24095153808594
2023-12-13,195.74429321289062,140.50732421875,624.260009765625,148.83999633789062,30.20900535583496,618.11279296875,252.9439697265625,46.23956298828125,130.0208282470703,90.29788970947266,131.40481567382812,322.44610595703125,43.98097229003906,151.88597106933594,55.74168395996094,417.7762756347656,278.8828125,331.8260192871094,98.32349395751953,367.2347717285156,114.59941864013672,48.0026741027832,157.19505310058594,138.16404724121094,14.311327934265137,239.2899932861328,257.48736572265625,30.892780303955078,50.06222152709961,91.04166412353516
2023-12-14,195.89260864257812,141.0354766845703,584.6400146484375,147.4199981689453,32.00041961669922,607.310302734375,252.83578491210938,46.006927490234375,134.80410766601562,91.37760162353516,130.7803192138672,330.34295654296875,44.582908630371094,154.64910888671875,54.91388702392578,411.75579833984375,273.313232421875,330.2697448730469,97.89815521240234,358.95562744140625,114.45755767822266,48.26420974731445,153.75889587402344,134.51885986328125,14.485322952270508,251.0500030517578,253.90553283691406,31.627717971801758,49.45127487182617,93.48982238769531
2023-12-15,195.35865783691406,140.2705535888672,584.6799926757812,149.97000122070312,31.679847717285156,634.3070678710938,257.1512145996094,46.40707015991211,134.28265380859375,90.91069793701172,131.43453979492188,332.3992919921875,45.54995346069336,155.8184814453125,54.504634857177734,411.765625,270.7216491699219,332.00445556640625,97.18621826171875,363.6641845703125,114.95881652832031,48.803253173828125,152.61659240722656,133.867919921875,14.372225761413574,253.5,253.218505859375,31.210140228271484,49.63650894165039,92.86397552490234
2023-12-18,193.69744873046875,139.7059783935547,599.1300048828125,154.07000732421875,31.519567489624023,655.8927001953125,259.1073303222656,46.751373291015625,134.579345703125,90.32705688476562,134.60641479492188,329.4039001464844,45.08616638183594,156.76148986816406,54.89527893066406,417.5303649902344,273.51116943359375,341.62005615234375,98.0461196899414,365.54754638671875,114.57106018066406,49.98814392089844,154.36207580566406,135.9229736328125,14.320024490356445,252.0800018310547,253.5522003173828,31.460691452026367,50.36119842529297,93.55423736572266
2023-12-19,194.7357177734375,139.86988830566406,604.6400146484375,153.7899932861328,31.594995498657227,652.5228881835938,259.84454345703125,46.69553756713867,136.34161376953125,91.36787414550781,135.44894409179688,330.58709716796875,46.0433464050293,158.85504150390625,54.71856689453125,418.553466796875,273.98236083984375,347.31005859375,98.4621810913086,366.1459045410156,115.98970794677734,49.51598358154297,153.48472595214844,135.9229736328125,14.45052719116211,257.2200012207031,255.14198303222656,31.377174377441406,50.54318618774414,94.78751373291016
2023-12-20,192.6493377685547,138.13059997558594,596.0599975585938,152.1199951171875,31.09528160095215,636.4058227539062,255.8241729736328,46.3419303894043,135.0918426513672,88.78044128417969,137.12408447265625,327.3851623535156,45.155242919921875,157.0632781982422,53.583824157714844,412.63134765625,272.3426208496094,346.2394714355469,97.41736602783203,363.5562744140625,114.8453140258789,48.025638580322266,151.4193878173828,133.8214569091797,14.267827987670898,247.13999938964844,252.31565856933594,31.15167808532715,49.95173645019531,93.20450592041016
2023-12-21,192.50099182128906,138.95016479492188,600.1400146484375,153.83999633789062,31.30271339416504,640.4110717773438,262.7050476074219,46.248878479003906,135.50546264648438,89.50997161865234,139.18580627441406,327.67620849609375,46.45779800415039,157.95916748046875,53.9372673034668,416.5564880371094,274.6044006347656,351.0075988769531,98.36972045898438,366.4206237792969,115.88566589355469,48.903079986572266,152.5891571044922,134.14691162109375,14.3461275100708,254.5,254.7003631591797,31.260250091552734,50.30595397949219,93.62787628173828
2023-12-22,191.43309020996094,141.09010314941406,598.75,153.4199981689453,31.519567489624023,646.6113891601562,261.810546875,46.61179733276367,135.81112670898438,88.5372543334961,140.2464141845703,327.31939697265625,47.365638732910156,157.8648681640625,54.244205474853516,417.20574951171875,274.896484375,350.313720703125,99.58098602294922,367.4408264160156,102.1814193725586,48.74336242675781,153.23800659179688,135.0953826904297,14.398326873779297,252.5399932861328,253.61106872558594,31.31036376953125,50.90715789794922,93.79351806640625
2023-12-26,190.88926696777344,140.79869079589844,598.260009765625,153.41000366210938,31.92499542236328,649.5192260742188,261.6925964355469,46.78860092163086,137.033935546875,88.46916961669922,140.27615356445312,327.99542236328125,49.83259963989258,158.7984619140625,54.467430114746094,416.7826843261719,275.9896240234375,351.7411193847656,99.51624298095703,367.5192565917969,102.16248321533203,49.191558837890625,154.3163604736328,135.70913696289062,14.415725708007812,256.6099853515625,254.3274383544922,31.30200958251953,50.829166412353516,94.00521087646484
2023-12-27,190.9881134033203,141.0354766845703,596.0800170898438,153.33999633789062,31.906137466430664,656.5891723632812,262.18408203125,46.93749237060547,136.58438110351562,87.91471099853516,139.13626098632812,327.2630920410156,50.08916091918945,159.7509307861328,54.60694885253906,417.4615173339844,277.582275390625,354.71502685546875,99.83985137939453,366.9405822753906,101.32074737548828,49.32931900024414,154.8098602294922,135.82073974609375,14.424426078796387,261.44000244140625,254.10169982910156,31.160030364990234,51.3068733215332,93.56343841552734
2023-12-28,191.413330078125,140.9170684814453,595.52001953125,153.3800048828125,31.9438533782959,652.94580078125,261.0634765625,46.974708557128906,134.6602783203125,87.93416595458984,138.9974822998047,326.1644592285156,49.724056243896484,160.5996551513672,54.64414978027344,419.3896484375,278.7979736328125,355.20074462890625,100.57029724121094,368.1274108886719,102.91911315917969,49.43413162231445,154.80072021484375,135.5138397216797,14.563624382019043,253.17999267578125,255.54432678222656,31.31036376953125,51.206138610839844,92.21051788330078
2023-12-29,190.37506103515625,141.11740112304688,596.5999755859375,151.94000244140625,31.745853424072266,649.9721069335938,258.66497802734375,47.01192855834961,134.11183166503906,87.82716369628906,138.4622344970703,325.40386962890625,49.58590316772461,160.41111755371094,54.81157684326172,419.5765380859375,279.42938232421875,350.87872314453125,100.80145263671875,368.8728942871094,102.68267822265625,49.43413162231445,155.21192932128906,136.26705932617188,14.59842586517334,248.47999572753906,255.49530029296875,31.48575210571289,51.23213577270508,92.01724243164062
